Picked up JAVA_TOOL_OPTIONS: -Xmx768m -XX:ReservedCodeCacheSize=128m -Dspring.test.context.cache.maxSize=2 -Dhify.test.startup-diagnostics=true -Xlog:gc*,safepoint:file=/var/folders/1w/qvtt2cgd6tx32b8_wkxt08hr0000gn/T/hify-fullgate-bc4ab0e-f1uhyyhg/gc-%p.log:time,uptime,level,tags -Dhttp.nonProxyHosts=localhost|127.*|[::1] -Dhttps.nonProxyHosts=localhost|127.*|[::1] -DsocksNonProxyHosts=localhost|127.*|[::1]
[INFO] Scanning for projects...
[INFO] ------------------------------------------------------------------------
[INFO] Reactor Build Order:
[INFO] 
[INFO] hify-parent                                                        [pom]
[INFO] hify-common                                                        [jar]
[INFO] hify-provider                                                      [jar]
[INFO] hify-tool                                                          [jar]
[INFO] hify-mcp                                                           [jar]
[INFO] hify-knowledge                                                     [jar]
[INFO] hify-workflow                                                      [jar]
[INFO] hify-agent                                                         [jar]
[INFO] hify-chat                                                          [jar]
[INFO] hify-demo                                                          [jar]
[INFO] hify-app                                                           [jar]
[INFO] 
[INFO] ------------------------< com.hify:hify-parent >------------------------
[INFO] Building hify-parent 0.1.0-SNAPSHOT                               [1/11]
[INFO]   from pom.xml
[INFO] --------------------------------[ pom ]---------------------------------
[INFO] 
[INFO] ------------------------< com.hify:hify-common >------------------------
[INFO] Building hify-common 0.1.0-SNAPSHOT                               [2/11]
[INFO]   from hify-common/pom.xml
[INFO] --------------------------------[ jar ]---------------------------------
[INFO] 
[INFO] --- resources:3.3.1:resources (default-resources) @ hify-common ---
[INFO] skip non existing resourceDirectory /private/tmp/hify-course-20261006.hhEhwt/retrieval-worktree/backend/hify-common/src/main/resources
[INFO] skip non existing resourceDirectory /private/tmp/hify-course-20261006.hhEhwt/retrieval-worktree/backend/hify-common/src/main/resources
[INFO] 
[INFO] --- compiler:3.13.0:compile (default-compile) @ hify-common ---
[INFO] Nothing to compile - all classes are up to date.
[INFO] 
[INFO] --- resources:3.3.1:testResources (default-testResources) @ hify-common ---
[INFO] skip non existing resourceDirectory /private/tmp/hify-course-20261006.hhEhwt/retrieval-worktree/backend/hify-common/src/test/resources
[INFO] 
[INFO] --- compiler:3.13.0:testCompile (default-testCompile) @ hify-common ---
[INFO] Nothing to compile - all classes are up to date.
[INFO] 
[INFO] --- surefire:3.5.3:test (default-test) @ hify-common ---
[INFO] 
[INFO] -----------------------< com.hify:hify-provider >-----------------------
[INFO] Building hify-provider 0.1.0-SNAPSHOT                             [3/11]
[INFO]   from hify-provider/pom.xml
[INFO] --------------------------------[ jar ]---------------------------------
[INFO] 
[INFO] --- resources:3.3.1:resources (default-resources) @ hify-provider ---
[INFO] skip non existing resourceDirectory /private/tmp/hify-course-20261006.hhEhwt/retrieval-worktree/backend/hify-provider/src/main/resources
[INFO] skip non existing resourceDirectory /private/tmp/hify-course-20261006.hhEhwt/retrieval-worktree/backend/hify-provider/src/main/resources
[INFO] 
[INFO] --- compiler:3.13.0:compile (default-compile) @ hify-provider ---
[INFO] Nothing to compile - all classes are up to date.
[INFO] 
[INFO] --- resources:3.3.1:testResources (default-testResources) @ hify-provider ---
[INFO] skip non existing resourceDirectory /private/tmp/hify-course-20261006.hhEhwt/retrieval-worktree/backend/hify-provider/src/test/resources
[INFO] 
[INFO] --- compiler:3.13.0:testCompile (default-testCompile) @ hify-provider ---
[INFO] Nothing to compile - all classes are up to date.
[INFO] 
[INFO] --- surefire:3.5.3:test (default-test) @ hify-provider ---
[INFO] 
[INFO] -------------------------< com.hify:hify-tool >-------------------------
[INFO] Building hify-tool 0.1.0-SNAPSHOT                                 [4/11]
[INFO]   from hify-tool/pom.xml
[INFO] --------------------------------[ jar ]---------------------------------
[INFO] 
[INFO] --- resources:3.3.1:resources (default-resources) @ hify-tool ---
[INFO] skip non existing resourceDirectory /private/tmp/hify-course-20261006.hhEhwt/retrieval-worktree/backend/hify-tool/src/main/resources
[INFO] skip non existing resourceDirectory /private/tmp/hify-course-20261006.hhEhwt/retrieval-worktree/backend/hify-tool/src/main/resources
[INFO] 
[INFO] --- compiler:3.13.0:compile (default-compile) @ hify-tool ---
[INFO] Nothing to compile - all classes are up to date.
[INFO] 
[INFO] --- resources:3.3.1:testResources (default-testResources) @ hify-tool ---
[INFO] skip non existing resourceDirectory /private/tmp/hify-course-20261006.hhEhwt/retrieval-worktree/backend/hify-tool/src/test/resources
[INFO] 
[INFO] --- compiler:3.13.0:testCompile (default-testCompile) @ hify-tool ---
[INFO] Nothing to compile - all classes are up to date.
[INFO] 
[INFO] --- surefire:3.5.3:test (default-test) @ hify-tool ---
[INFO] 
[INFO] -------------------------< com.hify:hify-mcp >--------------------------
[INFO] Building hify-mcp 0.1.0-SNAPSHOT                                  [5/11]
[INFO]   from hify-mcp/pom.xml
[INFO] --------------------------------[ jar ]---------------------------------
[INFO] 
[INFO] --- resources:3.3.1:resources (default-resources) @ hify-mcp ---
[INFO] skip non existing resourceDirectory /private/tmp/hify-course-20261006.hhEhwt/retrieval-worktree/backend/hify-mcp/src/main/resources
[INFO] skip non existing resourceDirectory /private/tmp/hify-course-20261006.hhEhwt/retrieval-worktree/backend/hify-mcp/src/main/resources
[INFO] 
[INFO] --- compiler:3.13.0:compile (default-compile) @ hify-mcp ---
[INFO] Nothing to compile - all classes are up to date.
[INFO] 
[INFO] --- resources:3.3.1:testResources (default-testResources) @ hify-mcp ---
[INFO] skip non existing resourceDirectory /private/tmp/hify-course-20261006.hhEhwt/retrieval-worktree/backend/hify-mcp/src/test/resources
[INFO] 
[INFO] --- compiler:3.13.0:testCompile (default-testCompile) @ hify-mcp ---
[INFO] No sources to compile
[INFO] 
[INFO] --- surefire:3.5.3:test (default-test) @ hify-mcp ---
[INFO] No tests to run.
[INFO] 
[INFO] ----------------------< com.hify:hify-knowledge >-----------------------
[INFO] Building hify-knowledge 0.1.0-SNAPSHOT                            [6/11]
[INFO]   from hify-knowledge/pom.xml
[INFO] --------------------------------[ jar ]---------------------------------
[INFO] 
[INFO] --- resources:3.3.1:resources (default-resources) @ hify-knowledge ---
[INFO] skip non existing resourceDirectory /private/tmp/hify-course-20261006.hhEhwt/retrieval-worktree/backend/hify-knowledge/src/main/resources
[INFO] skip non existing resourceDirectory /private/tmp/hify-course-20261006.hhEhwt/retrieval-worktree/backend/hify-knowledge/src/main/resources
[INFO] 
[INFO] --- compiler:3.13.0:compile (default-compile) @ hify-knowledge ---
[INFO] Nothing to compile - all classes are up to date.
[INFO] 
[INFO] --- resources:3.3.1:testResources (default-testResources) @ hify-knowledge ---
[INFO] skip non existing resourceDirectory /private/tmp/hify-course-20261006.hhEhwt/retrieval-worktree/backend/hify-knowledge/src/test/resources
[INFO] 
[INFO] --- compiler:3.13.0:testCompile (default-testCompile) @ hify-knowledge ---
[INFO] Nothing to compile - all classes are up to date.
[INFO] 
[INFO] --- surefire:3.5.3:test (default-test) @ hify-knowledge ---
[INFO] 
[INFO] -----------------------< com.hify:hify-workflow >-----------------------
[INFO] Building hify-workflow 0.1.0-SNAPSHOT                             [7/11]
[INFO]   from hify-workflow/pom.xml
[INFO] --------------------------------[ jar ]---------------------------------
[INFO] 
[INFO] --- resources:3.3.1:resources (default-resources) @ hify-workflow ---
[INFO] skip non existing resourceDirectory /private/tmp/hify-course-20261006.hhEhwt/retrieval-worktree/backend/hify-workflow/src/main/resources
[INFO] skip non existing resourceDirectory /private/tmp/hify-course-20261006.hhEhwt/retrieval-worktree/backend/hify-workflow/src/main/resources
[INFO] 
[INFO] --- compiler:3.13.0:compile (default-compile) @ hify-workflow ---
[INFO] Nothing to compile - all classes are up to date.
[INFO] 
[INFO] --- resources:3.3.1:testResources (default-testResources) @ hify-workflow ---
[INFO] Copying 2 resources from src/test/resources to target/test-classes
[INFO] 
[INFO] --- compiler:3.13.0:testCompile (default-testCompile) @ hify-workflow ---
[INFO] Nothing to compile - all classes are up to date.
[INFO] 
[INFO] --- surefire:3.5.3:test (default-test) @ hify-workflow ---
[INFO] 
[INFO] ------------------------< com.hify:hify-agent >-------------------------
[INFO] Building hify-agent 0.1.0-SNAPSHOT                                [8/11]
[INFO]   from hify-agent/pom.xml
[INFO] --------------------------------[ jar ]---------------------------------
[INFO] 
[INFO] --- resources:3.3.1:resources (default-resources) @ hify-agent ---
[INFO] skip non existing resourceDirectory /private/tmp/hify-course-20261006.hhEhwt/retrieval-worktree/backend/hify-agent/src/main/resources
[INFO] skip non existing resourceDirectory /private/tmp/hify-course-20261006.hhEhwt/retrieval-worktree/backend/hify-agent/src/main/resources
[INFO] 
[INFO] --- compiler:3.13.0:compile (default-compile) @ hify-agent ---
[INFO] Nothing to compile - all classes are up to date.
[INFO] 
[INFO] --- resources:3.3.1:testResources (default-testResources) @ hify-agent ---
[INFO] skip non existing resourceDirectory /private/tmp/hify-course-20261006.hhEhwt/retrieval-worktree/backend/hify-agent/src/test/resources
[INFO] 
[INFO] --- compiler:3.13.0:testCompile (default-testCompile) @ hify-agent ---
[INFO] No sources to compile
[INFO] 
[INFO] --- surefire:3.5.3:test (default-test) @ hify-agent ---
[INFO] No tests to run.
[INFO] 
[INFO] -------------------------< com.hify:hify-chat >-------------------------
[INFO] Building hify-chat 0.1.0-SNAPSHOT                                 [9/11]
[INFO]   from hify-chat/pom.xml
[INFO] --------------------------------[ jar ]---------------------------------
[INFO] 
[INFO] --- resources:3.3.1:resources (default-resources) @ hify-chat ---
[INFO] skip non existing resourceDirectory /private/tmp/hify-course-20261006.hhEhwt/retrieval-worktree/backend/hify-chat/src/main/resources
[INFO] skip non existing resourceDirectory /private/tmp/hify-course-20261006.hhEhwt/retrieval-worktree/backend/hify-chat/src/main/resources
[INFO] 
[INFO] --- compiler:3.13.0:compile (default-compile) @ hify-chat ---
[INFO] Nothing to compile - all classes are up to date.
[INFO] 
[INFO] --- resources:3.3.1:testResources (default-testResources) @ hify-chat ---
[INFO] Copying 3 resources from src/test/resources to target/test-classes
[INFO] 
[INFO] --- compiler:3.13.0:testCompile (default-testCompile) @ hify-chat ---
[INFO] Nothing to compile - all classes are up to date.
[INFO] 
[INFO] --- surefire:3.5.3:test (default-test) @ hify-chat ---
[INFO] 
[INFO] -------------------------< com.hify:hify-demo >-------------------------
[INFO] Building hify-demo 0.1.0-SNAPSHOT                                [10/11]
[INFO]   from hify-demo/pom.xml
[INFO] --------------------------------[ jar ]---------------------------------
[INFO] 
[INFO] --- resources:3.3.1:resources (default-resources) @ hify-demo ---
[INFO] skip non existing resourceDirectory /private/tmp/hify-course-20261006.hhEhwt/retrieval-worktree/backend/hify-demo/src/main/resources
[INFO] skip non existing resourceDirectory /private/tmp/hify-course-20261006.hhEhwt/retrieval-worktree/backend/hify-demo/src/main/resources
[INFO] 
[INFO] --- compiler:3.13.0:compile (default-compile) @ hify-demo ---
[INFO] Nothing to compile - all classes are up to date.
[INFO] 
[INFO] --- resources:3.3.1:testResources (default-testResources) @ hify-demo ---
[INFO] skip non existing resourceDirectory /private/tmp/hify-course-20261006.hhEhwt/retrieval-worktree/backend/hify-demo/src/test/resources
[INFO] 
[INFO] --- compiler:3.13.0:testCompile (default-testCompile) @ hify-demo ---
[INFO] No sources to compile
[INFO] 
[INFO] --- surefire:3.5.3:test (default-test) @ hify-demo ---
[INFO] No tests to run.
[INFO] 
[INFO] -------------------------< com.hify:hify-app >--------------------------
[INFO] Building hify-app 0.1.0-SNAPSHOT                                 [11/11]
[INFO]   from hify-app/pom.xml
[INFO] --------------------------------[ jar ]---------------------------------
[INFO] 
[INFO] --- resources:3.3.1:resources (default-resources) @ hify-app ---
[INFO] Copying 1 resource from src/main/resources to target/classes
[INFO] Copying 21 resources from src/main/resources to target/classes
[INFO] 
[INFO] --- compiler:3.13.0:compile (default-compile) @ hify-app ---
[INFO] Nothing to compile - all classes are up to date.
[INFO] 
[INFO] --- resources:3.3.1:testResources (default-testResources) @ hify-app ---
[INFO] skip non existing resourceDirectory /private/tmp/hify-course-20261006.hhEhwt/retrieval-worktree/backend/hify-app/src/test/resources
[INFO] 
[INFO] --- compiler:3.13.0:testCompile (default-testCompile) @ hify-app ---
[INFO] Nothing to compile - all classes are up to date.
[INFO] 
[INFO] --- surefire:3.5.3:test (default-test) @ hify-app ---
[INFO] Using auto detected provider org.apache.maven.surefire.junitplatform.JUnitPlatformProvider
[INFO] 
[INFO] -------------------------------------------------------
[INFO]  T E S T S
[INFO] -------------------------------------------------------
Picked up JAVA_TOOL_OPTIONS: -Xmx768m -XX:ReservedCodeCacheSize=128m -Dspring.test.context.cache.maxSize=2 -Dhify.test.startup-diagnostics=true -Xlog:gc*,safepoint:file=/var/folders/1w/qvtt2cgd6tx32b8_wkxt08hr0000gn/T/hify-fullgate-bc4ab0e-f1uhyyhg/gc-%p.log:time,uptime,level,tags -Dhttp.nonProxyHosts=localhost|127.*|[::1] -Dhttps.nonProxyHosts=localhost|127.*|[::1] -DsocksNonProxyHosts=localhost|127.*|[::1]
19:52:11.578 [main] INFO org.testcontainers.DockerClientFactory -- Testcontainers version: 1.20.6
19:52:11.858 [main] INFO org.testcontainers.dockerclient.DockerClientProviderStrategy -- Found Docker environment with Environment variables, system properties and defaults. Resolved dockerHost=unix:///Users/weberzhao/.colima/hify-verify-20261004/docker.sock
19:52:11.859 [main] INFO org.testcontainers.DockerClientFactory -- Docker host IP address is 127.0.0.1
19:52:11.871 [main] INFO org.testcontainers.DockerClientFactory -- Connected to docker: 
  Server Version: 29.5.2
  API Version: 1.54
  Operating System: Ubuntu 24.04.4 LTS
  Total Memory: 955 MB
19:52:11.877 [main] INFO org.testcontainers.images.PullPolicy -- Image pull policy will be performed by: DefaultPullPolicy()
19:52:11.878 [main] INFO org.testcontainers.utility.ImageNameSubstitutor -- Image name substitution will be performed by: DefaultImageNameSubstitutor (composite of 'ConfigurationFileImageNameSubstitutor' and 'PrefixingImageNameSubstitutor')
19:52:12.089 [main] INFO tc.testcontainers/ryuk:0.11.0 -- Creating container for image: testcontainers/ryuk:0.11.0
19:52:12.220 [main] INFO tc.testcontainers/ryuk:0.11.0 -- Container testcontainers/ryuk:0.11.0 is starting: aaf7dd5c314972b0b6dab5500707b52b528fe86d2e177c0b59682e5c90d377dd
19:52:12.721 [main] INFO tc.testcontainers/ryuk:0.11.0 -- Container testcontainers/ryuk:0.11.0 started in PT0.631426S
19:52:12.729 [main] INFO org.testcontainers.utility.RyukResourceReaper -- Ryuk started - will monitor and terminate Testcontainers containers on JVM exit
19:52:12.729 [main] INFO org.testcontainers.DockerClientFactory -- Checking the system...
19:52:12.729 [main] INFO org.testcontainers.DockerClientFactory -- ✔︎ Docker server version should be at least 1.6.0
[INFO] Running com.hify.api.KnowledgeShutdownPostgresTest
19:52:12.889 [main] INFO org.springframework.test.context.support.AnnotationConfigContextLoaderUtils -- Could not detect default configuration classes for test class [com.hify.api.KnowledgeShutdownPostgresTest]: KnowledgeShutdownPostgresTest does not declare any static, non-private, non-final, nested classes annotated with @Configuration.
19:52:13.180 [main] INFO org.springframework.boot.test.context.SpringBootTestContextBootstrapper -- Found @SpringBootConfiguration com.hify.HifyApplication for test class com.hify.api.KnowledgeShutdownPostgresTest
19:52:13.254 [main] INFO tc.pgvector/pgvector:pg16 -- Creating container for image: pgvector/pgvector:pg16
19:52:13.338 [main] INFO tc.pgvector/pgvector:pg16 -- Container pgvector/pgvector:pg16 is starting: de202e74829a3ccfc9d199d575d2d638ce44b1700f4e7f8581a420aa8cebc59c
19:52:14.617 [main] INFO tc.pgvector/pgvector:pg16 -- Container pgvector/pgvector:pg16 started in PT1.362659S
19:52:14.626 [main] INFO tc.pgvector/pgvector:pg16 -- Container is started (JDBC URL: jdbc:postgresql://127.0.0.1:32769/knowledge_shutdown?loggerLevel=OFF)

  .   ____          _            __ _ _
 /\\ / ___'_ __ _ _(_)_ __  __ _ \ \ \ \
( ( )\___ | '_ | '_| | '_ \/ _` | \ \ \ \
 \\/  ___)| |_)| | | | | || (_| |  ) ) ) )
  '  |____| .__|_| |_|_| |_\__, | / / / /
 =========|_|==============|___/=/_/_/_/

 :: Spring Boot ::                (v3.4.5)

2026-10-07T19:52:14.942+08:00 INFO  [main] [requestId=] c.h.a.KnowledgeShutdownPostgresTest - Starting KnowledgeShutdownPostgresTest using Java 17.0.19 with PID 6303 (started by weberzhao in /private/tmp/hify-course-20261006.hhEhwt/retrieval-worktree/backend/hify-app)
2026-10-07T19:52:14.943+08:00 INFO  [main] [requestId=] c.h.a.KnowledgeShutdownPostgresTest - No active profile set, falling back to 1 default profile: "default"
2026-10-07T19:52:16.021+08:00 INFO  [main] [requestId=] o.s.d.r.c.RepositoryConfigurationDelegate - Multiple Spring Data modules found, entering strict repository configuration mode
2026-10-07T19:52:16.022+08:00 INFO  [main] [requestId=] o.s.d.r.c.RepositoryConfigurationDelegate - Bootstrapping Spring Data JPA repositories in DEFAULT mode.
2026-10-07T19:52:16.206+08:00 INFO  [main] [requestId=] o.s.d.r.c.RepositoryConfigurationDelegate - Finished Spring Data repository scanning in 176 ms. Found 34 JPA repository interfaces.
Java HotSpot(TM) 64-Bit Server VM warning: Sharing is only supported for boot loader classes because bootstrap classpath has been appended
2026-10-07T19:52:18.867+08:00 INFO  [main] [requestId=] com.zaxxer.hikari.HikariDataSource - HikariPool-1 - Starting...
2026-10-07T19:52:19.051+08:00 INFO  [main] [requestId=] com.zaxxer.hikari.pool.HikariPool - HikariPool-1 - Added connection org.postgresql.jdbc.PgConnection@7a5a26b7
2026-10-07T19:52:19.052+08:00 INFO  [main] [requestId=] com.zaxxer.hikari.HikariDataSource - HikariPool-1 - Start completed.
2026-10-07T19:52:19.172+08:00 INFO  [main] [requestId=] org.flywaydb.core.FlywayExecutor - Database: jdbc:postgresql://127.0.0.1:32769/knowledge_shutdown?loggerLevel=OFF (PostgreSQL 16.15)
2026-10-07T19:52:19.249+08:00 INFO  [main] [requestId=] o.f.c.i.s.JdbcTableSchemaHistory - Schema history table "public"."flyway_schema_history" does not exist yet
2026-10-07T19:52:19.251+08:00 INFO  [main] [requestId=] o.f.core.internal.command.DbValidate - Successfully validated 24 migrations (execution time 00:00.031s)
2026-10-07T19:52:19.263+08:00 INFO  [main] [requestId=] o.f.c.i.s.JdbcTableSchemaHistory - Creating Schema History table "public"."flyway_schema_history" ...
2026-10-07T19:52:19.311+08:00 INFO  [main] [requestId=] o.f.core.internal.command.DbMigrate - Current version of schema "public": << Empty Schema >>
2026-10-07T19:52:19.324+08:00 INFO  [main] [requestId=] o.f.core.internal.command.DbMigrate - Migrating schema "public" to version "1 - baseline"
2026-10-07T19:52:19.348+08:00 INFO  [main] [requestId=] o.f.core.internal.command.DbMigrate - Migrating schema "public" to version "2 - demo item"
2026-10-07T19:52:19.355+08:00 INFO  [main] [requestId=] o.f.core.internal.command.DbMigrate - Migrating schema "public" to version "3 - run replan control"
2026-10-07T19:52:19.369+08:00 INFO  [main] [requestId=] o.f.core.internal.command.DbMigrate - Migrating schema "public" to version "4 - run context state"
2026-10-07T19:52:19.423+08:00 INFO  [main] [requestId=] o.f.core.internal.command.DbMigrate - Migrating schema "public" to version "5 - provider catalog"
2026-10-07T19:52:19.446+08:00 INFO  [main] [requestId=] o.f.core.internal.command.DbMigrate - Migrating schema "public" to version "6 - agent publishing"
2026-10-07T19:52:19.478+08:00 INFO  [main] [requestId=] o.f.core.internal.command.DbMigrate - Migrating schema "public" to version "7 - agent archive and tool bindings"
2026-10-07T19:52:19.488+08:00 INFO  [main] [requestId=] o.f.core.internal.command.DbMigrate - Migrating schema "public" to version "8 - backfill agent tool bindings"
2026-10-07T19:52:19.504+08:00 INFO  [main] [requestId=] o.f.core.internal.command.DbMigrate - Migrating schema "public" to version "9 - runtime capability and history"
2026-10-07T19:52:19.519+08:00 INFO  [main] [requestId=] o.f.core.internal.command.DbMigrate - Migrating schema "public" to version "10 - child agent task protocol"
2026-10-07T19:52:19.539+08:00 INFO  [main] [requestId=] o.f.core.internal.command.DbMigrate - Migrating schema "public" to version "11 - context memory catalog"
2026-10-07T19:52:19.555+08:00 INFO  [main] [requestId=] o.f.core.internal.command.DbMigrate - Migrating schema "public" to version "12 - history full text index"
2026-10-07T19:52:19.561+08:00 INFO  [main] [requestId=] o.f.core.internal.command.DbMigrate - Migrating schema "public" to version "13 - history vector index"
2026-10-07T19:52:19.592+08:00 INFO  [main] [requestId=] o.f.core.internal.command.DbMigrate - Migrating schema "public" to version "14 - knowledge catalog"
2026-10-07T19:52:19.608+08:00 INFO  [main] [requestId=] o.f.core.internal.command.DbMigrate - Migrating schema "public" to version "15 - knowledge search indexes"
2026-10-07T19:52:19.622+08:00 INFO  [main] [requestId=] o.f.core.internal.command.DbMigrate - Migrating schema "public" to version "16 - workflow runtime"
2026-10-07T19:52:19.642+08:00 INFO  [main] [requestId=] o.f.core.internal.command.DbMigrate - Migrating schema "public" to version "17 - mcp server registry"
2026-10-07T19:52:19.683+08:00 INFO  [main] [requestId=] o.f.core.internal.command.DbMigrate - Migrating schema "public" to version "18 - agent knowledge capability"
2026-10-07T19:52:19.708+08:00 INFO  [main] [requestId=] o.f.core.internal.command.DbMigrate - Migrating schema "public" to version "19 - agent workflow mcp capabilities"
2026-10-07T19:52:19.726+08:00 INFO  [main] [requestId=] o.f.core.internal.command.DbMigrate - Migrating schema "public" to version "20 - mcp encrypted credentials"
2026-10-07T19:52:19.745+08:00 INFO  [main] [requestId=] o.f.core.internal.command.DbMigrate - Migrating schema "public" to version "21 - workflow control terminal states"
2026-10-07T19:52:19.759+08:00 INFO  [main] [requestId=] o.f.core.internal.command.DbMigrate - Migrating schema "public" to version "22 - workflow interrupted state"
2026-10-07T19:52:19.780+08:00 INFO  [main] [requestId=] o.f.core.internal.command.DbMigrate - Migrating schema "public" to version "23 - history operation recovery"
2026-10-07T19:52:19.798+08:00 INFO  [main] [requestId=] o.f.core.internal.command.DbMigrate - Migrating schema "public" to version "24 - semantic embedding profiles"
2026-10-07T19:52:19.823+08:00 INFO  [main] [requestId=] o.f.core.internal.command.DbMigrate - Successfully applied 24 migrations to schema "public", now at version v24 (execution time 00:00.247s)
2026-10-07T19:52:20.331+08:00 INFO  [main] [requestId=] o.h.jpa.internal.util.LogHelper - HHH000204: Processing PersistenceUnitInfo [name: default]
2026-10-07T19:52:20.391+08:00 INFO  [main] [requestId=] org.hibernate.Version - HHH000412: Hibernate ORM core version 6.6.13.Final
2026-10-07T19:52:20.419+08:00 INFO  [main] [requestId=] o.h.c.i.RegionFactoryInitiator - HHH000026: Second-level cache disabled
2026-10-07T19:52:20.561+08:00 INFO  [main] [requestId=] o.s.o.j.p.SpringPersistenceUnitInfo - No LoadTimeWeaver setup: ignoring JPA class transformer
2026-10-07T19:52:20.624+08:00 INFO  [main] [requestId=] o.hibernate.orm.connections.pooling - HHH10001005: Database info:
	Database JDBC URL [Connecting through datasource 'HikariDataSource (HikariPool-1)']
	Database driver: undefined/unknown
	Database version: 16.15
	Autocommit mode: undefined/unknown
	Isolation level: undefined/unknown
	Minimum pool size: undefined/unknown
	Maximum pool size: undefined/unknown
2026-10-07T19:52:22.336+08:00 INFO  [main] [requestId=] o.h.e.t.j.p.i.JtaPlatformInitiator - HHH000489: No JTA platform available (set 'hibernate.transaction.jta.platform' to enable JTA platform integration)
2026-10-07T19:52:22.498+08:00 INFO  [main] [requestId=] o.s.o.j.LocalContainerEntityManagerFactoryBean - Initialized JPA EntityManagerFactory for persistence unit 'default'
2026-10-07T19:52:23.250+08:00 INFO  [main] [requestId=] o.s.d.j.r.query.QueryEnhancerFactory - JSqlParser is in classpath; If applicable, JSqlParser will be used.
2026-10-07T19:52:23.250+08:00 INFO  [main] [requestId=] o.s.d.j.r.query.QueryEnhancerFactory - Hibernate is in classpath; If applicable, HQL parser will be used.
2026-10-07T19:52:30.373+08:00 INFO  [main] [requestId=] c.b.m.s.MybatisPlusApplicationContextAware - Register ApplicationContext instances org.springframework.web.context.support.GenericWebApplicationContext@5eb5da12
2026-10-07T19:52:32.676+08:00 INFO  [main] [requestId=] o.s.b.t.m.w.SpringBootMockServletContext - Initializing Spring TestDispatcherServlet ''
2026-10-07T19:52:32.676+08:00 INFO  [main] [requestId=] o.s.t.w.s.TestDispatcherServlet - Initializing Servlet ''
2026-10-07T19:52:32.682+08:00 INFO  [main] [requestId=] o.s.b.a.e.web.EndpointLinksResolver - Exposing 2 endpoints beneath base path '/actuator'
2026-10-07T19:52:32.718+08:00 INFO  [main] [requestId=] o.s.t.w.s.TestDispatcherServlet - Completed initialization in 42 ms
2026-10-07T19:52:33.184+08:00 INFO  [main] [requestId=] c.h.a.KnowledgeShutdownPostgresTest - Started KnowledgeShutdownPostgresTest in 18.504 seconds (process running for 22.077)
2026-10-07T19:52:35.709+08:00 INFO  [main] [requestId=dd60c3d7-6261-43c6-8166-9d50e6b740b8] c.hify.common.RequestLoggingFilter - http.request method=POST path=/api/v1/knowledge-bases status=201 latencyMs=812
2026-10-07T19:52:35.894+08:00 INFO  [main] [requestId=72a912c1-9e06-4a72-8656-97c57d60b52a] c.hify.common.RequestLoggingFilter - http.request method=POST path=/api/v1/knowledge-bases status=201 latencyMs=7
2026-10-07T19:52:36.053+08:00 INFO  [main] [requestId=59b9a92c-f9cd-41e2-9d11-6cfe4da11806] c.hify.common.RequestLoggingFilter - http.request method=POST path=/api/v1/workflows status=201 latencyMs=155
2026-10-07T19:52:36.064+08:00 INFO  [main] [requestId=afd257d4-92d6-443b-be33-b0b449ea148a] c.hify.common.RequestLoggingFilter - http.request method=POST path=/api/v1/workflows status=400 latencyMs=9
2026-10-07T19:52:36.085+08:00 INFO  [main] [requestId=3f60754a-6ec9-4620-a1be-220ea3e4b906] c.hify.common.RequestLoggingFilter - http.request method=PUT path=/api/v1/workflows/465ded16-efa1-4849-a272-8398eb243d96 status=400 latencyMs=20
2026-10-07T19:52:36.098+08:00 INFO  [main] [requestId=f7f39190-e137-47da-9a7b-7aa6fa8cf139] c.hify.common.RequestLoggingFilter - http.request method=POST path=/api/v1/workflow-versions/07129385-a70f-4511-82a2-ec910acdf603/runs status=409 latencyMs=8
2026-10-07T19:52:36.114+08:00 INFO  [main] [requestId=71906394-5c6c-4708-8efe-f8d3f8014144] c.hify.common.RequestLoggingFilter - http.request method=POST path=/api/v1/knowledge-bases status=201 latencyMs=8
2026-10-07T19:52:36.136+08:00 INFO  [main] [requestId=49c7d3a2-2362-41ec-b04d-806ebec0ad01] c.hify.common.RequestLoggingFilter - http.request method=POST path=/api/v1/knowledge-bases/9596263d-dbe1-43ff-8134-d0adc2ddaabe/documents status=202 latencyMs=17
2026-10-07T19:52:36.155+08:00 INFO  [main] [requestId=c011f876-1fda-4653-a61f-1ef008dcb6b5] c.hify.common.RequestLoggingFilter - http.request method=GET path=/api/v1/documents/ec9ff5f2-3bb4-4185-9f89-44c15c376d56 status=200 latencyMs=18
2026-10-07T19:52:36.333+08:00 INFO  [main] [requestId=83a867be-82dc-4b21-b90a-01ed62acf755] c.hify.common.RequestLoggingFilter - http.request method=GET path=/api/v1/documents/ec9ff5f2-3bb4-4185-9f89-44c15c376d56 status=200 latencyMs=6
2026-10-07T19:52:36.349+08:00 INFO  [main] [requestId=a7b60113-be3b-4fbc-b476-76786a173694] c.hify.common.RequestLoggingFilter - http.request method=GET path=/api/v1/documents/ec9ff5f2-3bb4-4185-9f89-44c15c376d56/chunks status=200 latencyMs=14
2026-10-07T19:52:36.358+08:00 INFO  [main] [requestId=71b5ef83-5cd4-4578-a8be-5ea6e4564d81] c.hify.common.RequestLoggingFilter - http.request method=DELETE path=/api/v1/documents/ec9ff5f2-3bb4-4185-9f89-44c15c376d56 status=200 latencyMs=8
2026-10-07T19:52:36.383+08:00 INFO  [main] [requestId=b34020ab-5789-4104-9795-c5ffc8b3e9cb] c.hify.common.RequestLoggingFilter - http.request method=POST path=/api/v1/knowledge-bases status=201 latencyMs=6
2026-10-07T19:52:36.410+08:00 INFO  [main] [requestId=3545dd73-6a41-463e-ad65-87d0669fad9e] c.hify.common.RequestLoggingFilter - http.request method=POST path=/api/v1/knowledge-bases/40666465-3f56-46ec-8467-86a220407150/documents status=202 latencyMs=25
2026-10-07T19:52:36.423+08:00 INFO  [main] [requestId=59dbeac9-69d7-450c-b975-2e6422830f5b] c.hify.common.RequestLoggingFilter - http.request method=GET path=/api/v1/documents/555d07b2-a63f-43cf-8732-ba48fcdcdb89 status=200 latencyMs=11
2026-10-07T19:52:36.574+08:00 INFO  [main] [requestId=deec92b5-a43e-47eb-bf00-9d7c0117e8ee] c.hify.common.RequestLoggingFilter - http.request method=GET path=/api/v1/documents/555d07b2-a63f-43cf-8732-ba48fcdcdb89 status=200 latencyMs=8
2026-10-07T19:52:36.584+08:00 INFO  [main] [requestId=1a0dd7b9-9cb3-4cac-8932-bfaa5326e154] c.hify.common.RequestLoggingFilter - http.request method=POST path=/api/v1/workflows status=201 latencyMs=8
2026-10-07T19:52:36.612+08:00 INFO  [main] [requestId=fa2bf815-b28f-458f-8524-ad4cce61f9fa] c.hify.common.RequestLoggingFilter - http.request method=POST path=/api/v1/workflows/337c13cb-25ae-433d-987e-3e4d447d0d7b/versions status=200 latencyMs=28
2026-10-07T19:52:36.674+08:00 INFO  [main] [requestId=1e071ef4-4a14-413c-a1a1-f5672e27d5c2] c.hify.common.RequestLoggingFilter - http.request method=POST path=/api/v1/agents status=201 latencyMs=59
2026-10-07T19:52:36.692+08:00 INFO  [main] [requestId=32139538-4ce3-4e3e-9453-fe10b6a8c6b2] c.hify.common.RequestLoggingFilter - http.request method=PUT path=/api/v1/agents/a81ac852-46e7-43e8-b45b-c59a816840aa/workflow-binding status=200 latencyMs=17
2026-10-07T19:52:36.727+08:00 INFO  [main] [requestId=1a0a1cf9-0d1c-44d4-8e11-862fdfeef9a0] c.hify.common.RequestLoggingFilter - http.request method=POST path=/api/v1/agents/a81ac852-46e7-43e8-b45b-c59a816840aa/publications status=200 latencyMs=34
2026-10-07T19:52:36.835+08:00 INFO  [main] [requestId=32e249ed-3418-415c-8edc-8f9067722726] c.hify.common.RequestLoggingFilter - http.request method=POST path=/api/v1/conversations status=201 latencyMs=106
2026-10-07T19:52:37.159+08:00 INFO  [main] [requestId=16b157d0-efb3-4497-a5fe-9667f03f9c2a] c.hify.common.RequestLoggingFilter - http.request method=POST path=/api/v1/workflow-versions/06671031-8c23-42d0-a087-b2f191ca7df9/runs status=202 latencyMs=322
2026-10-07T19:52:37.169+08:00 INFO  [main] [requestId=106a458b-5cc8-4749-8de1-50fffd9194e1] c.hify.common.RequestLoggingFilter - http.request method=DELETE path=/api/v1/documents/555d07b2-a63f-43cf-8732-ba48fcdcdb89 status=200 latencyMs=7
2026-10-07T19:52:37.180+08:00 INFO  [main] [requestId=034ac125-331b-4bcf-b2c4-8034cf2b7e9c] c.hify.common.RequestLoggingFilter - http.request method=POST path=/api/v1/knowledge-bases/40666465-3f56-46ec-8467-86a220407150/documents status=202 latencyMs=9
2026-10-07T19:52:37.185+08:00 INFO  [main] [requestId=1cad63d1-71bc-4f04-b496-15535d249030] c.hify.common.RequestLoggingFilter - http.request method=GET path=/api/v1/documents/1a73f313-e1f6-4c0e-8962-761169904c37 status=200 latencyMs=2
2026-10-07T19:52:37.363+08:00 INFO  [main] [requestId=2e67bb4e-052b-4f58-8f0b-22871565e5cb] c.hify.common.RequestLoggingFilter - http.request method=GET path=/api/v1/documents/1a73f313-e1f6-4c0e-8962-761169904c37 status=200 latencyMs=3
2026-10-07T19:52:37.593+08:00 INFO  [main] [requestId=b7d191ca-6f09-4fe9-872f-6435990d0da7] c.hify.common.RequestLoggingFilter - http.request method=POST path=/api/v1/workflow-versions/06671031-8c23-42d0-a087-b2f191ca7df9/runs status=202 latencyMs=230
2026-10-07T19:52:37.844+08:00 INFO  [main] [requestId=5fcd8de1-7421-43f0-9e7e-2706824315b1] c.hify.common.RequestLoggingFilter - http.request method=POST path=/api/v1/workflows/337c13cb-25ae-433d-987e-3e4d447d0d7b/versions status=200 latencyMs=98
2026-10-07T19:52:38.151+08:00 INFO  [main] [requestId=cb68730d-211f-4717-9e0b-602163b922bf] c.hify.common.RequestLoggingFilter - http.request method=POST path=/api/v1/workflow-versions/3998c70e-79c4-47b9-ba49-d3131025481b/runs status=202 latencyMs=292
2026-10-07T19:52:38.283+08:00 INFO  [main] [requestId=29c30c23-c886-4943-ac9b-cadd14f1f3ea] c.hify.common.RequestLoggingFilter - http.request method=POST path=/api/v1/agents/a81ac852-46e7-43e8-b45b-c59a816840aa/publications status=200 latencyMs=129
2026-10-07T19:52:38.694+08:00 INFO  [main] [requestId=43601253-af24-4ab4-9fb8-ddc957be1264] c.hify.common.RequestLoggingFilter - http.request method=POST path=/api/v1/conversations/98a1cf27-936f-43ef-8852-d2b7fa58166c/runs status=202 latencyMs=407
2026-10-07T19:52:38.734+08:00 INFO  [main] [requestId=d9c44a58-bef8-4e75-87c5-bde980e1a467] c.hify.common.RequestLoggingFilter - http.request method=GET path=/api/v1/runs/54ccbcb8-7c29-47ed-b88b-8407dfeeaeb3 status=200 latencyMs=38
2026-10-07T19:52:38.840+08:00 INFO  [main] [requestId=27521ffe-bce9-4130-94fe-823b17af50fa] c.hify.common.RequestLoggingFilter - http.request method=GET path=/api/v1/runs/54ccbcb8-7c29-47ed-b88b-8407dfeeaeb3 status=200 latencyMs=34
2026-10-07T19:52:39.051+08:00 INFO  [main] [requestId=2b2cfea2-cd56-4887-8c18-6c2f3f8d5186] c.hify.common.RequestLoggingFilter - http.request method=GET path=/api/v1/runs/54ccbcb8-7c29-47ed-b88b-8407dfeeaeb3 status=200 latencyMs=31
2026-10-07T19:52:39.237+08:00 INFO  [main] [requestId=20cb7f64-702a-4714-993c-f7d7c1f58bc3] c.hify.common.RequestLoggingFilter - http.request method=GET path=/api/v1/runs/54ccbcb8-7c29-47ed-b88b-8407dfeeaeb3 status=200 latencyMs=22
2026-10-07T19:52:39.426+08:00 INFO  [main] [requestId=95595ceb-4529-41a8-b1d2-c23656fb9c5c] c.hify.common.RequestLoggingFilter - http.request method=GET path=/api/v1/runs/54ccbcb8-7c29-47ed-b88b-8407dfeeaeb3 status=200 latencyMs=11
2026-10-07T19:52:39.443+08:00 INFO  [main] [requestId=353a0dfb-6c15-467c-8bf3-0325c87ad2cf] c.hify.common.RequestLoggingFilter - http.request method=POST path=/api/v1/conversations status=201 latencyMs=10
2026-10-07T19:52:39.478+08:00 INFO  [main] [requestId=d89dcfde-6278-45bb-af30-26ad1cbd0a8c] c.hify.common.RequestLoggingFilter - http.request method=POST path=/api/v1/conversations/64e9bab0-ae0a-482d-8c68-3d138243b8bf/runs status=202 latencyMs=29
2026-10-07T19:52:39.485+08:00 INFO  [main] [requestId=4381afb4-345f-4306-a0f6-cb7688e8dcdb] c.hify.common.RequestLoggingFilter - http.request method=GET path=/api/v1/runs/08ef9797-34ab-4bf1-82c1-fc5704243d9e status=200 latencyMs=3
2026-10-07T19:52:39.647+08:00 INFO  [main] [requestId=fab997c0-68a6-4a36-88d9-e0b8809a6b66] c.hify.common.RequestLoggingFilter - http.request method=GET path=/api/v1/runs/08ef9797-34ab-4bf1-82c1-fc5704243d9e status=200 latencyMs=4
2026-10-07T19:52:39.659+08:00 INFO  [main] [requestId=ac931857-f393-4bf2-ba93-c80a2842a612] c.hify.common.RequestLoggingFilter - http.request method=GET path=/api/v1/workflows/337c13cb-25ae-433d-987e-3e4d447d0d7b status=200 latencyMs=6
2026-10-07T19:52:39.695+08:00 INFO  [main] [requestId=21bc7c5a-1caf-49e2-81d8-73ef40b73ef6] c.hify.common.RequestLoggingFilter - http.request method=DELETE path=/api/v1/knowledge-bases/40666465-3f56-46ec-8467-86a220407150 status=200 latencyMs=30
2026-10-07T19:52:39.726+08:00 INFO  [main] [requestId=2d62cb03-032e-4caf-af57-74a94e7bd7c4] c.hify.common.RequestLoggingFilter - http.request method=POST path=/api/v1/workflow-versions/06671031-8c23-42d0-a087-b2f191ca7df9/runs status=202 latencyMs=30
2026-10-07T19:52:39.741+08:00 INFO  [main] [requestId=2ded50c7-ad5e-4583-bfdd-3ace9458160c] c.hify.common.RequestLoggingFilter - http.request method=POST path=/api/v1/workflows/337c13cb-25ae-433d-987e-3e4d447d0d7b/versions status=404 latencyMs=10
2026-10-07T19:52:39.843+08:00 INFO  [main] [requestId=cdde2757-a919-4e1a-90ac-f5aa0d9cbc01] c.hify.common.RequestLoggingFilter - http.request method=POST path=/api/v1/knowledge-bases status=201 latencyMs=7
2026-10-07T19:52:39.851+08:00 INFO  [main] [requestId=52e4d9b9-4142-45c9-98ff-233ff272132c] c.hify.common.RequestLoggingFilter - http.request method=POST path=/api/v1/knowledge-bases/a30b794a-be44-430d-a943-086061a296c3/documents status=202 latencyMs=6
2026-10-07T19:52:39.854+08:00 INFO  [main] [requestId=fc4ac533-ac35-4514-bea3-785563602164] c.hify.common.RequestLoggingFilter - http.request method=GET path=/api/v1/documents/8426f0c6-940d-476d-a170-658e1d201369 status=200 latencyMs=2
2026-10-07T19:52:40.020+08:00 INFO  [main] [requestId=26b86a42-dbe6-4ce8-ade3-a5c9d28e4eea] c.hify.common.RequestLoggingFilter - http.request method=GET path=/api/v1/documents/8426f0c6-940d-476d-a170-658e1d201369 status=200 latencyMs=10
2026-10-07T19:52:40.073+08:00 INFO  [main] [requestId=cd3ffd98-f232-4cf0-9e05-47eb205e3dd6] c.hify.common.RequestLoggingFilter - http.request method=POST path=/api/v1/workflows status=201 latencyMs=43
2026-10-07T19:52:40.092+08:00 INFO  [main] [requestId=0b1835ca-feae-4c28-a71e-8eb496adf8ee] c.hify.common.RequestLoggingFilter - http.request method=POST path=/api/v1/workflows/f1014fb4-2b24-4f29-814b-c66a8ab656bb/versions status=200 latencyMs=17
2026-10-07T19:52:40.131+08:00 INFO  [main] [requestId=f48ffc5d-ea62-47dc-920b-06cd814ac733] c.hify.common.RequestLoggingFilter - http.request method=POST path=/api/v1/workflow-versions/97a0d0f4-7eca-499d-9dd7-0e38632b6d1e/runs status=202 latencyMs=37
2026-10-07T19:52:40.156+08:00 INFO  [main] [requestId=c877a98e-1f39-41d1-ba5f-774774304211] c.hify.common.RequestLoggingFilter - http.request method=POST path=/api/v1/knowledge-bases status=201 latencyMs=8
2026-10-07T19:52:40.163+08:00 INFO  [main] [requestId=46d2d464-6bc9-4d4e-b8ca-c061407a96f5] c.hify.common.RequestLoggingFilter - http.request method=POST path=/api/v1/knowledge-bases/52c6caeb-6c30-4861-87b7-6954d13244c6/documents status=202 latencyMs=6
2026-10-07T19:52:40.167+08:00 INFO  [main] [requestId=efc0334a-a81e-400a-babe-1e685c50372f] c.hify.common.RequestLoggingFilter - http.request method=GET path=/api/v1/documents/f0c2ff8e-966b-4b84-98e9-ec65459f8304 status=200 latencyMs=2
2026-10-07T19:52:40.333+08:00 INFO  [main] [requestId=6b94f5b5-14fd-4823-bec0-8b527ccd5934] c.hify.common.RequestLoggingFilter - http.request method=GET path=/api/v1/documents/f0c2ff8e-966b-4b84-98e9-ec65459f8304 status=200 latencyMs=3
2026-10-07T19:52:40.373+08:00 INFO  [main] [requestId=281a6cef-e2e5-4654-9b56-52fe58f73a17] c.hify.common.RequestLoggingFilter - http.request method=POST path=/api/v1/workflows status=201 latencyMs=39
2026-10-07T19:52:40.389+08:00 INFO  [main] [requestId=d66480b4-80b7-45ab-a23f-82a7a5eecb58] c.hify.common.RequestLoggingFilter - http.request method=POST path=/api/v1/workflows/855b6b4c-138b-42f9-b973-167bedb1eb99/versions status=200 latencyMs=14
2026-10-07T19:52:40.446+08:00 INFO  [main] [requestId=dd924a4a-ec81-46fe-8df4-54a88f91b12f] c.hify.common.RequestLoggingFilter - http.request method=POST path=/api/v1/workflow-versions/0c48b182-e442-40dd-851a-9b17cc5edbfa/runs status=202 latencyMs=54
2026-10-07T19:52:40.469+08:00 INFO  [main] [requestId=731156ee-0bb9-42df-bb2f-188c3a41be80] c.hify.common.RequestLoggingFilter - http.request method=POST path=/api/v1/knowledge-bases status=201 latencyMs=12
2026-10-07T19:52:40.478+08:00 INFO  [main] [requestId=ee1dc2e4-c088-45a6-a17b-8308cffbbdf5] c.hify.common.RequestLoggingFilter - http.request method=POST path=/api/v1/knowledge-bases/90500d1e-c827-4e69-a4c8-a72732605828/documents status=202 latencyMs=8
2026-10-07T19:52:40.485+08:00 INFO  [main] [requestId=f5d7f25a-eb6b-4cbb-b9d8-316fd8b6bec8] c.hify.common.RequestLoggingFilter - http.request method=GET path=/api/v1/documents/e54170be-1007-48e9-9444-b331867bd055 status=200 latencyMs=6
2026-10-07T19:52:40.695+08:00 INFO  [main] [requestId=001c8c7a-01a1-43e1-8c47-b181c46fdcf1] c.hify.common.RequestLoggingFilter - http.request method=GET path=/api/v1/documents/e54170be-1007-48e9-9444-b331867bd055 status=200 latencyMs=35
2026-10-07T19:52:40.785+08:00 INFO  [main] [requestId=6676b386-6a50-4917-ad19-e300c1bb6563] c.hify.common.RequestLoggingFilter - http.request method=POST path=/api/v1/workflows status=201 latencyMs=79
2026-10-07T19:52:40.835+08:00 INFO  [main] [requestId=544b4244-3319-4d5c-a3b3-d7a7b633489b] c.hify.common.RequestLoggingFilter - http.request method=POST path=/api/v1/workflows/ed9eb332-3bb4-44be-8726-82685d27101d/versions status=200 latencyMs=48
2026-10-07T19:52:41.016+08:00 INFO  [main] [requestId=789e1793-37ed-455c-b1a2-6377706d8bc5] c.hify.common.RequestLoggingFilter - http.request method=POST path=/api/v1/workflow-versions/2f81f739-7678-4fce-8755-d5d2caa916eb/runs status=202 latencyMs=130
2026-10-07T19:52:41.072+08:00 INFO  [main] [requestId=97afef62-8961-466e-aa28-ce02387d4376] c.hify.common.RequestLoggingFilter - http.request method=POST path=/api/v1/knowledge-bases status=201 latencyMs=5
2026-10-07T19:52:41.079+08:00 INFO  [main] [requestId=11dcdf75-da2b-4c4b-b43d-69bcda0ad1d1] c.hify.common.RequestLoggingFilter - http.request method=POST path=/api/v1/knowledge-bases/5849ac58-78e3-4614-af7a-7a339c68b7c7/documents status=202 latencyMs=5
2026-10-07T19:52:41.126+08:00 INFO  [main] [requestId=036107be-f81f-45e2-abc5-efa27123f9b8] c.hify.common.RequestLoggingFilter - http.request method=GET path=/api/v1/documents/c20e015e-46d4-49eb-bb8a-e780cd78f411 status=200 latencyMs=46
2026-10-07T19:52:41.298+08:00 INFO  [main] [requestId=e9f7d91f-65b0-441f-8bf9-45a3011b0632] c.hify.common.RequestLoggingFilter - http.request method=GET path=/api/v1/documents/c20e015e-46d4-49eb-bb8a-e780cd78f411 status=200 latencyMs=15
2026-10-07T19:52:41.322+08:00 INFO  [main] [requestId=4e9ca839-1df2-4b45-ac49-c9489f3a9e19] c.hify.common.RequestLoggingFilter - http.request method=POST path=/api/v1/workflows status=201 latencyMs=22
2026-10-07T19:52:41.340+08:00 INFO  [main] [requestId=53007b2d-67d5-4159-880c-1e5ae12ac4a0] c.hify.common.RequestLoggingFilter - http.request method=POST path=/api/v1/workflows/03d48c88-79f3-43c0-8547-ef2647a4bae7/versions status=200 latencyMs=16
2026-10-07T19:52:41.348+08:00 INFO  [main] [requestId=d0a3107b-9b35-401f-b4df-60eba9445260] c.hify.common.RequestLoggingFilter - http.request method=POST path=/api/v1/knowledge-bases status=201 latencyMs=5
2026-10-07T19:52:41.387+08:00 INFO  [main] [requestId=6bf2186c-52ff-4322-9871-48a713e65d9d] c.hify.common.RequestLoggingFilter - http.request method=POST path=/api/v1/workflow-versions/88b85983-44b4-402d-a79d-be0cfebe7bc8/runs status=202 latencyMs=36
2026-10-07T19:52:41.424+08:00 INFO  [main] [requestId=2495174a-f267-483c-9bcb-ee9e71258f87] c.hify.common.RequestLoggingFilter - http.request method=POST path=/api/v1/knowledge-bases status=201 latencyMs=7
2026-10-07T19:52:41.439+08:00 INFO  [main] [requestId=f0c65f6f-4ba3-47d2-a0ea-9e4858004d1f] c.hify.common.RequestLoggingFilter - http.request method=POST path=/api/v1/knowledge-bases/8532eb0f-0a39-4325-ba3a-46c18cbf6336/documents status=202 latencyMs=13
2026-10-07T19:52:41.446+08:00 INFO  [main] [requestId=0ae87549-a4df-4d8c-8f63-590222e44d24] c.hify.common.RequestLoggingFilter - http.request method=GET path=/api/v1/documents/d32a07cd-bf05-4715-b01c-0ce15f7898a3 status=200 latencyMs=5
2026-10-07T19:52:41.626+08:00 INFO  [main] [requestId=c92db13e-b746-4281-877b-b6556e571b53] c.hify.common.RequestLoggingFilter - http.request method=GET path=/api/v1/documents/d32a07cd-bf05-4715-b01c-0ce15f7898a3 status=200 latencyMs=11
2026-10-07T19:52:41.644+08:00 INFO  [main] [requestId=5c67aa5b-224b-499c-a173-f8a0025fc3f3] c.hify.common.RequestLoggingFilter - http.request method=POST path=/api/v1/workflows status=201 latencyMs=16
2026-10-07T19:52:41.653+08:00 INFO  [main] [requestId=ab51df85-a7d2-43bc-9a1d-325b49809e28] c.hify.common.RequestLoggingFilter - http.request method=POST path=/api/v1/workflows/655d92c9-b0d4-439d-bb47-b7ebc4f07457/versions status=404 latencyMs=9
2026-10-07T19:52:41.684+08:00 INFO  [main] [requestId=62862fce-632a-4557-9cb5-f68ded54ff85] c.hify.common.RequestLoggingFilter - http.request method=POST path=/api/v1/knowledge-bases status=201 latencyMs=4
2026-10-07T19:52:41.688+08:00 INFO  [main] [requestId=b68a2e62-29d0-4355-8c3b-b60b7b632901] c.hify.common.RequestLoggingFilter - http.request method=POST path=/api/v1/knowledge-bases/dc3896b5-1d45-441a-9d8c-3ba03bbc9cc0/documents status=202 latencyMs=4
2026-10-07T19:52:41.691+08:00 INFO  [main] [requestId=346fc396-96eb-4180-b9c8-bbb27686b16d] c.hify.common.RequestLoggingFilter - http.request method=GET path=/api/v1/documents/a826187a-2aef-4eb6-bf6a-9450bafdc661 status=200 latencyMs=1
2026-10-07T19:52:41.844+08:00 INFO  [main] [requestId=38e53ae9-a1a0-4655-a75b-4dcece3e3521] c.hify.common.RequestLoggingFilter - http.request method=GET path=/api/v1/documents/a826187a-2aef-4eb6-bf6a-9450bafdc661 status=200 latencyMs=5
2026-10-07T19:52:41.854+08:00 INFO  [main] [requestId=48168fc6-87d4-4e19-aba4-ae61cb9c813e] c.hify.common.RequestLoggingFilter - http.request method=POST path=/api/v1/workflows status=201 latencyMs=8
2026-10-07T19:52:41.874+08:00 INFO  [main] [requestId=59b65dc7-ce82-4ffc-a17d-a47cd8c6481c] c.hify.common.RequestLoggingFilter - http.request method=POST path=/api/v1/workflows/adeb2211-aba8-4a70-a859-cd8f07fba54f/versions status=200 latencyMs=19
2026-10-07T19:52:41.898+08:00 INFO  [main] [requestId=7755e6cf-a8f9-419d-a78c-cd709f759259] c.hify.common.RequestLoggingFilter - http.request method=POST path=/api/v1/workflow-versions/c83bc9e3-2b11-4f62-9430-c8c5d8646939/runs status=202 latencyMs=23
2026-10-07T19:52:41.930+08:00 INFO  [main] [requestId=fb3affdf-ea1b-4d58-9df8-72952658c979] c.hify.common.RequestLoggingFilter - http.request method=POST path=/api/v1/workflow-versions/c83bc9e3-2b11-4f62-9430-c8c5d8646939/runs status=202 latencyMs=26
2026-10-07T19:52:41.968+08:00 INFO  [main] [requestId=94491910-3784-4daf-888c-52dc9328d780] c.hify.common.RequestLoggingFilter - http.request method=POST path=/api/v1/knowledge-bases status=201 latencyMs=5
2026-10-07T19:52:41.981+08:00 INFO  [main] [requestId=2604c057-6fde-4b2b-a73d-b70f25d19181] c.hify.common.RequestLoggingFilter - http.request method=POST path=/api/v1/knowledge-bases/7de7ba8a-a486-46f7-a877-aea0b66d28aa/documents status=202 latencyMs=12
2026-10-07T19:52:41.983+08:00 INFO  [main] [requestId=1426e23c-5005-4aeb-8d98-9f429a439122] c.hify.common.RequestLoggingFilter - http.request method=GET path=/api/v1/documents/3c6d39bd-2a45-434a-b634-bbebe3775e36 status=200 latencyMs=1
2026-10-07T19:52:42.090+08:00 INFO  [main] [requestId=2c3c4528-81ed-44e6-87ee-9cc3be8ecab2] c.hify.common.RequestLoggingFilter - http.request method=GET path=/api/v1/documents/3c6d39bd-2a45-434a-b634-bbebe3775e36 status=200 latencyMs=2
2026-10-07T19:52:42.933+08:00 INFO  [main] [requestId=5ac40e64-cdda-46e4-9aac-8e0422d50be6] c.hify.common.RequestLoggingFilter - http.request method=DELETE path=/api/v1/documents/3c6d39bd-2a45-434a-b634-bbebe3775e36 status=200 latencyMs=7
2026-10-07T19:52:42.938+08:00 INFO  [main] [requestId=c1c6a83a-008e-40fa-8de9-3ab5817aae99] c.hify.common.RequestLoggingFilter - http.request method=POST path=/api/v1/knowledge-bases/7de7ba8a-a486-46f7-a877-aea0b66d28aa/documents status=202 latencyMs=4
2026-10-07T19:52:42.941+08:00 INFO  [main] [requestId=ac5d5b24-979b-4936-ae06-0d03dc073d6b] c.hify.common.RequestLoggingFilter - http.request method=GET path=/api/v1/documents/5547cc8d-74b0-4e67-a1fc-c8b3840c53a7 status=200 latencyMs=2
2026-10-07T19:52:43.116+08:00 INFO  [main] [requestId=bc78e551-4cd6-4414-99b6-a25f0869397f] c.hify.common.RequestLoggingFilter - http.request method=GET path=/api/v1/documents/5547cc8d-74b0-4e67-a1fc-c8b3840c53a7 status=200 latencyMs=6
2026-10-07T19:52:43.759+08:00 INFO  [main] [requestId=cec9dc0f-8963-4e13-9800-78218643cf6a] c.hify.common.RequestLoggingFilter - http.request method=POST path=/api/v1/knowledge-bases status=201 latencyMs=40
2026-10-07T19:52:43.839+08:00 INFO  [main] [requestId=076871b8-1f4d-4d89-a205-0a3abd0f581c] c.hify.common.RequestLoggingFilter - http.request method=POST path=/api/v1/workflows status=201 latencyMs=64
2026-10-07T19:52:43.878+08:00 INFO  [main] [requestId=d9f53997-0f2a-4aed-bb87-6c386ca21f82] c.hify.common.RequestLoggingFilter - http.request method=POST path=/api/v1/workflows/e5365d7c-148e-4a1d-9e77-cba8a4d90e7b/versions status=200 latencyMs=37
2026-10-07T19:52:43.983+08:00 INFO  [main] [requestId=85065ad7-5fb5-4676-941d-db2978fe0bc3] c.hify.common.RequestLoggingFilter - http.request method=POST path=/api/v1/workflow-versions/ef4fd6ee-3ce5-4dd1-b31b-cca4a5066bb1/runs status=202 latencyMs=103
2026-10-07T19:52:44.001+08:00 INFO  [main] [requestId=aeaab0aa-cbd2-4b12-a0a7-c34da19da757] c.hify.common.RequestLoggingFilter - http.request method=POST path=/api/v1/knowledge-bases status=201 latencyMs=6
2026-10-07T19:52:44.012+08:00 INFO  [main] [requestId=888daa82-9617-41a7-97f4-fa15be8fb438] c.hify.common.RequestLoggingFilter - http.request method=POST path=/api/v1/knowledge-bases/6cc92bae-1d61-4785-b43d-356ce813b3e0/documents status=202 latencyMs=9
2026-10-07T19:52:44.021+08:00 INFO  [main] [requestId=d89c1bc2-5096-4ae5-b53e-4855aae191d8] c.hify.common.RequestLoggingFilter - http.request method=GET path=/api/v1/documents/9a448da5-7488-4636-970c-68dbc7251a98 status=200 latencyMs=7
2026-10-07T19:52:44.198+08:00 INFO  [main] [requestId=63e4c3d2-9647-4745-84ce-1e99768ec45e] c.hify.common.RequestLoggingFilter - http.request method=GET path=/api/v1/documents/9a448da5-7488-4636-970c-68dbc7251a98 status=200 latencyMs=5
2026-10-07T19:52:45.220+08:00 INFO  [main] [requestId=bfe49dfb-a0a7-4714-90e4-9b1446c14f7e] c.hify.common.RequestLoggingFilter - http.request method=POST path=/api/v1/knowledge-bases status=201 latencyMs=25
2026-10-07T19:52:45.452+08:00 INFO  [main] [requestId=beeb266a-3dee-4513-ae93-86048e813fcb] c.hify.common.RequestLoggingFilter - http.request method=POST path=/api/v1/knowledge-bases status=201 latencyMs=4
2026-10-07T19:52:45.460+08:00 INFO  [main] [requestId=63d270e7-1fa3-42a8-826e-12af8c8c8ffc] c.hify.common.RequestLoggingFilter - http.request method=POST path=/api/v1/knowledge-bases/e3208e11-71a1-494f-8a17-c18f5d35186e/documents status=202 latencyMs=7
2026-10-07T19:52:45.470+08:00 INFO  [main] [requestId=ea8f4ad7-ab30-458b-a289-ef75cf18ad78] c.hify.common.RequestLoggingFilter - http.request method=GET path=/api/v1/documents/6c31b6f8-89a4-4583-9588-65051150805b status=200 latencyMs=7
2026-10-07T19:52:45.566+08:00 INFO  [main] [requestId=bb4cc156-d2f0-42e4-b413-fd675611d128] c.hify.common.RequestLoggingFilter - http.request method=GET path=/api/v1/documents/6c31b6f8-89a4-4583-9588-65051150805b status=200 latencyMs=4
2026-10-07T19:52:45.788+08:00 INFO  [main] [requestId=011d62ef-f044-44ce-b983-0717ee521c44] c.hify.common.RequestLoggingFilter - http.request method=POST path=/api/v1/knowledge-bases status=201 latencyMs=4
2026-10-07T19:52:45.792+08:00 INFO  [main] [requestId=cf9e44ea-2ebe-49ed-8f63-2336b0cdc4e0] c.hify.common.RequestLoggingFilter - http.request method=POST path=/api/v1/knowledge-bases/c8d4fb8e-e35d-437f-8cd5-07c00e967579/documents status=202 latencyMs=3
2026-10-07T19:52:45.794+08:00 INFO  [main] [requestId=062f724d-036c-441a-88ff-4ee5bbed595d] c.hify.common.RequestLoggingFilter - http.request method=GET path=/api/v1/documents/a198e0d1-ce36-4d7f-9dd2-e2dca3a4fa12 status=200 latencyMs=1
2026-10-07T19:52:45.991+08:00 INFO  [main] [requestId=c68fa82c-ef62-4174-90e2-4aed91bb23af] c.hify.common.RequestLoggingFilter - http.request method=GET path=/api/v1/documents/a198e0d1-ce36-4d7f-9dd2-e2dca3a4fa12 status=200 latencyMs=28
2026-10-07T19:52:46.665+08:00 INFO  [main] [requestId=258f0cdc-f76b-4958-9903-4f41bad3b4a8] c.hify.common.RequestLoggingFilter - http.request method=POST path=/api/v1/knowledge-bases status=201 latencyMs=25
2026-10-07T19:52:46.678+08:00 INFO  [main] [requestId=0e75cbff-ddc5-46d1-b0ce-56c68dd04283] c.hify.common.RequestLoggingFilter - http.request method=POST path=/api/v1/knowledge-bases status=201 latencyMs=9
2026-10-07T19:52:46.730+08:00 INFO  [main] [requestId=6747fa21-8b8e-4bf7-b4d8-099ed81bc793] c.hify.common.RequestLoggingFilter - http.request method=POST path=/api/v1/knowledge-bases/fd5ca4fa-c1b5-4d08-bf9d-aa85ca562f13/documents status=202 latencyMs=50
2026-10-07T19:52:46.746+08:00 INFO  [main] [requestId=27427894-154e-4170-9dc8-4f22d4679d9a] c.hify.common.RequestLoggingFilter - http.request method=GET path=/api/v1/documents/1144e26a-91a7-441d-bd93-133d0c957de4 status=200 latencyMs=6
2026-10-07T19:52:46.898+08:00 INFO  [main] [requestId=26d986f2-b13c-4847-a9c2-94266f0c7a6c] c.hify.common.RequestLoggingFilter - http.request method=GET path=/api/v1/documents/1144e26a-91a7-441d-bd93-133d0c957de4 status=200 latencyMs=8
2026-10-07T19:52:47.254+08:00 INFO  [main] [requestId=357903f4-5735-47ac-abbd-3ea387eb6428] c.hify.common.RequestLoggingFilter - http.request method=POST path=/api/v1/knowledge-bases status=201 latencyMs=3
2026-10-07T19:52:47.258+08:00 INFO  [main] [requestId=cb806ce8-3873-4183-b418-72065bad276d] c.hify.common.RequestLoggingFilter - http.request method=POST path=/api/v1/knowledge-bases/a4f93a2f-8c79-40e9-8f45-8f94affc862a/documents status=202 latencyMs=3
2026-10-07T19:52:47.264+08:00 INFO  [main] [requestId=d9c4cc49-0f84-4607-b451-cf59484b4257] c.hify.common.RequestLoggingFilter - http.request method=GET path=/api/v1/documents/4197f0f1-cadc-4419-9026-a3286e74b9c1 status=200 latencyMs=2
2026-10-07T19:52:47.423+08:00 INFO  [main] [requestId=40a77afe-d241-4297-84f9-cc4fee29c5b1] c.hify.common.RequestLoggingFilter - http.request method=GET path=/api/v1/documents/4197f0f1-cadc-4419-9026-a3286e74b9c1 status=200 latencyMs=2
2026-10-07T19:52:47.604+08:00 INFO  [main] [requestId=063be58a-6c3a-4453-b9f3-911a1e6bfbad] c.hify.common.RequestLoggingFilter - http.request method=POST path=/api/v1/knowledge-bases status=201 latencyMs=2
2026-10-07T19:52:47.610+08:00 INFO  [main] [requestId=bfd81407-8a3e-4b92-938e-211b1a31523c] c.hify.common.RequestLoggingFilter - http.request method=POST path=/api/v1/knowledge-bases/e910d88a-c379-4321-91ba-86e5f4925c3e/documents status=202 latencyMs=4
2026-10-07T19:52:47.612+08:00 INFO  [main] [requestId=9ac8af0e-7f7a-4467-96c4-5ed6cd16fc17] c.hify.common.RequestLoggingFilter - http.request method=GET path=/api/v1/documents/57618bf0-948b-45f7-9e86-85b246fb8d8e status=200 latencyMs=1
2026-10-07T19:52:47.788+08:00 INFO  [main] [requestId=de4d2fcb-20e9-4a32-b766-953154b76782] c.hify.common.RequestLoggingFilter - http.request method=GET path=/api/v1/documents/57618bf0-948b-45f7-9e86-85b246fb8d8e status=200 latencyMs=5
2026-10-07T19:52:48.075+08:00 INFO  [main] [requestId=af38dcdf-5c13-4d35-8da3-2ff2588592d6] c.hify.common.RequestLoggingFilter - http.request method=POST path=/api/v1/knowledge-bases status=201 latencyMs=8
2026-10-07T19:52:48.268+08:00 INFO  [main] [requestId=37971c74-2ba4-4bec-994c-73b1ff7ecea5] c.hify.common.RequestLoggingFilter - http.request method=POST path=/api/v1/knowledge-bases status=201 latencyMs=14
[INFO] Tests run: 22, Failures: 0, Errors: 0, Skipped: 0, Time elapsed: 36.39 s -- in com.hify.api.KnowledgeShutdownPostgresTest
[INFO] Running com.hify.api.HistoryRecoveryMigrationTest
2026-10-07T19:52:49.552+08:00 INFO  [main] [requestId=] org.flywaydb.core.FlywayExecutor - Database: jdbc:h2:mem:history-upgrade-2374892c-15f2-4b40-9375-0a18fbec05f1 (H2 2.3)
2026-10-07T19:52:49.554+08:00 WARN  [main] [requestId=] o.f.c.i.database.base.Database - Flyway upgrade recommended: H2 2.3.232 is newer than this version of Flyway and support has not been tested. The latest supported version of H2 is 2.2.224.
2026-10-07T19:52:49.575+08:00 INFO  [main] [requestId=] o.f.c.i.s.JdbcTableSchemaHistory - Schema history table "PUBLIC"."flyway_schema_history" does not exist yet
2026-10-07T19:52:49.576+08:00 INFO  [main] [requestId=] o.f.core.internal.command.DbValidate - Successfully validated 24 migrations (execution time 00:00.019s)
2026-10-07T19:52:49.581+08:00 INFO  [main] [requestId=] o.f.c.i.s.JdbcTableSchemaHistory - Creating Schema History table "PUBLIC"."flyway_schema_history" ...
2026-10-07T19:52:49.596+08:00 INFO  [main] [requestId=] o.f.core.internal.command.DbMigrate - Current version of schema "PUBLIC": << Empty Schema >>
2026-10-07T19:52:49.598+08:00 INFO  [main] [requestId=] o.f.core.internal.command.DbMigrate - Migrating schema "PUBLIC" to version "1 - baseline"
2026-10-07T19:52:49.616+08:00 INFO  [main] [requestId=] o.f.core.internal.command.DbMigrate - Migrating schema "PUBLIC" to version "2 - demo item"
2026-10-07T19:52:49.620+08:00 INFO  [main] [requestId=] o.f.core.internal.command.DbMigrate - Migrating schema "PUBLIC" to version "3 - run replan control"
2026-10-07T19:52:49.645+08:00 INFO  [main] [requestId=] o.f.core.internal.command.DbMigrate - Migrating schema "PUBLIC" to version "4 - run context state"
2026-10-07T19:52:49.728+08:00 INFO  [main] [requestId=] o.f.core.internal.command.DbMigrate - Migrating schema "PUBLIC" to version "5 - provider catalog"
2026-10-07T19:52:49.740+08:00 INFO  [main] [requestId=] o.f.core.internal.command.DbMigrate - Migrating schema "PUBLIC" to version "6 - agent publishing"
2026-10-07T19:52:49.766+08:00 INFO  [main] [requestId=] o.f.core.internal.command.DbMigrate - Migrating schema "PUBLIC" to version "7 - agent archive and tool bindings"
2026-10-07T19:52:49.774+08:00 INFO  [main] [requestId=] o.f.core.internal.command.DbMigrate - Migrating schema "PUBLIC" to version "8 - backfill agent tool bindings"
2026-10-07T19:52:49.777+08:00 INFO  [main] [requestId=] o.f.core.internal.command.DbMigrate - Migrating schema "PUBLIC" to version "9 - runtime capability and history"
2026-10-07T19:52:49.790+08:00 INFO  [main] [requestId=] o.f.core.internal.command.DbMigrate - Migrating schema "PUBLIC" to version "10 - child agent task protocol"
2026-10-07T19:52:49.794+08:00 INFO  [main] [requestId=] o.f.core.internal.command.DbMigrate - Migrating schema "PUBLIC" to version "11 - context memory catalog"
2026-10-07T19:52:49.803+08:00 INFO  [main] [requestId=] o.f.core.internal.command.DbMigrate - Migrating schema "PUBLIC" to version "12 - history full text index"
2026-10-07T19:52:49.805+08:00 INFO  [main] [requestId=] o.f.core.internal.command.DbMigrate - Migrating schema "PUBLIC" to version "13 - history vector index"
2026-10-07T19:52:49.810+08:00 INFO  [main] [requestId=] o.f.core.internal.command.DbMigrate - Migrating schema "PUBLIC" to version "14 - knowledge catalog"
2026-10-07T19:52:49.817+08:00 INFO  [main] [requestId=] o.f.core.internal.command.DbMigrate - Migrating schema "PUBLIC" to version "15 - knowledge search indexes"
2026-10-07T19:52:49.821+08:00 INFO  [main] [requestId=] o.f.core.internal.command.DbMigrate - Migrating schema "PUBLIC" to version "16 - workflow runtime"
2026-10-07T19:52:49.826+08:00 INFO  [main] [requestId=] o.f.core.internal.command.DbMigrate - Migrating schema "PUBLIC" to version "17 - mcp server registry"
2026-10-07T19:52:49.830+08:00 INFO  [main] [requestId=] o.f.core.internal.command.DbMigrate - Migrating schema "PUBLIC" to version "18 - agent knowledge capability"
2026-10-07T19:52:49.837+08:00 INFO  [main] [requestId=] o.f.core.internal.command.DbMigrate - Migrating schema "PUBLIC" to version "19 - agent workflow mcp capabilities"
2026-10-07T19:52:49.846+08:00 INFO  [main] [requestId=] o.f.core.internal.command.DbMigrate - Migrating schema "PUBLIC" to version "20 - mcp encrypted credentials"
2026-10-07T19:52:49.848+08:00 INFO  [main] [requestId=] o.f.core.internal.command.DbMigrate - Migrating schema "PUBLIC" to version "21 - workflow control terminal states"
2026-10-07T19:52:49.852+08:00 INFO  [main] [requestId=] o.f.core.internal.command.DbMigrate - Migrating schema "PUBLIC" to version "22 - workflow interrupted state"
2026-10-07T19:52:49.855+08:00 INFO  [main] [requestId=] o.f.core.internal.command.DbMigrate - Successfully applied 22 migrations to schema "PUBLIC", now at version v22 (execution time 00:00.189s)
2026-10-07T19:52:49.875+08:00 INFO  [main] [requestId=] org.flywaydb.core.FlywayExecutor - Database: jdbc:h2:mem:history-upgrade-2374892c-15f2-4b40-9375-0a18fbec05f1 (H2 2.3)
2026-10-07T19:52:49.876+08:00 WARN  [main] [requestId=] o.f.c.i.database.base.Database - Flyway upgrade recommended: H2 2.3.232 is newer than this version of Flyway and support has not been tested. The latest supported version of H2 is 2.2.224.
2026-10-07T19:52:49.887+08:00 INFO  [main] [requestId=] o.f.core.internal.command.DbValidate - Successfully validated 24 migrations (execution time 00:00.010s)
2026-10-07T19:52:49.887+08:00 INFO  [main] [requestId=] o.f.core.internal.command.DbMigrate - Current version of schema "PUBLIC": 22
2026-10-07T19:52:49.888+08:00 INFO  [main] [requestId=] o.f.core.internal.command.DbMigrate - Migrating schema "PUBLIC" to version "23 - history operation recovery"
2026-10-07T19:52:49.893+08:00 INFO  [main] [requestId=] o.f.core.internal.command.DbMigrate - Migrating schema "PUBLIC" to version "24 - semantic embedding profiles"
2026-10-07T19:52:49.915+08:00 INFO  [main] [requestId=] o.f.core.internal.command.DbMigrate - Successfully applied 2 migrations to schema "PUBLIC", now at version v24 (execution time 00:00.018s)
[INFO] Tests run: 1, Failures: 0, Errors: 0, Skipped: 0, Time elapsed: 0.808 s -- in com.hify.api.HistoryRecoveryMigrationTest
[INFO] Running com.hify.api.WorkflowKnowledgeReviewPostgresTest
2026-10-07T19:52:49.942+08:00 INFO  [main] [requestId=] o.s.t.c.s.AnnotationConfigContextLoaderUtils - Could not detect default configuration classes for test class [com.hify.api.WorkflowKnowledgeReviewPostgresTest]: WorkflowKnowledgeReviewPostgresTest does not declare any static, non-private, non-final, nested classes annotated with @Configuration.
2026-10-07T19:52:49.950+08:00 INFO  [main] [requestId=] o.s.b.t.c.SpringBootTestContextBootstrapper - Found @SpringBootConfiguration com.hify.HifyApplication for test class com.hify.api.WorkflowKnowledgeReviewPostgresTest
2026-10-07T19:52:49.953+08:00 INFO  [main] [requestId=] tc.pgvector/pgvector:pg16 - Creating container for image: pgvector/pgvector:pg16
2026-10-07T19:52:50.055+08:00 INFO  [main] [requestId=] tc.pgvector/pgvector:pg16 - Container pgvector/pgvector:pg16 is starting: 2781367b9b82fdf3b8c13891d24ff6657b2f73a1708da65f83241258ae1d15d9
2026-10-07T19:52:50.964+08:00 INFO  [main] [requestId=] tc.pgvector/pgvector:pg16 - Container pgvector/pgvector:pg16 started in PT1.011208S
2026-10-07T19:52:50.965+08:00 INFO  [main] [requestId=] tc.pgvector/pgvector:pg16 - Container is started (JDBC URL: jdbc:postgresql://127.0.0.1:32770/workflow_review?loggerLevel=OFF)

  .   ____          _            __ _ _
 /\\ / ___'_ __ _ _(_)_ __  __ _ \ \ \ \
( ( )\___ | '_ | '_| | '_ \/ _` | \ \ \ \
 \\/  ___)| |_)| | | | | || (_| |  ) ) ) )
  '  |____| .__|_| |_|_| |_\__, | / / / /
 =========|_|==============|___/=/_/_/_/

 :: Spring Boot ::                (v3.4.5)

2026-10-07T19:52:51.013+08:00 INFO  [main] [requestId=] c.h.a.WorkflowKnowledgeReviewPostgresTest - Starting WorkflowKnowledgeReviewPostgresTest using Java 17.0.19 with PID 6303 (started by weberzhao in /private/tmp/hify-course-20261006.hhEhwt/retrieval-worktree/backend/hify-app)
2026-10-07T19:52:51.014+08:00 INFO  [main] [requestId=] c.h.a.WorkflowKnowledgeReviewPostgresTest - No active profile set, falling back to 1 default profile: "default"
2026-10-07T19:52:51.721+08:00 INFO  [main] [requestId=] o.s.d.r.c.RepositoryConfigurationDelegate - Multiple Spring Data modules found, entering strict repository configuration mode
2026-10-07T19:52:51.721+08:00 INFO  [main] [requestId=] o.s.d.r.c.RepositoryConfigurationDelegate - Bootstrapping Spring Data JPA repositories in DEFAULT mode.
2026-10-07T19:52:51.779+08:00 INFO  [main] [requestId=] o.s.d.r.c.RepositoryConfigurationDelegate - Finished Spring Data repository scanning in 55 ms. Found 34 JPA repository interfaces.
2026-10-07T19:52:51.887+08:00 INFO  [main] [requestId=] com.zaxxer.hikari.HikariDataSource - HikariPool-2 - Starting...
2026-10-07T19:52:51.922+08:00 INFO  [main] [requestId=] com.zaxxer.hikari.pool.HikariPool - HikariPool-2 - Added connection org.postgresql.jdbc.PgConnection@55c3f32
2026-10-07T19:52:51.922+08:00 INFO  [main] [requestId=] com.zaxxer.hikari.HikariDataSource - HikariPool-2 - Start completed.
2026-10-07T19:52:51.927+08:00 INFO  [main] [requestId=] org.flywaydb.core.FlywayExecutor - Database: jdbc:postgresql://127.0.0.1:32770/workflow_review?loggerLevel=OFF (PostgreSQL 16.15)
2026-10-07T19:52:51.944+08:00 INFO  [main] [requestId=] o.f.c.i.s.JdbcTableSchemaHistory - Schema history table "public"."flyway_schema_history" does not exist yet
2026-10-07T19:52:51.944+08:00 INFO  [main] [requestId=] o.f.core.internal.command.DbValidate - Successfully validated 24 migrations (execution time 00:00.008s)
2026-10-07T19:52:51.952+08:00 INFO  [main] [requestId=] o.f.c.i.s.JdbcTableSchemaHistory - Creating Schema History table "public"."flyway_schema_history" ...
2026-10-07T19:52:51.974+08:00 INFO  [main] [requestId=] o.f.core.internal.command.DbMigrate - Current version of schema "public": << Empty Schema >>
2026-10-07T19:52:51.980+08:00 INFO  [main] [requestId=] o.f.core.internal.command.DbMigrate - Migrating schema "public" to version "1 - baseline"
2026-10-07T19:52:51.999+08:00 INFO  [main] [requestId=] o.f.core.internal.command.DbMigrate - Migrating schema "public" to version "2 - demo item"
2026-10-07T19:52:52.008+08:00 INFO  [main] [requestId=] o.f.core.internal.command.DbMigrate - Migrating schema "public" to version "3 - run replan control"
2026-10-07T19:52:52.020+08:00 INFO  [main] [requestId=] o.f.core.internal.command.DbMigrate - Migrating schema "public" to version "4 - run context state"
2026-10-07T19:52:52.051+08:00 INFO  [main] [requestId=] o.f.core.internal.command.DbMigrate - Migrating schema "public" to version "5 - provider catalog"
2026-10-07T19:52:52.063+08:00 INFO  [main] [requestId=] o.f.core.internal.command.DbMigrate - Migrating schema "public" to version "6 - agent publishing"
2026-10-07T19:52:52.075+08:00 INFO  [main] [requestId=] o.f.core.internal.command.DbMigrate - Migrating schema "public" to version "7 - agent archive and tool bindings"
2026-10-07T19:52:52.081+08:00 INFO  [main] [requestId=] o.f.core.internal.command.DbMigrate - Migrating schema "public" to version "8 - backfill agent tool bindings"
2026-10-07T19:52:52.090+08:00 INFO  [main] [requestId=] o.f.core.internal.command.DbMigrate - Migrating schema "public" to version "9 - runtime capability and history"
2026-10-07T19:52:52.101+08:00 INFO  [main] [requestId=] o.f.core.internal.command.DbMigrate - Migrating schema "public" to version "10 - child agent task protocol"
2026-10-07T19:52:52.127+08:00 INFO  [main] [requestId=] o.f.core.internal.command.DbMigrate - Migrating schema "public" to version "11 - context memory catalog"
2026-10-07T19:52:52.142+08:00 INFO  [main] [requestId=] o.f.core.internal.command.DbMigrate - Migrating schema "public" to version "12 - history full text index"
2026-10-07T19:52:52.150+08:00 INFO  [main] [requestId=] o.f.core.internal.command.DbMigrate - Migrating schema "public" to version "13 - history vector index"
2026-10-07T19:52:52.255+08:00 INFO  [main] [requestId=] o.f.core.internal.command.DbMigrate - Migrating schema "public" to version "14 - knowledge catalog"
2026-10-07T19:52:52.330+08:00 INFO  [main] [requestId=] o.f.core.internal.command.DbMigrate - Migrating schema "public" to version "15 - knowledge search indexes"
2026-10-07T19:52:52.338+08:00 INFO  [main] [requestId=] o.f.core.internal.command.DbMigrate - Migrating schema "public" to version "16 - workflow runtime"
2026-10-07T19:52:52.352+08:00 INFO  [main] [requestId=] o.f.core.internal.command.DbMigrate - Migrating schema "public" to version "17 - mcp server registry"
2026-10-07T19:52:52.381+08:00 INFO  [main] [requestId=] o.f.core.internal.command.DbMigrate - Migrating schema "public" to version "18 - agent knowledge capability"
2026-10-07T19:52:52.392+08:00 INFO  [main] [requestId=] o.f.core.internal.command.DbMigrate - Migrating schema "public" to version "19 - agent workflow mcp capabilities"
2026-10-07T19:52:52.402+08:00 INFO  [main] [requestId=] o.f.core.internal.command.DbMigrate - Migrating schema "public" to version "20 - mcp encrypted credentials"
2026-10-07T19:52:52.408+08:00 INFO  [main] [requestId=] o.f.core.internal.command.DbMigrate - Migrating schema "public" to version "21 - workflow control terminal states"
2026-10-07T19:52:52.413+08:00 INFO  [main] [requestId=] o.f.core.internal.command.DbMigrate - Migrating schema "public" to version "22 - workflow interrupted state"
2026-10-07T19:52:52.420+08:00 INFO  [main] [requestId=] o.f.core.internal.command.DbMigrate - Migrating schema "public" to version "23 - history operation recovery"
2026-10-07T19:52:52.424+08:00 INFO  [main] [requestId=] o.f.core.internal.command.DbMigrate - Migrating schema "public" to version "24 - semantic embedding profiles"
2026-10-07T19:52:52.429+08:00 INFO  [main] [requestId=] o.f.core.internal.command.DbMigrate - Successfully applied 24 migrations to schema "public", now at version v24 (execution time 00:00.252s)
2026-10-07T19:52:52.459+08:00 INFO  [main] [requestId=] o.h.jpa.internal.util.LogHelper - HHH000204: Processing PersistenceUnitInfo [name: default]
2026-10-07T19:52:52.462+08:00 INFO  [main] [requestId=] o.h.c.i.RegionFactoryInitiator - HHH000026: Second-level cache disabled
2026-10-07T19:52:52.471+08:00 INFO  [main] [requestId=] o.s.o.j.p.SpringPersistenceUnitInfo - No LoadTimeWeaver setup: ignoring JPA class transformer
2026-10-07T19:52:52.476+08:00 INFO  [main] [requestId=] o.hibernate.orm.connections.pooling - HHH10001005: Database info:
	Database JDBC URL [Connecting through datasource 'HikariDataSource (HikariPool-2)']
	Database driver: undefined/unknown
	Database version: 16.15
	Autocommit mode: undefined/unknown
	Isolation level: undefined/unknown
	Minimum pool size: undefined/unknown
	Maximum pool size: undefined/unknown
2026-10-07T19:52:52.627+08:00 INFO  [main] [requestId=] o.h.e.t.j.p.i.JtaPlatformInitiator - HHH000489: No JTA platform available (set 'hibernate.transaction.jta.platform' to enable JTA platform integration)
2026-10-07T19:52:52.647+08:00 INFO  [main] [requestId=] o.s.o.j.LocalContainerEntityManagerFactoryBean - Initialized JPA EntityManagerFactory for persistence unit 'default'
2026-10-07T19:52:55.526+08:00 INFO  [main] [requestId=] c.b.m.s.MybatisPlusApplicationContextAware - Register ApplicationContext instances org.springframework.web.context.support.GenericWebApplicationContext@61bd4773
2026-10-07T19:52:55.947+08:00 INFO  [main] [requestId=] o.s.b.t.m.w.SpringBootMockServletContext - Initializing Spring TestDispatcherServlet ''
2026-10-07T19:52:55.947+08:00 INFO  [main] [requestId=] o.s.t.w.s.TestDispatcherServlet - Initializing Servlet ''
2026-10-07T19:52:55.950+08:00 INFO  [main] [requestId=] o.s.b.a.e.web.EndpointLinksResolver - Exposing 2 endpoints beneath base path '/actuator'
2026-10-07T19:52:55.957+08:00 INFO  [main] [requestId=] o.s.t.w.s.TestDispatcherServlet - Completed initialization in 10 ms
2026-10-07T19:52:55.979+08:00 INFO  [main] [requestId=] c.h.a.WorkflowKnowledgeReviewPostgresTest - Started WorkflowKnowledgeReviewPostgresTest in 5.006 seconds (process running for 44.872)
2026-10-07T19:52:56.142+08:00 INFO  [main] [requestId=980d99b8-3ca2-4518-97c3-10bb29b5c61b] c.hify.common.RequestLoggingFilter - http.request method=POST path=/api/v1/knowledge-bases status=201 latencyMs=32
2026-10-07T19:52:56.238+08:00 INFO  [main] [requestId=7f7060a2-51e3-4d91-96bd-99e1d441ad9b] c.hify.common.RequestLoggingFilter - http.request method=POST path=/api/v1/knowledge-bases status=201 latencyMs=15
2026-10-07T19:52:56.296+08:00 INFO  [main] [requestId=20505210-932a-4081-b211-e1206ed5c0c5] c.hify.common.RequestLoggingFilter - http.request method=POST path=/api/v1/workflows status=201 latencyMs=57
2026-10-07T19:52:56.301+08:00 INFO  [main] [requestId=52756f7c-5e11-4a0b-bc8f-7d2a3ec6278e] c.hify.common.RequestLoggingFilter - http.request method=POST path=/api/v1/workflows status=400 latencyMs=3
2026-10-07T19:52:56.305+08:00 INFO  [main] [requestId=df6056a8-02b8-4cc8-b314-1020a1c6bc31] c.hify.common.RequestLoggingFilter - http.request method=PUT path=/api/v1/workflows/fc864140-7d93-4f80-8605-59f46f1b0b6f status=400 latencyMs=3
2026-10-07T19:52:56.312+08:00 INFO  [main] [requestId=733f7ece-f615-41bc-b6a9-cd2d22b3e4f8] c.hify.common.RequestLoggingFilter - http.request method=POST path=/api/v1/workflow-versions/78cdaebb-24b4-4d95-b62a-ea8653aa60d3/runs status=409 latencyMs=2
2026-10-07T19:52:56.321+08:00 INFO  [main] [requestId=133984f0-55d1-467c-be24-eca7441965e4] c.hify.common.RequestLoggingFilter - http.request method=POST path=/api/v1/knowledge-bases status=201 latencyMs=2
2026-10-07T19:52:56.335+08:00 INFO  [main] [requestId=7ed2c7f1-5f9f-4c11-a2a4-41c75407c2a7] c.hify.common.RequestLoggingFilter - http.request method=POST path=/api/v1/knowledge-bases/9bc5aca4-08a0-4daa-9ae8-234b34c9f19a/documents status=202 latencyMs=12
2026-10-07T19:52:56.341+08:00 INFO  [main] [requestId=74a48f13-1df3-4fd7-8cc3-2f6f2dd5ef69] c.hify.common.RequestLoggingFilter - http.request method=GET path=/api/v1/documents/37d71e4c-04ef-4307-bdb4-8e9f09f58c11 status=200 latencyMs=5
2026-10-07T19:52:56.518+08:00 INFO  [main] [requestId=ef7767a9-e807-4bfd-8011-608677b51145] c.hify.common.RequestLoggingFilter - http.request method=GET path=/api/v1/documents/37d71e4c-04ef-4307-bdb4-8e9f09f58c11 status=200 latencyMs=12
2026-10-07T19:52:56.528+08:00 INFO  [main] [requestId=60a7dad3-a5e9-4f42-9637-1f9e90ff2974] c.hify.common.RequestLoggingFilter - http.request method=GET path=/api/v1/documents/37d71e4c-04ef-4307-bdb4-8e9f09f58c11/chunks status=200 latencyMs=8
2026-10-07T19:52:56.540+08:00 INFO  [main] [requestId=73861324-25d0-45cf-808b-3d760a5d118e] c.hify.common.RequestLoggingFilter - http.request method=DELETE path=/api/v1/documents/37d71e4c-04ef-4307-bdb4-8e9f09f58c11 status=200 latencyMs=11
2026-10-07T19:52:56.572+08:00 INFO  [main] [requestId=e9aa15ef-6efd-4ab0-9b67-f1e275087e2f] c.hify.common.RequestLoggingFilter - http.request method=POST path=/api/v1/knowledge-bases status=201 latencyMs=4
2026-10-07T19:52:56.578+08:00 INFO  [main] [requestId=565ee131-8ed8-4c12-a058-6a21d244dc69] c.hify.common.RequestLoggingFilter - http.request method=POST path=/api/v1/knowledge-bases/ad8e7b94-7f02-4945-b9fa-f88c2506bb1e/documents status=202 latencyMs=5
2026-10-07T19:52:56.585+08:00 INFO  [main] [requestId=476d61ce-c725-4076-ab30-463b0e04c7e1] c.hify.common.RequestLoggingFilter - http.request method=GET path=/api/v1/documents/3907d6c9-fa09-4704-900f-43c89d83c321 status=200 latencyMs=6
2026-10-07T19:52:56.761+08:00 INFO  [main] [requestId=d33722b9-afae-469a-a414-1c7f60281bd8] c.hify.common.RequestLoggingFilter - http.request method=GET path=/api/v1/documents/3907d6c9-fa09-4704-900f-43c89d83c321 status=200 latencyMs=4
2026-10-07T19:52:56.781+08:00 INFO  [main] [requestId=e21cad33-e4e5-44c6-9a3c-c1ccae717376] c.hify.common.RequestLoggingFilter - http.request method=POST path=/api/v1/workflows status=201 latencyMs=18
2026-10-07T19:52:56.818+08:00 INFO  [main] [requestId=a7f3e5aa-3312-4280-b69d-5b6aaa1e0045] c.hify.common.RequestLoggingFilter - http.request method=POST path=/api/v1/workflows/3707e1e6-3273-415e-b808-d49c50c2cceb/versions status=200 latencyMs=35
2026-10-07T19:52:56.895+08:00 INFO  [main] [requestId=b6f07bba-0d8a-432d-b78d-d7dc40cd206c] c.hify.common.RequestLoggingFilter - http.request method=POST path=/api/v1/agents status=201 latencyMs=75
2026-10-07T19:52:56.911+08:00 INFO  [main] [requestId=6a01dd2a-44ca-4d36-b8f2-5d53020e26f1] c.hify.common.RequestLoggingFilter - http.request method=PUT path=/api/v1/agents/6f090fbe-1a85-437d-84e6-d1972063dd54/workflow-binding status=200 latencyMs=12
2026-10-07T19:52:56.936+08:00 INFO  [main] [requestId=acd7eb84-0a95-4934-a096-f7576426706f] c.hify.common.RequestLoggingFilter - http.request method=POST path=/api/v1/agents/6f090fbe-1a85-437d-84e6-d1972063dd54/publications status=200 latencyMs=24
2026-10-07T19:52:56.951+08:00 INFO  [main] [requestId=883c5205-8339-463c-bdba-2fefc9cca72a] c.hify.common.RequestLoggingFilter - http.request method=POST path=/api/v1/conversations status=201 latencyMs=14
2026-10-07T19:52:57.032+08:00 INFO  [main] [requestId=891e8e0a-13bb-45bb-8eb7-f55bebe3d9b9] c.hify.common.RequestLoggingFilter - http.request method=POST path=/api/v1/workflow-versions/f1a1f99b-1baf-437c-8c0c-998f0ed307ee/runs status=202 latencyMs=80
2026-10-07T19:52:57.040+08:00 INFO  [main] [requestId=4fa89f96-63f2-4afe-9228-25d8560be9e6] c.hify.common.RequestLoggingFilter - http.request method=DELETE path=/api/v1/documents/3907d6c9-fa09-4704-900f-43c89d83c321 status=200 latencyMs=7
2026-10-07T19:52:57.058+08:00 INFO  [main] [requestId=37b9ddaf-37fd-42c9-b5a1-af4d58756a08] c.hify.common.RequestLoggingFilter - http.request method=POST path=/api/v1/knowledge-bases/ad8e7b94-7f02-4945-b9fa-f88c2506bb1e/documents status=202 latencyMs=16
2026-10-07T19:52:57.068+08:00 INFO  [main] [requestId=48eb3cbb-ecf5-4f98-ad62-1ec15412fdb9] c.hify.common.RequestLoggingFilter - http.request method=GET path=/api/v1/documents/4d0e7b76-d737-40ec-b68b-e8b06db90938 status=200 latencyMs=9
2026-10-07T19:52:57.306+08:00 INFO  [main] [requestId=1f172b63-40e8-44a6-b8a9-c6f41ffbf570] c.hify.common.RequestLoggingFilter - http.request method=GET path=/api/v1/documents/4d0e7b76-d737-40ec-b68b-e8b06db90938 status=200 latencyMs=87
2026-10-07T19:52:57.422+08:00 INFO  [main] [requestId=63f81096-6f16-485b-be09-285df125de22] c.hify.common.RequestLoggingFilter - http.request method=POST path=/api/v1/workflow-versions/f1a1f99b-1baf-437c-8c0c-998f0ed307ee/runs status=202 latencyMs=114
2026-10-07T19:52:57.497+08:00 INFO  [main] [requestId=7e3d8b5a-0ec6-4d5a-a251-78c343bded1b] c.hify.common.RequestLoggingFilter - http.request method=POST path=/api/v1/workflows/3707e1e6-3273-415e-b808-d49c50c2cceb/versions status=200 latencyMs=35
2026-10-07T19:52:57.621+08:00 INFO  [main] [requestId=2eb2a1ab-223f-4ce4-a359-a9631c126fba] c.hify.common.RequestLoggingFilter - http.request method=POST path=/api/v1/workflow-versions/677b5e40-bcbb-4c24-a070-5d68b9625095/runs status=202 latencyMs=112
2026-10-07T19:52:57.670+08:00 INFO  [main] [requestId=591c73ee-932f-4edf-a3d4-d832140bc430] c.hify.common.RequestLoggingFilter - http.request method=POST path=/api/v1/agents/6f090fbe-1a85-437d-84e6-d1972063dd54/publications status=200 latencyMs=48
2026-10-07T19:52:57.824+08:00 INFO  [main] [requestId=ec1131b9-c25a-42f5-b7f3-79b13cf0d578] c.hify.common.RequestLoggingFilter - http.request method=POST path=/api/v1/conversations/8c5ac25b-616c-4393-9416-58dc61e6cda9/runs status=202 latencyMs=152
2026-10-07T19:52:57.827+08:00 INFO  [main] [requestId=2d27b441-c28e-4345-9a0d-6558b6885290] c.hify.common.RequestLoggingFilter - http.request method=GET path=/api/v1/runs/59518744-22f6-4ecd-9bd6-ae0667a84d77 status=200 latencyMs=2
2026-10-07T19:52:57.925+08:00 INFO  [main] [requestId=62d3d8cc-fece-493f-a81c-b8cf63136d27] c.hify.common.RequestLoggingFilter - http.request method=GET path=/api/v1/runs/59518744-22f6-4ecd-9bd6-ae0667a84d77 status=200 latencyMs=3
2026-10-07T19:52:57.934+08:00 INFO  [main] [requestId=a7c0a4ab-2c38-44ea-97da-235717a0739d] c.hify.common.RequestLoggingFilter - http.request method=POST path=/api/v1/conversations status=201 latencyMs=7
2026-10-07T19:52:57.951+08:00 INFO  [main] [requestId=d6823e6b-f11e-4a53-bc7c-28ad2afa97d8] c.hify.common.RequestLoggingFilter - http.request method=POST path=/api/v1/conversations/243ebd58-731b-4251-81ca-36e14a26cd66/runs status=202 latencyMs=16
2026-10-07T19:52:57.968+08:00 INFO  [main] [requestId=492751c7-fb9e-46c5-8680-cd33ae2ca97e] c.hify.common.RequestLoggingFilter - http.request method=GET path=/api/v1/runs/5e19a787-388a-4de9-86f4-64dc344149a6 status=200 latencyMs=15
2026-10-07T19:52:58.128+08:00 INFO  [main] [requestId=04a23025-a0a8-4f33-afb1-76d3a2da4e89] c.hify.common.RequestLoggingFilter - http.request method=GET path=/api/v1/runs/5e19a787-388a-4de9-86f4-64dc344149a6 status=200 latencyMs=3
2026-10-07T19:52:58.138+08:00 INFO  [main] [requestId=54e26b2d-d7fc-4519-84ba-d63a905639ab] c.hify.common.RequestLoggingFilter - http.request method=GET path=/api/v1/workflows/3707e1e6-3273-415e-b808-d49c50c2cceb status=200 latencyMs=8
2026-10-07T19:52:58.148+08:00 INFO  [main] [requestId=9211f32a-6993-4871-be5d-816daee81178] c.hify.common.RequestLoggingFilter - http.request method=DELETE path=/api/v1/knowledge-bases/ad8e7b94-7f02-4945-b9fa-f88c2506bb1e status=200 latencyMs=8
2026-10-07T19:52:58.177+08:00 INFO  [main] [requestId=fa570369-3ad3-4f49-b0d8-46f298f6c992] c.hify.common.RequestLoggingFilter - http.request method=POST path=/api/v1/workflow-versions/f1a1f99b-1baf-437c-8c0c-998f0ed307ee/runs status=202 latencyMs=28
2026-10-07T19:52:58.184+08:00 INFO  [main] [requestId=8131752c-7635-4926-a71a-159f6ebbdab6] c.hify.common.RequestLoggingFilter - http.request method=POST path=/api/v1/workflows/3707e1e6-3273-415e-b808-d49c50c2cceb/versions status=404 latencyMs=4
2026-10-07T19:52:58.201+08:00 INFO  [main] [requestId=e4e1c5ab-0eb8-4d2e-90ef-6435ae5db287] c.hify.common.RequestLoggingFilter - http.request method=POST path=/api/v1/knowledge-bases status=201 latencyMs=6
2026-10-07T19:52:58.213+08:00 INFO  [main] [requestId=2cc3ab59-4228-448e-a42d-c7733054c393] c.hify.common.RequestLoggingFilter - http.request method=POST path=/api/v1/knowledge-bases/8b3aad57-94b8-4005-a073-d340713516df/documents status=202 latencyMs=10
2026-10-07T19:52:58.219+08:00 INFO  [main] [requestId=f09570d2-619a-461e-b31e-f6159ef1f45e] c.hify.common.RequestLoggingFilter - http.request method=GET path=/api/v1/documents/6f4f81fc-106a-47b0-91e7-4877f9c5822a status=200 latencyMs=5
2026-10-07T19:52:58.348+08:00 INFO  [main] [requestId=a2c0b87a-2725-44a2-a862-e1abde5288d6] c.hify.common.RequestLoggingFilter - http.request method=GET path=/api/v1/documents/6f4f81fc-106a-47b0-91e7-4877f9c5822a status=200 latencyMs=3
2026-10-07T19:52:58.363+08:00 INFO  [main] [requestId=b50db211-e66e-4471-b247-73064f402306] c.hify.common.RequestLoggingFilter - http.request method=POST path=/api/v1/workflows status=201 latencyMs=13
2026-10-07T19:52:58.383+08:00 INFO  [main] [requestId=e25ca4d8-ac30-4e54-a451-de1999430d5d] c.hify.common.RequestLoggingFilter - http.request method=POST path=/api/v1/workflows/1bf7cede-6094-4658-a4d2-932bc752da16/versions status=200 latencyMs=19
2026-10-07T19:52:58.428+08:00 INFO  [main] [requestId=607d97e5-5999-49b3-90fd-8ee5ae90eec1] c.hify.common.RequestLoggingFilter - http.request method=POST path=/api/v1/workflow-versions/0d53f7f5-c709-441b-823c-9721744f039a/runs status=202 latencyMs=42
2026-10-07T19:52:58.445+08:00 INFO  [main] [requestId=a9bc6293-3277-41fc-9b37-530827ed1680] c.hify.common.RequestLoggingFilter - http.request method=POST path=/api/v1/knowledge-bases status=201 latencyMs=5
2026-10-07T19:52:58.455+08:00 INFO  [main] [requestId=c87b575f-1196-40fe-87c4-db2f4c255405] c.hify.common.RequestLoggingFilter - http.request method=POST path=/api/v1/knowledge-bases/513affb6-f40c-4e24-8851-cdb056214aa3/documents status=202 latencyMs=8
2026-10-07T19:52:58.465+08:00 INFO  [main] [requestId=09bc14ad-5b7b-4acc-bb35-c8be8f2c60a0] c.hify.common.RequestLoggingFilter - http.request method=GET path=/api/v1/documents/2873094d-530f-44b4-93a9-b5f4f828814b status=200 latencyMs=7
2026-10-07T19:52:58.645+08:00 INFO  [main] [requestId=72258451-df0c-4b00-ac2f-a8443695c4bf] c.hify.common.RequestLoggingFilter - http.request method=GET path=/api/v1/documents/2873094d-530f-44b4-93a9-b5f4f828814b status=200 latencyMs=5
2026-10-07T19:52:58.670+08:00 INFO  [main] [requestId=72293b91-e8d0-47d0-9464-edfd5f93b264] c.hify.common.RequestLoggingFilter - http.request method=POST path=/api/v1/workflows status=201 latencyMs=23
2026-10-07T19:52:58.691+08:00 INFO  [main] [requestId=e0f0d02b-ecd7-46bc-832b-88c9e10e3e8c] c.hify.common.RequestLoggingFilter - http.request method=POST path=/api/v1/workflows/b47ada4d-4776-473e-8a68-157d9e15a4a3/versions status=200 latencyMs=20
2026-10-07T19:52:58.719+08:00 INFO  [main] [requestId=2d2bcb17-085e-44bb-90e8-a3a2b138169e] c.hify.common.RequestLoggingFilter - http.request method=POST path=/api/v1/workflow-versions/bd85db5a-1e64-4aba-9b84-11a9629bc56c/runs status=202 latencyMs=24
2026-10-07T19:52:58.739+08:00 INFO  [main] [requestId=9237f3c2-bd9e-4a0a-a110-b7c6d0694275] c.hify.common.RequestLoggingFilter - http.request method=POST path=/api/v1/knowledge-bases status=201 latencyMs=5
2026-10-07T19:52:58.746+08:00 INFO  [main] [requestId=fd16da8f-dd53-4a3b-a067-747037716bd3] c.hify.common.RequestLoggingFilter - http.request method=POST path=/api/v1/knowledge-bases/a4fafcca-1598-4747-a8cc-aea2921d258e/documents status=202 latencyMs=6
2026-10-07T19:52:58.750+08:00 INFO  [main] [requestId=235558ba-dcb5-4fb4-b85c-93453b49a6ab] c.hify.common.RequestLoggingFilter - http.request method=GET path=/api/v1/documents/ceafb85a-2353-4ac2-ad1a-c97b63f063d7 status=200 latencyMs=3
2026-10-07T19:52:58.880+08:00 INFO  [main] [requestId=07c2a859-c94e-4ab2-95fd-43735586379b] c.hify.common.RequestLoggingFilter - http.request method=GET path=/api/v1/documents/ceafb85a-2353-4ac2-ad1a-c97b63f063d7 status=200 latencyMs=3
2026-10-07T19:52:58.899+08:00 INFO  [main] [requestId=8dc890b6-6a14-4bc3-abe0-6e9bb5c6413e] c.hify.common.RequestLoggingFilter - http.request method=POST path=/api/v1/workflows status=201 latencyMs=17
2026-10-07T19:52:58.924+08:00 INFO  [main] [requestId=41e2e29a-4345-49fb-849f-570f9b325c97] c.hify.common.RequestLoggingFilter - http.request method=POST path=/api/v1/workflows/4de08712-c67c-49b7-b3d6-c837e78e1652/versions status=200 latencyMs=24
2026-10-07T19:52:58.944+08:00 INFO  [main] [requestId=a6816e28-86c5-428c-87e4-bc92d9028820] c.hify.common.RequestLoggingFilter - http.request method=POST path=/api/v1/workflow-versions/f942706c-d289-438c-b757-074aa33167db/runs status=202 latencyMs=16
2026-10-07T19:52:58.957+08:00 INFO  [main] [requestId=3a22e32d-e347-425f-9973-feea21033210] c.hify.common.RequestLoggingFilter - http.request method=POST path=/api/v1/knowledge-bases status=201 latencyMs=3
2026-10-07T19:52:58.961+08:00 INFO  [main] [requestId=df280fdd-efca-493c-9bf2-0fc263bf15bf] c.hify.common.RequestLoggingFilter - http.request method=POST path=/api/v1/knowledge-bases/94f65d01-3f6a-44e8-b2e3-2b623209cfdc/documents status=202 latencyMs=3
2026-10-07T19:52:58.962+08:00 INFO  [main] [requestId=114b1058-566d-4173-a856-51345ac351cf] c.hify.common.RequestLoggingFilter - http.request method=GET path=/api/v1/documents/93503ae1-2c39-4a4a-87ea-36cb15225d6c status=200 latencyMs=1
2026-10-07T19:52:59.067+08:00 INFO  [main] [requestId=e582d967-c2d4-422e-ba10-9d7941e812a9] c.hify.common.RequestLoggingFilter - http.request method=GET path=/api/v1/documents/93503ae1-2c39-4a4a-87ea-36cb15225d6c status=200 latencyMs=7
2026-10-07T19:52:59.082+08:00 INFO  [main] [requestId=4c549547-57b1-494b-beec-29bfb6a05132] c.hify.common.RequestLoggingFilter - http.request method=POST path=/api/v1/workflows status=201 latencyMs=14
2026-10-07T19:52:59.190+08:00 INFO  [main] [requestId=31431353-71d2-4d5a-84d8-7751b09ecdad] c.hify.common.RequestLoggingFilter - http.request method=POST path=/api/v1/workflows/0cab90d9-2212-4960-9e7f-e6b4fccd56db/versions status=200 latencyMs=106
2026-10-07T19:52:59.213+08:00 INFO  [main] [requestId=7f1f5114-08bf-4aab-866a-e01e08186d2c] c.hify.common.RequestLoggingFilter - http.request method=POST path=/api/v1/knowledge-bases status=201 latencyMs=10
2026-10-07T19:52:59.305+08:00 INFO  [main] [requestId=e1b80808-1cd7-47ab-93cd-66e72ede4512] c.hify.common.RequestLoggingFilter - http.request method=POST path=/api/v1/workflow-versions/92ac285a-fcfe-49e2-86b0-a26f4bf19ba0/runs status=202 latencyMs=89
2026-10-07T19:52:59.338+08:00 INFO  [main] [requestId=71d26a99-4e70-4df0-8deb-eb0df64f00c4] c.hify.common.RequestLoggingFilter - http.request method=POST path=/api/v1/knowledge-bases status=201 latencyMs=11
2026-10-07T19:52:59.362+08:00 INFO  [main] [requestId=8d9ec9ec-9693-4119-b464-0bb2d3803acf] c.hify.common.RequestLoggingFilter - http.request method=POST path=/api/v1/knowledge-bases/35f8e943-5ec2-4310-8aef-876555b0d24d/documents status=202 latencyMs=22
2026-10-07T19:52:59.368+08:00 INFO  [main] [requestId=473ea31e-5151-4f73-b19b-73f461b454b2] c.hify.common.RequestLoggingFilter - http.request method=GET path=/api/v1/documents/2a7a7191-4e93-4dc7-8265-558ba55afd89 status=200 latencyMs=4
2026-10-07T19:52:59.536+08:00 INFO  [main] [requestId=803ae633-9ec2-400a-b83c-ee891c1722c1] c.hify.common.RequestLoggingFilter - http.request method=GET path=/api/v1/documents/2a7a7191-4e93-4dc7-8265-558ba55afd89 status=200 latencyMs=5
2026-10-07T19:52:59.555+08:00 INFO  [main] [requestId=26e1b78c-b6cc-43a1-a14c-639d3fb45ee0] c.hify.common.RequestLoggingFilter - http.request method=POST path=/api/v1/workflows status=201 latencyMs=18
2026-10-07T19:52:59.585+08:00 INFO  [main] [requestId=405e8681-0e11-4caa-828b-42e2460c7547] c.hify.common.RequestLoggingFilter - http.request method=POST path=/api/v1/workflows/e5e45383-63ab-4bc0-8df0-f0a1855dfd65/versions status=404 latencyMs=28
2026-10-07T19:52:59.602+08:00 INFO  [main] [requestId=83ad45f5-e04d-4390-ae02-269b9f644675] c.hify.common.RequestLoggingFilter - http.request method=POST path=/api/v1/knowledge-bases status=201 latencyMs=5
2026-10-07T19:52:59.610+08:00 INFO  [main] [requestId=4f68e901-5eb2-4ca1-b735-4882472e8873] c.hify.common.RequestLoggingFilter - http.request method=POST path=/api/v1/knowledge-bases/2223851a-2ec2-457a-b8f0-5fc42194bbcd/documents status=202 latencyMs=7
2026-10-07T19:52:59.613+08:00 INFO  [main] [requestId=91eab3bb-498c-4132-910f-e9d47993ed8b] c.hify.common.RequestLoggingFilter - http.request method=GET path=/api/v1/documents/4e530786-04de-40e9-a835-db831210be2d status=200 latencyMs=2
2026-10-07T19:52:59.800+08:00 INFO  [main] [requestId=b4eab900-aa0b-4956-9a3b-1c3cfca974a7] c.hify.common.RequestLoggingFilter - http.request method=GET path=/api/v1/documents/4e530786-04de-40e9-a835-db831210be2d status=200 latencyMs=16
2026-10-07T19:52:59.831+08:00 INFO  [main] [requestId=b4b4b561-8ac5-49dc-9f47-059840c67f5c] c.hify.common.RequestLoggingFilter - http.request method=POST path=/api/v1/workflows status=201 latencyMs=26
2026-10-07T19:52:59.862+08:00 INFO  [main] [requestId=d4bcfb45-c028-4adc-a31a-72c0ce691959] c.hify.common.RequestLoggingFilter - http.request method=POST path=/api/v1/workflows/ea95113f-e591-4ff4-884c-ff0901ce4b0f/versions status=200 latencyMs=29
2026-10-07T19:52:59.902+08:00 INFO  [main] [requestId=fc30a545-149b-4b8a-bae9-9cc2cd6508a5] c.hify.common.RequestLoggingFilter - http.request method=POST path=/api/v1/workflow-versions/ced75d6d-f163-4d92-9a3c-d9c4ba2a4521/runs status=202 latencyMs=38
2026-10-07T19:52:59.939+08:00 INFO  [main] [requestId=7330b8be-adb8-4f8c-abec-c88d844ea80e] c.hify.common.RequestLoggingFilter - http.request method=POST path=/api/v1/workflow-versions/ced75d6d-f163-4d92-9a3c-d9c4ba2a4521/runs status=202 latencyMs=33
2026-10-07T19:52:59.977+08:00 INFO  [main] [requestId=97b0b677-2efa-47d0-a913-8a51e257f5ec] c.hify.common.RequestLoggingFilter - http.request method=POST path=/api/v1/knowledge-bases status=201 latencyMs=7
2026-10-07T19:52:59.990+08:00 INFO  [main] [requestId=f070ad89-f2b1-44b5-a1be-fb3ecfb3acd6] c.hify.common.RequestLoggingFilter - http.request method=POST path=/api/v1/workflows status=201 latencyMs=11
2026-10-07T19:53:00.010+08:00 INFO  [main] [requestId=257cfc08-5cda-4674-89a8-1d24f22a5405] c.hify.common.RequestLoggingFilter - http.request method=POST path=/api/v1/workflows/49da9cd6-f2ee-4aa8-9f25-bd9b86e9338d/versions status=200 latencyMs=20
2026-10-07T19:53:00.021+08:00 INFO  [main] [requestId=9b00e5b2-52fa-49cf-817d-6b8258d0b17d] c.hify.common.RequestLoggingFilter - http.request method=POST path=/api/v1/agents status=201 latencyMs=9
2026-10-07T19:53:00.065+08:00 INFO  [main] [requestId=8dcf3fd3-1c2a-4e1e-a033-bc70fb3beaba] c.hify.common.RequestLoggingFilter - http.request method=PUT path=/api/v1/agents/d2193661-8f0d-4cc3-82cb-feebf307d1f6/workflow-binding status=200 latencyMs=44
2026-10-07T19:53:00.265+08:00 INFO  [main] [requestId=53fc1fa2-fad8-47ee-a98c-6b44e35b63e8] c.hify.common.RequestLoggingFilter - http.request method=POST path=/api/v1/agents/d2193661-8f0d-4cc3-82cb-feebf307d1f6/publications status=409 latencyMs=155
2026-10-07T19:53:00.272+08:00 INFO  [main] [requestId=b1a58bef-9d08-49e4-b4da-769cdc14f983] c.hify.common.RequestLoggingFilter - http.request method=POST path=/api/v1/workflow-versions/878e22d6-f729-4063-af23-69f24d5e1c06/runs status=409 latencyMs=4
2026-10-07T19:53:00.303+08:00 INFO  [main] [requestId=6b649f6a-867e-4166-a5ed-a9c972b35c33] c.hify.common.RequestLoggingFilter - http.request method=POST path=/api/v1/workflows/49da9cd6-f2ee-4aa8-9f25-bd9b86e9338d/versions status=200 latencyMs=25
2026-10-07T19:53:00.323+08:00 INFO  [main] [requestId=c37d33a0-3086-40c5-a751-818cbe0752eb] c.hify.common.RequestLoggingFilter - http.request method=POST path=/api/v1/agents/d2193661-8f0d-4cc3-82cb-feebf307d1f6/publications status=200 latencyMs=19
2026-10-07T19:53:00.336+08:00 INFO  [main] [requestId=384fceeb-2315-4fef-bb6e-bb47b276172d] c.hify.common.RequestLoggingFilter - http.request method=POST path=/api/v1/knowledge-bases status=201 latencyMs=4
2026-10-07T19:53:00.343+08:00 INFO  [main] [requestId=c128af3a-7303-4a98-9c3e-00b3db189d3b] c.hify.common.RequestLoggingFilter - http.request method=POST path=/api/v1/workflows status=201 latencyMs=6
2026-10-07T19:53:00.355+08:00 INFO  [main] [requestId=fc1dcedc-890c-42fa-ac6b-78173677905d] c.hify.common.RequestLoggingFilter - http.request method=POST path=/api/v1/workflows/448c3246-c56d-47ce-8c1b-d54c65994cbd/versions status=200 latencyMs=11
2026-10-07T19:53:00.368+08:00 INFO  [main] [requestId=2622e524-21c7-415c-969a-2c777ed6f007] c.hify.common.RequestLoggingFilter - http.request method=POST path=/api/v1/agents status=201 latencyMs=11
2026-10-07T19:53:00.376+08:00 INFO  [main] [requestId=261fea3e-2212-494e-9958-be825645d8ea] c.hify.common.RequestLoggingFilter - http.request method=PUT path=/api/v1/agents/eae9bfed-0a8a-4bb8-ad93-200ee205a856/workflow-binding status=200 latencyMs=7
2026-10-07T19:53:00.384+08:00 INFO  [main] [requestId=1711ea3f-c6cc-4353-93dd-346ba19cfe05] c.hify.common.RequestLoggingFilter - http.request method=POST path=/api/v1/agents/eae9bfed-0a8a-4bb8-ad93-200ee205a856/publications status=409 latencyMs=5
2026-10-07T19:53:00.386+08:00 INFO  [main] [requestId=1382ad72-2ec5-4506-986a-1330d0d9e637] c.hify.common.RequestLoggingFilter - http.request method=POST path=/api/v1/workflow-versions/b6e5c477-ff6f-4e02-8058-f93bcc0a6498/runs status=409 latencyMs=1
2026-10-07T19:53:00.394+08:00 INFO  [main] [requestId=790db10c-75ec-4899-9687-e3f8c43b9787] c.hify.common.RequestLoggingFilter - http.request method=POST path=/api/v1/workflows/448c3246-c56d-47ce-8c1b-d54c65994cbd/versions status=200 latencyMs=5
2026-10-07T19:53:00.412+08:00 INFO  [main] [requestId=f4e88416-5306-4895-9e52-a07f594ef4af] c.hify.common.RequestLoggingFilter - http.request method=POST path=/api/v1/agents/eae9bfed-0a8a-4bb8-ad93-200ee205a856/publications status=200 latencyMs=17
2026-10-07T19:53:00.422+08:00 INFO  [main] [requestId=57bc0819-6d71-4116-bd59-88596b2ef4ea] c.hify.common.RequestLoggingFilter - http.request method=POST path=/api/v1/knowledge-bases status=201 latencyMs=5
2026-10-07T19:53:00.434+08:00 INFO  [main] [requestId=d5de9dee-4772-4867-8004-ef958e32373d] c.hify.common.RequestLoggingFilter - http.request method=POST path=/api/v1/workflows status=201 latencyMs=10
2026-10-07T19:53:00.441+08:00 INFO  [main] [requestId=c87a3b60-872e-47d5-bad7-ec103dc8e6ff] c.hify.common.RequestLoggingFilter - http.request method=POST path=/api/v1/workflows/150986c8-f415-4d17-89b2-1f883be5bec1/versions status=200 latencyMs=6
2026-10-07T19:53:00.447+08:00 INFO  [main] [requestId=7ef5716b-f0d6-485a-9661-4df118966bd6] c.hify.common.RequestLoggingFilter - http.request method=POST path=/api/v1/agents status=201 latencyMs=5
2026-10-07T19:53:00.454+08:00 INFO  [main] [requestId=ca735cac-2b46-4414-823f-23d744e5247c] c.hify.common.RequestLoggingFilter - http.request method=PUT path=/api/v1/agents/c3b81cc2-cddd-4097-a1d9-763b3b3b34f6/workflow-binding status=200 latencyMs=6
2026-10-07T19:53:00.464+08:00 INFO  [main] [requestId=41e9940b-ee2a-4cce-8199-16570afc8f5d] c.hify.common.RequestLoggingFilter - http.request method=POST path=/api/v1/agents/c3b81cc2-cddd-4097-a1d9-763b3b3b34f6/publications status=409 latencyMs=8
2026-10-07T19:53:00.466+08:00 INFO  [main] [requestId=18e98196-6f83-40f0-91dd-7385b83da2b3] c.hify.common.RequestLoggingFilter - http.request method=POST path=/api/v1/workflow-versions/3fb33422-5eb7-453a-9be0-5c28f23112cf/runs status=409 latencyMs=1
2026-10-07T19:53:00.524+08:00 INFO  [main] [requestId=44c6ed34-8679-4349-8756-2839ecd3ece2] c.hify.common.RequestLoggingFilter - http.request method=POST path=/api/v1/knowledge-bases status=201 latencyMs=5
2026-10-07T19:53:00.532+08:00 INFO  [main] [requestId=ce0c6954-208f-45b6-908d-932d333e9020] c.hify.common.RequestLoggingFilter - http.request method=POST path=/api/v1/knowledge-bases status=201 latencyMs=6
2026-10-07T19:53:00.540+08:00 INFO  [main] [requestId=c9b13f7d-7486-4db6-9b43-a4a822876a0d] c.hify.common.RequestLoggingFilter - http.request method=POST path=/api/v1/workflows status=201 latencyMs=7
2026-10-07T19:53:00.556+08:00 INFO  [main] [requestId=87d7fa3e-9eba-4b64-b906-532a04fe1e29] c.hify.common.RequestLoggingFilter - http.request method=POST path=/api/v1/workflows/28574fa4-cd15-47c8-b4b4-d9c95f06e97d/versions status=200 latencyMs=15
2026-10-07T19:53:00.574+08:00 INFO  [main] [requestId=3f7cd43d-87bf-4e66-a84f-02c488479a54] c.hify.common.RequestLoggingFilter - http.request method=POST path=/api/v1/agents status=201 latencyMs=17
2026-10-07T19:53:00.588+08:00 INFO  [main] [requestId=7296618b-3386-4679-8225-23c0eefa3e2d] c.hify.common.RequestLoggingFilter - http.request method=PUT path=/api/v1/agents/8e6a23cd-0bf4-4d41-a5b0-49873875a34d/workflow-binding status=200 latencyMs=13
2026-10-07T19:53:00.733+08:00 INFO  [main] [requestId=3f82a3f9-703e-4694-b083-2019402e4038] c.hify.common.RequestLoggingFilter - http.request method=POST path=/api/v1/knowledge-bases status=201 latencyMs=6
2026-10-07T19:53:00.741+08:00 INFO  [main] [requestId=9389d8c9-9c23-45d9-8762-fef324a3d662] c.hify.common.RequestLoggingFilter - http.request method=POST path=/api/v1/knowledge-bases/5fca52ee-2fe9-425f-904d-27f6b20f0d2b/documents status=202 latencyMs=7
2026-10-07T19:53:00.747+08:00 INFO  [main] [requestId=d0053e56-7d4c-4064-9703-b0d8cde61415] c.hify.common.RequestLoggingFilter - http.request method=GET path=/api/v1/documents/2c2016db-225d-46a5-9048-f7943a724868 status=200 latencyMs=4
2026-10-07T19:53:00.920+08:00 INFO  [main] [requestId=d462c4ce-d062-41b1-b4a8-11d3680acba2] c.hify.common.RequestLoggingFilter - http.request method=GET path=/api/v1/documents/2c2016db-225d-46a5-9048-f7943a724868 status=200 latencyMs=15
2026-10-07T19:53:00.958+08:00 INFO  [main] [requestId=1ee34b6f-b6d6-4fac-8068-14b1b8f4c5a4] c.hify.common.RequestLoggingFilter - http.request method=POST path=/api/v1/workflows status=201 latencyMs=36
2026-10-07T19:53:00.991+08:00 INFO  [main] [requestId=270e5717-f223-4f62-b7e4-9d387a7d89ff] c.hify.common.RequestLoggingFilter - http.request method=POST path=/api/v1/workflows/0f6b0e73-c525-43f2-b762-abea5717d656/versions status=200 latencyMs=31
2026-10-07T19:53:00.996+08:00 INFO  [main] [requestId=b9cd0b21-4b9e-4d04-b634-35a659aa77fe] c.hify.common.RequestLoggingFilter - http.request method=POST path=/api/v1/agents status=201 latencyMs=4
2026-10-07T19:53:01.007+08:00 INFO  [main] [requestId=3a95a652-273e-49d4-a6ed-eca98bb1f011] c.hify.common.RequestLoggingFilter - http.request method=PUT path=/api/v1/agents/e63c6124-e1c2-4498-8f00-928f06097cfd/workflow-binding status=200 latencyMs=10
2026-10-07T19:53:01.035+08:00 INFO  [main] [requestId=647a9f63-a5bc-4b72-a0ba-4964b1d4ebdb] c.hify.common.RequestLoggingFilter - http.request method=POST path=/api/v1/agents/e63c6124-e1c2-4498-8f00-928f06097cfd/publications status=200 latencyMs=25
2026-10-07T19:53:01.087+08:00 INFO  [main] [requestId=e2d65fa1-7691-44c2-9e6f-91ec8c36cb5d] c.hify.common.RequestLoggingFilter - http.request method=POST path=/api/v1/conversations status=201 latencyMs=51
2026-10-07T19:53:01.237+08:00 INFO  [main] [requestId=114791d7-c36d-4055-bd83-4c77244005e3] c.hify.common.RequestLoggingFilter - http.request method=POST path=/api/v1/conversations/7e0741d1-b4b1-42a6-9909-874f41a1cba2/runs status=202 latencyMs=149
2026-10-07T19:53:01.240+08:00 INFO  [main] [requestId=1d347ead-7eda-4b4d-b881-77e2727f27c8] c.hify.common.RequestLoggingFilter - http.request method=GET path=/api/v1/runs/999e362b-3cf1-480d-8854-c728e8280ac7 status=200 latencyMs=1
2026-10-07T19:53:01.330+08:00 INFO  [main] [requestId=127eb018-d235-4b1f-8a8f-c528639687f0] c.hify.common.RequestLoggingFilter - http.request method=GET path=/api/v1/runs/999e362b-3cf1-480d-8854-c728e8280ac7 status=200 latencyMs=3
2026-10-07T19:53:01.423+08:00 INFO  [main] [requestId=070b4258-b08d-4123-9368-6deeae72b9a6] c.hify.common.RequestLoggingFilter - http.request method=GET path=/api/v1/runs/999e362b-3cf1-480d-8854-c728e8280ac7 status=200 latencyMs=2
2026-10-07T19:53:01.550+08:00 INFO  [main] [requestId=40f2fc52-5863-4432-8458-ff61fb625717] c.hify.common.RequestLoggingFilter - http.request method=POST path=/api/v1/workflow-versions/1e602e02-68bb-453d-ae05-ef37d412bfc2/runs status=202 latencyMs=122
2026-10-07T19:53:01.760+08:00 INFO  [main] [requestId=85d0f0e6-cc85-458e-bfdc-ef596f1c335e] c.hify.common.RequestLoggingFilter - http.request method=POST path=/api/v1/conversations/7e0741d1-b4b1-42a6-9909-874f41a1cba2/runs status=202 latencyMs=199
2026-10-07T19:53:01.797+08:00 INFO  [main] [requestId=3837df72-c05a-43a0-8124-9049d4fd4440] c.hify.common.RequestLoggingFilter - http.request method=GET path=/api/v1/runs/ee06f34f-08c9-421c-a18c-886af5e975f7 status=200 latencyMs=35
2026-10-07T19:53:01.894+08:00 INFO  [main] [requestId=026131fc-7cf3-4052-a091-6a9cf9fa6c73] c.hify.common.RequestLoggingFilter - http.request method=GET path=/api/v1/runs/ee06f34f-08c9-421c-a18c-886af5e975f7 status=200 latencyMs=10
2026-10-07T19:53:02.384+08:00 INFO  [main] [requestId=5071cf10-20dc-4aaf-9d5e-8bb7425c5347] c.hify.common.RequestLoggingFilter - http.request method=POST path=/api/v1/conversations/7e0741d1-b4b1-42a6-9909-874f41a1cba2/runs status=202 latencyMs=405
2026-10-07T19:53:02.403+08:00 INFO  [main] [requestId=f96b837e-7581-4705-b165-d8eb98b1e5b4] c.hify.common.RequestLoggingFilter - http.request method=GET path=/api/v1/runs/316753b1-14ec-4852-a300-c388ab46d68b status=200 latencyMs=16
2026-10-07T19:53:02.445+08:00 INFO  [main] [requestId=a64b9795-9e4f-45ee-b548-b4f14dfe889f] c.hify.common.RequestLoggingFilter - http.request method=GET path=/api/v1/runs/316753b1-14ec-4852-a300-c388ab46d68b status=200 latencyMs=1
2026-10-07T19:53:02.536+08:00 INFO  [main] [requestId=7f81dc04-5683-4306-b095-9020e50c0ee2] c.hify.common.RequestLoggingFilter - http.request method=GET path=/api/v1/runs/316753b1-14ec-4852-a300-c388ab46d68b status=200 latencyMs=3
2026-10-07T19:53:02.631+08:00 INFO  [main] [requestId=8e47e5d8-e6d6-4ff0-8c57-8e8de0e62da2] c.hify.common.RequestLoggingFilter - http.request method=GET path=/api/v1/runs/316753b1-14ec-4852-a300-c388ab46d68b status=200 latencyMs=3
2026-10-07T19:53:02.667+08:00 INFO  [main] [requestId=b71fbaa1-7e63-43c8-83f6-69743b1a57c1] c.hify.common.RequestLoggingFilter - http.request method=POST path=/api/v1/knowledge-bases status=201 latencyMs=6
2026-10-07T19:53:02.685+08:00 INFO  [main] [requestId=81492a5e-e387-49dd-9fd7-6035008eca4f] c.hify.common.RequestLoggingFilter - http.request method=POST path=/api/v1/knowledge-bases/ac062372-603d-43cf-a1e0-1546c7ca023b/documents status=202 latencyMs=17
2026-10-07T19:53:02.689+08:00 INFO  [main] [requestId=558a486d-3309-4e9e-8b09-ef331d800b0b] c.hify.common.RequestLoggingFilter - http.request method=GET path=/api/v1/documents/f80dddb7-643d-4e2d-a40b-b0150738ac85 status=200 latencyMs=3
2026-10-07T19:53:02.880+08:00 INFO  [main] [requestId=469e9f27-e61d-49f9-b31e-64933e59b1ab] c.hify.common.RequestLoggingFilter - http.request method=GET path=/api/v1/documents/f80dddb7-643d-4e2d-a40b-b0150738ac85 status=200 latencyMs=19
2026-10-07T19:53:03.839+08:00 INFO  [main] [requestId=4a7e4070-a5bd-4f7e-82ba-0be10af4b026] c.hify.common.RequestLoggingFilter - http.request method=POST path=/api/v1/knowledge-bases status=201 latencyMs=13
2026-10-07T19:53:03.888+08:00 INFO  [main] [requestId=9df1a942-6523-4dd1-a4b0-bcc7a11130d0] c.hify.common.RequestLoggingFilter - http.request method=POST path=/api/v1/knowledge-bases/128ce154-326c-401d-9b71-ffeb2291666d/documents status=202 latencyMs=41
2026-10-07T19:53:03.895+08:00 INFO  [main] [requestId=9b8c034b-ad16-4ec8-9786-2de9b4a6e1f7] c.hify.common.RequestLoggingFilter - http.request method=GET path=/api/v1/documents/aa8c50df-196c-4ad0-9628-9ce4ac35343a status=200 latencyMs=6
2026-10-07T19:53:04.074+08:00 INFO  [main] [requestId=b7d308a8-3050-4adb-88e9-6b45da25adb3] c.hify.common.RequestLoggingFilter - http.request method=GET path=/api/v1/documents/aa8c50df-196c-4ad0-9628-9ce4ac35343a status=200 latencyMs=2
2026-10-07T19:53:04.099+08:00 INFO  [main] [requestId=373b9d54-5c83-4ab8-a940-74eb5780f35c] c.hify.common.RequestLoggingFilter - http.request method=POST path=/api/v1/knowledge-bases status=201 latencyMs=2
2026-10-07T19:53:04.117+08:00 INFO  [main] [requestId=f7924b11-f20e-4ef0-97ae-3a43b9b24866] c.hify.common.RequestLoggingFilter - http.request method=POST path=/api/v1/knowledge-bases status=201 latencyMs=2
2026-10-07T19:53:04.121+08:00 INFO  [main] [requestId=7065bcf5-0e7c-47e8-93b9-2194e5bdfc5e] c.hify.common.RequestLoggingFilter - http.request method=POST path=/api/v1/knowledge-bases/c6b02073-808e-4629-bc2b-cff855bb1e93/documents status=202 latencyMs=3
2026-10-07T19:53:04.124+08:00 INFO  [main] [requestId=e27e142e-732a-400e-ae2b-cf4946b1dfef] c.hify.common.RequestLoggingFilter - http.request method=GET path=/api/v1/documents/68292da6-ce74-46d3-85f1-f4fc30bf25e2 status=200 latencyMs=2
2026-10-07T19:53:04.305+08:00 INFO  [main] [requestId=738a0df2-8097-424f-8180-35bc8c9bcaff] c.hify.common.RequestLoggingFilter - http.request method=GET path=/api/v1/documents/68292da6-ce74-46d3-85f1-f4fc30bf25e2 status=200 latencyMs=6
[INFO] Tests run: 19, Failures: 0, Errors: 0, Skipped: 0, Time elapsed: 14.80 s -- in com.hify.api.WorkflowKnowledgeReviewPostgresTest
[INFO] Running com.hify.api.WorkflowTerminalPostgresTest
2026-10-07T19:53:04.761+08:00 INFO  [main] [requestId=] tc.pgvector/pgvector:pg16 - Creating container for image: pgvector/pgvector:pg16
2026-10-07T19:53:04.892+08:00 INFO  [main] [requestId=] tc.pgvector/pgvector:pg16 - Container pgvector/pgvector:pg16 is starting: ef360910ceb9e2ae20ecaf265e1ec766d9fed08f960a49ca20717a8c4a7888d1
2026-10-07T19:53:05.790+08:00 INFO  [main] [requestId=] tc.pgvector/pgvector:pg16 - Container pgvector/pgvector:pg16 started in PT1.028724S
2026-10-07T19:53:05.794+08:00 INFO  [main] [requestId=] tc.pgvector/pgvector:pg16 - Container is started (JDBC URL: jdbc:postgresql://127.0.0.1:32771/workflow_upgrade?loggerLevel=OFF)
2026-10-07T19:53:05.852+08:00 INFO  [main] [requestId=] org.flywaydb.core.FlywayExecutor - Database: jdbc:postgresql://127.0.0.1:32771/workflow_upgrade?loggerLevel=OFF (PostgreSQL 16.15)
2026-10-07T19:53:05.868+08:00 INFO  [main] [requestId=] o.f.c.i.s.JdbcTableSchemaHistory - Schema history table "public"."flyway_schema_history" does not exist yet
2026-10-07T19:53:05.868+08:00 INFO  [main] [requestId=] o.f.core.internal.command.DbValidate - Successfully validated 24 migrations (execution time 00:00.011s)
2026-10-07T19:53:05.877+08:00 INFO  [main] [requestId=] o.f.c.i.s.JdbcTableSchemaHistory - Creating Schema History table "public"."flyway_schema_history" ...
2026-10-07T19:53:05.902+08:00 INFO  [main] [requestId=] o.f.core.internal.command.DbMigrate - Current version of schema "public": << Empty Schema >>
2026-10-07T19:53:05.905+08:00 INFO  [main] [requestId=] o.f.core.internal.command.DbMigrate - Migrating schema "public" to version "1 - baseline"
2026-10-07T19:53:05.946+08:00 INFO  [main] [requestId=] o.f.core.internal.command.DbMigrate - Migrating schema "public" to version "2 - demo item"
2026-10-07T19:53:05.956+08:00 INFO  [main] [requestId=] o.f.core.internal.command.DbMigrate - Migrating schema "public" to version "3 - run replan control"
2026-10-07T19:53:05.966+08:00 INFO  [main] [requestId=] o.f.core.internal.command.DbMigrate - Migrating schema "public" to version "4 - run context state"
2026-10-07T19:53:05.975+08:00 INFO  [main] [requestId=] o.f.core.internal.command.DbMigrate - Migrating schema "public" to version "5 - provider catalog"
2026-10-07T19:53:05.988+08:00 INFO  [main] [requestId=] o.f.core.internal.command.DbMigrate - Migrating schema "public" to version "6 - agent publishing"
2026-10-07T19:53:06.002+08:00 INFO  [main] [requestId=] o.f.core.internal.command.DbMigrate - Migrating schema "public" to version "7 - agent archive and tool bindings"
2026-10-07T19:53:06.009+08:00 INFO  [main] [requestId=] o.f.core.internal.command.DbMigrate - Migrating schema "public" to version "8 - backfill agent tool bindings"
2026-10-07T19:53:06.027+08:00 INFO  [main] [requestId=] o.f.core.internal.command.DbMigrate - Migrating schema "public" to version "9 - runtime capability and history"
2026-10-07T19:53:06.040+08:00 INFO  [main] [requestId=] o.f.core.internal.command.DbMigrate - Migrating schema "public" to version "10 - child agent task protocol"
2026-10-07T19:53:06.047+08:00 INFO  [main] [requestId=] o.f.core.internal.command.DbMigrate - Migrating schema "public" to version "11 - context memory catalog"
2026-10-07T19:53:06.074+08:00 INFO  [main] [requestId=] o.f.core.internal.command.DbMigrate - Migrating schema "public" to version "12 - history full text index"
2026-10-07T19:53:06.079+08:00 INFO  [main] [requestId=] o.f.core.internal.command.DbMigrate - Migrating schema "public" to version "13 - history vector index"
2026-10-07T19:53:06.108+08:00 INFO  [main] [requestId=] o.f.core.internal.command.DbMigrate - Migrating schema "public" to version "14 - knowledge catalog"
2026-10-07T19:53:06.118+08:00 INFO  [main] [requestId=] o.f.core.internal.command.DbMigrate - Migrating schema "public" to version "15 - knowledge search indexes"
2026-10-07T19:53:06.129+08:00 INFO  [main] [requestId=] o.f.core.internal.command.DbMigrate - Migrating schema "public" to version "16 - workflow runtime"
2026-10-07T19:53:06.152+08:00 INFO  [main] [requestId=] o.f.core.internal.command.DbMigrate - Migrating schema "public" to version "17 - mcp server registry"
2026-10-07T19:53:06.161+08:00 INFO  [main] [requestId=] o.f.core.internal.command.DbMigrate - Migrating schema "public" to version "18 - agent knowledge capability"
2026-10-07T19:53:06.174+08:00 INFO  [main] [requestId=] o.f.core.internal.command.DbMigrate - Migrating schema "public" to version "19 - agent workflow mcp capabilities"
2026-10-07T19:53:06.187+08:00 INFO  [main] [requestId=] o.f.core.internal.command.DbMigrate - Migrating schema "public" to version "20 - mcp encrypted credentials"
2026-10-07T19:53:06.195+08:00 INFO  [main] [requestId=] o.f.core.internal.command.DbMigrate - Successfully applied 20 migrations to schema "public", now at version v20 (execution time 00:00.149s)
2026-10-07T19:53:06.249+08:00 INFO  [main] [requestId=] org.flywaydb.core.FlywayExecutor - Database: jdbc:postgresql://127.0.0.1:32771/workflow_upgrade?loggerLevel=OFF (PostgreSQL 16.15)
2026-10-07T19:53:06.260+08:00 INFO  [main] [requestId=] o.f.core.internal.command.DbValidate - Successfully validated 24 migrations (execution time 00:00.006s)
2026-10-07T19:53:06.275+08:00 INFO  [main] [requestId=] o.f.core.internal.command.DbMigrate - Current version of schema "public": 20
2026-10-07T19:53:06.277+08:00 INFO  [main] [requestId=] o.f.core.internal.command.DbMigrate - Migrating schema "public" to version "21 - workflow control terminal states"
2026-10-07T19:53:06.284+08:00 INFO  [main] [requestId=] o.f.core.internal.command.DbMigrate - Migrating schema "public" to version "22 - workflow interrupted state"
2026-10-07T19:53:06.292+08:00 INFO  [main] [requestId=] o.f.core.internal.command.DbMigrate - Migrating schema "public" to version "23 - history operation recovery"
2026-10-07T19:53:06.302+08:00 INFO  [main] [requestId=] o.f.core.internal.command.DbMigrate - Migrating schema "public" to version "24 - semantic embedding profiles"
2026-10-07T19:53:06.307+08:00 INFO  [main] [requestId=] o.f.core.internal.command.DbMigrate - Successfully applied 4 migrations to schema "public", now at version v24 (execution time 00:00.013s)
[INFO] Tests run: 1, Failures: 0, Errors: 0, Skipped: 0, Time elapsed: 1.726 s -- in com.hify.api.WorkflowTerminalPostgresTest
[INFO] Running com.hify.api.RunShutdownPostgresTest
2026-10-07T19:53:06.482+08:00 INFO  [main] [requestId=] tc.pgvector/pgvector:pg16 - Creating container for image: pgvector/pgvector:pg16
2026-10-07T19:53:06.511+08:00 INFO  [main] [requestId=] tc.pgvector/pgvector:pg16 - Container pgvector/pgvector:pg16 is starting: 0688e677c0d4f3a58059954e15543491954552ec0f651ee52e344996d2440a86
2026-10-07T19:53:07.402+08:00 INFO  [main] [requestId=] tc.pgvector/pgvector:pg16 - Container pgvector/pgvector:pg16 started in PT0.919269S
2026-10-07T19:53:07.403+08:00 INFO  [main] [requestId=] tc.pgvector/pgvector:pg16 - Container is started (JDBC URL: jdbc:postgresql://127.0.0.1:32772/shutdown_test?loggerLevel=OFF)
[shutdown-diagnostic] seconds=0.000 phase=model-begin interrupted=false
[shutdown-diagnostic] seconds=0.004 phase=model-first-context-starting interrupted=false
[startup-detail] wallMs=4205.868 currentThreadCpuMs=1850.811 completedEvents=977 interrupted=false
[startup-detail] id=4 stage=spring.context.refresh bean=other durationMs=4032.697
[startup-detail] id=88 stage=spring.beans.instantiate bean=other durationMs=1801.659
[startup-detail] id=89 stage=spring.beans.instantiate bean=other durationMs=1796.068
[startup-detail] id=58 stage=spring.beans.instantiate bean=other durationMs=995.985
[startup-detail] id=5 stage=spring.context.beans.post-process bean=other durationMs=710.186
[startup-detail] id=8 stage=other bean=other durationMs=673.908
[startup-detail] id=9 stage=other bean=other durationMs=663.359
[startup-detail] id=90 stage=spring.beans.instantiate bean=other durationMs=658.039
[startup-detail] id=236 stage=spring.beans.instantiate bean=other durationMs=617.747
[startup-detail] id=73 stage=spring.beans.instantiate bean=flywayInitializer durationMs=555.591
[startup-detail] id=265 stage=spring.beans.instantiate bean=other durationMs=238.239
[startup-detail] id=266 stage=spring.beans.instantiate bean=other durationMs=232.526
[shutdown-diagnostic] seconds=4.267 phase=model-first-context-started interrupted=false
[shutdown-diagnostic] seconds=4.344 phase=model-entered-before-close interrupted=false
[shutdown-diagnostic] seconds=4.366 phase=model-first-context-close-returned interrupted=false
[shutdown-diagnostic] seconds=4.430 phase=model-persistence-assertions-passed interrupted=false
[shutdown-diagnostic] seconds=4.430 phase=model-second-context-starting interrupted=false
[startup-detail] wallMs=2201.118 currentThreadCpuMs=1563.458 completedEvents=977 interrupted=false
[startup-detail] id=4 stage=spring.context.refresh bean=other durationMs=2067.112
[startup-detail] id=88 stage=spring.beans.instantiate bean=other durationMs=893.692
[startup-detail] id=89 stage=spring.beans.instantiate bean=other durationMs=887.726
[startup-detail] id=236 stage=spring.beans.instantiate bean=other durationMs=333.238
[startup-detail] id=58 stage=spring.beans.instantiate bean=other durationMs=265.343
[startup-detail] id=5 stage=spring.context.beans.post-process bean=other durationMs=235.046
[startup-detail] id=8 stage=other bean=other durationMs=192.953
[startup-detail] id=9 stage=other bean=other durationMs=192.153
[startup-detail] id=296 stage=spring.beans.instantiate bean=other durationMs=149.825
[startup-detail] id=237 stage=spring.beans.instantiate bean=other durationMs=104.498
[startup-detail] id=297 stage=spring.beans.instantiate bean=other durationMs=100.803
[startup-detail] id=298 stage=spring.beans.instantiate bean=other durationMs=100.220
[shutdown-diagnostic] seconds=6.636 phase=model-second-context-started interrupted=false
[shutdown-diagnostic] seconds=6.819 phase=model-recovery-assertions-passed interrupted=false
[shutdown-diagnostic] seconds=6.824 phase=model-second-context-close-returned interrupted=false
[shutdown-diagnostic] seconds=0.000 phase=model-begin interrupted=false
[shutdown-diagnostic] seconds=0.000 phase=model-first-context-starting interrupted=false
[startup-detail] wallMs=3803.959 currentThreadCpuMs=1842.726 completedEvents=977 interrupted=false
[startup-detail] id=4 stage=spring.context.refresh bean=other durationMs=3714.478
[startup-detail] id=58 stage=spring.beans.instantiate bean=other durationMs=1040.614
[startup-detail] id=5 stage=spring.context.beans.post-process bean=other durationMs=875.813
[startup-detail] id=88 stage=spring.beans.instantiate bean=other durationMs=824.810
[startup-detail] id=8 stage=other bean=other durationMs=818.829
[startup-detail] id=9 stage=other bean=other durationMs=811.567
[startup-detail] id=89 stage=spring.beans.instantiate bean=other durationMs=800.935
[startup-detail] id=73 stage=spring.beans.instantiate bean=flywayInitializer durationMs=657.529
[startup-detail] id=236 stage=spring.beans.instantiate bean=other durationMs=271.569
[startup-detail] id=237 stage=spring.beans.instantiate bean=other durationMs=149.150
[startup-detail] id=238 stage=spring.beans.instantiate bean=other durationMs=129.906
[startup-detail] id=474 stage=spring.beans.instantiate bean=other durationMs=129.008
[shutdown-diagnostic] seconds=3.806 phase=model-first-context-started interrupted=false
[shutdown-diagnostic] seconds=3.883 phase=model-entered-before-close interrupted=false
[shutdown-diagnostic] seconds=3.893 phase=model-first-context-close-returned interrupted=false
[shutdown-diagnostic] seconds=3.959 phase=model-persistence-assertions-passed interrupted=false
[shutdown-diagnostic] seconds=3.959 phase=model-second-context-starting interrupted=false
[startup-detail] wallMs=3235.974 currentThreadCpuMs=1875.965 completedEvents=977 interrupted=false
[startup-detail] id=4 stage=spring.context.refresh bean=other durationMs=3142.320
[startup-detail] id=88 stage=spring.beans.instantiate bean=other durationMs=859.354
[startup-detail] id=89 stage=spring.beans.instantiate bean=other durationMs=824.445
[startup-detail] id=58 stage=spring.beans.instantiate bean=other durationMs=369.979
[startup-detail] id=5 stage=spring.context.beans.post-process bean=other durationMs=289.383
[startup-detail] id=474 stage=spring.beans.instantiate bean=other durationMs=216.952
[startup-detail] id=236 stage=spring.beans.instantiate bean=other durationMs=189.870
[startup-detail] id=8 stage=other bean=other durationMs=188.273
[startup-detail] id=9 stage=other bean=other durationMs=164.998
[startup-detail] id=536 stage=spring.beans.instantiate bean=other durationMs=155.084
[startup-detail] id=296 stage=spring.beans.instantiate bean=other durationMs=150.508
[startup-detail] id=829 stage=spring.beans.instantiate bean=other durationMs=130.279
[shutdown-diagnostic] seconds=7.203 phase=model-second-context-started interrupted=false
[shutdown-diagnostic] seconds=7.364 phase=model-recovery-assertions-passed interrupted=false
[shutdown-diagnostic] seconds=7.372 phase=model-second-context-close-returned interrupted=false
[shutdown-diagnostic] seconds=0.000 phase=begin interrupted=false
[startup-detail] wallMs=10053.748 currentThreadCpuMs=2470.732 completedEvents=978 interrupted=false
[startup-detail] id=4 stage=spring.context.refresh bean=other durationMs=9839.722
[startup-detail] id=5 stage=spring.context.beans.post-process bean=other durationMs=5019.191
[startup-detail] id=8 stage=other bean=other durationMs=4237.695
[startup-detail] id=9 stage=other bean=other durationMs=4155.616
[startup-detail] id=58 stage=spring.beans.instantiate bean=other durationMs=2069.736
[startup-detail] id=73 stage=spring.beans.instantiate bean=flywayInitializer durationMs=1104.149
[startup-detail] id=87 stage=spring.beans.instantiate bean=other durationMs=1096.972
[startup-detail] id=267 stage=spring.beans.instantiate bean=other durationMs=843.096
[startup-detail] id=268 stage=spring.beans.instantiate bean=other durationMs=808.199
[startup-detail] id=88 stage=spring.beans.instantiate bean=other durationMs=556.955
[startup-detail] id=89 stage=spring.beans.instantiate bean=other durationMs=431.580
[startup-detail] id=90 stage=spring.beans.instantiate bean=other durationMs=429.882
[shutdown-diagnostic] seconds=10.067 phase=first-context-started interrupted=false
[shutdown-diagnostic] seconds=10.226 phase=computed-result-ready interrupted=false
[shutdown-diagnostic] seconds=10.229 phase=first-context-closing interrupted=false
[shutdown-diagnostic] seconds=10.335 phase=first-context-close-returned interrupted=false
[shutdown-diagnostic] seconds=10.531 phase=persistence-assertions-passed interrupted=false
[startup-detail] wallMs=5233.029 currentThreadCpuMs=2072.300 completedEvents=977 interrupted=false
[startup-detail] id=4 stage=spring.context.refresh bean=other durationMs=4383.682
[startup-detail] id=5 stage=spring.context.beans.post-process bean=other durationMs=1703.559
[startup-detail] id=88 stage=spring.beans.instantiate bean=other durationMs=1673.028
[startup-detail] id=89 stage=spring.beans.instantiate bean=other durationMs=1668.257
[startup-detail] id=8 stage=other bean=other durationMs=1616.060
[startup-detail] id=9 stage=other bean=other durationMs=1587.288
[startup-detail] id=236 stage=spring.beans.instantiate bean=other durationMs=875.696
[startup-detail] id=1 stage=spring.boot.application.environment-prepared bean=other durationMs=567.293
[startup-detail] id=58 stage=spring.beans.instantiate bean=other durationMs=361.456
[startup-detail] id=265 stage=spring.beans.instantiate bean=other durationMs=333.674
[startup-detail] id=266 stage=spring.beans.instantiate bean=other durationMs=319.253
[startup-detail] id=296 stage=spring.beans.instantiate bean=other durationMs=299.866
[shutdown-diagnostic] seconds=15.777 phase=second-context-started interrupted=false
[shutdown-diagnostic] seconds=15.817 phase=recovery-assertions-passed interrupted=false
[shutdown-diagnostic] seconds=15.823 phase=second-context-close-returned interrupted=false
[INFO] Tests run: 3, Failures: 0, Errors: 0, Skipped: 0, Time elapsed: 31.83 s -- in com.hify.api.RunShutdownPostgresTest
[INFO] Running com.hify.api.KnowledgeFinishPostgresTest

  .   ____          _            __ _ _
 /\\ / ___'_ __ _ _(_)_ __  __ _ \ \ \ \
( ( )\___ | '_ | '_| | '_ \/ _` | \ \ \ \
 \\/  ___)| |_)| | | | | || (_| |  ) ) ) )
  '  |____| .__|_| |_|_| |_\__, | / / / /
 =========|_|==============|___/=/_/_/_/

 :: Spring Boot ::                (v3.4.5)

2026-10-07T19:53:39.778+08:00 INFO  [main] [requestId=] c.h.api.KnowledgeFinishPostgresTest - Starting KnowledgeFinishPostgresTest using Java 17.0.19 with PID 6303 (started by weberzhao in /private/tmp/hify-course-20261006.hhEhwt/retrieval-worktree/backend/hify-app)
2026-10-07T19:53:39.778+08:00 INFO  [main] [requestId=] c.h.api.KnowledgeFinishPostgresTest - No active profile set, falling back to 1 default profile: "default"
2026-10-07T19:53:41.638+08:00 INFO  [main] [requestId=] o.s.d.r.c.RepositoryConfigurationDelegate - Multiple Spring Data modules found, entering strict repository configuration mode
2026-10-07T19:53:41.642+08:00 INFO  [main] [requestId=] o.s.d.r.c.RepositoryConfigurationDelegate - Bootstrapping Spring Data JPA repositories in DEFAULT mode.
2026-10-07T19:53:41.945+08:00 INFO  [main] [requestId=] o.s.d.r.c.RepositoryConfigurationDelegate - Finished Spring Data repository scanning in 295 ms. Found 34 JPA repository interfaces.
2026-10-07T19:53:42.389+08:00 INFO  [main] [requestId=] com.zaxxer.hikari.HikariDataSource - HikariPool-9 - Starting...
2026-10-07T19:53:42.493+08:00 INFO  [main] [requestId=] com.zaxxer.hikari.pool.HikariPool - HikariPool-9 - Added connection org.postgresql.jdbc.PgConnection@1a4573b
2026-10-07T19:53:42.493+08:00 INFO  [main] [requestId=] com.zaxxer.hikari.HikariDataSource - HikariPool-9 - Start completed.
2026-10-07T19:53:42.519+08:00 INFO  [main] [requestId=] org.flywaydb.core.FlywayExecutor - Database: jdbc:postgresql://127.0.0.1:32773/knowledge_finish?loggerLevel=OFF (PostgreSQL 16.15)
2026-10-07T19:53:42.620+08:00 INFO  [main] [requestId=] o.f.c.i.s.JdbcTableSchemaHistory - Schema history table "public"."flyway_schema_history" does not exist yet
2026-10-07T19:53:42.625+08:00 INFO  [main] [requestId=] o.f.core.internal.command.DbValidate - Successfully validated 24 migrations (execution time 00:00.062s)
2026-10-07T19:53:42.659+08:00 INFO  [main] [requestId=] o.f.c.i.s.JdbcTableSchemaHistory - Creating Schema History table "public"."flyway_schema_history" ...
2026-10-07T19:53:42.747+08:00 INFO  [main] [requestId=] o.f.core.internal.command.DbMigrate - Current version of schema "public": << Empty Schema >>
2026-10-07T19:53:42.749+08:00 INFO  [main] [requestId=] o.f.core.internal.command.DbMigrate - Migrating schema "public" to version "1 - baseline"
2026-10-07T19:53:42.786+08:00 INFO  [main] [requestId=] o.f.core.internal.command.DbMigrate - Migrating schema "public" to version "2 - demo item"
2026-10-07T19:53:42.810+08:00 INFO  [main] [requestId=] o.f.core.internal.command.DbMigrate - Migrating schema "public" to version "3 - run replan control"
2026-10-07T19:53:42.830+08:00 INFO  [main] [requestId=] o.f.core.internal.command.DbMigrate - Migrating schema "public" to version "4 - run context state"
2026-10-07T19:53:42.840+08:00 INFO  [main] [requestId=] o.f.core.internal.command.DbMigrate - Migrating schema "public" to version "5 - provider catalog"
2026-10-07T19:53:42.891+08:00 INFO  [main] [requestId=] o.f.core.internal.command.DbMigrate - Migrating schema "public" to version "6 - agent publishing"
2026-10-07T19:53:42.924+08:00 INFO  [main] [requestId=] o.f.core.internal.command.DbMigrate - Migrating schema "public" to version "7 - agent archive and tool bindings"
2026-10-07T19:53:42.935+08:00 INFO  [main] [requestId=] o.f.core.internal.command.DbMigrate - Migrating schema "public" to version "8 - backfill agent tool bindings"
2026-10-07T19:53:42.943+08:00 INFO  [main] [requestId=] o.f.core.internal.command.DbMigrate - Migrating schema "public" to version "9 - runtime capability and history"
2026-10-07T19:53:42.952+08:00 INFO  [main] [requestId=] o.f.core.internal.command.DbMigrate - Migrating schema "public" to version "10 - child agent task protocol"
2026-10-07T19:53:42.965+08:00 INFO  [main] [requestId=] o.f.core.internal.command.DbMigrate - Migrating schema "public" to version "11 - context memory catalog"
2026-10-07T19:53:42.997+08:00 INFO  [main] [requestId=] o.f.core.internal.command.DbMigrate - Migrating schema "public" to version "12 - history full text index"
2026-10-07T19:53:43.006+08:00 INFO  [main] [requestId=] o.f.core.internal.command.DbMigrate - Migrating schema "public" to version "13 - history vector index"
2026-10-07T19:53:43.032+08:00 INFO  [main] [requestId=] o.f.core.internal.command.DbMigrate - Migrating schema "public" to version "14 - knowledge catalog"
2026-10-07T19:53:43.042+08:00 INFO  [main] [requestId=] o.f.core.internal.command.DbMigrate - Migrating schema "public" to version "15 - knowledge search indexes"
2026-10-07T19:53:43.050+08:00 INFO  [main] [requestId=] o.f.core.internal.command.DbMigrate - Migrating schema "public" to version "16 - workflow runtime"
2026-10-07T19:53:43.062+08:00 INFO  [main] [requestId=] o.f.core.internal.command.DbMigrate - Migrating schema "public" to version "17 - mcp server registry"
2026-10-07T19:53:43.079+08:00 INFO  [main] [requestId=] o.f.core.internal.command.DbMigrate - Migrating schema "public" to version "18 - agent knowledge capability"
2026-10-07T19:53:43.105+08:00 INFO  [main] [requestId=] o.f.core.internal.command.DbMigrate - Migrating schema "public" to version "19 - agent workflow mcp capabilities"
2026-10-07T19:53:43.137+08:00 INFO  [main] [requestId=] o.f.core.internal.command.DbMigrate - Migrating schema "public" to version "20 - mcp encrypted credentials"
2026-10-07T19:53:43.145+08:00 INFO  [main] [requestId=] o.f.core.internal.command.DbMigrate - Migrating schema "public" to version "21 - workflow control terminal states"
2026-10-07T19:53:43.152+08:00 INFO  [main] [requestId=] o.f.core.internal.command.DbMigrate - Migrating schema "public" to version "22 - workflow interrupted state"
2026-10-07T19:53:43.189+08:00 INFO  [main] [requestId=] o.f.core.internal.command.DbMigrate - Migrating schema "public" to version "23 - history operation recovery"
2026-10-07T19:53:43.198+08:00 INFO  [main] [requestId=] o.f.core.internal.command.DbMigrate - Migrating schema "public" to version "24 - semantic embedding profiles"
2026-10-07T19:53:43.205+08:00 INFO  [main] [requestId=] o.f.core.internal.command.DbMigrate - Successfully applied 24 migrations to schema "public", now at version v24 (execution time 00:00.216s)
2026-10-07T19:53:43.327+08:00 INFO  [main] [requestId=] o.h.jpa.internal.util.LogHelper - HHH000204: Processing PersistenceUnitInfo [name: default]
2026-10-07T19:53:43.330+08:00 INFO  [main] [requestId=] o.h.c.i.RegionFactoryInitiator - HHH000026: Second-level cache disabled
2026-10-07T19:53:43.340+08:00 INFO  [main] [requestId=] o.s.o.j.p.SpringPersistenceUnitInfo - No LoadTimeWeaver setup: ignoring JPA class transformer
2026-10-07T19:53:43.346+08:00 INFO  [main] [requestId=] o.hibernate.orm.connections.pooling - HHH10001005: Database info:
	Database JDBC URL [Connecting through datasource 'HikariDataSource (HikariPool-9)']
	Database driver: undefined/unknown
	Database version: 16.15
	Autocommit mode: undefined/unknown
	Isolation level: undefined/unknown
	Minimum pool size: undefined/unknown
	Maximum pool size: undefined/unknown
2026-10-07T19:53:43.637+08:00 INFO  [main] [requestId=] o.h.e.t.j.p.i.JtaPlatformInitiator - HHH000489: No JTA platform available (set 'hibernate.transaction.jta.platform' to enable JTA platform integration)
2026-10-07T19:53:43.653+08:00 INFO  [main] [requestId=] o.s.o.j.LocalContainerEntityManagerFactoryBean - Initialized JPA EntityManagerFactory for persistence unit 'default'
2026-10-07T19:53:45.490+08:00 INFO  [main] [requestId=] c.b.m.s.MybatisPlusApplicationContextAware - Register ApplicationContext instances org.springframework.web.context.support.GenericWebApplicationContext@4778d758
2026-10-07T19:53:48.327+08:00 INFO  [main] [requestId=] o.s.b.t.m.w.SpringBootMockServletContext - Initializing Spring TestDispatcherServlet ''
2026-10-07T19:53:48.332+08:00 INFO  [main] [requestId=] o.s.t.w.s.TestDispatcherServlet - Initializing Servlet ''
2026-10-07T19:53:48.357+08:00 INFO  [main] [requestId=] o.s.b.a.e.web.EndpointLinksResolver - Exposing 2 endpoints beneath base path '/actuator'
2026-10-07T19:53:48.372+08:00 INFO  [main] [requestId=] o.s.t.w.s.TestDispatcherServlet - Completed initialization in 40 ms
2026-10-07T19:53:48.432+08:00 INFO  [main] [requestId=] c.h.api.KnowledgeFinishPostgresTest - Started KnowledgeFinishPostgresTest in 8.747 seconds (process running for 97.325)
2026-10-07T19:53:48.713+08:00 INFO  [main] [requestId=] o.s.o.j.LocalContainerEntityManagerFactoryBean - Closing JPA EntityManagerFactory for persistence unit 'default'
2026-10-07T19:53:48.715+08:00 INFO  [main] [requestId=] com.zaxxer.hikari.HikariDataSource - HikariPool-1 - Shutdown initiated...
2026-10-07T19:53:48.716+08:00 INFO  [main] [requestId=] com.zaxxer.hikari.HikariDataSource - HikariPool-1 - Shutdown completed.
2026-10-07T19:53:48.763+08:00 INFO  [main] [requestId=532ee245-0aec-4be3-86ab-45f99079ee64] c.hify.common.RequestLoggingFilter - http.request method=POST path=/api/v1/knowledge-bases status=201 latencyMs=26
2026-10-07T19:53:48.812+08:00 INFO  [main] [requestId=0196743d-1b5f-48a4-8a64-6219b597cd1f] c.hify.common.RequestLoggingFilter - http.request method=POST path=/api/v1/knowledge-bases status=201 latencyMs=5
2026-10-07T19:53:48.847+08:00 INFO  [main] [requestId=92478f6c-df78-4360-b2c5-a18a68144a61] c.hify.common.RequestLoggingFilter - http.request method=POST path=/api/v1/workflows status=201 latencyMs=33
2026-10-07T19:53:48.852+08:00 INFO  [main] [requestId=57ae4283-7de2-4f27-bd99-94857e3dd350] c.hify.common.RequestLoggingFilter - http.request method=POST path=/api/v1/workflows status=400 latencyMs=4
2026-10-07T19:53:48.854+08:00 INFO  [main] [requestId=f915bf87-ff8c-42d6-8bc3-f66762e731b3] c.hify.common.RequestLoggingFilter - http.request method=PUT path=/api/v1/workflows/3e0f8710-0ed6-438a-ac3c-f941894c3119 status=400 latencyMs=1
2026-10-07T19:53:48.859+08:00 INFO  [main] [requestId=ec86a4e5-3a6f-41d1-84b6-b3ae66240e11] c.hify.common.RequestLoggingFilter - http.request method=POST path=/api/v1/workflow-versions/17e9fed1-19a7-4b61-93a4-23069df0e9cc/runs status=409 latencyMs=2
2026-10-07T19:53:48.865+08:00 INFO  [main] [requestId=3cf5c996-d7b8-4822-8cde-2e9e2196c9bb] c.hify.common.RequestLoggingFilter - http.request method=POST path=/api/v1/knowledge-bases status=201 latencyMs=2
2026-10-07T19:53:48.872+08:00 INFO  [main] [requestId=913fb9fc-1162-453c-8458-0155ec22623b] c.hify.common.RequestLoggingFilter - http.request method=POST path=/api/v1/knowledge-bases/5cee36c3-c527-43d8-a638-e4273be620a7/documents status=202 latencyMs=6
2026-10-07T19:53:48.876+08:00 INFO  [main] [requestId=56a66a81-5e96-419d-ac27-800be37d7080] c.hify.common.RequestLoggingFilter - http.request method=GET path=/api/v1/documents/f9b3377f-28cb-47cc-8d13-7d7e0abb41e0 status=200 latencyMs=3
2026-10-07T19:53:49.053+08:00 INFO  [main] [requestId=f6988051-74da-4f60-9979-ae5ebd1d5ace] c.hify.common.RequestLoggingFilter - http.request method=GET path=/api/v1/documents/f9b3377f-28cb-47cc-8d13-7d7e0abb41e0 status=200 latencyMs=6
2026-10-07T19:53:49.058+08:00 INFO  [main] [requestId=0baaa994-4f63-4fa6-81df-52b65353154f] c.hify.common.RequestLoggingFilter - http.request method=GET path=/api/v1/documents/f9b3377f-28cb-47cc-8d13-7d7e0abb41e0/chunks status=200 latencyMs=3
2026-10-07T19:53:49.062+08:00 INFO  [main] [requestId=a58c8df5-f3a5-44da-96ae-e79b31b88cea] c.hify.common.RequestLoggingFilter - http.request method=DELETE path=/api/v1/documents/f9b3377f-28cb-47cc-8d13-7d7e0abb41e0 status=200 latencyMs=3
2026-10-07T19:53:49.073+08:00 INFO  [main] [requestId=a731abb2-2904-48d5-a016-f7dc43736254] c.hify.common.RequestLoggingFilter - http.request method=POST path=/api/v1/knowledge-bases status=201 latencyMs=4
2026-10-07T19:53:49.077+08:00 INFO  [main] [requestId=59a373f2-1d7f-44a6-9c91-11fca34ad33f] c.hify.common.RequestLoggingFilter - http.request method=POST path=/api/v1/knowledge-bases/08b001fe-d7fb-419f-aed5-d84007008253/documents status=202 latencyMs=3
2026-10-07T19:53:49.079+08:00 INFO  [main] [requestId=ad51babe-10d4-44e6-b378-ee6164e001bc] c.hify.common.RequestLoggingFilter - http.request method=GET path=/api/v1/documents/a9ef38cb-0567-4c1b-b8df-4c158be78bb3 status=200 latencyMs=1
2026-10-07T19:53:49.236+08:00 INFO  [main] [requestId=afb3f5ed-46fb-47f3-af6b-95fa58f22233] c.hify.common.RequestLoggingFilter - http.request method=GET path=/api/v1/documents/a9ef38cb-0567-4c1b-b8df-4c158be78bb3 status=200 latencyMs=7
2026-10-07T19:53:49.244+08:00 INFO  [main] [requestId=1911a716-748c-4dbe-81ed-c049e17a26df] c.hify.common.RequestLoggingFilter - http.request method=POST path=/api/v1/workflows status=201 latencyMs=7
2026-10-07T19:53:49.312+08:00 INFO  [main] [requestId=c0e0b3c4-d366-4e48-92b6-6e0b036a1347] c.hify.common.RequestLoggingFilter - http.request method=POST path=/api/v1/workflows/9721dea6-c954-4566-aded-310f65107292/versions status=200 latencyMs=66
2026-10-07T19:53:49.430+08:00 INFO  [main] [requestId=868dea4f-4e20-469a-ae3c-c3a57b313bea] c.hify.common.RequestLoggingFilter - http.request method=POST path=/api/v1/agents status=201 latencyMs=109
2026-10-07T19:53:49.455+08:00 INFO  [main] [requestId=7830ffe7-fe50-4cc9-91ad-0277a84fd590] c.hify.common.RequestLoggingFilter - http.request method=PUT path=/api/v1/agents/7d633a01-665f-4a0b-b4a7-4491901b43e7/workflow-binding status=200 latencyMs=24
2026-10-07T19:53:49.483+08:00 INFO  [main] [requestId=5ed781cb-be96-4f25-bcce-2f50d5faaa0f] c.hify.common.RequestLoggingFilter - http.request method=POST path=/api/v1/agents/7d633a01-665f-4a0b-b4a7-4491901b43e7/publications status=200 latencyMs=26
2026-10-07T19:53:49.496+08:00 INFO  [main] [requestId=1c682ab3-8de5-4ded-b001-08b621603291] c.hify.common.RequestLoggingFilter - http.request method=POST path=/api/v1/conversations status=201 latencyMs=12
2026-10-07T19:53:49.539+08:00 INFO  [main] [requestId=22d31522-ed0d-4291-8855-88fe042bb83a] c.hify.common.RequestLoggingFilter - http.request method=POST path=/api/v1/workflow-versions/2a32366e-0a0a-46e4-9beb-bd8768d7b23a/runs status=202 latencyMs=43
2026-10-07T19:53:49.543+08:00 INFO  [main] [requestId=f4b30df5-8e85-4a22-b9aa-8bee6197a1b0] c.hify.common.RequestLoggingFilter - http.request method=DELETE path=/api/v1/documents/a9ef38cb-0567-4c1b-b8df-4c158be78bb3 status=200 latencyMs=3
2026-10-07T19:53:49.553+08:00 INFO  [main] [requestId=bb4b0501-e98b-45a1-816f-42b94776e82c] c.hify.common.RequestLoggingFilter - http.request method=POST path=/api/v1/knowledge-bases/08b001fe-d7fb-419f-aed5-d84007008253/documents status=202 latencyMs=8
2026-10-07T19:53:49.556+08:00 INFO  [main] [requestId=e2df1e51-c8e1-4629-804f-7ff3df286d8f] c.hify.common.RequestLoggingFilter - http.request method=GET path=/api/v1/documents/a2612b85-152d-465d-a618-f315bcd743f6 status=200 latencyMs=2
2026-10-07T19:53:49.802+08:00 INFO  [main] [requestId=5fab7ae7-633e-4d39-b8cb-02cbeaecc4d1] c.hify.common.RequestLoggingFilter - http.request method=GET path=/api/v1/documents/a2612b85-152d-465d-a618-f315bcd743f6 status=200 latencyMs=82
2026-10-07T19:53:49.822+08:00 INFO  [main] [requestId=f1d4b6a7-95b9-4847-b565-5364c02cc454] c.hify.common.RequestLoggingFilter - http.request method=POST path=/api/v1/workflow-versions/2a32366e-0a0a-46e4-9beb-bd8768d7b23a/runs status=202 latencyMs=18
2026-10-07T19:53:49.839+08:00 INFO  [main] [requestId=032acd96-2815-45b9-a949-a2f177b62b99] c.hify.common.RequestLoggingFilter - http.request method=POST path=/api/v1/workflows/9721dea6-c954-4566-aded-310f65107292/versions status=200 latencyMs=12
2026-10-07T19:53:49.855+08:00 INFO  [main] [requestId=68757c1c-fd2b-4846-bd97-ee1608b427e9] c.hify.common.RequestLoggingFilter - http.request method=POST path=/api/v1/workflow-versions/7c583159-031c-40c5-b8b8-06c5f6022dfa/runs status=202 latencyMs=14
2026-10-07T19:53:49.866+08:00 INFO  [main] [requestId=17de04f1-bf0c-45b1-926d-afce56da3b0a] c.hify.common.RequestLoggingFilter - http.request method=POST path=/api/v1/agents/7d633a01-665f-4a0b-b4a7-4491901b43e7/publications status=200 latencyMs=10
2026-10-07T19:53:49.899+08:00 INFO  [main] [requestId=f5b6fd10-0da5-4399-85f8-a033ba0b0f1d] c.hify.common.RequestLoggingFilter - http.request method=POST path=/api/v1/conversations/b51f9472-fde3-4d94-bba4-e438e5b418b6/runs status=202 latencyMs=32
2026-10-07T19:53:49.901+08:00 INFO  [main] [requestId=33a43be6-b6c8-491f-875f-c2ee2a727394] c.hify.common.RequestLoggingFilter - http.request method=GET path=/api/v1/runs/50f7c553-c19c-4277-9296-be87adbf273c status=200 latencyMs=1
2026-10-07T19:53:50.079+08:00 INFO  [main] [requestId=20e6fddf-6b62-40e6-961a-0454e941073f] c.hify.common.RequestLoggingFilter - http.request method=GET path=/api/v1/runs/50f7c553-c19c-4277-9296-be87adbf273c status=200 latencyMs=4
2026-10-07T19:53:50.093+08:00 INFO  [main] [requestId=99d15092-ede1-41a1-aa21-ca9b1a1eee55] c.hify.common.RequestLoggingFilter - http.request method=POST path=/api/v1/conversations status=201 latencyMs=11
2026-10-07T19:53:50.115+08:00 INFO  [main] [requestId=04f97309-dd2d-4851-9fd7-51cd11563d64] c.hify.common.RequestLoggingFilter - http.request method=POST path=/api/v1/conversations/04732e70-74b3-4a75-9e2f-881befa50c1f/runs status=202 latencyMs=21
2026-10-07T19:53:50.118+08:00 INFO  [main] [requestId=f2a25f87-bda4-4dcc-b1a4-3d95a651783b] c.hify.common.RequestLoggingFilter - http.request method=GET path=/api/v1/runs/f211a5eb-1cae-4d15-9f90-dfb9bdddbdf8 status=200 latencyMs=1
2026-10-07T19:53:50.288+08:00 INFO  [main] [requestId=59411344-ba5e-4a48-9c73-20227e09416a] c.hify.common.RequestLoggingFilter - http.request method=GET path=/api/v1/runs/f211a5eb-1cae-4d15-9f90-dfb9bdddbdf8 status=200 latencyMs=5
2026-10-07T19:53:50.310+08:00 INFO  [main] [requestId=5dfa570d-543c-4194-a304-be4075ca2461] c.hify.common.RequestLoggingFilter - http.request method=GET path=/api/v1/workflows/9721dea6-c954-4566-aded-310f65107292 status=200 latencyMs=17
2026-10-07T19:53:50.336+08:00 INFO  [main] [requestId=4bc63b1f-f03e-4f64-b33c-c2673fe2f462] c.hify.common.RequestLoggingFilter - http.request method=DELETE path=/api/v1/knowledge-bases/08b001fe-d7fb-419f-aed5-d84007008253 status=200 latencyMs=24
2026-10-07T19:53:50.386+08:00 INFO  [main] [requestId=157efde5-e2b4-44ab-81f6-0be1ce4a1bc5] c.hify.common.RequestLoggingFilter - http.request method=POST path=/api/v1/workflow-versions/2a32366e-0a0a-46e4-9beb-bd8768d7b23a/runs status=202 latencyMs=46
2026-10-07T19:53:50.402+08:00 INFO  [main] [requestId=47a59bb2-c239-414e-8e70-d6c416d63726] c.hify.common.RequestLoggingFilter - http.request method=POST path=/api/v1/workflows/9721dea6-c954-4566-aded-310f65107292/versions status=404 latencyMs=6
2026-10-07T19:53:50.427+08:00 INFO  [main] [requestId=4cb1bd76-d5e0-4c23-ac87-eb67d508ffee] c.hify.common.RequestLoggingFilter - http.request method=POST path=/api/v1/knowledge-bases status=201 latencyMs=4
2026-10-07T19:53:50.433+08:00 INFO  [main] [requestId=64d9dd6f-8ec0-43cb-aefe-e4f1ba517b9a] c.hify.common.RequestLoggingFilter - http.request method=POST path=/api/v1/knowledge-bases/921d2bae-614d-4526-82ab-f9efa4571427/documents status=202 latencyMs=5
2026-10-07T19:53:50.435+08:00 INFO  [main] [requestId=38cb100f-800c-4715-8709-c404104150f3] c.hify.common.RequestLoggingFilter - http.request method=GET path=/api/v1/documents/86c88da1-3b66-4309-ba5e-d52d30cea0e0 status=200 latencyMs=1
2026-10-07T19:53:50.611+08:00 INFO  [main] [requestId=1da8992c-720d-4657-acfb-e477f97b1d73] c.hify.common.RequestLoggingFilter - http.request method=GET path=/api/v1/documents/86c88da1-3b66-4309-ba5e-d52d30cea0e0 status=200 latencyMs=2
2026-10-07T19:53:50.617+08:00 INFO  [main] [requestId=974f13c9-a10f-4af6-bde6-9bbf828eb46a] c.hify.common.RequestLoggingFilter - http.request method=POST path=/api/v1/workflows status=201 latencyMs=6
2026-10-07T19:53:50.639+08:00 INFO  [main] [requestId=254b5344-065b-431d-87b0-532bc7305b0d] c.hify.common.RequestLoggingFilter - http.request method=POST path=/api/v1/workflows/e489c524-146d-4d96-ac6d-841e07f12efd/versions status=200 latencyMs=21
2026-10-07T19:53:50.664+08:00 INFO  [main] [requestId=6b4f7895-dfbe-460d-8b6e-43c07cba9276] c.hify.common.RequestLoggingFilter - http.request method=POST path=/api/v1/workflow-versions/f3b2ef0b-e48d-420a-b022-16647aa34eca/runs status=202 latencyMs=22
2026-10-07T19:53:50.678+08:00 INFO  [main] [requestId=36a2cf4f-69d3-429d-9f42-b4e9cb5a90a5] c.hify.common.RequestLoggingFilter - http.request method=POST path=/api/v1/knowledge-bases status=201 latencyMs=4
2026-10-07T19:53:50.685+08:00 INFO  [main] [requestId=b05b880a-c992-45b0-ba86-fe3e84c6b8f2] c.hify.common.RequestLoggingFilter - http.request method=POST path=/api/v1/knowledge-bases/44ec9070-f7e1-4ac3-bdd0-dd5c6bf19c43/documents status=202 latencyMs=5
2026-10-07T19:53:50.687+08:00 INFO  [main] [requestId=d34cb8ff-7398-4c23-88e2-f57d7d60a121] c.hify.common.RequestLoggingFilter - http.request method=GET path=/api/v1/documents/e7377023-0014-413c-a54a-3318d4e55985 status=200 latencyMs=1
2026-10-07T19:53:50.731+08:00 INFO  [main] [requestId=29170d01-225a-41ab-a83a-4dd29434dfcb] c.hify.common.RequestLoggingFilter - http.request method=GET path=/api/v1/documents/e7377023-0014-413c-a54a-3318d4e55985 status=200 latencyMs=3
2026-10-07T19:53:50.740+08:00 INFO  [main] [requestId=10edd6b1-5e30-4847-a520-33393b285837] c.hify.common.RequestLoggingFilter - http.request method=POST path=/api/v1/workflows status=201 latencyMs=8
2026-10-07T19:53:50.759+08:00 INFO  [main] [requestId=6849caae-b924-41a9-9a4c-60c8c0f74488] c.hify.common.RequestLoggingFilter - http.request method=POST path=/api/v1/workflows/3419ba4b-6514-4276-afa4-dcad563f2631/versions status=200 latencyMs=17
2026-10-07T19:53:50.778+08:00 INFO  [main] [requestId=803bbf5b-2f50-4de2-892c-d51f2a5a1d82] c.hify.common.RequestLoggingFilter - http.request method=POST path=/api/v1/workflow-versions/90fc7359-4407-4694-bd3a-34c14b36fe20/runs status=202 latencyMs=16
2026-10-07T19:53:50.785+08:00 INFO  [main] [requestId=0634b226-0cbc-4945-acea-b5491bf432ef] c.hify.common.RequestLoggingFilter - http.request method=POST path=/api/v1/knowledge-bases status=201 latencyMs=2
2026-10-07T19:53:50.788+08:00 INFO  [main] [requestId=3857132c-de9b-415c-99b0-126b59f70b54] c.hify.common.RequestLoggingFilter - http.request method=POST path=/api/v1/knowledge-bases/a90d429f-c53c-486e-8030-c22bcb6dd0ac/documents status=202 latencyMs=2
2026-10-07T19:53:50.789+08:00 INFO  [main] [requestId=3122616e-df18-4365-b135-481067eb531a] c.hify.common.RequestLoggingFilter - http.request method=GET path=/api/v1/documents/cb826769-2bf7-4c37-bf8f-9e63f27dc084 status=200 latencyMs=1
2026-10-07T19:53:50.957+08:00 INFO  [main] [requestId=69f8f1c8-e0ff-4c78-9999-1173d7fde1f9] c.hify.common.RequestLoggingFilter - http.request method=GET path=/api/v1/documents/cb826769-2bf7-4c37-bf8f-9e63f27dc084 status=200 latencyMs=4
2026-10-07T19:53:50.998+08:00 INFO  [main] [requestId=d7642301-0009-46b1-95a5-0656487cbabe] c.hify.common.RequestLoggingFilter - http.request method=POST path=/api/v1/workflows status=201 latencyMs=40
2026-10-07T19:53:51.051+08:00 INFO  [main] [requestId=b6f8e26f-388c-42f0-a549-55f22c33a238] c.hify.common.RequestLoggingFilter - http.request method=POST path=/api/v1/workflows/438b4550-dce6-44f3-b7b8-4ece0786bdcb/versions status=200 latencyMs=53
2026-10-07T19:53:51.108+08:00 INFO  [main] [requestId=bb17495b-9ef8-4609-b352-a75b4f9a69f0] c.hify.common.RequestLoggingFilter - http.request method=POST path=/api/v1/workflow-versions/34706152-9824-47d2-9664-99b062268d50/runs status=202 latencyMs=49
2026-10-07T19:53:51.128+08:00 INFO  [main] [requestId=f62d229f-290d-4e07-961f-5a2664eacc94] c.hify.common.RequestLoggingFilter - http.request method=POST path=/api/v1/knowledge-bases status=201 latencyMs=5
2026-10-07T19:53:51.135+08:00 INFO  [main] [requestId=7ebad707-38fa-4d56-a6fc-943fdc3e6713] c.hify.common.RequestLoggingFilter - http.request method=POST path=/api/v1/knowledge-bases/884abd1b-2cc8-4a05-a71b-44eb35513e50/documents status=202 latencyMs=6
2026-10-07T19:53:51.153+08:00 INFO  [main] [requestId=bf8eef4e-07ec-42af-8935-78f1cbbcb3c7] c.hify.common.RequestLoggingFilter - http.request method=GET path=/api/v1/documents/fb2e8b57-9e42-4714-8d9c-61fb35675af2 status=200 latencyMs=17
2026-10-07T19:53:51.272+08:00 INFO  [main] [requestId=617ad645-da9e-4cd1-8ec4-54b06acc42b0] c.hify.common.RequestLoggingFilter - http.request method=GET path=/api/v1/documents/fb2e8b57-9e42-4714-8d9c-61fb35675af2 status=200 latencyMs=8
2026-10-07T19:53:51.308+08:00 INFO  [main] [requestId=26ac0924-1364-405d-b1ce-1357b02f87ad] c.hify.common.RequestLoggingFilter - http.request method=POST path=/api/v1/workflows status=201 latencyMs=32
2026-10-07T19:53:51.357+08:00 INFO  [main] [requestId=e75631fb-461d-434b-a0c4-00bbd7bd9ed0] c.hify.common.RequestLoggingFilter - http.request method=POST path=/api/v1/workflows/a3a36e3a-c46b-40d5-9f1f-026a966127f2/versions status=200 latencyMs=48
2026-10-07T19:53:51.378+08:00 INFO  [main] [requestId=ac98274c-2bcf-4834-8ced-c790dd12434c] c.hify.common.RequestLoggingFilter - http.request method=POST path=/api/v1/knowledge-bases status=201 latencyMs=12
2026-10-07T19:53:51.409+08:00 INFO  [main] [requestId=55b695e1-6af4-4ead-932e-b0e8abda912e] c.hify.common.RequestLoggingFilter - http.request method=POST path=/api/v1/workflow-versions/4eb71838-8409-479c-be9e-038a88aaf27a/runs status=202 latencyMs=27
2026-10-07T19:53:51.417+08:00 INFO  [main] [requestId=41ef9149-4065-4019-b5f2-18cbee841421] c.hify.common.RequestLoggingFilter - http.request method=POST path=/api/v1/knowledge-bases status=201 latencyMs=2
2026-10-07T19:53:51.420+08:00 INFO  [main] [requestId=e808363e-0924-492e-ad97-05e7481059ee] c.hify.common.RequestLoggingFilter - http.request method=POST path=/api/v1/knowledge-bases/74c26e2d-7dc0-40d2-acc2-9986f03b78ac/documents status=202 latencyMs=3
2026-10-07T19:53:51.422+08:00 INFO  [main] [requestId=d719a78b-b5da-4b98-81b6-c3fa9ef0e6b3] c.hify.common.RequestLoggingFilter - http.request method=GET path=/api/v1/documents/5c0b1183-e74b-4cda-bb20-ac1929fa7599 status=200 latencyMs=1
2026-10-07T19:53:51.554+08:00 INFO  [main] [requestId=0c895182-6acc-48fd-b44f-0df9bbaf805d] c.hify.common.RequestLoggingFilter - http.request method=GET path=/api/v1/documents/5c0b1183-e74b-4cda-bb20-ac1929fa7599 status=200 latencyMs=3
2026-10-07T19:53:51.568+08:00 INFO  [main] [requestId=45e40261-0c1f-4a02-bd00-6d316774c2ff] c.hify.common.RequestLoggingFilter - http.request method=POST path=/api/v1/workflows status=201 latencyMs=12
2026-10-07T19:53:51.581+08:00 INFO  [main] [requestId=fc14378c-9ce7-41e5-a66a-4f2d36bd2ce6] c.hify.common.RequestLoggingFilter - http.request method=POST path=/api/v1/workflows/ad856c6f-c5bc-464b-ae9f-3a82bf904069/versions status=404 latencyMs=12
2026-10-07T19:53:51.598+08:00 INFO  [main] [requestId=3a819005-c550-441c-8f10-614c8af4552c] c.hify.common.RequestLoggingFilter - http.request method=POST path=/api/v1/knowledge-bases status=201 latencyMs=3
2026-10-07T19:53:51.602+08:00 INFO  [main] [requestId=74bf2ba2-f2b3-442c-8cb0-521a44cced6f] c.hify.common.RequestLoggingFilter - http.request method=POST path=/api/v1/knowledge-bases/1cf5d3d8-4787-4583-8351-d3fe91a81aac/documents status=202 latencyMs=3
2026-10-07T19:53:51.604+08:00 INFO  [main] [requestId=f40ff5a9-9d93-481c-ae11-bfa86e068235] c.hify.common.RequestLoggingFilter - http.request method=GET path=/api/v1/documents/3f3097b6-4255-4778-8671-d07aaac7b172 status=200 latencyMs=2
2026-10-07T19:53:51.700+08:00 INFO  [main] [requestId=43bc007b-6631-4b73-8640-855591d1af1d] c.hify.common.RequestLoggingFilter - http.request method=GET path=/api/v1/documents/3f3097b6-4255-4778-8671-d07aaac7b172 status=200 latencyMs=2
2026-10-07T19:53:51.706+08:00 INFO  [main] [requestId=3241fbca-d53b-46b7-93b3-7d88924f1eac] c.hify.common.RequestLoggingFilter - http.request method=POST path=/api/v1/workflows status=201 latencyMs=5
2026-10-07T19:53:51.713+08:00 INFO  [main] [requestId=8fb4e72e-07f4-47fa-9c35-3cb4090c397f] c.hify.common.RequestLoggingFilter - http.request method=POST path=/api/v1/workflows/4b5d302a-423c-4eef-b963-4d3ae8bb581a/versions status=200 latencyMs=6
2026-10-07T19:53:51.731+08:00 INFO  [main] [requestId=b7ea028c-6279-4266-85b9-01a0d0f3c8a2] c.hify.common.RequestLoggingFilter - http.request method=POST path=/api/v1/workflow-versions/87d02a27-24f1-4e88-8dd3-b4aa5289ea26/runs status=202 latencyMs=17
2026-10-07T19:53:51.749+08:00 INFO  [main] [requestId=3eb7170d-3769-4196-a4e6-061f0f1c5e52] c.hify.common.RequestLoggingFilter - http.request method=POST path=/api/v1/workflow-versions/87d02a27-24f1-4e88-8dd3-b4aa5289ea26/runs status=202 latencyMs=16
2026-10-07T19:53:51.777+08:00 INFO  [main] [requestId=0c1e6d01-58df-4360-9b8d-3ea03c7cf685] c.hify.common.RequestLoggingFilter - http.request method=POST path=/api/v1/knowledge-bases status=201 latencyMs=6
2026-10-07T19:53:51.789+08:00 INFO  [main] [requestId=a4a66bc0-68bf-4691-9458-e1122270ef29] c.hify.common.RequestLoggingFilter - http.request method=POST path=/api/v1/knowledge-bases/8f0e18e8-ed1a-4dec-8e6b-9fe524784f27/documents status=202 latencyMs=10
2026-10-07T19:53:51.796+08:00 INFO  [main] [requestId=061c7ffb-06fa-4412-9d0e-448bd07cd810] c.hify.common.RequestLoggingFilter - http.request method=GET path=/api/v1/documents/1bf67a6f-55e0-44fb-83d4-38caec12d8f4 status=200 latencyMs=5
2026-10-07T19:53:51.975+08:00 INFO  [main] [requestId=aa9452af-4d5e-4787-8967-87ee534656bd] c.hify.common.RequestLoggingFilter - http.request method=GET path=/api/v1/documents/1bf67a6f-55e0-44fb-83d4-38caec12d8f4 status=200 latencyMs=3
2026-10-07T19:53:52.201+08:00 INFO  [main] [requestId=a3c7c772-90a1-4e07-95b8-ddcc0759262c] c.hify.common.RequestLoggingFilter - http.request method=DELETE path=/api/v1/documents/1bf67a6f-55e0-44fb-83d4-38caec12d8f4 status=200 latencyMs=4
2026-10-07T19:53:52.206+08:00 INFO  [main] [requestId=d11dfee7-c45b-4462-98ab-fe2f45a394c7] c.hify.common.RequestLoggingFilter - http.request method=POST path=/api/v1/knowledge-bases/8f0e18e8-ed1a-4dec-8e6b-9fe524784f27/documents status=202 latencyMs=3
2026-10-07T19:53:52.207+08:00 INFO  [main] [requestId=293b5086-150e-4b9f-ab14-78471f8b8994] c.hify.common.RequestLoggingFilter - http.request method=GET path=/api/v1/documents/d5c0160b-5f56-40a1-8b99-33a84a39e796 status=200 latencyMs=1
2026-10-07T19:53:52.377+08:00 INFO  [main] [requestId=53a78ef1-b045-4bc9-a573-d8704e3f27e0] c.hify.common.RequestLoggingFilter - http.request method=GET path=/api/v1/documents/d5c0160b-5f56-40a1-8b99-33a84a39e796 status=200 latencyMs=11
2026-10-07T19:53:52.694+08:00 INFO  [main] [requestId=c4f8fddc-f185-4343-9a3b-af7c0453c8ad] c.hify.common.RequestLoggingFilter - http.request method=POST path=/api/v1/knowledge-bases status=201 latencyMs=16
2026-10-07T19:53:52.704+08:00 INFO  [main] [requestId=e8ccd3c0-c9bb-42a0-b7c2-1d94e7bda37b] c.hify.common.RequestLoggingFilter - http.request method=POST path=/api/v1/workflows status=201 latencyMs=8
2026-10-07T19:53:52.717+08:00 INFO  [main] [requestId=5ad95cc1-d1d3-4c84-9863-cdeaf0a821a9] c.hify.common.RequestLoggingFilter - http.request method=POST path=/api/v1/workflows/143216ef-06e1-4dd6-8b0f-53e3fd1398d6/versions status=200 latencyMs=12
2026-10-07T19:53:52.738+08:00 INFO  [main] [requestId=2fe52c89-d09f-48e5-b430-63dd6dbd4268] c.hify.common.RequestLoggingFilter - http.request method=POST path=/api/v1/workflow-versions/03e69cbe-9b34-42be-9b29-ffa9c44343f7/runs status=202 latencyMs=20
2026-10-07T19:53:52.754+08:00 INFO  [main] [requestId=c2f6c01f-1d7f-4e9e-bc3d-3b56e955ad59] c.hify.common.RequestLoggingFilter - http.request method=POST path=/api/v1/knowledge-bases status=201 latencyMs=7
2026-10-07T19:53:52.765+08:00 INFO  [main] [requestId=1709489b-2cab-4649-a083-99696ebd5225] c.hify.common.RequestLoggingFilter - http.request method=POST path=/api/v1/knowledge-bases/48ce5b30-0f98-401b-87d6-d95408fe6279/documents status=202 latencyMs=10
2026-10-07T19:53:52.769+08:00 INFO  [main] [requestId=160a7079-6f54-4ad9-ad49-1414bff83be6] c.hify.common.RequestLoggingFilter - http.request method=GET path=/api/v1/documents/b083601d-d049-489e-b27d-cace8b6ff6cf status=200 latencyMs=2
2026-10-07T19:53:52.946+08:00 INFO  [main] [requestId=02946c30-4166-415c-aab2-fcf8836d3815] c.hify.common.RequestLoggingFilter - http.request method=GET path=/api/v1/documents/b083601d-d049-489e-b27d-cace8b6ff6cf status=200 latencyMs=3
2026-10-07T19:53:53.543+08:00 INFO  [main] [requestId=ada38ad4-ab64-48cc-81f2-7b067566e497] c.hify.common.RequestLoggingFilter - http.request method=POST path=/api/v1/knowledge-bases status=201 latencyMs=12
2026-10-07T19:53:53.837+08:00 INFO  [main] [requestId=fd8553c1-38f3-4081-aa9b-1534ab8ba1df] c.hify.common.RequestLoggingFilter - http.request method=POST path=/api/v1/knowledge-bases status=201 latencyMs=6
2026-10-07T19:53:53.845+08:00 INFO  [main] [requestId=7c562171-5ccc-4fd4-ab53-f57999bf8942] c.hify.common.RequestLoggingFilter - http.request method=POST path=/api/v1/knowledge-bases/07c082e6-4955-46cc-83e1-b9938ac9e786/documents status=202 latencyMs=7
2026-10-07T19:53:53.851+08:00 INFO  [main] [requestId=25f305ff-2cc0-4c08-afd6-2440076f3734] c.hify.common.RequestLoggingFilter - http.request method=GET path=/api/v1/documents/59072253-1d0d-40bc-8d0c-a7dd08dfa6c6 status=200 latencyMs=4
2026-10-07T19:53:54.023+08:00 INFO  [main] [requestId=9bec77b6-3eef-49ea-8666-16a40f8f6bf8] c.hify.common.RequestLoggingFilter - http.request method=GET path=/api/v1/documents/59072253-1d0d-40bc-8d0c-a7dd08dfa6c6 status=200 latencyMs=2
2026-10-07T19:53:54.129+08:00 INFO  [main] [requestId=9f884427-bd84-47fd-bbf6-d4c6540f1973] c.hify.common.RequestLoggingFilter - http.request method=POST path=/api/v1/knowledge-bases status=201 latencyMs=2
2026-10-07T19:53:54.134+08:00 INFO  [main] [requestId=482ab41c-d38e-424c-a088-95e6b447f0f6] c.hify.common.RequestLoggingFilter - http.request method=POST path=/api/v1/knowledge-bases/9fe05751-fe4a-4d57-9858-82d8ab17d114/documents status=202 latencyMs=3
2026-10-07T19:53:54.136+08:00 INFO  [main] [requestId=ab45155e-3ff6-4f85-8eec-00664c92e6b1] c.hify.common.RequestLoggingFilter - http.request method=GET path=/api/v1/documents/25bb22fe-954b-44b7-86b9-38d463613af2 status=200 latencyMs=1
2026-10-07T19:53:54.307+08:00 INFO  [main] [requestId=ac9c9879-e3c7-438a-8510-8bfa9264e6df] c.hify.common.RequestLoggingFilter - http.request method=GET path=/api/v1/documents/25bb22fe-954b-44b7-86b9-38d463613af2 status=200 latencyMs=5
2026-10-07T19:53:54.406+08:00 INFO  [main] [requestId=f95815c9-4d7c-45d3-8951-d45007b2a3f1] c.hify.common.RequestLoggingFilter - http.request method=POST path=/api/v1/knowledge-bases status=201 latencyMs=2
2026-10-07T19:53:54.409+08:00 INFO  [main] [requestId=74a349b7-63e0-4e07-ae56-ba6e6da56fa7] c.hify.common.RequestLoggingFilter - http.request method=POST path=/api/v1/knowledge-bases status=201 latencyMs=2
2026-10-07T19:53:54.412+08:00 INFO  [main] [requestId=53c79a00-dd6e-4321-8c53-82b2d164e120] c.hify.common.RequestLoggingFilter - http.request method=POST path=/api/v1/knowledge-bases/9138c06e-c1bb-4c77-8716-4bccfd9cd405/documents status=202 latencyMs=2
2026-10-07T19:53:54.413+08:00 INFO  [main] [requestId=8d8e65fd-059c-4a22-9ac1-7a8cd4a42a5a] c.hify.common.RequestLoggingFilter - http.request method=GET path=/api/v1/documents/e56edfa8-513f-4116-9fab-e251a30da7b9 status=200 latencyMs=1
2026-10-07T19:53:54.520+08:00 INFO  [main] [requestId=4a2ff2b6-3974-4b5b-95e8-4be6596b68b6] c.hify.common.RequestLoggingFilter - http.request method=GET path=/api/v1/documents/e56edfa8-513f-4116-9fab-e251a30da7b9 status=200 latencyMs=12
[INFO] Tests run: 18, Failures: 0, Errors: 0, Skipped: 0, Time elapsed: 16.99 s -- in com.hify.api.KnowledgeFinishPostgresTest
[INFO] Running com.hify.api.PostgresConcurrencyIntegrationTest
2026-10-07T19:53:55.357+08:00 INFO  [main] [requestId=] o.s.t.c.s.AnnotationConfigContextLoaderUtils - Could not detect default configuration classes for test class [com.hify.api.PostgresConcurrencyIntegrationTest]: PostgresConcurrencyIntegrationTest does not declare any static, non-private, non-final, nested classes annotated with @Configuration.
2026-10-07T19:53:55.365+08:00 INFO  [main] [requestId=] o.s.b.t.c.SpringBootTestContextBootstrapper - Found @SpringBootConfiguration com.hify.HifyApplication for test class com.hify.api.PostgresConcurrencyIntegrationTest
2026-10-07T19:53:55.368+08:00 INFO  [main] [requestId=] tc.pgvector/pgvector:pg16 - Creating container for image: pgvector/pgvector:pg16
2026-10-07T19:53:55.417+08:00 INFO  [main] [requestId=] tc.pgvector/pgvector:pg16 - Container pgvector/pgvector:pg16 is starting: efdf8b972a8cae561cf10aaa779aeca073dfb3471b2be1c04ee4bd2b30f4c683
2026-10-07T19:53:56.543+08:00 INFO  [main] [requestId=] tc.pgvector/pgvector:pg16 - Container pgvector/pgvector:pg16 started in PT1.173588S
2026-10-07T19:53:56.546+08:00 INFO  [main] [requestId=] tc.pgvector/pgvector:pg16 - Container is started (JDBC URL: jdbc:postgresql://127.0.0.1:32774/hify_test?loggerLevel=OFF)

  .   ____          _            __ _ _
 /\\ / ___'_ __ _ _(_)_ __  __ _ \ \ \ \
( ( )\___ | '_ | '_| | '_ \/ _` | \ \ \ \
 \\/  ___)| |_)| | | | | || (_| |  ) ) ) )
  '  |____| .__|_| |_|_| |_\__, | / / / /
 =========|_|==============|___/=/_/_/_/

 :: Spring Boot ::                (v3.4.5)

2026-10-07T19:53:56.719+08:00 INFO  [main] [requestId=] c.h.a.PostgresConcurrencyIntegrationTest - Starting PostgresConcurrencyIntegrationTest using Java 17.0.19 with PID 6303 (started by weberzhao in /private/tmp/hify-course-20261006.hhEhwt/retrieval-worktree/backend/hify-app)
2026-10-07T19:53:56.720+08:00 INFO  [main] [requestId=] c.h.a.PostgresConcurrencyIntegrationTest - No active profile set, falling back to 1 default profile: "default"
2026-10-07T19:53:58.306+08:00 INFO  [main] [requestId=] o.s.d.r.c.RepositoryConfigurationDelegate - Multiple Spring Data modules found, entering strict repository configuration mode
2026-10-07T19:53:58.308+08:00 INFO  [main] [requestId=] o.s.d.r.c.RepositoryConfigurationDelegate - Bootstrapping Spring Data JPA repositories in DEFAULT mode.
2026-10-07T19:53:58.478+08:00 INFO  [main] [requestId=] o.s.d.r.c.RepositoryConfigurationDelegate - Finished Spring Data repository scanning in 168 ms. Found 34 JPA repository interfaces.
2026-10-07T19:53:59.893+08:00 INFO  [main] [requestId=] com.zaxxer.hikari.HikariDataSource - HikariPool-10 - Starting...
2026-10-07T19:54:00.187+08:00 INFO  [main] [requestId=] com.zaxxer.hikari.pool.HikariPool - HikariPool-10 - Added connection org.postgresql.jdbc.PgConnection@18c18317
2026-10-07T19:54:00.187+08:00 INFO  [main] [requestId=] com.zaxxer.hikari.HikariDataSource - HikariPool-10 - Start completed.
2026-10-07T19:54:00.192+08:00 INFO  [main] [requestId=] org.flywaydb.core.FlywayExecutor - Database: jdbc:postgresql://127.0.0.1:32774/hify_test?loggerLevel=OFF (PostgreSQL 16.15)
2026-10-07T19:54:00.219+08:00 INFO  [main] [requestId=] o.f.c.i.s.JdbcTableSchemaHistory - Schema history table "public"."flyway_schema_history" does not exist yet
2026-10-07T19:54:00.220+08:00 INFO  [main] [requestId=] o.f.core.internal.command.DbValidate - Successfully validated 24 migrations (execution time 00:00.014s)
2026-10-07T19:54:00.227+08:00 INFO  [main] [requestId=] o.f.c.i.s.JdbcTableSchemaHistory - Creating Schema History table "public"."flyway_schema_history" ...
2026-10-07T19:54:00.256+08:00 INFO  [main] [requestId=] o.f.core.internal.command.DbMigrate - Current version of schema "public": << Empty Schema >>
2026-10-07T19:54:00.264+08:00 INFO  [main] [requestId=] o.f.core.internal.command.DbMigrate - Migrating schema "public" to version "1 - baseline"
2026-10-07T19:54:00.296+08:00 INFO  [main] [requestId=] o.f.core.internal.command.DbMigrate - Migrating schema "public" to version "2 - demo item"
2026-10-07T19:54:00.306+08:00 INFO  [main] [requestId=] o.f.core.internal.command.DbMigrate - Migrating schema "public" to version "3 - run replan control"
2026-10-07T19:54:00.316+08:00 INFO  [main] [requestId=] o.f.core.internal.command.DbMigrate - Migrating schema "public" to version "4 - run context state"
2026-10-07T19:54:00.328+08:00 INFO  [main] [requestId=] o.f.core.internal.command.DbMigrate - Migrating schema "public" to version "5 - provider catalog"
2026-10-07T19:54:00.350+08:00 INFO  [main] [requestId=] o.f.core.internal.command.DbMigrate - Migrating schema "public" to version "6 - agent publishing"
2026-10-07T19:54:00.378+08:00 INFO  [main] [requestId=] o.f.core.internal.command.DbMigrate - Migrating schema "public" to version "7 - agent archive and tool bindings"
2026-10-07T19:54:00.389+08:00 INFO  [main] [requestId=] o.f.core.internal.command.DbMigrate - Migrating schema "public" to version "8 - backfill agent tool bindings"
2026-10-07T19:54:00.397+08:00 INFO  [main] [requestId=] o.f.core.internal.command.DbMigrate - Migrating schema "public" to version "9 - runtime capability and history"
2026-10-07T19:54:00.406+08:00 INFO  [main] [requestId=] o.f.core.internal.command.DbMigrate - Migrating schema "public" to version "10 - child agent task protocol"
2026-10-07T19:54:00.425+08:00 INFO  [main] [requestId=] o.f.core.internal.command.DbMigrate - Migrating schema "public" to version "11 - context memory catalog"
2026-10-07T19:54:00.467+08:00 INFO  [main] [requestId=] o.f.core.internal.command.DbMigrate - Migrating schema "public" to version "12 - history full text index"
2026-10-07T19:54:00.476+08:00 INFO  [main] [requestId=] o.f.core.internal.command.DbMigrate - Migrating schema "public" to version "13 - history vector index"
2026-10-07T19:54:00.525+08:00 INFO  [main] [requestId=] o.f.core.internal.command.DbMigrate - Migrating schema "public" to version "14 - knowledge catalog"
2026-10-07T19:54:00.542+08:00 INFO  [main] [requestId=] o.f.core.internal.command.DbMigrate - Migrating schema "public" to version "15 - knowledge search indexes"
2026-10-07T19:54:00.628+08:00 INFO  [main] [requestId=] o.f.core.internal.command.DbMigrate - Migrating schema "public" to version "16 - workflow runtime"
2026-10-07T19:54:00.701+08:00 INFO  [main] [requestId=] o.f.core.internal.command.DbMigrate - Migrating schema "public" to version "17 - mcp server registry"
2026-10-07T19:54:00.721+08:00 INFO  [main] [requestId=] o.f.core.internal.command.DbMigrate - Migrating schema "public" to version "18 - agent knowledge capability"
2026-10-07T19:54:00.742+08:00 INFO  [main] [requestId=] o.f.core.internal.command.DbMigrate - Migrating schema "public" to version "19 - agent workflow mcp capabilities"
2026-10-07T19:54:00.751+08:00 INFO  [main] [requestId=] o.f.core.internal.command.DbMigrate - Migrating schema "public" to version "20 - mcp encrypted credentials"
2026-10-07T19:54:00.757+08:00 INFO  [main] [requestId=] o.f.core.internal.command.DbMigrate - Migrating schema "public" to version "21 - workflow control terminal states"
2026-10-07T19:54:00.804+08:00 INFO  [main] [requestId=] o.f.core.internal.command.DbMigrate - Migrating schema "public" to version "22 - workflow interrupted state"
2026-10-07T19:54:00.844+08:00 INFO  [main] [requestId=] o.f.core.internal.command.DbMigrate - Migrating schema "public" to version "23 - history operation recovery"
2026-10-07T19:54:00.856+08:00 INFO  [main] [requestId=] o.f.core.internal.command.DbMigrate - Migrating schema "public" to version "24 - semantic embedding profiles"
2026-10-07T19:54:00.870+08:00 INFO  [main] [requestId=] o.f.core.internal.command.DbMigrate - Successfully applied 24 migrations to schema "public", now at version v24 (execution time 00:00.370s)
2026-10-07T19:54:01.025+08:00 INFO  [main] [requestId=] o.h.jpa.internal.util.LogHelper - HHH000204: Processing PersistenceUnitInfo [name: default]
2026-10-07T19:54:01.054+08:00 INFO  [main] [requestId=] o.h.c.i.RegionFactoryInitiator - HHH000026: Second-level cache disabled
2026-10-07T19:54:01.225+08:00 INFO  [main] [requestId=] o.s.o.j.p.SpringPersistenceUnitInfo - No LoadTimeWeaver setup: ignoring JPA class transformer
2026-10-07T19:54:01.265+08:00 INFO  [main] [requestId=] o.hibernate.orm.connections.pooling - HHH10001005: Database info:
	Database JDBC URL [Connecting through datasource 'HikariDataSource (HikariPool-10)']
	Database driver: undefined/unknown
	Database version: 16.15
	Autocommit mode: undefined/unknown
	Isolation level: undefined/unknown
	Minimum pool size: undefined/unknown
	Maximum pool size: undefined/unknown
2026-10-07T19:54:01.471+08:00 INFO  [main] [requestId=] o.h.e.t.j.p.i.JtaPlatformInitiator - HHH000489: No JTA platform available (set 'hibernate.transaction.jta.platform' to enable JTA platform integration)
2026-10-07T19:54:01.500+08:00 INFO  [main] [requestId=] o.s.o.j.LocalContainerEntityManagerFactoryBean - Initialized JPA EntityManagerFactory for persistence unit 'default'
2026-10-07T19:54:05.346+08:00 INFO  [main] [requestId=] c.b.m.s.MybatisPlusApplicationContextAware - Register ApplicationContext instances org.springframework.web.context.support.GenericWebApplicationContext@3d7b22d4
2026-10-07T19:54:06.353+08:00 INFO  [main] [requestId=] o.s.b.t.m.w.SpringBootMockServletContext - Initializing Spring TestDispatcherServlet ''
2026-10-07T19:54:06.354+08:00 INFO  [main] [requestId=] o.s.t.w.s.TestDispatcherServlet - Initializing Servlet ''
2026-10-07T19:54:06.356+08:00 INFO  [main] [requestId=] o.s.b.a.e.web.EndpointLinksResolver - Exposing 2 endpoints beneath base path '/actuator'
2026-10-07T19:54:06.365+08:00 INFO  [main] [requestId=] o.s.t.w.s.TestDispatcherServlet - Completed initialization in 10 ms
2026-10-07T19:54:06.387+08:00 INFO  [main] [requestId=] c.h.a.PostgresConcurrencyIntegrationTest - Started PostgresConcurrencyIntegrationTest in 9.82 seconds (process running for 115.279)
2026-10-07T19:54:06.546+08:00 INFO  [main] [requestId=] o.s.o.j.LocalContainerEntityManagerFactoryBean - Closing JPA EntityManagerFactory for persistence unit 'default'
2026-10-07T19:54:06.555+08:00 INFO  [main] [requestId=] com.zaxxer.hikari.HikariDataSource - HikariPool-2 - Shutdown initiated...
2026-10-07T19:54:06.556+08:00 INFO  [main] [requestId=] com.zaxxer.hikari.HikariDataSource - HikariPool-2 - Shutdown completed.
2026-10-07T19:54:06.598+08:00 INFO  [main] [requestId=66750703-5d08-4dd0-8cf9-24b14199c9ba] c.hify.common.RequestLoggingFilter - http.request method=GET path=/api/v1/runs/event-run-a6546f63-8628-4c89-b05c-f016a0f02ca1/events/stream status=200 latencyMs=31
2026-10-07T19:54:06.734+08:00 INFO  [main] [requestId=7ebfeb87-d282-43f2-aa42-349dbda97c70] c.hify.common.RequestLoggingFilter - http.request method=POST path=/api/v1/conversations status=201 latencyMs=25
2026-10-07T19:54:06.786+08:00 INFO  [main] [requestId=03bd63d7-b312-4ebc-ac36-f55d0a5cb1e8] c.hify.common.RequestLoggingFilter - http.request method=POST path=/api/v1/conversations/b227e7cd-6117-4c0b-b5f7-61c262587934/runs status=202 latencyMs=50
2026-10-07T19:54:07.223+08:00 INFO  [main] [requestId=ee26b48d-8dd0-4b8d-9d04-c2fa836aad87] c.hify.common.RequestLoggingFilter - http.request method=GET path=/api/v1/runs/bcb5f61a-c3eb-4782-9b57-6d80a351eeac/events/stream status=200 latencyMs=9
2026-10-07T19:54:07.387+08:00 INFO  [main] [requestId=b0b4e463-7e9a-4e03-bd11-32bdcd5be13e] c.hify.common.RequestLoggingFilter - http.request method=POST path=/api/v1/conversations/b227e7cd-6117-4c0b-b5f7-61c262587934/runs status=202 latencyMs=21
2026-10-07T19:54:07.808+08:00 INFO  [main] [requestId=ce04dd35-3e6b-4224-bcd1-1b2319b8886f] c.hify.common.RequestLoggingFilter - http.request method=POST path=/api/v1/conversations status=201 latencyMs=30
2026-10-07T19:54:07.858+08:00 INFO  [main] [requestId=c42d28b3-ba6d-45b5-a97d-622039e0946b] c.hify.common.RequestLoggingFilter - http.request method=GET path=/api/v1/runs/event-run-add8922f-b8e8-473a-b791-b8289c4ba972/events/stream status=200 latencyMs=10
2026-10-07T19:54:08.012+08:00 WARN  [pool-27-thread-5] [requestId=] o.h.e.jdbc.spi.SqlExceptionHelper - SQL Error: 0, SQLState: 23505
2026-10-07T19:54:08.012+08:00 WARN  [pool-27-thread-2] [requestId=] o.h.e.jdbc.spi.SqlExceptionHelper - SQL Error: 0, SQLState: 23505
2026-10-07T19:54:08.012+08:00 WARN  [pool-27-thread-6] [requestId=] o.h.e.jdbc.spi.SqlExceptionHelper - SQL Error: 0, SQLState: 23505
2026-10-07T19:54:08.012+08:00 ERROR [pool-27-thread-5] [requestId=] o.h.e.jdbc.spi.SqlExceptionHelper - ERROR: duplicate key value violates unique constraint "uq_run_idempotency"
  Detail: Key (conversation_id, idempotency_key)=(conv-618263e1-5f91-4ed1-af14-6bd8a24bb915, same-key) already exists.
2026-10-07T19:54:08.012+08:00 ERROR [pool-27-thread-6] [requestId=] o.h.e.jdbc.spi.SqlExceptionHelper - ERROR: duplicate key value violates unique constraint "uq_run_idempotency"
  Detail: Key (conversation_id, idempotency_key)=(conv-618263e1-5f91-4ed1-af14-6bd8a24bb915, same-key) already exists.
2026-10-07T19:54:08.012+08:00 ERROR [pool-27-thread-2] [requestId=] o.h.e.jdbc.spi.SqlExceptionHelper - ERROR: duplicate key value violates unique constraint "uq_run_idempotency"
  Detail: Key (conversation_id, idempotency_key)=(conv-618263e1-5f91-4ed1-af14-6bd8a24bb915, same-key) already exists.
2026-10-07T19:54:08.014+08:00 WARN  [pool-27-thread-8] [requestId=] o.h.e.jdbc.spi.SqlExceptionHelper - SQL Error: 0, SQLState: 23505
2026-10-07T19:54:08.014+08:00 ERROR [pool-27-thread-8] [requestId=] o.h.e.jdbc.spi.SqlExceptionHelper - ERROR: duplicate key value violates unique constraint "uq_run_idempotency"
  Detail: Key (conversation_id, idempotency_key)=(conv-618263e1-5f91-4ed1-af14-6bd8a24bb915, same-key) already exists.
2026-10-07T19:54:08.015+08:00 WARN  [pool-27-thread-3] [requestId=] o.h.e.jdbc.spi.SqlExceptionHelper - SQL Error: 0, SQLState: 23505
2026-10-07T19:54:08.015+08:00 ERROR [pool-27-thread-3] [requestId=] o.h.e.jdbc.spi.SqlExceptionHelper - ERROR: duplicate key value violates unique constraint "uq_run_idempotency"
  Detail: Key (conversation_id, idempotency_key)=(conv-618263e1-5f91-4ed1-af14-6bd8a24bb915, same-key) already exists.
2026-10-07T19:54:08.015+08:00 WARN  [pool-27-thread-4] [requestId=] o.h.e.jdbc.spi.SqlExceptionHelper - SQL Error: 0, SQLState: 23505
2026-10-07T19:54:08.015+08:00 ERROR [pool-27-thread-4] [requestId=] o.h.e.jdbc.spi.SqlExceptionHelper - ERROR: duplicate key value violates unique constraint "uq_run_idempotency"
  Detail: Key (conversation_id, idempotency_key)=(conv-618263e1-5f91-4ed1-af14-6bd8a24bb915, same-key) already exists.
2026-10-07T19:54:08.016+08:00 WARN  [pool-27-thread-7] [requestId=] o.h.e.jdbc.spi.SqlExceptionHelper - SQL Error: 0, SQLState: 23505
2026-10-07T19:54:08.016+08:00 ERROR [pool-27-thread-7] [requestId=] o.h.e.jdbc.spi.SqlExceptionHelper - ERROR: duplicate key value violates unique constraint "uq_run_idempotency"
  Detail: Key (conversation_id, idempotency_key)=(conv-618263e1-5f91-4ed1-af14-6bd8a24bb915, same-key) already exists.
2026-10-07T19:54:08.561+08:00 WARN  [pool-29-thread-7] [requestId=] o.h.e.jdbc.spi.SqlExceptionHelper - SQL Error: 0, SQLState: 23505
2026-10-07T19:54:08.561+08:00 WARN  [pool-29-thread-1] [requestId=] o.h.e.jdbc.spi.SqlExceptionHelper - SQL Error: 0, SQLState: 23505
2026-10-07T19:54:08.561+08:00 ERROR [pool-29-thread-7] [requestId=] o.h.e.jdbc.spi.SqlExceptionHelper - ERROR: duplicate key value violates unique constraint "uq_agent_definition_name"
  Detail: Key (name)=(Concurrent Agent 855664e9-dda4-46a9-ace8-1cc498657430) already exists.
2026-10-07T19:54:08.561+08:00 ERROR [pool-29-thread-1] [requestId=] o.h.e.jdbc.spi.SqlExceptionHelper - ERROR: duplicate key value violates unique constraint "uq_agent_definition_name"
  Detail: Key (name)=(Concurrent Agent 855664e9-dda4-46a9-ace8-1cc498657430) already exists.
2026-10-07T19:54:08.561+08:00 WARN  [pool-29-thread-3] [requestId=] o.h.e.jdbc.spi.SqlExceptionHelper - SQL Error: 0, SQLState: 23505
2026-10-07T19:54:08.561+08:00 ERROR [pool-29-thread-3] [requestId=] o.h.e.jdbc.spi.SqlExceptionHelper - ERROR: duplicate key value violates unique constraint "uq_agent_definition_name"
  Detail: Key (name)=(Concurrent Agent 855664e9-dda4-46a9-ace8-1cc498657430) already exists.
2026-10-07T19:54:08.561+08:00 WARN  [pool-29-thread-8] [requestId=] o.h.e.jdbc.spi.SqlExceptionHelper - SQL Error: 0, SQLState: 23505
2026-10-07T19:54:08.561+08:00 ERROR [pool-29-thread-8] [requestId=] o.h.e.jdbc.spi.SqlExceptionHelper - ERROR: duplicate key value violates unique constraint "uq_agent_definition_name"
  Detail: Key (name)=(Concurrent Agent 855664e9-dda4-46a9-ace8-1cc498657430) already exists.
2026-10-07T19:54:08.561+08:00 WARN  [pool-29-thread-5] [requestId=] o.h.e.jdbc.spi.SqlExceptionHelper - SQL Error: 0, SQLState: 23505
2026-10-07T19:54:08.561+08:00 WARN  [pool-29-thread-4] [requestId=] o.h.e.jdbc.spi.SqlExceptionHelper - SQL Error: 0, SQLState: 23505
2026-10-07T19:54:08.561+08:00 ERROR [pool-29-thread-5] [requestId=] o.h.e.jdbc.spi.SqlExceptionHelper - ERROR: duplicate key value violates unique constraint "uq_agent_definition_name"
  Detail: Key (name)=(Concurrent Agent 855664e9-dda4-46a9-ace8-1cc498657430) already exists.
2026-10-07T19:54:08.561+08:00 ERROR [pool-29-thread-4] [requestId=] o.h.e.jdbc.spi.SqlExceptionHelper - ERROR: duplicate key value violates unique constraint "uq_agent_definition_name"
  Detail: Key (name)=(Concurrent Agent 855664e9-dda4-46a9-ace8-1cc498657430) already exists.
2026-10-07T19:54:08.561+08:00 WARN  [pool-29-thread-2] [requestId=] o.h.e.jdbc.spi.SqlExceptionHelper - SQL Error: 0, SQLState: 23505
2026-10-07T19:54:08.561+08:00 ERROR [pool-29-thread-2] [requestId=] o.h.e.jdbc.spi.SqlExceptionHelper - ERROR: duplicate key value violates unique constraint "uq_agent_definition_name"
  Detail: Key (name)=(Concurrent Agent 855664e9-dda4-46a9-ace8-1cc498657430) already exists.
2026-10-07T19:54:08.731+08:00 INFO  [main] [requestId=8d4eb9ed-ecbe-4fe5-a15f-d4ce7467049b] c.hify.common.RequestLoggingFilter - http.request method=POST path=/api/v1/conversations status=201 latencyMs=10
2026-10-07T19:54:08.736+08:00 INFO  [main] [requestId=c21fb303-3032-4f03-b6cb-3eea67d1f289] c.hify.common.RequestLoggingFilter - http.request method=POST path=/api/v1/conversations/dc92b7c9-6c5e-4446-9889-97c03b6dee26/runs status=400 latencyMs=3
2026-10-07T19:54:08.777+08:00 INFO  [main] [requestId=7bcb7e5e-a9f5-4a70-a2ed-14045578270c] c.hify.common.RequestLoggingFilter - http.request method=POST path=/api/v1/conversations/dc92b7c9-6c5e-4446-9889-97c03b6dee26/runs status=400 latencyMs=6
2026-10-07T19:54:08.780+08:00 INFO  [main] [requestId=f6674046-bc8b-405e-9d86-8df196d1bce0] c.hify.common.RequestLoggingFilter - http.request method=POST path=/api/v1/conversations/dc92b7c9-6c5e-4446-9889-97c03b6dee26/runs status=400 latencyMs=1
2026-10-07T19:54:08.819+08:00 INFO  [main] [requestId=cc57849f-dcfa-4c24-84ef-99ccc669cefd] c.hify.common.RequestLoggingFilter - http.request method=POST path=/api/v1/conversations/dc92b7c9-6c5e-4446-9889-97c03b6dee26/runs status=202 latencyMs=33
[INFO] Tests run: 7, Failures: 0, Errors: 0, Skipped: 0, Time elapsed: 14.21 s -- in com.hify.api.PostgresConcurrencyIntegrationTest
[INFO] Running com.hify.api.AgentToolBindingMigrationTest
2026-10-07T19:54:09.575+08:00 INFO  [main] [requestId=] org.flywaydb.core.FlywayExecutor - Database: jdbc:h2:mem:agent-tool-upgrade-a8b703e4-c4cd-43d0-b78d-85bd3fcdf0d1 (H2 2.3)
2026-10-07T19:54:09.579+08:00 WARN  [main] [requestId=] o.f.c.i.database.base.Database - Flyway upgrade recommended: H2 2.3.232 is newer than this version of Flyway and support has not been tested. The latest supported version of H2 is 2.2.224.
2026-10-07T19:54:09.595+08:00 INFO  [main] [requestId=] o.f.c.i.s.JdbcTableSchemaHistory - Schema history table "PUBLIC"."flyway_schema_history" does not exist yet
2026-10-07T19:54:09.595+08:00 INFO  [main] [requestId=] o.f.core.internal.command.DbValidate - Successfully validated 24 migrations (execution time 00:00.011s)
2026-10-07T19:54:09.596+08:00 INFO  [main] [requestId=] o.f.c.i.s.JdbcTableSchemaHistory - Creating Schema History table "PUBLIC"."flyway_schema_history" ...
2026-10-07T19:54:09.603+08:00 INFO  [main] [requestId=] o.f.core.internal.command.DbMigrate - Current version of schema "PUBLIC": << Empty Schema >>
2026-10-07T19:54:09.604+08:00 INFO  [main] [requestId=] o.f.core.internal.command.DbMigrate - Migrating schema "PUBLIC" to version "1 - baseline"
2026-10-07T19:54:09.613+08:00 INFO  [main] [requestId=] o.f.core.internal.command.DbMigrate - Migrating schema "PUBLIC" to version "2 - demo item"
2026-10-07T19:54:09.619+08:00 INFO  [main] [requestId=] o.f.core.internal.command.DbMigrate - Migrating schema "PUBLIC" to version "3 - run replan control"
2026-10-07T19:54:09.639+08:00 INFO  [main] [requestId=] o.f.core.internal.command.DbMigrate - Migrating schema "PUBLIC" to version "4 - run context state"
2026-10-07T19:54:09.654+08:00 INFO  [main] [requestId=] o.f.core.internal.command.DbMigrate - Migrating schema "PUBLIC" to version "5 - provider catalog"
2026-10-07T19:54:09.660+08:00 INFO  [main] [requestId=] o.f.core.internal.command.DbMigrate - Migrating schema "PUBLIC" to version "6 - agent publishing"
2026-10-07T19:54:09.679+08:00 INFO  [main] [requestId=] o.f.core.internal.command.DbMigrate - Successfully applied 6 migrations to schema "PUBLIC", now at version v6 (execution time 00:00.058s)
2026-10-07T19:54:09.707+08:00 INFO  [main] [requestId=] org.flywaydb.core.FlywayExecutor - Database: jdbc:h2:mem:agent-tool-upgrade-a8b703e4-c4cd-43d0-b78d-85bd3fcdf0d1 (H2 2.3)
2026-10-07T19:54:09.708+08:00 WARN  [main] [requestId=] o.f.c.i.database.base.Database - Flyway upgrade recommended: H2 2.3.232 is newer than this version of Flyway and support has not been tested. The latest supported version of H2 is 2.2.224.
2026-10-07T19:54:09.715+08:00 INFO  [main] [requestId=] o.f.core.internal.command.DbValidate - Successfully validated 24 migrations (execution time 00:00.006s)
2026-10-07T19:54:09.716+08:00 INFO  [main] [requestId=] o.f.core.internal.command.DbMigrate - Current version of schema "PUBLIC": 6
2026-10-07T19:54:09.717+08:00 INFO  [main] [requestId=] o.f.core.internal.command.DbMigrate - Migrating schema "PUBLIC" to version "7 - agent archive and tool bindings"
2026-10-07T19:54:09.720+08:00 INFO  [main] [requestId=] o.f.core.internal.command.DbMigrate - Migrating schema "PUBLIC" to version "8 - backfill agent tool bindings"
2026-10-07T19:54:10.700+08:00 INFO  [main] [requestId=] o.f.core.internal.command.DbMigrate - Migrating schema "PUBLIC" to version "9 - runtime capability and history"
2026-10-07T19:54:11.190+08:00 INFO  [main] [requestId=] o.f.core.internal.command.DbMigrate - Migrating schema "PUBLIC" to version "10 - child agent task protocol"
2026-10-07T19:54:11.196+08:00 INFO  [main] [requestId=] o.f.core.internal.command.DbMigrate - Migrating schema "PUBLIC" to version "11 - context memory catalog"
2026-10-07T19:54:11.200+08:00 INFO  [main] [requestId=] o.f.core.internal.command.DbMigrate - Migrating schema "PUBLIC" to version "12 - history full text index"
2026-10-07T19:54:11.200+08:00 INFO  [main] [requestId=] o.f.core.internal.command.DbMigrate - Migrating schema "PUBLIC" to version "13 - history vector index"
2026-10-07T19:54:11.203+08:00 INFO  [main] [requestId=] o.f.core.internal.command.DbMigrate - Migrating schema "PUBLIC" to version "14 - knowledge catalog"
2026-10-07T19:54:11.211+08:00 INFO  [main] [requestId=] o.f.core.internal.command.DbMigrate - Migrating schema "PUBLIC" to version "15 - knowledge search indexes"
2026-10-07T19:54:11.216+08:00 INFO  [main] [requestId=] o.f.core.internal.command.DbMigrate - Migrating schema "PUBLIC" to version "16 - workflow runtime"
2026-10-07T19:54:11.229+08:00 INFO  [main] [requestId=] o.f.core.internal.command.DbMigrate - Migrating schema "PUBLIC" to version "17 - mcp server registry"
2026-10-07T19:54:11.243+08:00 INFO  [main] [requestId=] o.f.core.internal.command.DbMigrate - Migrating schema "PUBLIC" to version "18 - agent knowledge capability"
2026-10-07T19:54:11.258+08:00 INFO  [main] [requestId=] o.f.core.internal.command.DbMigrate - Migrating schema "PUBLIC" to version "19 - agent workflow mcp capabilities"
2026-10-07T19:54:11.280+08:00 INFO  [main] [requestId=] o.f.core.internal.command.DbMigrate - Migrating schema "PUBLIC" to version "20 - mcp encrypted credentials"
2026-10-07T19:54:11.281+08:00 INFO  [main] [requestId=] o.f.core.internal.command.DbMigrate - Migrating schema "PUBLIC" to version "21 - workflow control terminal states"
2026-10-07T19:54:11.283+08:00 INFO  [main] [requestId=] o.f.core.internal.command.DbMigrate - Migrating schema "PUBLIC" to version "22 - workflow interrupted state"
2026-10-07T19:54:11.904+08:00 INFO  [main] [requestId=] o.f.core.internal.command.DbMigrate - Migrating schema "PUBLIC" to version "23 - history operation recovery"
2026-10-07T19:54:11.949+08:00 INFO  [main] [requestId=] o.f.core.internal.command.DbMigrate - Migrating schema "PUBLIC" to version "24 - semantic embedding profiles"
2026-10-07T19:54:11.965+08:00 INFO  [main] [requestId=] o.f.core.internal.command.DbMigrate - Successfully applied 18 migrations to schema "PUBLIC", now at version v24 (execution time 00:01.536s)
[INFO] Tests run: 1, Failures: 0, Errors: 0, Skipped: 0, Time elapsed: 2.470 s -- in com.hify.api.AgentToolBindingMigrationTest
[INFO] Running com.hify.api.McpCredentialPostgresTest
2026-10-07T19:54:12.233+08:00 INFO  [main] [requestId=] o.s.t.c.s.AnnotationConfigContextLoaderUtils - Could not detect default configuration classes for test class [com.hify.api.McpCredentialPostgresTest]: McpCredentialPostgresTest does not declare any static, non-private, non-final, nested classes annotated with @Configuration.
2026-10-07T19:54:12.320+08:00 INFO  [main] [requestId=] o.s.b.t.c.SpringBootTestContextBootstrapper - Found @SpringBootConfiguration com.hify.HifyApplication for test class com.hify.api.McpCredentialPostgresTest
2026-10-07T19:54:12.325+08:00 INFO  [main] [requestId=] tc.pgvector/pgvector:pg16 - Creating container for image: pgvector/pgvector:pg16
2026-10-07T19:54:14.856+08:00 INFO  [main] [requestId=] tc.pgvector/pgvector:pg16 - Container pgvector/pgvector:pg16 is starting: d8dd397bbe19f8f16aa989cd0f904d1e0e8c04938c224c59fe894b3eda88f569
2026-10-07T19:54:16.085+08:00 INFO  [main] [requestId=] tc.pgvector/pgvector:pg16 - Container pgvector/pgvector:pg16 started in PT3.758912S
2026-10-07T19:54:16.087+08:00 INFO  [main] [requestId=] tc.pgvector/pgvector:pg16 - Container is started (JDBC URL: jdbc:postgresql://127.0.0.1:32775/hify_test?loggerLevel=OFF)

  .   ____          _            __ _ _
 /\\ / ___'_ __ _ _(_)_ __  __ _ \ \ \ \
( ( )\___ | '_ | '_| | '_ \/ _` | \ \ \ \
 \\/  ___)| |_)| | | | | || (_| |  ) ) ) )
  '  |____| .__|_| |_|_| |_\__, | / / / /
 =========|_|==============|___/=/_/_/_/

 :: Spring Boot ::                (v3.4.5)

2026-10-07T19:54:18.103+08:00 INFO  [main] [requestId=] c.hify.api.McpCredentialPostgresTest - Starting McpCredentialPostgresTest using Java 17.0.19 with PID 6303 (started by weberzhao in /private/tmp/hify-course-20261006.hhEhwt/retrieval-worktree/backend/hify-app)
2026-10-07T19:54:18.105+08:00 INFO  [main] [requestId=] c.hify.api.McpCredentialPostgresTest - No active profile set, falling back to 1 default profile: "default"
2026-10-07T19:54:19.098+08:00 INFO  [main] [requestId=] o.s.d.r.c.RepositoryConfigurationDelegate - Multiple Spring Data modules found, entering strict repository configuration mode
2026-10-07T19:54:19.099+08:00 INFO  [main] [requestId=] o.s.d.r.c.RepositoryConfigurationDelegate - Bootstrapping Spring Data JPA repositories in DEFAULT mode.
2026-10-07T19:54:19.179+08:00 INFO  [main] [requestId=] o.s.d.r.c.RepositoryConfigurationDelegate - Finished Spring Data repository scanning in 66 ms. Found 34 JPA repository interfaces.
2026-10-07T19:54:19.382+08:00 INFO  [main] [requestId=] com.zaxxer.hikari.HikariDataSource - HikariPool-11 - Starting...
2026-10-07T19:54:19.431+08:00 INFO  [main] [requestId=] com.zaxxer.hikari.pool.HikariPool - HikariPool-11 - Added connection org.postgresql.jdbc.PgConnection@286d800d
2026-10-07T19:54:19.431+08:00 INFO  [main] [requestId=] com.zaxxer.hikari.HikariDataSource - HikariPool-11 - Start completed.
2026-10-07T19:54:19.434+08:00 INFO  [main] [requestId=] org.flywaydb.core.FlywayExecutor - Database: jdbc:postgresql://127.0.0.1:32775/hify_test?loggerLevel=OFF (PostgreSQL 16.15)
2026-10-07T19:54:19.448+08:00 INFO  [main] [requestId=] o.f.c.i.s.JdbcTableSchemaHistory - Schema history table "public"."flyway_schema_history" does not exist yet
2026-10-07T19:54:19.449+08:00 INFO  [main] [requestId=] o.f.core.internal.command.DbValidate - Successfully validated 24 migrations (execution time 00:00.006s)
2026-10-07T19:54:19.459+08:00 INFO  [main] [requestId=] o.f.c.i.s.JdbcTableSchemaHistory - Creating Schema History table "public"."flyway_schema_history" ...
2026-10-07T19:54:19.484+08:00 INFO  [main] [requestId=] o.f.core.internal.command.DbMigrate - Current version of schema "public": << Empty Schema >>
2026-10-07T19:54:19.486+08:00 INFO  [main] [requestId=] o.f.core.internal.command.DbMigrate - Migrating schema "public" to version "1 - baseline"
2026-10-07T19:54:19.512+08:00 INFO  [main] [requestId=] o.f.core.internal.command.DbMigrate - Migrating schema "public" to version "2 - demo item"
2026-10-07T19:54:19.520+08:00 INFO  [main] [requestId=] o.f.core.internal.command.DbMigrate - Migrating schema "public" to version "3 - run replan control"
2026-10-07T19:54:19.528+08:00 INFO  [main] [requestId=] o.f.core.internal.command.DbMigrate - Migrating schema "public" to version "4 - run context state"
2026-10-07T19:54:19.535+08:00 INFO  [main] [requestId=] o.f.core.internal.command.DbMigrate - Migrating schema "public" to version "5 - provider catalog"
2026-10-07T19:54:19.546+08:00 INFO  [main] [requestId=] o.f.core.internal.command.DbMigrate - Migrating schema "public" to version "6 - agent publishing"
2026-10-07T19:54:19.561+08:00 INFO  [main] [requestId=] o.f.core.internal.command.DbMigrate - Migrating schema "public" to version "7 - agent archive and tool bindings"
2026-10-07T19:54:19.572+08:00 INFO  [main] [requestId=] o.f.core.internal.command.DbMigrate - Migrating schema "public" to version "8 - backfill agent tool bindings"
2026-10-07T19:54:19.578+08:00 INFO  [main] [requestId=] o.f.core.internal.command.DbMigrate - Migrating schema "public" to version "9 - runtime capability and history"
2026-10-07T19:54:19.593+08:00 INFO  [main] [requestId=] o.f.core.internal.command.DbMigrate - Migrating schema "public" to version "10 - child agent task protocol"
2026-10-07T19:54:19.604+08:00 INFO  [main] [requestId=] o.f.core.internal.command.DbMigrate - Migrating schema "public" to version "11 - context memory catalog"
2026-10-07T19:54:19.652+08:00 INFO  [main] [requestId=] o.f.core.internal.command.DbMigrate - Migrating schema "public" to version "12 - history full text index"
2026-10-07T19:54:19.669+08:00 INFO  [main] [requestId=] o.f.core.internal.command.DbMigrate - Migrating schema "public" to version "13 - history vector index"
2026-10-07T19:54:19.696+08:00 INFO  [main] [requestId=] o.f.core.internal.command.DbMigrate - Migrating schema "public" to version "14 - knowledge catalog"
2026-10-07T19:54:19.709+08:00 INFO  [main] [requestId=] o.f.core.internal.command.DbMigrate - Migrating schema "public" to version "15 - knowledge search indexes"
2026-10-07T19:54:19.717+08:00 INFO  [main] [requestId=] o.f.core.internal.command.DbMigrate - Migrating schema "public" to version "16 - workflow runtime"
2026-10-07T19:54:19.746+08:00 INFO  [main] [requestId=] o.f.core.internal.command.DbMigrate - Migrating schema "public" to version "17 - mcp server registry"
2026-10-07T19:54:19.757+08:00 INFO  [main] [requestId=] o.f.core.internal.command.DbMigrate - Migrating schema "public" to version "18 - agent knowledge capability"
2026-10-07T19:54:19.774+08:00 INFO  [main] [requestId=] o.f.core.internal.command.DbMigrate - Migrating schema "public" to version "19 - agent workflow mcp capabilities"
2026-10-07T19:54:19.789+08:00 INFO  [main] [requestId=] o.f.core.internal.command.DbMigrate - Migrating schema "public" to version "20 - mcp encrypted credentials"
2026-10-07T19:54:19.798+08:00 INFO  [main] [requestId=] o.f.core.internal.command.DbMigrate - Migrating schema "public" to version "21 - workflow control terminal states"
2026-10-07T19:54:19.810+08:00 INFO  [main] [requestId=] o.f.core.internal.command.DbMigrate - Migrating schema "public" to version "22 - workflow interrupted state"
2026-10-07T19:54:19.817+08:00 INFO  [main] [requestId=] o.f.core.internal.command.DbMigrate - Migrating schema "public" to version "23 - history operation recovery"
2026-10-07T19:54:19.824+08:00 INFO  [main] [requestId=] o.f.core.internal.command.DbMigrate - Migrating schema "public" to version "24 - semantic embedding profiles"
2026-10-07T19:54:19.833+08:00 INFO  [main] [requestId=] o.f.core.internal.command.DbMigrate - Successfully applied 24 migrations to schema "public", now at version v24 (execution time 00:00.189s)
2026-10-07T19:54:19.889+08:00 INFO  [main] [requestId=] o.h.jpa.internal.util.LogHelper - HHH000204: Processing PersistenceUnitInfo [name: default]
2026-10-07T19:54:19.892+08:00 INFO  [main] [requestId=] o.h.c.i.RegionFactoryInitiator - HHH000026: Second-level cache disabled
2026-10-07T19:54:19.902+08:00 INFO  [main] [requestId=] o.s.o.j.p.SpringPersistenceUnitInfo - No LoadTimeWeaver setup: ignoring JPA class transformer
2026-10-07T19:54:19.906+08:00 INFO  [main] [requestId=] o.hibernate.orm.connections.pooling - HHH10001005: Database info:
	Database JDBC URL [Connecting through datasource 'HikariDataSource (HikariPool-11)']
	Database driver: undefined/unknown
	Database version: 16.15
	Autocommit mode: undefined/unknown
	Isolation level: undefined/unknown
	Minimum pool size: undefined/unknown
	Maximum pool size: undefined/unknown
2026-10-07T19:54:19.982+08:00 INFO  [main] [requestId=] o.h.e.t.j.p.i.JtaPlatformInitiator - HHH000489: No JTA platform available (set 'hibernate.transaction.jta.platform' to enable JTA platform integration)
2026-10-07T19:54:19.992+08:00 INFO  [main] [requestId=] o.s.o.j.LocalContainerEntityManagerFactoryBean - Initialized JPA EntityManagerFactory for persistence unit 'default'
2026-10-07T19:54:20.979+08:00 INFO  [main] [requestId=] c.b.m.s.MybatisPlusApplicationContextAware - Register ApplicationContext instances org.springframework.web.context.support.GenericWebApplicationContext@220b4425
2026-10-07T19:54:23.631+08:00 INFO  [main] [requestId=] o.s.b.t.m.w.SpringBootMockServletContext - Initializing Spring TestDispatcherServlet ''
2026-10-07T19:54:23.633+08:00 INFO  [main] [requestId=] o.s.t.w.s.TestDispatcherServlet - Initializing Servlet ''
2026-10-07T19:54:23.644+08:00 INFO  [main] [requestId=] o.s.b.a.e.web.EndpointLinksResolver - Exposing 2 endpoints beneath base path '/actuator'
2026-10-07T19:54:23.712+08:00 INFO  [main] [requestId=] o.s.t.w.s.TestDispatcherServlet - Completed initialization in 79 ms
2026-10-07T19:54:23.888+08:00 INFO  [main] [requestId=] c.hify.api.McpCredentialPostgresTest - Started McpCredentialPostgresTest in 7.751 seconds (process running for 132.78)
2026-10-07T19:54:24.002+08:00 INFO  [main] [requestId=] o.s.o.j.LocalContainerEntityManagerFactoryBean - Closing JPA EntityManagerFactory for persistence unit 'default'
2026-10-07T19:54:24.003+08:00 INFO  [main] [requestId=] com.zaxxer.hikari.HikariDataSource - HikariPool-9 - Shutdown initiated...
2026-10-07T19:54:24.005+08:00 INFO  [main] [requestId=] com.zaxxer.hikari.HikariDataSource - HikariPool-9 - Shutdown completed.
2026-10-07T19:54:24.144+08:00 INFO  [main] [requestId=612ce381-c073-437c-bfc8-b7e61cfb7118] c.hify.common.RequestLoggingFilter - http.request method=POST path=/api/v1/mcp-servers status=201 latencyMs=46
2026-10-07T19:54:24.155+08:00 INFO  [main] [requestId=6a179c4f-cc2b-4892-b1e3-9c56dbc5db80] c.hify.common.RequestLoggingFilter - http.request method=GET path=/api/v1/mcp-servers/f49f31f8-e46d-4d26-8421-0304d5f97d5d status=200 latencyMs=6
2026-10-07T19:54:24.163+08:00 INFO  [main] [requestId=71e31e0a-1685-459e-b629-0ecde21b4c47] c.hify.common.RequestLoggingFilter - http.request method=GET path=/api/v1/mcp-servers status=200 latencyMs=7
2026-10-07T19:54:24.170+08:00 INFO  [main] [requestId=4b2ce7b6-7e3e-4cbb-a507-459ce53029e3] c.hify.common.RequestLoggingFilter - http.request method=PUT path=/api/v1/mcp-servers/f49f31f8-e46d-4d26-8421-0304d5f97d5d status=200 latencyMs=5
2026-10-07T19:54:24.174+08:00 INFO  [main] [requestId=69546116-0d61-43d8-a235-2f9fd7d32b16] c.hify.common.RequestLoggingFilter - http.request method=PUT path=/api/v1/mcp-servers/f49f31f8-e46d-4d26-8421-0304d5f97d5d status=200 latencyMs=3
2026-10-07T19:54:24.180+08:00 INFO  [main] [requestId=39cc7363-6f24-48fc-bc6b-1379a117724d] c.hify.common.RequestLoggingFilter - http.request method=PUT path=/api/v1/mcp-servers/f49f31f8-e46d-4d26-8421-0304d5f97d5d status=200 latencyMs=5
2026-10-07T19:54:24.189+08:00 INFO  [main] [requestId=2364779b-2bee-4102-904f-b32c11cb0ae3] c.hify.common.RequestLoggingFilter - http.request method=PUT path=/api/v1/mcp-servers/f49f31f8-e46d-4d26-8421-0304d5f97d5d status=200 latencyMs=2
2026-10-07T19:54:24.193+08:00 INFO  [main] [requestId=d672837b-eaab-4388-9a54-7ddedc46b45f] c.hify.common.RequestLoggingFilter - http.request method=GET path=/api/v1/mcp-servers/f49f31f8-e46d-4d26-8421-0304d5f97d5d status=200 latencyMs=3
2026-10-07T19:54:24.205+08:00 INFO  [main] [requestId=b869c42b-d907-4582-a798-ca79375d5902] c.hify.common.RequestLoggingFilter - http.request method=POST path=/api/v1/mcp-servers status=201 latencyMs=5
2026-10-07T19:54:24.210+08:00 INFO  [main] [requestId=a4b0046d-8766-4d10-9fcb-b6606c2fe708] c.hify.common.RequestLoggingFilter - http.request method=PUT path=/api/v1/mcp-servers/4cc28b7e-a0d3-48b2-bc02-434da57f66f0 status=400 latencyMs=4
2026-10-07T19:54:24.212+08:00 INFO  [main] [requestId=446b34a9-9596-4829-a209-988ca0bf8063] c.hify.common.RequestLoggingFilter - http.request method=GET path=/api/v1/mcp-servers/4cc28b7e-a0d3-48b2-bc02-434da57f66f0 status=200 latencyMs=1
2026-10-07T19:54:24.215+08:00 INFO  [main] [requestId=fe461828-2426-45cc-b1ee-b70f53f06b7a] c.hify.common.RequestLoggingFilter - http.request method=PUT path=/api/v1/mcp-servers/4cc28b7e-a0d3-48b2-bc02-434da57f66f0 status=400 latencyMs=2
2026-10-07T19:54:24.218+08:00 INFO  [main] [requestId=3d13cbb3-82d0-4131-bedd-082a0629bb81] c.hify.common.RequestLoggingFilter - http.request method=PUT path=/api/v1/mcp-servers/4cc28b7e-a0d3-48b2-bc02-434da57f66f0 status=200 latencyMs=2
2026-10-07T19:54:24.224+08:00 INFO  [main] [requestId=632eb2d7-c756-4937-8ef8-9be215ac05dc] c.hify.common.RequestLoggingFilter - http.request method=POST path=/api/v1/mcp-servers status=201 latencyMs=3
2026-10-07T19:54:24.228+08:00 INFO  [main] [requestId=664e26aa-4439-4c8b-8223-0abca22d02c9] c.hify.common.RequestLoggingFilter - http.request method=POST path=/api/v1/mcp-servers/6e78c56c-90e1-4e5d-9d53-f00c8cfed4e2/tools:refresh status=400 latencyMs=2
2026-10-07T19:54:24.235+08:00 INFO  [main] [requestId=edc2ece7-72ea-4d23-aab7-4e67a9cd66bb] c.hify.common.RequestLoggingFilter - http.request method=POST path=/api/v1/mcp-servers status=400 latencyMs=4
2026-10-07T19:54:24.238+08:00 INFO  [main] [requestId=f348716f-72b3-4d05-8e4a-311a9c200aa8] c.hify.common.RequestLoggingFilter - http.request method=POST path=/api/v1/mcp-servers status=400 latencyMs=3
2026-10-07T19:54:24.241+08:00 INFO  [main] [requestId=593f5bdb-77fd-482e-bbbb-2e6ddce9058a] c.hify.common.RequestLoggingFilter - http.request method=POST path=/api/v1/mcp-servers status=400 latencyMs=2
2026-10-07T19:54:24.245+08:00 INFO  [main] [requestId=4c5a36bd-00bf-4aed-a04c-7fb2ed21bc35] c.hify.common.RequestLoggingFilter - http.request method=POST path=/api/v1/mcp-servers status=400 latencyMs=3
2026-10-07T19:54:24.247+08:00 INFO  [main] [requestId=f289050f-edeb-46dc-8835-d3d3320bafab] c.hify.common.RequestLoggingFilter - http.request method=POST path=/api/v1/mcp-servers status=400 latencyMs=2
2026-10-07T19:54:24.250+08:00 INFO  [main] [requestId=abe42abf-1b4e-48a8-9ae4-5712d26a8df5] c.hify.common.RequestLoggingFilter - http.request method=POST path=/api/v1/mcp-servers status=400 latencyMs=2
2026-10-07T19:54:24.254+08:00 INFO  [main] [requestId=713892e3-7e93-4cb0-a9ce-3a67459347e7] c.hify.common.RequestLoggingFilter - http.request method=POST path=/api/v1/mcp-servers status=400 latencyMs=2
2026-10-07T19:54:24.258+08:00 INFO  [main] [requestId=d6c67cd3-686a-41a4-b502-e62590a133ae] c.hify.common.RequestLoggingFilter - http.request method=POST path=/api/v1/mcp-servers status=400 latencyMs=3
2026-10-07T19:54:24.260+08:00 INFO  [main] [requestId=f1b3c5d1-b7a1-4342-a37e-110a37ea9aee] c.hify.common.RequestLoggingFilter - http.request method=POST path=/api/v1/mcp-servers status=400 latencyMs=1
2026-10-07T19:54:24.266+08:00 INFO  [main] [requestId=7e0521b1-789c-44e6-85f1-66f50529fd52] c.hify.common.RequestLoggingFilter - http.request method=POST path=/api/v1/mcp-servers status=201 latencyMs=3
2026-10-07T19:54:24.415+08:00 INFO  [main] [requestId=8eccec12-0b19-4076-bc5c-87b5e50f8be6] c.hify.common.RequestLoggingFilter - http.request method=POST path=/api/v1/mcp-servers/a77279ef-34af-47ba-91e5-595c9e1de6ad/tools:refresh status=200 latencyMs=149
2026-10-07T19:54:24.458+08:00 INFO  [main] [requestId=be51e671-19ce-400d-b95d-55b5b53322ec] c.hify.common.RequestLoggingFilter - http.request method=POST path=/api/v1/agents status=201 latencyMs=40
2026-10-07T19:54:24.487+08:00 INFO  [main] [requestId=451be030-75be-4f83-bfa2-ffee5ed97919] c.hify.common.RequestLoggingFilter - http.request method=PUT path=/api/v1/agents/309441c4-2f50-4248-a0f0-66304367fea3/mcp-bindings status=200 latencyMs=27
2026-10-07T19:54:24.513+08:00 INFO  [main] [requestId=e1b9bfed-22a4-4240-917c-b785ed59cfba] c.hify.common.RequestLoggingFilter - http.request method=POST path=/api/v1/agents/309441c4-2f50-4248-a0f0-66304367fea3/publications status=200 latencyMs=25
2026-10-07T19:54:24.552+08:00 INFO  [main] [requestId=f4298fe6-0736-44c7-96f1-ae4d25a40e48] c.hify.common.RequestLoggingFilter - http.request method=POST path=/api/v1/mcp-servers status=201 latencyMs=3
2026-10-07T19:54:24.555+08:00 INFO  [main] [requestId=60bc70af-8e69-4f04-8e3e-4f3be85f749f] c.hify.common.RequestLoggingFilter - http.request method=GET path=/api/v1/mcp-servers/af1f41a1-54ad-448b-ab19-f0f89bfb52a8 status=200 latencyMs=1
2026-10-07T19:54:24.568+08:00 INFO  [main] [requestId=d43a6540-2952-4943-8f39-950f47c65e9a] c.hify.common.RequestLoggingFilter - http.request method=POST path=/api/v1/mcp-servers status=201 latencyMs=8
2026-10-07T19:54:24.591+08:00 INFO  [main] [requestId=1480bf82-95a4-459b-af8b-c4b04d85e60a] c.hify.common.RequestLoggingFilter - http.request method=POST path=/api/v1/mcp-servers status=400 latencyMs=15
2026-10-07T19:54:24.595+08:00 INFO  [main] [requestId=34184b72-5f6b-407b-9911-bb1c3dc9cca1] c.hify.common.RequestLoggingFilter - http.request method=POST path=/api/v1/mcp-servers status=400 latencyMs=3
2026-10-07T19:54:24.597+08:00 INFO  [main] [requestId=abf941e5-c6d2-4e36-80d2-361ee2f2d1a5] c.hify.common.RequestLoggingFilter - http.request method=POST path=/api/v1/mcp-servers status=400 latencyMs=1
2026-10-07T19:54:24.599+08:00 INFO  [main] [requestId=73f6f69c-e05b-4f49-802e-5fb2b2f008e3] c.hify.common.RequestLoggingFilter - http.request method=POST path=/api/v1/mcp-servers status=400 latencyMs=1
2026-10-07T19:54:24.601+08:00 INFO  [main] [requestId=ed5516fa-60d7-4d59-af69-aec3eed467cb] c.hify.common.RequestLoggingFilter - http.request method=POST path=/api/v1/mcp-servers status=400 latencyMs=1
2026-10-07T19:54:24.602+08:00 INFO  [main] [requestId=ff86cfd7-bf74-40ef-96b6-3f0d5cd61c69] c.hify.common.RequestLoggingFilter - http.request method=POST path=/api/v1/mcp-servers status=400 latencyMs=1
2026-10-07T19:54:24.604+08:00 INFO  [main] [requestId=a4454a64-c0ac-4ce0-b3fd-56b65eaf7f83] c.hify.common.RequestLoggingFilter - http.request method=POST path=/api/v1/mcp-servers status=400 latencyMs=1
2026-10-07T19:54:24.605+08:00 INFO  [main] [requestId=9096f57b-2c15-4e98-ad02-fb912eb6a160] c.hify.common.RequestLoggingFilter - http.request method=POST path=/api/v1/mcp-servers status=400 latencyMs=1
2026-10-07T19:54:24.608+08:00 INFO  [main] [requestId=491c3bba-dfe9-44cc-9e19-1ac4bf039510] c.hify.common.RequestLoggingFilter - http.request method=POST path=/api/v1/mcp-servers status=400 latencyMs=2
2026-10-07T19:54:24.623+08:00 INFO  [main] [requestId=cc4b5517-9355-4bfe-a023-0584acb4c198] c.hify.common.RequestLoggingFilter - http.request method=POST path=/api/v1/mcp-servers status=400 latencyMs=15
2026-10-07T19:54:24.637+08:00 INFO  [main] [requestId=0e28b891-a191-4366-9fa0-e59e3d552207] c.hify.common.RequestLoggingFilter - http.request method=POST path=/api/v1/mcp-servers status=201 latencyMs=7
2026-10-07T19:54:24.653+08:00 INFO  [main] [requestId=edd31550-c71c-4144-a070-4ce662448e6e] c.hify.common.RequestLoggingFilter - http.request method=POST path=/api/v1/mcp-servers/77dc01df-0747-40d4-8394-f56a91f6f491/tools:refresh status=200 latencyMs=15
2026-10-07T19:54:24.662+08:00 INFO  [main] [requestId=e24720c1-a092-4a5e-be0c-316bb2124728] c.hify.common.RequestLoggingFilter - http.request method=POST path=/api/v1/agents status=201 latencyMs=8
2026-10-07T19:54:24.677+08:00 INFO  [main] [requestId=0828397c-9fd9-40e4-aa76-85595b598840] c.hify.common.RequestLoggingFilter - http.request method=PUT path=/api/v1/agents/f666ad33-6da1-4af9-8ce6-f1c8e4b857ac/mcp-bindings status=200 latencyMs=13
2026-10-07T19:54:24.762+08:00 INFO  [main] [requestId=d7308f68-9c7a-4988-8190-c712e7151d28] c.hify.common.RequestLoggingFilter - http.request method=POST path=/api/v1/agents/f666ad33-6da1-4af9-8ce6-f1c8e4b857ac/publications status=200 latencyMs=83
2026-10-07T19:54:24.767+08:00 INFO  [main] [requestId=16ab9682-07ef-40a7-83ed-c84973d0c9eb] c.hify.common.RequestLoggingFilter - http.request method=PUT path=/api/v1/mcp-servers/77dc01df-0747-40d4-8394-f56a91f6f491 status=200 latencyMs=4
2026-10-07T19:54:24.774+08:00 INFO  [main] [requestId=a6918d7f-dd1c-4690-a236-80b5a6afe223] c.hify.common.RequestLoggingFilter - http.request method=GET path=/api/v1/mcp-servers/77dc01df-0747-40d4-8394-f56a91f6f491 status=200 latencyMs=6
2026-10-07T19:54:24.787+08:00 INFO  [main] [requestId=9f02f436-c49c-4aec-9283-3c5d5af55a77] c.hify.common.RequestLoggingFilter - http.request method=POST path=/api/v1/mcp-servers/77dc01df-0747-40d4-8394-f56a91f6f491/tools:refresh status=200 latencyMs=13
2026-10-07T19:54:24.811+08:00 INFO  [main] [requestId=b0457c50-1ec9-4865-8e90-bf03f7aa7bbb] c.hify.common.RequestLoggingFilter - http.request method=PUT path=/api/v1/mcp-servers/77dc01df-0747-40d4-8394-f56a91f6f491 status=200 latencyMs=2
2026-10-07T19:54:24.817+08:00 INFO  [main] [requestId=7e4eba18-7215-4535-b12d-a4b1a37295a4] c.hify.common.RequestLoggingFilter - http.request method=POST path=/api/v1/mcp-servers/77dc01df-0747-40d4-8394-f56a91f6f491/tools:refresh status=200 latencyMs=5
[INFO] Tests run: 8, Failures: 0, Errors: 0, Skipped: 0, Time elapsed: 14.77 s -- in com.hify.api.McpCredentialPostgresTest
[INFO] Running com.hify.api.WorkflowKnowledgePostgresTest
2026-10-07T19:54:26.846+08:00 INFO  [main] [requestId=] o.s.t.c.s.AnnotationConfigContextLoaderUtils - Could not detect default configuration classes for test class [com.hify.api.WorkflowKnowledgePostgresTest]: WorkflowKnowledgePostgresTest does not declare any static, non-private, non-final, nested classes annotated with @Configuration.
2026-10-07T19:54:26.888+08:00 INFO  [main] [requestId=] o.s.b.t.c.SpringBootTestContextBootstrapper - Found @SpringBootConfiguration com.hify.HifyApplication for test class com.hify.api.WorkflowKnowledgePostgresTest
2026-10-07T19:54:26.896+08:00 INFO  [main] [requestId=] tc.pgvector/pgvector:pg16 - Creating container for image: pgvector/pgvector:pg16
2026-10-07T19:54:27.141+08:00 INFO  [main] [requestId=] tc.pgvector/pgvector:pg16 - Container pgvector/pgvector:pg16 is starting: b640c32ac017feecb2afce4fe49c8af5ef5cece79b324fc7307dfa62c3e40c73
2026-10-07T19:54:28.404+08:00 INFO  [main] [requestId=] tc.pgvector/pgvector:pg16 - Container pgvector/pgvector:pg16 started in PT1.508019S
2026-10-07T19:54:28.408+08:00 INFO  [main] [requestId=] tc.pgvector/pgvector:pg16 - Container is started (JDBC URL: jdbc:postgresql://127.0.0.1:32776/workflow_knowledge?loggerLevel=OFF)

  .   ____          _            __ _ _
 /\\ / ___'_ __ _ _(_)_ __  __ _ \ \ \ \
( ( )\___ | '_ | '_| | '_ \/ _` | \ \ \ \
 \\/  ___)| |_)| | | | | || (_| |  ) ) ) )
  '  |____| .__|_| |_|_| |_\__, | / / / /
 =========|_|==============|___/=/_/_/_/

 :: Spring Boot ::                (v3.4.5)

2026-10-07T19:54:29.171+08:00 INFO  [main] [requestId=] c.h.a.WorkflowKnowledgePostgresTest - Starting WorkflowKnowledgePostgresTest using Java 17.0.19 with PID 6303 (started by weberzhao in /private/tmp/hify-course-20261006.hhEhwt/retrieval-worktree/backend/hify-app)
2026-10-07T19:54:29.178+08:00 INFO  [main] [requestId=] c.h.a.WorkflowKnowledgePostgresTest - No active profile set, falling back to 1 default profile: "default"
2026-10-07T19:54:31.146+08:00 INFO  [main] [requestId=] o.s.d.r.c.RepositoryConfigurationDelegate - Multiple Spring Data modules found, entering strict repository configuration mode
2026-10-07T19:54:31.158+08:00 INFO  [main] [requestId=] o.s.d.r.c.RepositoryConfigurationDelegate - Bootstrapping Spring Data JPA repositories in DEFAULT mode.
2026-10-07T19:54:31.289+08:00 INFO  [main] [requestId=] o.s.d.r.c.RepositoryConfigurationDelegate - Finished Spring Data repository scanning in 123 ms. Found 34 JPA repository interfaces.
2026-10-07T19:54:31.612+08:00 INFO  [main] [requestId=] com.zaxxer.hikari.HikariDataSource - HikariPool-12 - Starting...
2026-10-07T19:54:31.761+08:00 INFO  [main] [requestId=] com.zaxxer.hikari.pool.HikariPool - HikariPool-12 - Added connection org.postgresql.jdbc.PgConnection@6452ce1f
2026-10-07T19:54:31.762+08:00 INFO  [main] [requestId=] com.zaxxer.hikari.HikariDataSource - HikariPool-12 - Start completed.
2026-10-07T19:54:31.766+08:00 INFO  [main] [requestId=] org.flywaydb.core.FlywayExecutor - Database: jdbc:postgresql://127.0.0.1:32776/workflow_knowledge?loggerLevel=OFF (PostgreSQL 16.15)
2026-10-07T19:54:31.806+08:00 INFO  [main] [requestId=] o.f.c.i.s.JdbcTableSchemaHistory - Schema history table "public"."flyway_schema_history" does not exist yet
2026-10-07T19:54:31.807+08:00 INFO  [main] [requestId=] o.f.core.internal.command.DbValidate - Successfully validated 24 migrations (execution time 00:00.030s)
2026-10-07T19:54:31.822+08:00 INFO  [main] [requestId=] o.f.c.i.s.JdbcTableSchemaHistory - Creating Schema History table "public"."flyway_schema_history" ...
2026-10-07T19:54:31.877+08:00 INFO  [main] [requestId=] o.f.core.internal.command.DbMigrate - Current version of schema "public": << Empty Schema >>
2026-10-07T19:54:31.883+08:00 INFO  [main] [requestId=] o.f.core.internal.command.DbMigrate - Migrating schema "public" to version "1 - baseline"
2026-10-07T19:54:31.925+08:00 INFO  [main] [requestId=] o.f.core.internal.command.DbMigrate - Migrating schema "public" to version "2 - demo item"
2026-10-07T19:54:31.937+08:00 INFO  [main] [requestId=] o.f.core.internal.command.DbMigrate - Migrating schema "public" to version "3 - run replan control"
2026-10-07T19:54:31.948+08:00 INFO  [main] [requestId=] o.f.core.internal.command.DbMigrate - Migrating schema "public" to version "4 - run context state"
2026-10-07T19:54:31.972+08:00 INFO  [main] [requestId=] o.f.core.internal.command.DbMigrate - Migrating schema "public" to version "5 - provider catalog"
2026-10-07T19:54:32.040+08:00 INFO  [main] [requestId=] o.f.core.internal.command.DbMigrate - Migrating schema "public" to version "6 - agent publishing"
2026-10-07T19:54:32.066+08:00 INFO  [main] [requestId=] o.f.core.internal.command.DbMigrate - Migrating schema "public" to version "7 - agent archive and tool bindings"
2026-10-07T19:54:32.075+08:00 INFO  [main] [requestId=] o.f.core.internal.command.DbMigrate - Migrating schema "public" to version "8 - backfill agent tool bindings"
2026-10-07T19:54:32.081+08:00 INFO  [main] [requestId=] o.f.core.internal.command.DbMigrate - Migrating schema "public" to version "9 - runtime capability and history"
2026-10-07T19:54:32.093+08:00 INFO  [main] [requestId=] o.f.core.internal.command.DbMigrate - Migrating schema "public" to version "10 - child agent task protocol"
2026-10-07T19:54:32.125+08:00 INFO  [main] [requestId=] o.f.core.internal.command.DbMigrate - Migrating schema "public" to version "11 - context memory catalog"
2026-10-07T19:54:32.135+08:00 INFO  [main] [requestId=] o.f.core.internal.command.DbMigrate - Migrating schema "public" to version "12 - history full text index"
2026-10-07T19:54:32.139+08:00 INFO  [main] [requestId=] o.f.core.internal.command.DbMigrate - Migrating schema "public" to version "13 - history vector index"
2026-10-07T19:54:32.166+08:00 INFO  [main] [requestId=] o.f.core.internal.command.DbMigrate - Migrating schema "public" to version "14 - knowledge catalog"
2026-10-07T19:54:32.178+08:00 INFO  [main] [requestId=] o.f.core.internal.command.DbMigrate - Migrating schema "public" to version "15 - knowledge search indexes"
2026-10-07T19:54:32.188+08:00 INFO  [main] [requestId=] o.f.core.internal.command.DbMigrate - Migrating schema "public" to version "16 - workflow runtime"
2026-10-07T19:54:32.209+08:00 INFO  [main] [requestId=] o.f.core.internal.command.DbMigrate - Migrating schema "public" to version "17 - mcp server registry"
2026-10-07T19:54:32.225+08:00 INFO  [main] [requestId=] o.f.core.internal.command.DbMigrate - Migrating schema "public" to version "18 - agent knowledge capability"
2026-10-07T19:54:32.253+08:00 INFO  [main] [requestId=] o.f.core.internal.command.DbMigrate - Migrating schema "public" to version "19 - agent workflow mcp capabilities"
2026-10-07T19:54:32.270+08:00 INFO  [main] [requestId=] o.f.core.internal.command.DbMigrate - Migrating schema "public" to version "20 - mcp encrypted credentials"
2026-10-07T19:54:32.279+08:00 INFO  [main] [requestId=] o.f.core.internal.command.DbMigrate - Migrating schema "public" to version "21 - workflow control terminal states"
2026-10-07T19:54:32.286+08:00 INFO  [main] [requestId=] o.f.core.internal.command.DbMigrate - Migrating schema "public" to version "22 - workflow interrupted state"
2026-10-07T19:54:32.290+08:00 INFO  [main] [requestId=] o.f.core.internal.command.DbMigrate - Migrating schema "public" to version "23 - history operation recovery"
2026-10-07T19:54:32.300+08:00 INFO  [main] [requestId=] o.f.core.internal.command.DbMigrate - Migrating schema "public" to version "24 - semantic embedding profiles"
2026-10-07T19:54:32.325+08:00 INFO  [main] [requestId=] o.f.core.internal.command.DbMigrate - Successfully applied 24 migrations to schema "public", now at version v24 (execution time 00:00.195s)
2026-10-07T19:54:35.029+08:00 INFO  [main] [requestId=] o.h.jpa.internal.util.LogHelper - HHH000204: Processing PersistenceUnitInfo [name: default]
2026-10-07T19:54:35.058+08:00 INFO  [main] [requestId=] o.h.c.i.RegionFactoryInitiator - HHH000026: Second-level cache disabled
2026-10-07T19:54:35.152+08:00 INFO  [main] [requestId=] o.s.o.j.p.SpringPersistenceUnitInfo - No LoadTimeWeaver setup: ignoring JPA class transformer
2026-10-07T19:54:35.182+08:00 INFO  [main] [requestId=] o.hibernate.orm.connections.pooling - HHH10001005: Database info:
	Database JDBC URL [Connecting through datasource 'HikariDataSource (HikariPool-12)']
	Database driver: undefined/unknown
	Database version: 16.15
	Autocommit mode: undefined/unknown
	Isolation level: undefined/unknown
	Minimum pool size: undefined/unknown
	Maximum pool size: undefined/unknown
2026-10-07T19:54:35.481+08:00 INFO  [main] [requestId=] o.h.e.t.j.p.i.JtaPlatformInitiator - HHH000489: No JTA platform available (set 'hibernate.transaction.jta.platform' to enable JTA platform integration)
2026-10-07T19:54:35.516+08:00 INFO  [main] [requestId=] o.s.o.j.LocalContainerEntityManagerFactoryBean - Initialized JPA EntityManagerFactory for persistence unit 'default'
2026-10-07T19:54:40.339+08:00 INFO  [main] [requestId=] c.b.m.s.MybatisPlusApplicationContextAware - Register ApplicationContext instances org.springframework.web.context.support.GenericWebApplicationContext@37625b0b
2026-10-07T19:54:44.048+08:00 INFO  [main] [requestId=] o.s.b.t.m.w.SpringBootMockServletContext - Initializing Spring TestDispatcherServlet ''
2026-10-07T19:54:44.051+08:00 INFO  [main] [requestId=] o.s.t.w.s.TestDispatcherServlet - Initializing Servlet ''
2026-10-07T19:54:44.221+08:00 INFO  [main] [requestId=] o.s.b.a.e.web.EndpointLinksResolver - Exposing 2 endpoints beneath base path '/actuator'
2026-10-07T19:54:44.688+08:00 INFO  [main] [requestId=] o.s.t.w.s.TestDispatcherServlet - Completed initialization in 637 ms
2026-10-07T19:54:45.618+08:00 INFO  [main] [requestId=] c.h.a.WorkflowKnowledgePostgresTest - Started WorkflowKnowledgePostgresTest in 17.077 seconds (process running for 154.51)
2026-10-07T19:54:47.590+08:00 INFO  [main] [requestId=] o.s.o.j.LocalContainerEntityManagerFactoryBean - Closing JPA EntityManagerFactory for persistence unit 'default'
2026-10-07T19:54:47.595+08:00 INFO  [main] [requestId=] com.zaxxer.hikari.HikariDataSource - HikariPool-10 - Shutdown initiated...
2026-10-07T19:54:47.619+08:00 INFO  [main] [requestId=] com.zaxxer.hikari.HikariDataSource - HikariPool-10 - Shutdown completed.
2026-10-07T19:54:47.956+08:00 INFO  [main] [requestId=cd08cd1b-9b7d-4952-88a6-aae096804ae7] c.hify.common.RequestLoggingFilter - http.request method=POST path=/api/v1/knowledge-bases status=201 latencyMs=256
2026-10-07T19:54:48.086+08:00 INFO  [main] [requestId=694fcd8f-8968-4799-8dd5-3070b4b26fa0] c.hify.common.RequestLoggingFilter - http.request method=POST path=/api/v1/knowledge-bases status=201 latencyMs=7
2026-10-07T19:54:48.144+08:00 INFO  [main] [requestId=cec39c3d-8b33-4d40-8876-dca618468437] c.hify.common.RequestLoggingFilter - http.request method=POST path=/api/v1/workflows status=201 latencyMs=55
2026-10-07T19:54:48.154+08:00 INFO  [main] [requestId=d41e557c-0677-4728-a7b3-a29c345695c2] c.hify.common.RequestLoggingFilter - http.request method=POST path=/api/v1/workflows status=400 latencyMs=9
2026-10-07T19:54:48.163+08:00 INFO  [main] [requestId=1afd0be2-d96d-42d8-9848-9ad72df3275e] c.hify.common.RequestLoggingFilter - http.request method=PUT path=/api/v1/workflows/4a8d3646-0f97-44b4-9fc4-12373c25c8e7 status=400 latencyMs=8
2026-10-07T19:54:48.181+08:00 INFO  [main] [requestId=3163157c-cfee-4ca9-a2c4-de9669d64894] c.hify.common.RequestLoggingFilter - http.request method=POST path=/api/v1/workflow-versions/3a7ba051-dc81-48bd-b7b0-c7529bed94ce/runs status=409 latencyMs=11
2026-10-07T19:54:48.212+08:00 INFO  [main] [requestId=691ad0f7-87eb-412d-a141-d95e20124b3c] c.hify.common.RequestLoggingFilter - http.request method=POST path=/api/v1/knowledge-bases status=201 latencyMs=16
2026-10-07T19:54:48.231+08:00 INFO  [main] [requestId=2d737386-62a5-4720-b44b-bd58099a6e09] c.hify.common.RequestLoggingFilter - http.request method=POST path=/api/v1/knowledge-bases/b9b6fe0a-979b-44f9-9f3a-fde35358a0d7/documents status=202 latencyMs=17
2026-10-07T19:54:48.251+08:00 INFO  [main] [requestId=6f52fb1c-effb-4e7c-a721-3d53e3a9265a] c.hify.common.RequestLoggingFilter - http.request method=GET path=/api/v1/documents/c479cc24-9280-4b42-99b8-b5d28e786530 status=200 latencyMs=19
2026-10-07T19:54:48.431+08:00 INFO  [main] [requestId=7100008a-47d6-49cd-8bfc-fbd5835b199a] c.hify.common.RequestLoggingFilter - http.request method=GET path=/api/v1/documents/c479cc24-9280-4b42-99b8-b5d28e786530 status=200 latencyMs=7
2026-10-07T19:54:48.437+08:00 INFO  [main] [requestId=72c7d7e7-4426-4b1e-967e-35666dcdeedf] c.hify.common.RequestLoggingFilter - http.request method=GET path=/api/v1/documents/c479cc24-9280-4b42-99b8-b5d28e786530/chunks status=200 latencyMs=5
2026-10-07T19:54:48.444+08:00 INFO  [main] [requestId=0a23a373-7d5f-49bf-b76d-c95d204c5738] c.hify.common.RequestLoggingFilter - http.request method=DELETE path=/api/v1/documents/c479cc24-9280-4b42-99b8-b5d28e786530 status=200 latencyMs=6
2026-10-07T19:54:48.460+08:00 INFO  [main] [requestId=266e70ae-1fab-43b6-bec9-12f1b82fbb4c] c.hify.common.RequestLoggingFilter - http.request method=POST path=/api/v1/knowledge-bases status=201 latencyMs=7
2026-10-07T19:54:48.476+08:00 INFO  [main] [requestId=bb467577-a03f-4d89-9ac2-c18abf33974e] c.hify.common.RequestLoggingFilter - http.request method=POST path=/api/v1/knowledge-bases/b844f359-4b0e-45c5-9bec-20b3986b8804/documents status=202 latencyMs=14
2026-10-07T19:54:48.483+08:00 INFO  [main] [requestId=81ff6242-e8a9-42e2-b87a-af3b77a85bf4] c.hify.common.RequestLoggingFilter - http.request method=GET path=/api/v1/documents/ad043ad0-c6a1-4866-8526-72f73045ea06 status=200 latencyMs=5
2026-10-07T19:54:48.660+08:00 INFO  [main] [requestId=67b8ef66-4eb2-4e79-ae18-a7ac125d0be2] c.hify.common.RequestLoggingFilter - http.request method=GET path=/api/v1/documents/ad043ad0-c6a1-4866-8526-72f73045ea06 status=200 latencyMs=3
2026-10-07T19:54:48.671+08:00 INFO  [main] [requestId=deceeca3-860d-452d-a6ec-ed7f83d2fd0f] c.hify.common.RequestLoggingFilter - http.request method=POST path=/api/v1/workflows status=201 latencyMs=9
2026-10-07T19:54:48.689+08:00 INFO  [main] [requestId=8c9fef8d-b932-449d-b8fb-9a1f64453ea8] c.hify.common.RequestLoggingFilter - http.request method=POST path=/api/v1/workflows/6d98e194-2565-431d-ab3b-84ec5b3e3415/versions status=200 latencyMs=18
2026-10-07T19:54:48.759+08:00 INFO  [main] [requestId=f10d8f53-2e74-4791-814a-b3241eeac66e] c.hify.common.RequestLoggingFilter - http.request method=POST path=/api/v1/agents status=201 latencyMs=67
2026-10-07T19:54:48.803+08:00 INFO  [main] [requestId=cf8f740d-de41-4565-930c-8a683668961c] c.hify.common.RequestLoggingFilter - http.request method=PUT path=/api/v1/agents/64bc8941-2ae4-4f17-8c55-73b04c1113c6/workflow-binding status=200 latencyMs=40
2026-10-07T19:54:48.862+08:00 INFO  [main] [requestId=3b3efa2d-6b00-447b-b4db-71cfde526ad8] c.hify.common.RequestLoggingFilter - http.request method=POST path=/api/v1/agents/64bc8941-2ae4-4f17-8c55-73b04c1113c6/publications status=200 latencyMs=58
2026-10-07T19:54:48.892+08:00 INFO  [main] [requestId=a8411d87-8e95-4f4d-8189-d41ba20a83f0] c.hify.common.RequestLoggingFilter - http.request method=POST path=/api/v1/conversations status=201 latencyMs=28
2026-10-07T19:54:49.070+08:00 INFO  [main] [requestId=bed6c802-98df-477c-95d1-455ee1b78bfc] c.hify.common.RequestLoggingFilter - http.request method=POST path=/api/v1/workflow-versions/78c22025-d4cb-4ae5-ad40-9ec237d2dc14/runs status=202 latencyMs=177
2026-10-07T19:54:49.077+08:00 INFO  [main] [requestId=4f19ef6f-232f-4246-92e9-25c129c551f7] c.hify.common.RequestLoggingFilter - http.request method=DELETE path=/api/v1/documents/ad043ad0-c6a1-4866-8526-72f73045ea06 status=200 latencyMs=6
2026-10-07T19:54:49.082+08:00 INFO  [main] [requestId=211bcb28-21a0-48e0-a650-cf9b695ae85d] c.hify.common.RequestLoggingFilter - http.request method=POST path=/api/v1/knowledge-bases/b844f359-4b0e-45c5-9bec-20b3986b8804/documents status=202 latencyMs=4
2026-10-07T19:54:49.085+08:00 INFO  [main] [requestId=43bc333b-eec3-4c58-8231-49b10b449968] c.hify.common.RequestLoggingFilter - http.request method=GET path=/api/v1/documents/4f9a26cd-0b38-4878-9dd5-876d324979ea status=200 latencyMs=2
2026-10-07T19:54:49.254+08:00 INFO  [main] [requestId=c2fc29cf-d21b-435a-a777-f3bc6fbe8e12] c.hify.common.RequestLoggingFilter - http.request method=GET path=/api/v1/documents/4f9a26cd-0b38-4878-9dd5-876d324979ea status=200 latencyMs=10
2026-10-07T19:54:49.287+08:00 INFO  [main] [requestId=e27de7be-046f-40ad-9c50-376844f6cf0c] c.hify.common.RequestLoggingFilter - http.request method=POST path=/api/v1/workflow-versions/78c22025-d4cb-4ae5-ad40-9ec237d2dc14/runs status=202 latencyMs=31
2026-10-07T19:54:49.315+08:00 INFO  [main] [requestId=ac461413-6577-405c-8cfc-6efe074cbcfb] c.hify.common.RequestLoggingFilter - http.request method=POST path=/api/v1/workflows/6d98e194-2565-431d-ab3b-84ec5b3e3415/versions status=200 latencyMs=23
2026-10-07T19:54:49.334+08:00 INFO  [main] [requestId=1e9c0cad-ebd1-4ddf-b8ec-4d1b24cb92a3] c.hify.common.RequestLoggingFilter - http.request method=POST path=/api/v1/workflow-versions/bed7c6a2-8178-43e9-a63a-db7fdd61ebf1/runs status=202 latencyMs=16
2026-10-07T19:54:49.356+08:00 INFO  [main] [requestId=92a406c3-9a36-4fed-8f58-525087e8e5c3] c.hify.common.RequestLoggingFilter - http.request method=POST path=/api/v1/agents/64bc8941-2ae4-4f17-8c55-73b04c1113c6/publications status=200 latencyMs=21
2026-10-07T19:54:49.399+08:00 INFO  [main] [requestId=7b4017ba-946e-4ca7-aa3b-37b54338411b] c.hify.common.RequestLoggingFilter - http.request method=POST path=/api/v1/conversations/80849092-a445-421a-8c66-ad3bfe333bfe/runs status=202 latencyMs=43
2026-10-07T19:54:49.404+08:00 INFO  [main] [requestId=dc846cc4-d023-4572-a1f6-d23f218b2f6c] c.hify.common.RequestLoggingFilter - http.request method=GET path=/api/v1/runs/a05cc34c-0e34-4129-8d19-724e94ed4fc6 status=200 latencyMs=3
2026-10-07T19:54:49.585+08:00 INFO  [main] [requestId=a11bbec6-08ef-4a93-8a91-de78bc0afd08] c.hify.common.RequestLoggingFilter - http.request method=GET path=/api/v1/runs/a05cc34c-0e34-4129-8d19-724e94ed4fc6 status=200 latencyMs=4
2026-10-07T19:54:49.592+08:00 INFO  [main] [requestId=701bab5e-81db-4b5e-ad96-ce0562525138] c.hify.common.RequestLoggingFilter - http.request method=POST path=/api/v1/conversations status=201 latencyMs=5
2026-10-07T19:54:49.611+08:00 INFO  [main] [requestId=19bc7383-ee13-4b57-b699-7c45642b3788] c.hify.common.RequestLoggingFilter - http.request method=POST path=/api/v1/conversations/d355e53d-cdc3-474f-b45d-175d21c85dd9/runs status=202 latencyMs=18
2026-10-07T19:54:49.612+08:00 INFO  [main] [requestId=b7891465-3b07-4f47-96a2-9cae3bc24045] c.hify.common.RequestLoggingFilter - http.request method=GET path=/api/v1/runs/948afd9f-ab36-40d9-9844-3256b51c0c8e status=200 latencyMs=0
2026-10-07T19:54:49.759+08:00 INFO  [main] [requestId=35df549e-7bb9-42c2-a755-31bf4839097e] c.hify.common.RequestLoggingFilter - http.request method=GET path=/api/v1/runs/948afd9f-ab36-40d9-9844-3256b51c0c8e status=200 latencyMs=7
2026-10-07T19:54:49.796+08:00 INFO  [main] [requestId=f7a5ac91-8e61-4205-be49-9b2aa5fabe0b] c.hify.common.RequestLoggingFilter - http.request method=GET path=/api/v1/workflows/6d98e194-2565-431d-ab3b-84ec5b3e3415 status=200 latencyMs=26
2026-10-07T19:54:49.824+08:00 INFO  [main] [requestId=586f631f-8747-4e87-9db0-baf192fe4134] c.hify.common.RequestLoggingFilter - http.request method=DELETE path=/api/v1/knowledge-bases/b844f359-4b0e-45c5-9bec-20b3986b8804 status=200 latencyMs=23
2026-10-07T19:54:49.887+08:00 INFO  [main] [requestId=f0d4cd45-0103-455a-a1b8-db48662efad9] c.hify.common.RequestLoggingFilter - http.request method=POST path=/api/v1/workflow-versions/78c22025-d4cb-4ae5-ad40-9ec237d2dc14/runs status=202 latencyMs=62
2026-10-07T19:54:49.903+08:00 INFO  [main] [requestId=0807d64f-8dce-4046-bba6-4d5b74cfafa9] c.hify.common.RequestLoggingFilter - http.request method=POST path=/api/v1/workflows/6d98e194-2565-431d-ab3b-84ec5b3e3415/versions status=404 latencyMs=11
2026-10-07T19:54:49.971+08:00 INFO  [main] [requestId=358dd92a-d9bb-4cbb-94f2-1a46f9ccf28f] c.hify.common.RequestLoggingFilter - http.request method=POST path=/api/v1/knowledge-bases status=201 latencyMs=27
2026-10-07T19:54:49.986+08:00 INFO  [main] [requestId=324afac7-51a6-4430-8493-e7bb077d618b] c.hify.common.RequestLoggingFilter - http.request method=POST path=/api/v1/knowledge-bases/8e28431f-d5cc-4f8a-9f74-c2893b31cc84/documents status=202 latencyMs=13
2026-10-07T19:54:49.989+08:00 INFO  [main] [requestId=5265af46-924d-4e02-8d82-4302fd6d4892] c.hify.common.RequestLoggingFilter - http.request method=GET path=/api/v1/documents/de473513-dc51-41be-b46a-a7928431ab1b status=200 latencyMs=2
2026-10-07T19:54:50.173+08:00 INFO  [main] [requestId=ec3e943a-d907-4898-8f82-d4e030888607] c.hify.common.RequestLoggingFilter - http.request method=GET path=/api/v1/documents/de473513-dc51-41be-b46a-a7928431ab1b status=200 latencyMs=8
2026-10-07T19:54:50.187+08:00 INFO  [main] [requestId=f4f4906c-f0f5-4a41-b4bd-6e6fced5b36c] c.hify.common.RequestLoggingFilter - http.request method=POST path=/api/v1/workflows status=201 latencyMs=13
2026-10-07T19:54:50.208+08:00 INFO  [main] [requestId=e167b546-10ba-4425-acd0-9ca909a22632] c.hify.common.RequestLoggingFilter - http.request method=POST path=/api/v1/workflows/5a55b35c-c86c-427f-8ce6-142d4c3de470/versions status=200 latencyMs=19
2026-10-07T19:54:50.224+08:00 INFO  [main] [requestId=706ea73a-7bca-42a0-8be4-eee9e10af4c8] c.hify.common.RequestLoggingFilter - http.request method=POST path=/api/v1/workflow-versions/50faf841-921b-4da6-ac9e-c4f133356936/runs status=202 latencyMs=12
2026-10-07T19:54:50.305+08:00 INFO  [main] [requestId=b337f11e-bcf1-4eb2-8eed-0d795b22ae39] c.hify.common.RequestLoggingFilter - http.request method=POST path=/api/v1/knowledge-bases status=201 latencyMs=77
2026-10-07T19:54:50.319+08:00 INFO  [main] [requestId=4ecec2fc-825d-4120-bf6e-d92c330e74b5] c.hify.common.RequestLoggingFilter - http.request method=POST path=/api/v1/knowledge-bases/afd72cf0-c543-4870-b9bb-61abd080afae/documents status=202 latencyMs=11
2026-10-07T19:54:50.321+08:00 INFO  [main] [requestId=2b7e70a7-2523-4dcb-8c1f-2e1e764f151a] c.hify.common.RequestLoggingFilter - http.request method=GET path=/api/v1/documents/6968fd9c-86c7-4728-b940-196131b302ee status=200 latencyMs=1
2026-10-07T19:54:50.509+08:00 INFO  [main] [requestId=7d0fe57d-07e1-472b-8239-62b392f2c8c3] c.hify.common.RequestLoggingFilter - http.request method=GET path=/api/v1/documents/6968fd9c-86c7-4728-b940-196131b302ee status=200 latencyMs=5
2026-10-07T19:54:50.527+08:00 INFO  [main] [requestId=6ad1a792-6e93-47ee-8e4c-8b5bc2958278] c.hify.common.RequestLoggingFilter - http.request method=POST path=/api/v1/workflows status=201 latencyMs=15
2026-10-07T19:54:50.540+08:00 INFO  [main] [requestId=3ef3aec2-1232-47c8-a5c9-2ea2cc14ab35] c.hify.common.RequestLoggingFilter - http.request method=POST path=/api/v1/workflows/df693651-bd99-4cc2-8c17-a27a2a7177fe/versions status=200 latencyMs=12
2026-10-07T19:54:50.608+08:00 INFO  [main] [requestId=221ae937-30f8-469c-89b8-acb18ce913b4] c.hify.common.RequestLoggingFilter - http.request method=POST path=/api/v1/workflow-versions/fa910e94-224e-483e-9225-4c175469ea1f/runs status=202 latencyMs=66
2026-10-07T19:54:50.636+08:00 INFO  [main] [requestId=edffb2f7-92b6-409f-9c98-735be15b089e] c.hify.common.RequestLoggingFilter - http.request method=POST path=/api/v1/knowledge-bases status=201 latencyMs=9
2026-10-07T19:54:50.643+08:00 INFO  [main] [requestId=bcd57c66-a327-4583-bb80-006c426a32c7] c.hify.common.RequestLoggingFilter - http.request method=POST path=/api/v1/knowledge-bases/528689f6-3c86-4096-a33c-94aa513d7a70/documents status=202 latencyMs=6
2026-10-07T19:54:50.646+08:00 INFO  [main] [requestId=7f85d0df-dc5e-4b36-a03c-97c007c1d5c9] c.hify.common.RequestLoggingFilter - http.request method=GET path=/api/v1/documents/73a9ffe5-8f38-4a92-bc1a-ef4d2bd70539 status=200 latencyMs=2
2026-10-07T19:54:50.794+08:00 INFO  [main] [requestId=3e862308-54d8-4c68-bd62-cae3e39e3ed6] c.hify.common.RequestLoggingFilter - http.request method=GET path=/api/v1/documents/73a9ffe5-8f38-4a92-bc1a-ef4d2bd70539 status=200 latencyMs=8
2026-10-07T19:54:50.846+08:00 INFO  [main] [requestId=1fd97756-c153-4a7c-9fa2-343cd9ff02b9] c.hify.common.RequestLoggingFilter - http.request method=POST path=/api/v1/workflows status=201 latencyMs=50
2026-10-07T19:54:50.891+08:00 INFO  [main] [requestId=8a7d959e-7af8-4f53-ad0a-bb7aa43a9786] c.hify.common.RequestLoggingFilter - http.request method=POST path=/api/v1/workflows/9f37bbd5-afbc-4004-85f1-aa197f1023df/versions status=200 latencyMs=31
2026-10-07T19:54:50.918+08:00 INFO  [main] [requestId=b113db6a-62a6-4504-9a97-9f530e31d301] c.hify.common.RequestLoggingFilter - http.request method=POST path=/api/v1/workflow-versions/ff8b0bf4-e595-4bf8-91df-516968b1cddb/runs status=202 latencyMs=22
2026-10-07T19:54:50.941+08:00 INFO  [main] [requestId=945e8a27-14c5-408c-b32d-55fa50582cf0] c.hify.common.RequestLoggingFilter - http.request method=POST path=/api/v1/knowledge-bases status=201 latencyMs=11
2026-10-07T19:54:50.973+08:00 INFO  [main] [requestId=a02f60cd-3148-4def-b1dc-c30e915f0343] c.hify.common.RequestLoggingFilter - http.request method=POST path=/api/v1/knowledge-bases/e6f8775a-20cf-42b1-9796-0850349888a4/documents status=202 latencyMs=22
2026-10-07T19:54:50.979+08:00 INFO  [main] [requestId=83912b46-560f-4aeb-b5c1-22efbbb45bab] c.hify.common.RequestLoggingFilter - http.request method=GET path=/api/v1/documents/6641b13f-669b-4797-a94a-9b54680acd99 status=200 latencyMs=5
2026-10-07T19:54:51.159+08:00 INFO  [main] [requestId=6f7cc8fa-169c-47fd-a620-fcafcbc623e8] c.hify.common.RequestLoggingFilter - http.request method=GET path=/api/v1/documents/6641b13f-669b-4797-a94a-9b54680acd99 status=200 latencyMs=4
2026-10-07T19:54:51.169+08:00 INFO  [main] [requestId=99238cc2-aa41-4d43-a1d7-053997acdbce] c.hify.common.RequestLoggingFilter - http.request method=POST path=/api/v1/workflows status=201 latencyMs=7
2026-10-07T19:54:51.178+08:00 INFO  [main] [requestId=06e6f7b3-89e2-4afe-9ac7-e2ffd4f5bba7] c.hify.common.RequestLoggingFilter - http.request method=POST path=/api/v1/workflows/4f28a5a2-9a08-48c5-85b7-065bc0f49174/versions status=200 latencyMs=8
2026-10-07T19:54:51.181+08:00 INFO  [main] [requestId=55799fe8-3533-44a6-abec-903d0890323a] c.hify.common.RequestLoggingFilter - http.request method=POST path=/api/v1/knowledge-bases status=201 latencyMs=1
2026-10-07T19:54:51.193+08:00 INFO  [main] [requestId=5ec41384-4994-4640-864b-8e1d093f2925] c.hify.common.RequestLoggingFilter - http.request method=POST path=/api/v1/workflow-versions/e7eea7b6-5d54-4f3c-97dc-81aa642d3783/runs status=202 latencyMs=11
2026-10-07T19:54:51.203+08:00 INFO  [main] [requestId=9cceee81-2675-4fcd-b423-d3c611a8527b] c.hify.common.RequestLoggingFilter - http.request method=POST path=/api/v1/knowledge-bases status=201 latencyMs=3
2026-10-07T19:54:51.208+08:00 INFO  [main] [requestId=6beb1123-0313-4975-acfc-73deac54fc90] c.hify.common.RequestLoggingFilter - http.request method=POST path=/api/v1/knowledge-bases/3b4f3383-ad1f-4868-9744-a27d75ca5d72/documents status=202 latencyMs=4
2026-10-07T19:54:51.211+08:00 INFO  [main] [requestId=8be6cbcd-b9b8-4a8d-b45e-db11acd66563] c.hify.common.RequestLoggingFilter - http.request method=GET path=/api/v1/documents/637c489a-6d12-4be3-9d49-03efeabcd60e status=200 latencyMs=2
2026-10-07T19:54:51.370+08:00 INFO  [main] [requestId=84393beb-e7f3-4dc4-8469-543fb837ce5a] c.hify.common.RequestLoggingFilter - http.request method=GET path=/api/v1/documents/637c489a-6d12-4be3-9d49-03efeabcd60e status=200 latencyMs=8
2026-10-07T19:54:51.393+08:00 INFO  [main] [requestId=e48169e9-b274-44a0-81f9-11ffc97a6a83] c.hify.common.RequestLoggingFilter - http.request method=POST path=/api/v1/workflows status=201 latencyMs=22
2026-10-07T19:54:51.422+08:00 INFO  [main] [requestId=fc7cebf1-740b-4996-9fbd-e00abab16ba6] c.hify.common.RequestLoggingFilter - http.request method=POST path=/api/v1/workflows/c2afbd2e-0e7b-4850-b297-3fdf38d6c63d/versions status=404 latencyMs=28
2026-10-07T19:54:51.447+08:00 INFO  [main] [requestId=5397171e-ccd5-48a5-a9fe-011ca8318db6] c.hify.common.RequestLoggingFilter - http.request method=POST path=/api/v1/knowledge-bases status=201 latencyMs=6
2026-10-07T19:54:51.452+08:00 INFO  [main] [requestId=15a1a060-c0d5-4080-88ad-1baf291354b6] c.hify.common.RequestLoggingFilter - http.request method=POST path=/api/v1/knowledge-bases/506d71ee-b87f-4176-9d80-10dcfe1b18ff/documents status=202 latencyMs=4
2026-10-07T19:54:51.455+08:00 INFO  [main] [requestId=922ad71b-1fd5-4550-8ca5-502ae344898c] c.hify.common.RequestLoggingFilter - http.request method=GET path=/api/v1/documents/fcf0a284-e252-405b-9bc6-db0898784d6f status=200 latencyMs=2
2026-10-07T19:54:51.571+08:00 INFO  [main] [requestId=f79e9bc7-21a4-4603-ab7b-f3ffd87c9160] c.hify.common.RequestLoggingFilter - http.request method=GET path=/api/v1/documents/fcf0a284-e252-405b-9bc6-db0898784d6f status=200 latencyMs=4
2026-10-07T19:54:51.578+08:00 INFO  [main] [requestId=50f0256a-d9cd-475b-8fba-2d111bbb674c] c.hify.common.RequestLoggingFilter - http.request method=POST path=/api/v1/workflows status=201 latencyMs=6
2026-10-07T19:54:51.584+08:00 INFO  [main] [requestId=00d395a8-d058-4443-bc65-a8da7384d27e] c.hify.common.RequestLoggingFilter - http.request method=POST path=/api/v1/workflows/492f79c5-d796-42dd-b235-ddcf9874b1dd/versions status=200 latencyMs=6
2026-10-07T19:54:51.606+08:00 INFO  [main] [requestId=e4675a13-4cc8-4e5f-ad78-e09f5117708c] c.hify.common.RequestLoggingFilter - http.request method=POST path=/api/v1/workflow-versions/65f4485e-70f5-4ba3-8278-e37559502b08/runs status=202 latencyMs=21
2026-10-07T19:54:51.615+08:00 INFO  [main] [requestId=90fecf46-672d-416e-afe9-158299c7791c] c.hify.common.RequestLoggingFilter - http.request method=POST path=/api/v1/workflow-versions/65f4485e-70f5-4ba3-8278-e37559502b08/runs status=202 latencyMs=8
[INFO] Tests run: 10, Failures: 0, Errors: 0, Skipped: 0, Time elapsed: 25.34 s -- in com.hify.api.WorkflowKnowledgePostgresTest
[INFO] Running com.hify.api.HistoryRecoveryPostgresTest
2026-10-07T19:54:52.188+08:00 INFO  [main] [requestId=] tc.pgvector/pgvector:pg16 - Creating container for image: pgvector/pgvector:pg16
2026-10-07T19:54:52.233+08:00 INFO  [main] [requestId=] tc.pgvector/pgvector:pg16 - Container pgvector/pgvector:pg16 is starting: 38a91db7cbdbbd486be8511f6ecb32217f5bfa4a250f2447cc97229c63cb36d6
2026-10-07T19:54:53.351+08:00 INFO  [main] [requestId=] tc.pgvector/pgvector:pg16 - Container pgvector/pgvector:pg16 started in PT1.162038S
2026-10-07T19:54:53.352+08:00 INFO  [main] [requestId=] tc.pgvector/pgvector:pg16 - Container is started (JDBC URL: jdbc:postgresql://127.0.0.1:32777/history_recovery?loggerLevel=OFF)
[INFO] Tests run: 3, Failures: 0, Errors: 0, Skipped: 0, Time elapsed: 29.56 s -- in com.hify.api.HistoryRecoveryPostgresTest
[INFO] Running com.hify.api.WorkflowSettlementPostgresTest

  .   ____          _            __ _ _
 /\\ / ___'_ __ _ _(_)_ __  __ _ \ \ \ \
( ( )\___ | '_ | '_| | '_ \/ _` | \ \ \ \
 \\/  ___)| |_)| | | | | || (_| |  ) ) ) )
  '  |____| .__|_| |_|_| |_\__, | / / / /
 =========|_|==============|___/=/_/_/_/

 :: Spring Boot ::                (v3.4.5)

2026-10-07T19:55:23.345+08:00 INFO  [main] [requestId=] c.h.a.WorkflowSettlementPostgresTest - Starting WorkflowSettlementPostgresTest using Java 17.0.19 with PID 6303 (started by weberzhao in /private/tmp/hify-course-20261006.hhEhwt/retrieval-worktree/backend/hify-app)
2026-10-07T19:55:23.345+08:00 INFO  [main] [requestId=] c.h.a.WorkflowSettlementPostgresTest - No active profile set, falling back to 1 default profile: "default"
2026-10-07T19:55:24.094+08:00 INFO  [main] [requestId=] o.s.d.r.c.RepositoryConfigurationDelegate - Multiple Spring Data modules found, entering strict repository configuration mode
2026-10-07T19:55:24.095+08:00 INFO  [main] [requestId=] o.s.d.r.c.RepositoryConfigurationDelegate - Bootstrapping Spring Data JPA repositories in DEFAULT mode.
2026-10-07T19:55:24.235+08:00 INFO  [main] [requestId=] o.s.d.r.c.RepositoryConfigurationDelegate - Finished Spring Data repository scanning in 104 ms. Found 34 JPA repository interfaces.
2026-10-07T19:55:24.403+08:00 INFO  [main] [requestId=] com.zaxxer.hikari.HikariDataSource - HikariPool-17 - Starting...
2026-10-07T19:55:24.435+08:00 INFO  [main] [requestId=] com.zaxxer.hikari.pool.HikariPool - HikariPool-17 - Added connection org.postgresql.jdbc.PgConnection@1c8d3cc5
2026-10-07T19:55:24.436+08:00 INFO  [main] [requestId=] com.zaxxer.hikari.HikariDataSource - HikariPool-17 - Start completed.
2026-10-07T19:55:24.438+08:00 INFO  [main] [requestId=] org.flywaydb.core.FlywayExecutor - Database: jdbc:postgresql://127.0.0.1:32778/settlement_test?loggerLevel=OFF (PostgreSQL 16.15)
2026-10-07T19:55:24.447+08:00 INFO  [main] [requestId=] o.f.c.i.s.JdbcTableSchemaHistory - Schema history table "public"."flyway_schema_history" does not exist yet
2026-10-07T19:55:24.448+08:00 INFO  [main] [requestId=] o.f.core.internal.command.DbValidate - Successfully validated 24 migrations (execution time 00:00.004s)
2026-10-07T19:55:24.463+08:00 INFO  [main] [requestId=] o.f.c.i.s.JdbcTableSchemaHistory - Creating Schema History table "public"."flyway_schema_history" ...
2026-10-07T19:55:24.484+08:00 INFO  [main] [requestId=] o.f.core.internal.command.DbMigrate - Current version of schema "public": << Empty Schema >>
2026-10-07T19:55:24.486+08:00 INFO  [main] [requestId=] o.f.core.internal.command.DbMigrate - Migrating schema "public" to version "1 - baseline"
2026-10-07T19:55:24.501+08:00 INFO  [main] [requestId=] o.f.core.internal.command.DbMigrate - Migrating schema "public" to version "2 - demo item"
2026-10-07T19:55:24.508+08:00 INFO  [main] [requestId=] o.f.core.internal.command.DbMigrate - Migrating schema "public" to version "3 - run replan control"
2026-10-07T19:55:24.519+08:00 INFO  [main] [requestId=] o.f.core.internal.command.DbMigrate - Migrating schema "public" to version "4 - run context state"
2026-10-07T19:55:24.540+08:00 INFO  [main] [requestId=] o.f.core.internal.command.DbMigrate - Migrating schema "public" to version "5 - provider catalog"
2026-10-07T19:55:24.569+08:00 INFO  [main] [requestId=] o.f.core.internal.command.DbMigrate - Migrating schema "public" to version "6 - agent publishing"
2026-10-07T19:55:24.581+08:00 INFO  [main] [requestId=] o.f.core.internal.command.DbMigrate - Migrating schema "public" to version "7 - agent archive and tool bindings"
2026-10-07T19:55:24.587+08:00 INFO  [main] [requestId=] o.f.core.internal.command.DbMigrate - Migrating schema "public" to version "8 - backfill agent tool bindings"
2026-10-07T19:55:24.591+08:00 INFO  [main] [requestId=] o.f.core.internal.command.DbMigrate - Migrating schema "public" to version "9 - runtime capability and history"
2026-10-07T19:55:24.597+08:00 INFO  [main] [requestId=] o.f.core.internal.command.DbMigrate - Migrating schema "public" to version "10 - child agent task protocol"
2026-10-07T19:55:24.606+08:00 INFO  [main] [requestId=] o.f.core.internal.command.DbMigrate - Migrating schema "public" to version "11 - context memory catalog"
2026-10-07T19:55:24.615+08:00 INFO  [main] [requestId=] o.f.core.internal.command.DbMigrate - Migrating schema "public" to version "12 - history full text index"
2026-10-07T19:55:24.622+08:00 INFO  [main] [requestId=] o.f.core.internal.command.DbMigrate - Migrating schema "public" to version "13 - history vector index"
2026-10-07T19:55:24.643+08:00 INFO  [main] [requestId=] o.f.core.internal.command.DbMigrate - Migrating schema "public" to version "14 - knowledge catalog"
2026-10-07T19:55:24.651+08:00 INFO  [main] [requestId=] o.f.core.internal.command.DbMigrate - Migrating schema "public" to version "15 - knowledge search indexes"
2026-10-07T19:55:24.659+08:00 INFO  [main] [requestId=] o.f.core.internal.command.DbMigrate - Migrating schema "public" to version "16 - workflow runtime"
2026-10-07T19:55:24.678+08:00 INFO  [main] [requestId=] o.f.core.internal.command.DbMigrate - Migrating schema "public" to version "17 - mcp server registry"
2026-10-07T19:55:24.686+08:00 INFO  [main] [requestId=] o.f.core.internal.command.DbMigrate - Migrating schema "public" to version "18 - agent knowledge capability"
2026-10-07T19:55:24.711+08:00 INFO  [main] [requestId=] o.f.core.internal.command.DbMigrate - Migrating schema "public" to version "19 - agent workflow mcp capabilities"
2026-10-07T19:55:24.720+08:00 INFO  [main] [requestId=] o.f.core.internal.command.DbMigrate - Migrating schema "public" to version "20 - mcp encrypted credentials"
2026-10-07T19:55:24.724+08:00 INFO  [main] [requestId=] o.f.core.internal.command.DbMigrate - Migrating schema "public" to version "21 - workflow control terminal states"
2026-10-07T19:55:24.744+08:00 INFO  [main] [requestId=] o.f.core.internal.command.DbMigrate - Migrating schema "public" to version "22 - workflow interrupted state"
2026-10-07T19:55:24.749+08:00 INFO  [main] [requestId=] o.f.core.internal.command.DbMigrate - Migrating schema "public" to version "23 - history operation recovery"
2026-10-07T19:55:24.754+08:00 INFO  [main] [requestId=] o.f.core.internal.command.DbMigrate - Migrating schema "public" to version "24 - semantic embedding profiles"
2026-10-07T19:55:24.760+08:00 INFO  [main] [requestId=] o.f.core.internal.command.DbMigrate - Successfully applied 24 migrations to schema "public", now at version v24 (execution time 00:00.138s)
2026-10-07T19:55:24.811+08:00 INFO  [main] [requestId=] o.h.jpa.internal.util.LogHelper - HHH000204: Processing PersistenceUnitInfo [name: default]
2026-10-07T19:55:24.813+08:00 INFO  [main] [requestId=] o.h.c.i.RegionFactoryInitiator - HHH000026: Second-level cache disabled
2026-10-07T19:55:24.831+08:00 INFO  [main] [requestId=] o.s.o.j.p.SpringPersistenceUnitInfo - No LoadTimeWeaver setup: ignoring JPA class transformer
2026-10-07T19:55:24.840+08:00 INFO  [main] [requestId=] o.hibernate.orm.connections.pooling - HHH10001005: Database info:
	Database JDBC URL [Connecting through datasource 'HikariDataSource (HikariPool-17)']
	Database driver: undefined/unknown
	Database version: 16.15
	Autocommit mode: undefined/unknown
	Isolation level: undefined/unknown
	Minimum pool size: undefined/unknown
	Maximum pool size: undefined/unknown
2026-10-07T19:55:24.946+08:00 INFO  [main] [requestId=] o.h.e.t.j.p.i.JtaPlatformInitiator - HHH000489: No JTA platform available (set 'hibernate.transaction.jta.platform' to enable JTA platform integration)
2026-10-07T19:55:24.960+08:00 INFO  [main] [requestId=] o.s.o.j.LocalContainerEntityManagerFactoryBean - Initialized JPA EntityManagerFactory for persistence unit 'default'
2026-10-07T19:55:27.463+08:00 INFO  [main] [requestId=] c.b.m.s.MybatisPlusApplicationContextAware - Register ApplicationContext instances org.springframework.web.context.support.GenericWebApplicationContext@29f62d97
2026-10-07T19:55:28.735+08:00 INFO  [main] [requestId=] o.s.b.t.m.w.SpringBootMockServletContext - Initializing Spring TestDispatcherServlet ''
2026-10-07T19:55:28.736+08:00 INFO  [main] [requestId=] o.s.t.w.s.TestDispatcherServlet - Initializing Servlet ''
2026-10-07T19:55:28.743+08:00 INFO  [main] [requestId=] o.s.b.a.e.web.EndpointLinksResolver - Exposing 2 endpoints beneath base path '/actuator'
2026-10-07T19:55:28.772+08:00 INFO  [main] [requestId=] o.s.t.w.s.TestDispatcherServlet - Completed initialization in 36 ms
2026-10-07T19:55:28.873+08:00 INFO  [main] [requestId=] c.h.a.WorkflowSettlementPostgresTest - Started WorkflowSettlementPostgresTest in 5.593 seconds (process running for 197.765)
2026-10-07T19:55:29.383+08:00 INFO  [main] [requestId=] o.s.o.j.LocalContainerEntityManagerFactoryBean - Closing JPA EntityManagerFactory for persistence unit 'default'
2026-10-07T19:55:29.386+08:00 INFO  [main] [requestId=] com.zaxxer.hikari.HikariDataSource - HikariPool-11 - Shutdown initiated...
2026-10-07T19:55:29.387+08:00 INFO  [main] [requestId=] com.zaxxer.hikari.HikariDataSource - HikariPool-11 - Shutdown completed.
2026-10-07T19:55:29.633+08:00 INFO  [main] [requestId=e327bab7-f434-4b55-8164-efa44d40d237] c.hify.common.RequestLoggingFilter - http.request method=POST path=/api/v1/runs/6cba1557-f5f3-4985-a956-785435849478/cancellations status=202 latencyMs=8
2026-10-07T19:55:29.703+08:00 INFO  [main] [requestId=2d003af1-3d9b-4528-8e19-6550ee09b138] c.hify.common.RequestLoggingFilter - http.request method=GET path=/api/v1/runs/6cba1557-f5f3-4985-a956-785435849478/events/stream status=200 latencyMs=6
2026-10-07T19:55:29.860+08:00 INFO  [main] [requestId=2ecd80ad-6a51-4060-88a7-81adf5923cb4] c.hify.common.RequestLoggingFilter - http.request method=POST path=/api/v1/knowledge-bases status=201 latencyMs=58
2026-10-07T19:55:29.995+08:00 INFO  [main] [requestId=f402e589-aae0-4c03-bfba-d9e95cf1f184] c.hify.common.RequestLoggingFilter - http.request method=POST path=/api/v1/runs/2e3e0cb8-e970-46a9-aded-c5ec67113406/cancellations status=202 latencyMs=8
2026-10-07T19:55:30.088+08:00 INFO  [main] [requestId=40e89d27-0ebf-4198-8eb9-a050e89520fd] c.hify.common.RequestLoggingFilter - http.request method=GET path=/api/v1/runs/2e3e0cb8-e970-46a9-aded-c5ec67113406/events/stream status=200 latencyMs=4
2026-10-07T19:55:30.662+08:00 INFO  [main] [requestId=74c71616-75af-4199-ba41-d2dbe376aa56] c.hify.common.RequestLoggingFilter - http.request method=GET path=/api/v1/runs/9d39bf66-36d5-4f60-a37a-2daa787a259c/events/stream status=200 latencyMs=13
2026-10-07T19:55:30.895+08:00 INFO  [main] [requestId=24c45833-80f3-4f38-839f-65622289507b] c.hify.common.RequestLoggingFilter - http.request method=POST path=/api/v1/knowledge-bases status=201 latencyMs=33
2026-10-07T19:55:31.131+08:00 INFO  [main] [requestId=1e11829c-9444-453e-a0b5-f5f13ee56443] c.hify.common.RequestLoggingFilter - http.request method=GET path=/api/v1/runs/bc98fcb3-7d40-47d7-948c-a238ec263a66/events/stream status=200 latencyMs=2
[INFO] Tests run: 4, Failures: 0, Errors: 0, Skipped: 0, Time elapsed: 10.04 s -- in com.hify.api.WorkflowSettlementPostgresTest
[INFO] Running com.hify.api.SemanticKnowledgePostgresTest
2026-10-07T19:55:31.824+08:00 INFO  [main] [requestId=] o.s.t.c.s.AnnotationConfigContextLoaderUtils - Could not detect default configuration classes for test class [com.hify.api.SemanticKnowledgePostgresTest]: SemanticKnowledgePostgresTest does not declare any static, non-private, non-final, nested classes annotated with @Configuration.
2026-10-07T19:55:31.843+08:00 INFO  [main] [requestId=] o.s.b.t.c.SpringBootTestContextBootstrapper - Found @SpringBootConfiguration com.hify.HifyApplication for test class com.hify.api.SemanticKnowledgePostgresTest
2026-10-07T19:55:31.860+08:00 INFO  [main] [requestId=] tc.pgvector/pgvector:pg16 - Creating container for image: pgvector/pgvector:pg16
2026-10-07T19:55:31.964+08:00 INFO  [main] [requestId=] tc.pgvector/pgvector:pg16 - Container pgvector/pgvector:pg16 is starting: 30ee2824698a3d9ba62b7682af128b145932041cb1266ac54064ed4fc6c97cbe
2026-10-07T19:55:32.834+08:00 INFO  [main] [requestId=] tc.pgvector/pgvector:pg16 - Container pgvector/pgvector:pg16 started in PT0.97354S
2026-10-07T19:55:32.837+08:00 INFO  [main] [requestId=] tc.pgvector/pgvector:pg16 - Container is started (JDBC URL: jdbc:postgresql://127.0.0.1:32779/test?loggerLevel=OFF)

  .   ____          _            __ _ _
 /\\ / ___'_ __ _ _(_)_ __  __ _ \ \ \ \
( ( )\___ | '_ | '_| | '_ \/ _` | \ \ \ \
 \\/  ___)| |_)| | | | | || (_| |  ) ) ) )
  '  |____| .__|_| |_|_| |_\__, | / / / /
 =========|_|==============|___/=/_/_/_/

 :: Spring Boot ::                (v3.4.5)

2026-10-07T19:55:33.471+08:00 INFO  [main] [requestId=] c.h.a.SemanticKnowledgePostgresTest - Starting SemanticKnowledgePostgresTest using Java 17.0.19 with PID 6303 (started by weberzhao in /private/tmp/hify-course-20261006.hhEhwt/retrieval-worktree/backend/hify-app)
2026-10-07T19:55:33.471+08:00 INFO  [main] [requestId=] c.h.a.SemanticKnowledgePostgresTest - No active profile set, falling back to 1 default profile: "default"
2026-10-07T19:55:34.511+08:00 INFO  [main] [requestId=] o.s.d.r.c.RepositoryConfigurationDelegate - Multiple Spring Data modules found, entering strict repository configuration mode
2026-10-07T19:55:34.511+08:00 INFO  [main] [requestId=] o.s.d.r.c.RepositoryConfigurationDelegate - Bootstrapping Spring Data JPA repositories in DEFAULT mode.
2026-10-07T19:55:34.576+08:00 INFO  [main] [requestId=] o.s.d.r.c.RepositoryConfigurationDelegate - Finished Spring Data repository scanning in 60 ms. Found 34 JPA repository interfaces.
2026-10-07T19:55:34.734+08:00 INFO  [main] [requestId=] com.zaxxer.hikari.HikariDataSource - HikariPool-18 - Starting...
2026-10-07T19:55:34.818+08:00 INFO  [main] [requestId=] com.zaxxer.hikari.pool.HikariPool - HikariPool-18 - Added connection org.postgresql.jdbc.PgConnection@4038caff
2026-10-07T19:55:34.820+08:00 INFO  [main] [requestId=] com.zaxxer.hikari.HikariDataSource - HikariPool-18 - Start completed.
2026-10-07T19:55:34.827+08:00 INFO  [main] [requestId=] org.flywaydb.core.FlywayExecutor - Database: jdbc:postgresql://127.0.0.1:32779/test?loggerLevel=OFF (PostgreSQL 16.15)
2026-10-07T19:55:34.942+08:00 INFO  [main] [requestId=] o.f.c.i.s.JdbcTableSchemaHistory - Schema history table "public"."flyway_schema_history" does not exist yet
2026-10-07T19:55:34.943+08:00 INFO  [main] [requestId=] o.f.core.internal.command.DbValidate - Successfully validated 24 migrations (execution time 00:00.071s)
2026-10-07T19:55:34.948+08:00 INFO  [main] [requestId=] o.f.c.i.s.JdbcTableSchemaHistory - Creating Schema History table "public"."flyway_schema_history" ...
2026-10-07T19:55:34.988+08:00 INFO  [main] [requestId=] o.f.core.internal.command.DbMigrate - Current version of schema "public": << Empty Schema >>
2026-10-07T19:55:34.991+08:00 INFO  [main] [requestId=] o.f.core.internal.command.DbMigrate - Migrating schema "public" to version "1 - baseline"
2026-10-07T19:55:35.004+08:00 INFO  [main] [requestId=] o.f.core.internal.command.DbMigrate - Migrating schema "public" to version "2 - demo item"
2026-10-07T19:55:35.016+08:00 INFO  [main] [requestId=] o.f.core.internal.command.DbMigrate - Migrating schema "public" to version "3 - run replan control"
2026-10-07T19:55:35.022+08:00 INFO  [main] [requestId=] o.f.core.internal.command.DbMigrate - Migrating schema "public" to version "4 - run context state"
2026-10-07T19:55:35.028+08:00 INFO  [main] [requestId=] o.f.core.internal.command.DbMigrate - Migrating schema "public" to version "5 - provider catalog"
2026-10-07T19:55:35.050+08:00 INFO  [main] [requestId=] o.f.core.internal.command.DbMigrate - Migrating schema "public" to version "6 - agent publishing"
2026-10-07T19:55:35.072+08:00 INFO  [main] [requestId=] o.f.core.internal.command.DbMigrate - Migrating schema "public" to version "7 - agent archive and tool bindings"
2026-10-07T19:55:35.101+08:00 INFO  [main] [requestId=] o.f.core.internal.command.DbMigrate - Migrating schema "public" to version "8 - backfill agent tool bindings"
2026-10-07T19:55:35.115+08:00 INFO  [main] [requestId=] o.f.core.internal.command.DbMigrate - Migrating schema "public" to version "9 - runtime capability and history"
2026-10-07T19:55:35.123+08:00 INFO  [main] [requestId=] o.f.core.internal.command.DbMigrate - Migrating schema "public" to version "10 - child agent task protocol"
2026-10-07T19:55:35.155+08:00 INFO  [main] [requestId=] o.f.core.internal.command.DbMigrate - Migrating schema "public" to version "11 - context memory catalog"
2026-10-07T19:55:35.166+08:00 INFO  [main] [requestId=] o.f.core.internal.command.DbMigrate - Migrating schema "public" to version "12 - history full text index"
2026-10-07T19:55:35.170+08:00 INFO  [main] [requestId=] o.f.core.internal.command.DbMigrate - Migrating schema "public" to version "13 - history vector index"
2026-10-07T19:55:35.191+08:00 INFO  [main] [requestId=] o.f.core.internal.command.DbMigrate - Migrating schema "public" to version "14 - knowledge catalog"
2026-10-07T19:55:35.227+08:00 INFO  [main] [requestId=] o.f.core.internal.command.DbMigrate - Migrating schema "public" to version "15 - knowledge search indexes"
2026-10-07T19:55:35.242+08:00 INFO  [main] [requestId=] o.f.core.internal.command.DbMigrate - Migrating schema "public" to version "16 - workflow runtime"
2026-10-07T19:55:35.269+08:00 INFO  [main] [requestId=] o.f.core.internal.command.DbMigrate - Migrating schema "public" to version "17 - mcp server registry"
2026-10-07T19:55:35.302+08:00 INFO  [main] [requestId=] o.f.core.internal.command.DbMigrate - Migrating schema "public" to version "18 - agent knowledge capability"
2026-10-07T19:55:35.311+08:00 INFO  [main] [requestId=] o.f.core.internal.command.DbMigrate - Migrating schema "public" to version "19 - agent workflow mcp capabilities"
2026-10-07T19:55:35.318+08:00 INFO  [main] [requestId=] o.f.core.internal.command.DbMigrate - Migrating schema "public" to version "20 - mcp encrypted credentials"
2026-10-07T19:55:35.325+08:00 INFO  [main] [requestId=] o.f.core.internal.command.DbMigrate - Migrating schema "public" to version "21 - workflow control terminal states"
2026-10-07T19:55:35.331+08:00 INFO  [main] [requestId=] o.f.core.internal.command.DbMigrate - Migrating schema "public" to version "22 - workflow interrupted state"
2026-10-07T19:55:35.338+08:00 INFO  [main] [requestId=] o.f.core.internal.command.DbMigrate - Migrating schema "public" to version "23 - history operation recovery"
2026-10-07T19:55:35.351+08:00 INFO  [main] [requestId=] o.f.core.internal.command.DbMigrate - Migrating schema "public" to version "24 - semantic embedding profiles"
2026-10-07T19:55:35.374+08:00 INFO  [main] [requestId=] o.f.core.internal.command.DbMigrate - Successfully applied 24 migrations to schema "public", now at version v24 (execution time 00:00.146s)
2026-10-07T19:55:35.429+08:00 INFO  [main] [requestId=] o.h.jpa.internal.util.LogHelper - HHH000204: Processing PersistenceUnitInfo [name: default]
2026-10-07T19:55:35.432+08:00 INFO  [main] [requestId=] o.h.c.i.RegionFactoryInitiator - HHH000026: Second-level cache disabled
2026-10-07T19:55:35.451+08:00 INFO  [main] [requestId=] o.s.o.j.p.SpringPersistenceUnitInfo - No LoadTimeWeaver setup: ignoring JPA class transformer
2026-10-07T19:55:35.458+08:00 INFO  [main] [requestId=] o.hibernate.orm.connections.pooling - HHH10001005: Database info:
	Database JDBC URL [Connecting through datasource 'HikariDataSource (HikariPool-18)']
	Database driver: undefined/unknown
	Database version: 16.15
	Autocommit mode: undefined/unknown
	Isolation level: undefined/unknown
	Minimum pool size: undefined/unknown
	Maximum pool size: undefined/unknown
2026-10-07T19:55:35.701+08:00 INFO  [main] [requestId=] o.h.e.t.j.p.i.JtaPlatformInitiator - HHH000489: No JTA platform available (set 'hibernate.transaction.jta.platform' to enable JTA platform integration)
2026-10-07T19:55:35.726+08:00 INFO  [main] [requestId=] o.s.o.j.LocalContainerEntityManagerFactoryBean - Initialized JPA EntityManagerFactory for persistence unit 'default'
2026-10-07T19:55:39.762+08:00 INFO  [main] [requestId=] c.b.m.s.MybatisPlusApplicationContextAware - Register ApplicationContext instances org.springframework.web.context.support.GenericWebApplicationContext@3f18b289
2026-10-07T19:55:40.314+08:00 INFO  [main] [requestId=] o.s.b.t.m.w.SpringBootMockServletContext - Initializing Spring TestDispatcherServlet ''
2026-10-07T19:55:40.314+08:00 INFO  [main] [requestId=] o.s.t.w.s.TestDispatcherServlet - Initializing Servlet ''
2026-10-07T19:55:40.317+08:00 INFO  [main] [requestId=] o.s.b.a.e.web.EndpointLinksResolver - Exposing 2 endpoints beneath base path '/actuator'
2026-10-07T19:55:40.325+08:00 INFO  [main] [requestId=] o.s.t.w.s.TestDispatcherServlet - Completed initialization in 11 ms
2026-10-07T19:55:40.359+08:00 INFO  [main] [requestId=] c.h.a.SemanticKnowledgePostgresTest - Started SemanticKnowledgePostgresTest in 7.431 seconds (process running for 209.252)
2026-10-07T19:55:40.476+08:00 INFO  [main] [requestId=] o.s.o.j.LocalContainerEntityManagerFactoryBean - Closing JPA EntityManagerFactory for persistence unit 'default'
2026-10-07T19:55:40.477+08:00 INFO  [main] [requestId=] com.zaxxer.hikari.HikariDataSource - HikariPool-12 - Shutdown initiated...
2026-10-07T19:55:40.478+08:00 INFO  [main] [requestId=] com.zaxxer.hikari.HikariDataSource - HikariPool-12 - Shutdown completed.
2026-10-07T19:55:40.523+08:00 INFO  [main] [requestId=062d4c34-f6ac-4e6a-a210-7d517708aaaf] c.hify.common.RequestLoggingFilter - http.request method=POST path=/api/v1/providers status=201 latencyMs=32
2026-10-07T19:55:40.542+08:00 INFO  [main] [requestId=aebf7cb3-5906-4b47-9c60-8190d91a27d3] c.hify.common.RequestLoggingFilter - http.request method=POST path=/api/v1/knowledge-bases status=201 latencyMs=17
2026-10-07T19:55:40.553+08:00 INFO  [main] [requestId=85e80c44-1dfb-4b74-92a1-0e2bac9a673e] c.hify.common.RequestLoggingFilter - http.request method=POST path=/api/v1/knowledge-bases/b0d22f60-7f84-4092-98d6-ec1008fc36f2/documents status=202 latencyMs=9
2026-10-07T19:55:40.630+08:00 INFO  [llm-1] [requestId=85e80c44-1dfb-4b74-92a1-0e2bac9a673e] com.hify.common.LlmHttpClient - llm.http target=http://127.0.0.1:53140/v1/embeddings status=200 latencyMs=27
2026-10-07T19:55:40.809+08:00 INFO  [main] [requestId=c34d837f-3a1c-4b8c-97e5-0f61aed7227b] c.hify.common.RequestLoggingFilter - http.request method=POST path=/api/v1/providers status=201 latencyMs=22
2026-10-07T19:55:40.814+08:00 INFO  [main] [requestId=e498d798-9d6c-4c90-a162-85e0e9041726] c.hify.common.RequestLoggingFilter - http.request method=POST path=/api/v1/knowledge-bases status=201 latencyMs=4
2026-10-07T19:55:40.820+08:00 INFO  [main] [requestId=9e5161a8-9ccb-4b46-bd5c-8d54ea97bd6e] c.hify.common.RequestLoggingFilter - http.request method=GET path=/api/v1/knowledge-bases/e18be9ec-b621-4db9-996d-fc9f6ffa2438 status=200 latencyMs=5
2026-10-07T19:55:40.826+08:00 INFO  [main] [requestId=b0402715-fd26-46fa-9371-4fb616ec539c] c.hify.common.RequestLoggingFilter - http.request method=PUT path=/api/v1/knowledge-bases/e18be9ec-b621-4db9-996d-fc9f6ffa2438 status=409 latencyMs=5
2026-10-07T19:55:40.838+08:00 INFO  [main] [requestId=3b607741-e944-4e43-a734-0e272a6c0110] c.hify.common.RequestLoggingFilter - http.request method=POST path=/api/v1/providers status=201 latencyMs=8
2026-10-07T19:55:40.844+08:00 INFO  [llm-2] [requestId=] com.hify.common.LlmHttpClient - llm.http target=http://127.0.0.1:53140/v1/embeddings status=200 latencyMs=1
2026-10-07T19:55:40.861+08:00 INFO  [main] [requestId=7a27a1b7-ab4d-41df-b108-3550b95dd60f] c.hify.common.RequestLoggingFilter - http.request method=POST path=/api/v1/providers status=201 latencyMs=5
2026-10-07T19:55:40.867+08:00 INFO  [main] [requestId=3019d384-b5aa-4e17-a258-149c40c8921e] c.hify.common.RequestLoggingFilter - http.request method=POST path=/api/v1/knowledge-bases status=201 latencyMs=4
2026-10-07T19:55:40.880+08:00 INFO  [main] [requestId=dbef0bab-7e9c-44ed-b593-019ab6444f52] c.hify.common.RequestLoggingFilter - http.request method=POST path=/api/v1/knowledge-bases/5721f2d1-58e0-4879-a709-b6a55d8983b8/documents status=202 latencyMs=12
2026-10-07T19:55:40.886+08:00 INFO  [llm-3] [requestId=dbef0bab-7e9c-44ed-b593-019ab6444f52] com.hify.common.LlmHttpClient - llm.http target=http://127.0.0.1:53140/v1/embeddings status=200 latencyMs=1
2026-10-07T19:55:41.089+08:00 INFO  [main] [requestId=fea817da-77a1-4cba-9fd6-efb613456d56] c.hify.common.RequestLoggingFilter - http.request method=POST path=/api/v1/knowledge-bases/5721f2d1-58e0-4879-a709-b6a55d8983b8/documents status=202 latencyMs=8
2026-10-07T19:55:41.110+08:00 INFO  [llm-4] [requestId=fea817da-77a1-4cba-9fd6-efb613456d56] com.hify.common.LlmHttpClient - llm.http target=http://127.0.0.1:53140/v1/embeddings status=200 latencyMs=1
2026-10-07T19:55:41.304+08:00 INFO  [llm-5] [requestId=] com.hify.common.LlmHttpClient - llm.http target=http://127.0.0.1:53140/v1/embeddings status=200 latencyMs=1
2026-10-07T19:55:41.360+08:00 INFO  [main] [requestId=6e004930-0b2d-4e24-8b16-74246127814d] c.hify.common.RequestLoggingFilter - http.request method=DELETE path=/api/v1/documents/a050bbaa-dc36-4c04-bb1b-3b72df4918ed status=200 latencyMs=7
2026-10-07T19:55:41.366+08:00 INFO  [llm-6] [requestId=] com.hify.common.LlmHttpClient - llm.http target=http://127.0.0.1:53140/v1/embeddings status=200 latencyMs=1
2026-10-07T19:55:41.374+08:00 INFO  [llm-7] [requestId=] com.hify.common.LlmHttpClient - llm.http target=http://127.0.0.1:53140/v1/embeddings status=200 latencyMs=1
2026-10-07T19:55:41.390+08:00 INFO  [main] [requestId=3c9dfc28-fc39-4c83-8c95-92420c2b31c4] c.hify.common.RequestLoggingFilter - http.request method=POST path=/api/v1/knowledge-bases status=201 latencyMs=4
2026-10-07T19:55:41.394+08:00 INFO  [main] [requestId=a53af85a-f2a1-4ff6-a88a-3b212f85761a] c.hify.common.RequestLoggingFilter - http.request method=POST path=/api/v1/knowledge-bases/1be05e6d-14af-48a5-b6b2-097d94e9c700/documents status=202 latencyMs=3
2026-10-07T19:55:41.625+08:00 INFO  [main] [requestId=4d750ac9-01a3-4efd-ad20-7679f2696f3d] c.hify.common.RequestLoggingFilter - http.request method=POST path=/api/v1/providers status=201 latencyMs=5
2026-10-07T19:55:41.629+08:00 INFO  [main] [requestId=5ea02ddb-5e63-47a1-9185-73ab16ceeca0] c.hify.common.RequestLoggingFilter - http.request method=POST path=/api/v1/knowledge-bases status=201 latencyMs=4
2026-10-07T19:55:41.633+08:00 INFO  [main] [requestId=e792b376-63a5-4de0-ad26-01d5e4fb1e8e] c.hify.common.RequestLoggingFilter - http.request method=POST path=/api/v1/knowledge-bases/780d7189-bde6-4323-b82a-dc6c9b23ea9e/documents status=202 latencyMs=3
2026-10-07T19:55:41.639+08:00 INFO  [llm-8] [requestId=e792b376-63a5-4de0-ad26-01d5e4fb1e8e] com.hify.common.LlmHttpClient - llm.http target=http://127.0.0.1:53140/v1/embeddings status=200 latencyMs=1
2026-10-07T19:55:41.839+08:00 INFO  [main] [requestId=d5adebb2-cae5-4575-bdc7-e8e97509066d] c.hify.common.RequestLoggingFilter - http.request method=POST path=/api/v1/knowledge-bases/780d7189-bde6-4323-b82a-dc6c9b23ea9e/documents status=202 latencyMs=7
2026-10-07T19:55:41.848+08:00 INFO  [llm-9] [requestId=d5adebb2-cae5-4575-bdc7-e8e97509066d] com.hify.common.LlmHttpClient - llm.http target=http://127.0.0.1:53140/v1/embeddings status=200 latencyMs=1
2026-10-07T19:55:42.049+08:00 INFO  [llm-10] [requestId=] com.hify.common.LlmHttpClient - llm.http target=http://127.0.0.1:53140/v1/embeddings status=200 latencyMs=1
2026-10-07T19:55:42.061+08:00 INFO  [main] [requestId=a96aca07-a535-408b-ac45-5a9935d3ec8f] c.hify.common.RequestLoggingFilter - http.request method=POST path=/api/v1/providers status=201 latencyMs=5
2026-10-07T19:55:42.065+08:00 INFO  [main] [requestId=b3d24ee9-25a2-41e4-bdd3-bcaa9f232057] c.hify.common.RequestLoggingFilter - http.request method=POST path=/api/v1/knowledge-bases status=201 latencyMs=3
2026-10-07T19:55:42.072+08:00 INFO  [main] [requestId=1e1a1bda-25f9-4a28-9031-e5fa616dabd0] c.hify.common.RequestLoggingFilter - http.request method=POST path=/api/v1/knowledge-bases/59da941d-347f-4e71-8eda-1761310a6415/documents status=202 latencyMs=5
2026-10-07T19:55:42.077+08:00 INFO  [llm-1] [requestId=1e1a1bda-25f9-4a28-9031-e5fa616dabd0] com.hify.common.LlmHttpClient - llm.http target=http://127.0.0.1:53140/v1/embeddings status=200 latencyMs=1
[INFO] Tests run: 7, Failures: 0, Errors: 0, Skipped: 0, Time elapsed: 10.91 s -- in com.hify.api.SemanticKnowledgePostgresTest
[INFO] Running com.hify.api.WorkflowTerminalMigrationTest
2026-10-07T19:55:42.764+08:00 INFO  [main] [requestId=] org.flywaydb.core.FlywayExecutor - Database: jdbc:h2:mem:workflow-upgrade-261d6c87-919a-4838-9a3a-141b61104f81 (H2 2.3)
2026-10-07T19:55:42.765+08:00 WARN  [main] [requestId=] o.f.c.i.database.base.Database - Flyway upgrade recommended: H2 2.3.232 is newer than this version of Flyway and support has not been tested. The latest supported version of H2 is 2.2.224.
2026-10-07T19:55:42.775+08:00 INFO  [main] [requestId=] o.f.c.i.s.JdbcTableSchemaHistory - Schema history table "PUBLIC"."flyway_schema_history" does not exist yet
2026-10-07T19:55:42.775+08:00 INFO  [main] [requestId=] o.f.core.internal.command.DbValidate - Successfully validated 24 migrations (execution time 00:00.009s)
2026-10-07T19:55:42.778+08:00 INFO  [main] [requestId=] o.f.c.i.s.JdbcTableSchemaHistory - Creating Schema History table "PUBLIC"."flyway_schema_history" ...
2026-10-07T19:55:42.784+08:00 INFO  [main] [requestId=] o.f.core.internal.command.DbMigrate - Current version of schema "PUBLIC": << Empty Schema >>
2026-10-07T19:55:42.791+08:00 INFO  [main] [requestId=] o.f.core.internal.command.DbMigrate - Migrating schema "PUBLIC" to version "1 - baseline"
2026-10-07T19:55:42.806+08:00 INFO  [main] [requestId=] o.f.core.internal.command.DbMigrate - Migrating schema "PUBLIC" to version "2 - demo item"
2026-10-07T19:55:42.810+08:00 INFO  [main] [requestId=] o.f.core.internal.command.DbMigrate - Migrating schema "PUBLIC" to version "3 - run replan control"
2026-10-07T19:55:42.815+08:00 INFO  [main] [requestId=] o.f.core.internal.command.DbMigrate - Migrating schema "PUBLIC" to version "4 - run context state"
2026-10-07T19:55:42.823+08:00 INFO  [main] [requestId=] o.f.core.internal.command.DbMigrate - Migrating schema "PUBLIC" to version "5 - provider catalog"
2026-10-07T19:55:42.826+08:00 INFO  [main] [requestId=] o.f.core.internal.command.DbMigrate - Migrating schema "PUBLIC" to version "6 - agent publishing"
2026-10-07T19:55:42.837+08:00 INFO  [main] [requestId=] o.f.core.internal.command.DbMigrate - Migrating schema "PUBLIC" to version "7 - agent archive and tool bindings"
2026-10-07T19:55:42.843+08:00 INFO  [main] [requestId=] o.f.core.internal.command.DbMigrate - Migrating schema "PUBLIC" to version "8 - backfill agent tool bindings"
2026-10-07T19:55:42.846+08:00 INFO  [main] [requestId=] o.f.core.internal.command.DbMigrate - Migrating schema "PUBLIC" to version "9 - runtime capability and history"
2026-10-07T19:55:42.865+08:00 INFO  [main] [requestId=] o.f.core.internal.command.DbMigrate - Migrating schema "PUBLIC" to version "10 - child agent task protocol"
2026-10-07T19:55:42.873+08:00 INFO  [main] [requestId=] o.f.core.internal.command.DbMigrate - Migrating schema "PUBLIC" to version "11 - context memory catalog"
2026-10-07T19:55:42.878+08:00 INFO  [main] [requestId=] o.f.core.internal.command.DbMigrate - Migrating schema "PUBLIC" to version "12 - history full text index"
2026-10-07T19:55:42.880+08:00 INFO  [main] [requestId=] o.f.core.internal.command.DbMigrate - Migrating schema "PUBLIC" to version "13 - history vector index"
2026-10-07T19:55:42.884+08:00 INFO  [main] [requestId=] o.f.core.internal.command.DbMigrate - Migrating schema "PUBLIC" to version "14 - knowledge catalog"
2026-10-07T19:55:42.894+08:00 INFO  [main] [requestId=] o.f.core.internal.command.DbMigrate - Migrating schema "PUBLIC" to version "15 - knowledge search indexes"
2026-10-07T19:55:42.900+08:00 INFO  [main] [requestId=] o.f.core.internal.command.DbMigrate - Migrating schema "PUBLIC" to version "16 - workflow runtime"
2026-10-07T19:55:42.906+08:00 INFO  [main] [requestId=] o.f.core.internal.command.DbMigrate - Migrating schema "PUBLIC" to version "17 - mcp server registry"
2026-10-07T19:55:42.919+08:00 INFO  [main] [requestId=] o.f.core.internal.command.DbMigrate - Migrating schema "PUBLIC" to version "18 - agent knowledge capability"
2026-10-07T19:55:42.927+08:00 INFO  [main] [requestId=] o.f.core.internal.command.DbMigrate - Migrating schema "PUBLIC" to version "19 - agent workflow mcp capabilities"
2026-10-07T19:55:42.936+08:00 INFO  [main] [requestId=] o.f.core.internal.command.DbMigrate - Migrating schema "PUBLIC" to version "20 - mcp encrypted credentials"
2026-10-07T19:55:42.950+08:00 INFO  [main] [requestId=] o.f.core.internal.command.DbMigrate - Successfully applied 20 migrations to schema "PUBLIC", now at version v20 (execution time 00:00.075s)
2026-10-07T19:55:42.978+08:00 INFO  [main] [requestId=] org.flywaydb.core.FlywayExecutor - Database: jdbc:h2:mem:workflow-upgrade-261d6c87-919a-4838-9a3a-141b61104f81 (H2 2.3)
2026-10-07T19:55:42.980+08:00 WARN  [main] [requestId=] o.f.c.i.database.base.Database - Flyway upgrade recommended: H2 2.3.232 is newer than this version of Flyway and support has not been tested. The latest supported version of H2 is 2.2.224.
2026-10-07T19:55:42.996+08:00 INFO  [main] [requestId=] o.f.core.internal.command.DbValidate - Successfully validated 24 migrations (execution time 00:00.014s)
2026-10-07T19:55:42.997+08:00 INFO  [main] [requestId=] o.f.core.internal.command.DbMigrate - Current version of schema "PUBLIC": 20
2026-10-07T19:55:42.999+08:00 INFO  [main] [requestId=] o.f.core.internal.command.DbMigrate - Migrating schema "PUBLIC" to version "21 - workflow control terminal states"
2026-10-07T19:55:43.006+08:00 INFO  [main] [requestId=] o.f.core.internal.command.DbMigrate - Migrating schema "PUBLIC" to version "22 - workflow interrupted state"
2026-10-07T19:55:43.012+08:00 INFO  [main] [requestId=] o.f.core.internal.command.DbMigrate - Migrating schema "PUBLIC" to version "23 - history operation recovery"
2026-10-07T19:55:43.048+08:00 INFO  [main] [requestId=] o.f.core.internal.command.DbMigrate - Migrating schema "PUBLIC" to version "24 - semantic embedding profiles"
2026-10-07T19:55:43.051+08:00 INFO  [main] [requestId=] o.f.core.internal.command.DbMigrate - Successfully applied 4 migrations to schema "PUBLIC", now at version v24 (execution time 00:00.015s)
[INFO] Tests run: 1, Failures: 0, Errors: 0, Skipped: 0, Time elapsed: 0.323 s -- in com.hify.api.WorkflowTerminalMigrationTest
[INFO] Running com.hify.api.KnowledgeMemoryPostgresTest
2026-10-07T19:55:43.068+08:00 INFO  [main] [requestId=] o.s.t.c.s.AnnotationConfigContextLoaderUtils - Could not detect default configuration classes for test class [com.hify.api.KnowledgeMemoryPostgresTest]: KnowledgeMemoryPostgresTest does not declare any static, non-private, non-final, nested classes annotated with @Configuration.
2026-10-07T19:55:43.076+08:00 INFO  [main] [requestId=] o.s.b.t.c.SpringBootTestContextBootstrapper - Found @SpringBootConfiguration com.hify.HifyApplication for test class com.hify.api.KnowledgeMemoryPostgresTest
2026-10-07T19:55:43.077+08:00 INFO  [main] [requestId=] tc.pgvector/pgvector:pg16 - Creating container for image: pgvector/pgvector:pg16
2026-10-07T19:55:43.146+08:00 INFO  [main] [requestId=] tc.pgvector/pgvector:pg16 - Container pgvector/pgvector:pg16 is starting: 58052c86d38866b2e258407fe13d7e9c616808f8fb39903cffa0e8686570d6a0
2026-10-07T19:55:44.215+08:00 INFO  [main] [requestId=] tc.pgvector/pgvector:pg16 - Container pgvector/pgvector:pg16 started in PT1.137661S
2026-10-07T19:55:44.219+08:00 INFO  [main] [requestId=] tc.pgvector/pgvector:pg16 - Container is started (JDBC URL: jdbc:postgresql://127.0.0.1:32780/knowledge_memory?loggerLevel=OFF)

  .   ____          _            __ _ _
 /\\ / ___'_ __ _ _(_)_ __  __ _ \ \ \ \
( ( )\___ | '_ | '_| | '_ \/ _` | \ \ \ \
 \\/  ___)| |_)| | | | | || (_| |  ) ) ) )
  '  |____| .__|_| |_|_| |_\__, | / / / /
 =========|_|==============|___/=/_/_/_/

 :: Spring Boot ::                (v3.4.5)

2026-10-07T19:55:44.302+08:00 INFO  [main] [requestId=] c.h.api.KnowledgeMemoryPostgresTest - Starting KnowledgeMemoryPostgresTest using Java 17.0.19 with PID 6303 (started by weberzhao in /private/tmp/hify-course-20261006.hhEhwt/retrieval-worktree/backend/hify-app)
2026-10-07T19:55:44.303+08:00 INFO  [main] [requestId=] c.h.api.KnowledgeMemoryPostgresTest - No active profile set, falling back to 1 default profile: "default"
2026-10-07T19:55:44.632+08:00 INFO  [main] [requestId=] o.s.d.r.c.RepositoryConfigurationDelegate - Multiple Spring Data modules found, entering strict repository configuration mode
2026-10-07T19:55:44.633+08:00 INFO  [main] [requestId=] o.s.d.r.c.RepositoryConfigurationDelegate - Bootstrapping Spring Data JPA repositories in DEFAULT mode.
2026-10-07T19:55:44.657+08:00 INFO  [main] [requestId=] o.s.d.r.c.RepositoryConfigurationDelegate - Finished Spring Data repository scanning in 23 ms. Found 34 JPA repository interfaces.
2026-10-07T19:55:44.753+08:00 INFO  [main] [requestId=] com.zaxxer.hikari.HikariDataSource - HikariPool-19 - Starting...
2026-10-07T19:55:44.801+08:00 INFO  [main] [requestId=] com.zaxxer.hikari.pool.HikariPool - HikariPool-19 - Added connection org.postgresql.jdbc.PgConnection@6f752ca1
2026-10-07T19:55:44.802+08:00 INFO  [main] [requestId=] com.zaxxer.hikari.HikariDataSource - HikariPool-19 - Start completed.
2026-10-07T19:55:44.806+08:00 INFO  [main] [requestId=] org.flywaydb.core.FlywayExecutor - Database: jdbc:postgresql://127.0.0.1:32780/knowledge_memory?loggerLevel=OFF (PostgreSQL 16.15)
2026-10-07T19:55:44.829+08:00 INFO  [main] [requestId=] o.f.c.i.s.JdbcTableSchemaHistory - Schema history table "public"."flyway_schema_history" does not exist yet
2026-10-07T19:55:44.830+08:00 INFO  [main] [requestId=] o.f.core.internal.command.DbValidate - Successfully validated 24 migrations (execution time 00:00.010s)
2026-10-07T19:55:44.846+08:00 INFO  [main] [requestId=] o.f.c.i.s.JdbcTableSchemaHistory - Creating Schema History table "public"."flyway_schema_history" ...
2026-10-07T19:55:44.872+08:00 INFO  [main] [requestId=] o.f.core.internal.command.DbMigrate - Current version of schema "public": << Empty Schema >>
2026-10-07T19:55:44.874+08:00 INFO  [main] [requestId=] o.f.core.internal.command.DbMigrate - Migrating schema "public" to version "1 - baseline"
2026-10-07T19:55:44.888+08:00 INFO  [main] [requestId=] o.f.core.internal.command.DbMigrate - Migrating schema "public" to version "2 - demo item"
2026-10-07T19:55:44.893+08:00 INFO  [main] [requestId=] o.f.core.internal.command.DbMigrate - Migrating schema "public" to version "3 - run replan control"
2026-10-07T19:55:44.903+08:00 INFO  [main] [requestId=] o.f.core.internal.command.DbMigrate - Migrating schema "public" to version "4 - run context state"
2026-10-07T19:55:44.939+08:00 INFO  [main] [requestId=] o.f.core.internal.command.DbMigrate - Migrating schema "public" to version "5 - provider catalog"
2026-10-07T19:55:44.969+08:00 INFO  [main] [requestId=] o.f.core.internal.command.DbMigrate - Migrating schema "public" to version "6 - agent publishing"
2026-10-07T19:55:44.989+08:00 INFO  [main] [requestId=] o.f.core.internal.command.DbMigrate - Migrating schema "public" to version "7 - agent archive and tool bindings"
2026-10-07T19:55:45.000+08:00 INFO  [main] [requestId=] o.f.core.internal.command.DbMigrate - Migrating schema "public" to version "8 - backfill agent tool bindings"
2026-10-07T19:55:45.007+08:00 INFO  [main] [requestId=] o.f.core.internal.command.DbMigrate - Migrating schema "public" to version "9 - runtime capability and history"
2026-10-07T19:55:45.014+08:00 INFO  [main] [requestId=] o.f.core.internal.command.DbMigrate - Migrating schema "public" to version "10 - child agent task protocol"
2026-10-07T19:55:45.021+08:00 INFO  [main] [requestId=] o.f.core.internal.command.DbMigrate - Migrating schema "public" to version "11 - context memory catalog"
2026-10-07T19:55:45.032+08:00 INFO  [main] [requestId=] o.f.core.internal.command.DbMigrate - Migrating schema "public" to version "12 - history full text index"
2026-10-07T19:55:45.036+08:00 INFO  [main] [requestId=] o.f.core.internal.command.DbMigrate - Migrating schema "public" to version "13 - history vector index"
2026-10-07T19:55:45.059+08:00 INFO  [main] [requestId=] o.f.core.internal.command.DbMigrate - Migrating schema "public" to version "14 - knowledge catalog"
2026-10-07T19:55:45.076+08:00 INFO  [main] [requestId=] o.f.core.internal.command.DbMigrate - Migrating schema "public" to version "15 - knowledge search indexes"
2026-10-07T19:55:45.084+08:00 INFO  [main] [requestId=] o.f.core.internal.command.DbMigrate - Migrating schema "public" to version "16 - workflow runtime"
2026-10-07T19:55:45.097+08:00 INFO  [main] [requestId=] o.f.core.internal.command.DbMigrate - Migrating schema "public" to version "17 - mcp server registry"
2026-10-07T19:55:45.107+08:00 INFO  [main] [requestId=] o.f.core.internal.command.DbMigrate - Migrating schema "public" to version "18 - agent knowledge capability"
2026-10-07T19:55:45.120+08:00 INFO  [main] [requestId=] o.f.core.internal.command.DbMigrate - Migrating schema "public" to version "19 - agent workflow mcp capabilities"
2026-10-07T19:55:45.134+08:00 INFO  [main] [requestId=] o.f.core.internal.command.DbMigrate - Migrating schema "public" to version "20 - mcp encrypted credentials"
2026-10-07T19:55:45.141+08:00 INFO  [main] [requestId=] o.f.core.internal.command.DbMigrate - Migrating schema "public" to version "21 - workflow control terminal states"
2026-10-07T19:55:45.156+08:00 INFO  [main] [requestId=] o.f.core.internal.command.DbMigrate - Migrating schema "public" to version "22 - workflow interrupted state"
2026-10-07T19:55:45.182+08:00 INFO  [main] [requestId=] o.f.core.internal.command.DbMigrate - Migrating schema "public" to version "23 - history operation recovery"
2026-10-07T19:55:45.195+08:00 INFO  [main] [requestId=] o.f.core.internal.command.DbMigrate - Migrating schema "public" to version "24 - semantic embedding profiles"
2026-10-07T19:55:45.208+08:00 INFO  [main] [requestId=] o.f.core.internal.command.DbMigrate - Successfully applied 24 migrations to schema "public", now at version v24 (execution time 00:00.141s)
2026-10-07T19:55:45.354+08:00 INFO  [main] [requestId=] o.h.jpa.internal.util.LogHelper - HHH000204: Processing PersistenceUnitInfo [name: default]
2026-10-07T19:55:45.360+08:00 INFO  [main] [requestId=] o.h.c.i.RegionFactoryInitiator - HHH000026: Second-level cache disabled
2026-10-07T19:55:45.383+08:00 INFO  [main] [requestId=] o.s.o.j.p.SpringPersistenceUnitInfo - No LoadTimeWeaver setup: ignoring JPA class transformer
2026-10-07T19:55:45.393+08:00 INFO  [main] [requestId=] o.hibernate.orm.connections.pooling - HHH10001005: Database info:
	Database JDBC URL [Connecting through datasource 'HikariDataSource (HikariPool-19)']
	Database driver: undefined/unknown
	Database version: 16.15
	Autocommit mode: undefined/unknown
	Isolation level: undefined/unknown
	Minimum pool size: undefined/unknown
	Maximum pool size: undefined/unknown
2026-10-07T19:55:45.496+08:00 INFO  [main] [requestId=] o.h.e.t.j.p.i.JtaPlatformInitiator - HHH000489: No JTA platform available (set 'hibernate.transaction.jta.platform' to enable JTA platform integration)
2026-10-07T19:55:45.510+08:00 INFO  [main] [requestId=] o.s.o.j.LocalContainerEntityManagerFactoryBean - Initialized JPA EntityManagerFactory for persistence unit 'default'
2026-10-07T19:55:48.149+08:00 INFO  [main] [requestId=] c.b.m.s.MybatisPlusApplicationContextAware - Register ApplicationContext instances org.springframework.web.context.support.GenericWebApplicationContext@58424269
2026-10-07T19:55:50.309+08:00 INFO  [main] [requestId=] o.s.b.t.m.w.SpringBootMockServletContext - Initializing Spring TestDispatcherServlet ''
2026-10-07T19:55:50.310+08:00 INFO  [main] [requestId=] o.s.t.w.s.TestDispatcherServlet - Initializing Servlet ''
2026-10-07T19:55:50.314+08:00 INFO  [main] [requestId=] o.s.b.a.e.web.EndpointLinksResolver - Exposing 2 endpoints beneath base path '/actuator'
2026-10-07T19:55:50.330+08:00 INFO  [main] [requestId=] o.s.t.w.s.TestDispatcherServlet - Completed initialization in 19 ms
2026-10-07T19:55:50.363+08:00 INFO  [main] [requestId=] c.h.api.KnowledgeMemoryPostgresTest - Started KnowledgeMemoryPostgresTest in 6.136 seconds (process running for 219.255)
2026-10-07T19:55:50.504+08:00 INFO  [main] [requestId=] o.s.o.j.LocalContainerEntityManagerFactoryBean - Closing JPA EntityManagerFactory for persistence unit 'default'
2026-10-07T19:55:50.505+08:00 INFO  [main] [requestId=] com.zaxxer.hikari.HikariDataSource - HikariPool-17 - Shutdown initiated...
2026-10-07T19:55:50.505+08:00 INFO  [main] [requestId=] com.zaxxer.hikari.HikariDataSource - HikariPool-17 - Shutdown completed.
2026-10-07T19:55:50.604+08:00 INFO  [main] [requestId=bc8d3d95-936f-4b45-9e0d-ca09573fac69] c.hify.common.RequestLoggingFilter - http.request method=POST path=/api/v1/knowledge-bases status=201 latencyMs=78
2026-10-07T19:55:50.649+08:00 INFO  [main] [requestId=0671ffaf-fd57-4e65-ad1b-590a247001aa] c.hify.common.RequestLoggingFilter - http.request method=POST path=/api/v1/knowledge-bases status=201 latencyMs=3
2026-10-07T19:55:50.674+08:00 INFO  [main] [requestId=478008ae-c3b4-4746-a50a-240f16dba5e1] c.hify.common.RequestLoggingFilter - http.request method=POST path=/api/v1/workflows status=201 latencyMs=24
2026-10-07T19:55:50.677+08:00 INFO  [main] [requestId=0f7fef37-294d-486b-90ae-108d6160d8e5] c.hify.common.RequestLoggingFilter - http.request method=POST path=/api/v1/workflows status=400 latencyMs=2
2026-10-07T19:55:50.679+08:00 INFO  [main] [requestId=22cd61c3-0e78-4bfd-9c7a-542c3bccab38] c.hify.common.RequestLoggingFilter - http.request method=PUT path=/api/v1/workflows/ea4f6988-6033-4600-b53d-4950ccea005e status=400 latencyMs=1
2026-10-07T19:55:50.683+08:00 INFO  [main] [requestId=47cb9818-ea3e-4b48-a46f-b7e397ef374e] c.hify.common.RequestLoggingFilter - http.request method=POST path=/api/v1/workflow-versions/e5e5b706-6f74-4ddf-8d0a-ef5587fcf5e2/runs status=409 latencyMs=1
2026-10-07T19:55:50.689+08:00 INFO  [main] [requestId=0dc32979-f48f-462e-9c61-fa48a3c92e5c] c.hify.common.RequestLoggingFilter - http.request method=POST path=/api/v1/knowledge-bases status=201 latencyMs=1
2026-10-07T19:55:50.696+08:00 INFO  [main] [requestId=d9befa7c-8533-45a4-8d73-3269fcfc0b4f] c.hify.common.RequestLoggingFilter - http.request method=POST path=/api/v1/knowledge-bases/92363379-bd0d-4b10-8d66-3a8fc47c2e98/documents status=202 latencyMs=6
2026-10-07T19:55:50.705+08:00 INFO  [main] [requestId=5f67ca7e-f1bc-4c6c-b692-2bcc457ddfae] c.hify.common.RequestLoggingFilter - http.request method=GET path=/api/v1/documents/6e0eb577-2f31-4482-b9f2-ee6b18eb6e2d status=200 latencyMs=8
2026-10-07T19:55:50.843+08:00 INFO  [main] [requestId=96212fc3-0220-4a7a-afeb-549cc6f12083] c.hify.common.RequestLoggingFilter - http.request method=GET path=/api/v1/documents/6e0eb577-2f31-4482-b9f2-ee6b18eb6e2d status=200 latencyMs=4
2026-10-07T19:55:50.847+08:00 INFO  [main] [requestId=53c91711-09f5-409e-8568-8ad565d3c735] c.hify.common.RequestLoggingFilter - http.request method=GET path=/api/v1/documents/6e0eb577-2f31-4482-b9f2-ee6b18eb6e2d/chunks status=200 latencyMs=3
2026-10-07T19:55:50.851+08:00 INFO  [main] [requestId=e9dbb31a-da5d-469d-ac78-98fdd5707f35] c.hify.common.RequestLoggingFilter - http.request method=DELETE path=/api/v1/documents/6e0eb577-2f31-4482-b9f2-ee6b18eb6e2d status=200 latencyMs=3
2026-10-07T19:55:50.858+08:00 INFO  [main] [requestId=2c25c5ba-3eda-4727-8a1d-ded290e2c291] c.hify.common.RequestLoggingFilter - http.request method=POST path=/api/v1/knowledge-bases status=201 latencyMs=2
2026-10-07T19:55:50.862+08:00 INFO  [main] [requestId=22153db2-a69d-41bc-8c82-b4a4dca87d08] c.hify.common.RequestLoggingFilter - http.request method=POST path=/api/v1/knowledge-bases/cdead247-9731-4c90-abda-fa76f4ba9a9b/documents status=202 latencyMs=3
2026-10-07T19:55:50.863+08:00 INFO  [main] [requestId=4db1c464-4451-49c8-8493-a64f83a70b77] c.hify.common.RequestLoggingFilter - http.request method=GET path=/api/v1/documents/e1ce6f1c-3dc9-44f5-a28c-5a4d67dc9f21 status=200 latencyMs=1
2026-10-07T19:55:51.034+08:00 INFO  [main] [requestId=596e1224-d81e-468c-b407-1952134eeb80] c.hify.common.RequestLoggingFilter - http.request method=GET path=/api/v1/documents/e1ce6f1c-3dc9-44f5-a28c-5a4d67dc9f21 status=200 latencyMs=4
2026-10-07T19:55:51.043+08:00 INFO  [main] [requestId=b454ef70-3db9-4788-94b8-ab089095fa08] c.hify.common.RequestLoggingFilter - http.request method=POST path=/api/v1/workflows status=201 latencyMs=8
2026-10-07T19:55:51.118+08:00 INFO  [main] [requestId=b5770b78-f899-450f-b591-f74d9ce527e0] c.hify.common.RequestLoggingFilter - http.request method=POST path=/api/v1/workflows/c0587eff-d50d-420c-bdcd-5b83805b5efd/versions status=200 latencyMs=74
2026-10-07T19:55:51.136+08:00 INFO  [main] [requestId=1552d361-6ef4-4012-849d-c061b4d79b76] c.hify.common.RequestLoggingFilter - http.request method=POST path=/api/v1/agents status=201 latencyMs=16
2026-10-07T19:55:51.179+08:00 INFO  [main] [requestId=2276fa9d-e813-4834-b592-661dc70c515c] c.hify.common.RequestLoggingFilter - http.request method=PUT path=/api/v1/agents/faa157bf-6168-49a2-935b-d8cf1470609d/workflow-binding status=200 latencyMs=41
2026-10-07T19:55:51.194+08:00 INFO  [main] [requestId=6eae5efb-6e6f-4b9e-9c5a-88c8a79647e7] c.hify.common.RequestLoggingFilter - http.request method=POST path=/api/v1/agents/faa157bf-6168-49a2-935b-d8cf1470609d/publications status=200 latencyMs=14
2026-10-07T19:55:51.234+08:00 INFO  [main] [requestId=66be4cd7-abdd-451c-8d72-e5046ce2c9a6] c.hify.common.RequestLoggingFilter - http.request method=POST path=/api/v1/conversations status=201 latencyMs=39
2026-10-07T19:55:51.372+08:00 INFO  [main] [requestId=d6b0aa53-fd19-4551-94ac-0531ac924f83] c.hify.common.RequestLoggingFilter - http.request method=POST path=/api/v1/workflow-versions/cc689a3f-4bb8-4ab3-bfed-b0d9ef78464b/runs status=202 latencyMs=136
2026-10-07T19:55:51.395+08:00 INFO  [main] [requestId=93d0c572-7b26-4ede-90ca-602ec1b550a2] c.hify.common.RequestLoggingFilter - http.request method=DELETE path=/api/v1/documents/e1ce6f1c-3dc9-44f5-a28c-5a4d67dc9f21 status=200 latencyMs=18
2026-10-07T19:55:51.446+08:00 INFO  [main] [requestId=3454818e-bd10-4529-9b5b-2370051c81a7] c.hify.common.RequestLoggingFilter - http.request method=POST path=/api/v1/knowledge-bases/cdead247-9731-4c90-abda-fa76f4ba9a9b/documents status=202 latencyMs=50
2026-10-07T19:55:51.449+08:00 INFO  [main] [requestId=c6e03b76-f957-4750-b2db-890cf77eeb10] c.hify.common.RequestLoggingFilter - http.request method=GET path=/api/v1/documents/f04d69c6-118c-444c-9ad0-626db8575fc0 status=200 latencyMs=2
2026-10-07T19:55:51.603+08:00 INFO  [main] [requestId=b7f5adf6-c4e5-4432-aeb3-013b6068686b] c.hify.common.RequestLoggingFilter - http.request method=GET path=/api/v1/documents/f04d69c6-118c-444c-9ad0-626db8575fc0 status=200 latencyMs=9
2026-10-07T19:55:51.814+08:00 INFO  [main] [requestId=d5b916de-7be9-4bfa-9b86-923b45525f87] c.hify.common.RequestLoggingFilter - http.request method=POST path=/api/v1/workflow-versions/cc689a3f-4bb8-4ab3-bfed-b0d9ef78464b/runs status=202 latencyMs=210
2026-10-07T19:55:51.898+08:00 INFO  [main] [requestId=d09dac4c-bf84-4ed8-8f5a-8980e689bb95] c.hify.common.RequestLoggingFilter - http.request method=POST path=/api/v1/workflows/c0587eff-d50d-420c-bdcd-5b83805b5efd/versions status=200 latencyMs=75
2026-10-07T19:55:52.002+08:00 INFO  [main] [requestId=3b4aea53-c091-4640-acfe-389964d9a676] c.hify.common.RequestLoggingFilter - http.request method=POST path=/api/v1/workflow-versions/79cfb1a6-c953-4529-a918-259fb7f6a9b0/runs status=202 latencyMs=102
2026-10-07T19:55:52.032+08:00 INFO  [main] [requestId=385b8f40-b614-442b-a3c4-721b19a55e15] c.hify.common.RequestLoggingFilter - http.request method=POST path=/api/v1/agents/faa157bf-6168-49a2-935b-d8cf1470609d/publications status=200 latencyMs=28
2026-10-07T19:55:52.117+08:00 INFO  [main] [requestId=94cccd4b-3d70-40ed-becd-22d1c3686827] c.hify.common.RequestLoggingFilter - http.request method=POST path=/api/v1/conversations/30171c7b-f1c9-49ff-8f99-385f6af644b4/runs status=202 latencyMs=84
2026-10-07T19:55:52.119+08:00 INFO  [main] [requestId=2da4a3b1-ae9e-41cc-b32f-dd01986408ae] c.hify.common.RequestLoggingFilter - http.request method=GET path=/api/v1/runs/ec1f93ad-9c67-447d-be2d-1d0ea940734a status=200 latencyMs=1
2026-10-07T19:55:52.274+08:00 INFO  [main] [requestId=706a8f15-d021-4605-9049-3005af72e77d] c.hify.common.RequestLoggingFilter - http.request method=GET path=/api/v1/runs/ec1f93ad-9c67-447d-be2d-1d0ea940734a status=200 latencyMs=5
2026-10-07T19:55:52.283+08:00 INFO  [main] [requestId=4c7d4a9d-f72e-4219-87a1-c2107e00471b] c.hify.common.RequestLoggingFilter - http.request method=POST path=/api/v1/conversations status=201 latencyMs=8
2026-10-07T19:55:52.298+08:00 INFO  [main] [requestId=709642dc-c3bb-4956-bb09-40752b736c72] c.hify.common.RequestLoggingFilter - http.request method=POST path=/api/v1/conversations/ffad3487-5870-40aa-adb3-1fd9bff9f547/runs status=202 latencyMs=13
2026-10-07T19:55:52.302+08:00 INFO  [main] [requestId=dd92cd52-a664-4c40-9893-89b051ec7c0c] c.hify.common.RequestLoggingFilter - http.request method=GET path=/api/v1/runs/d2d4e300-d2e7-4c62-8077-f2c1e314cc9a status=200 latencyMs=2
2026-10-07T19:55:52.495+08:00 INFO  [main] [requestId=9b057256-d370-4aad-a365-340834d56032] c.hify.common.RequestLoggingFilter - http.request method=GET path=/api/v1/runs/d2d4e300-d2e7-4c62-8077-f2c1e314cc9a status=200 latencyMs=35
2026-10-07T19:55:52.666+08:00 INFO  [main] [requestId=369b3a37-947b-4ad1-9866-ad5b1b40da72] c.hify.common.RequestLoggingFilter - http.request method=GET path=/api/v1/runs/d2d4e300-d2e7-4c62-8077-f2c1e314cc9a status=200 latencyMs=2
2026-10-07T19:55:52.673+08:00 INFO  [main] [requestId=22de6b6b-5b53-4e67-89de-717fa4e6b0a5] c.hify.common.RequestLoggingFilter - http.request method=GET path=/api/v1/workflows/c0587eff-d50d-420c-bdcd-5b83805b5efd status=200 latencyMs=4
2026-10-07T19:55:52.687+08:00 INFO  [main] [requestId=933279cd-69fe-4fc5-bfcd-b2a866ceeb03] c.hify.common.RequestLoggingFilter - http.request method=DELETE path=/api/v1/knowledge-bases/cdead247-9731-4c90-abda-fa76f4ba9a9b status=200 latencyMs=13
2026-10-07T19:55:52.770+08:00 INFO  [main] [requestId=39046b77-1a90-4b3c-98cf-5135229316a4] c.hify.common.RequestLoggingFilter - http.request method=POST path=/api/v1/workflow-versions/cc689a3f-4bb8-4ab3-bfed-b0d9ef78464b/runs status=202 latencyMs=82
2026-10-07T19:55:52.804+08:00 INFO  [main] [requestId=c0b5fdbb-8e47-4749-9897-46940eb148f2] c.hify.common.RequestLoggingFilter - http.request method=POST path=/api/v1/workflows/c0587eff-d50d-420c-bdcd-5b83805b5efd/versions status=404 latencyMs=27
2026-10-07T19:55:52.875+08:00 INFO  [main] [requestId=d1d0b146-69a3-43ba-8af1-78b04d779601] c.hify.common.RequestLoggingFilter - http.request method=POST path=/api/v1/knowledge-bases status=201 latencyMs=4
2026-10-07T19:55:52.922+08:00 INFO  [main] [requestId=c522da40-10a2-4f17-bdeb-ddb71249ee6f] c.hify.common.RequestLoggingFilter - http.request method=POST path=/api/v1/knowledge-bases/06f341a8-eb36-46ca-b7f8-2ddbdf6e0468/documents status=202 latencyMs=46
2026-10-07T19:55:52.926+08:00 INFO  [main] [requestId=766ac221-9a74-4439-8ad0-6443bcd62789] c.hify.common.RequestLoggingFilter - http.request method=GET path=/api/v1/documents/c67e2158-83e4-41c0-9e3b-e6a45a48ace9 status=200 latencyMs=3
2026-10-07T19:55:53.189+08:00 INFO  [main] [requestId=71d9650a-ebc5-4b09-b706-7ca341897085] c.hify.common.RequestLoggingFilter - http.request method=GET path=/api/v1/documents/c67e2158-83e4-41c0-9e3b-e6a45a48ace9 status=200 latencyMs=98
2026-10-07T19:55:53.249+08:00 INFO  [main] [requestId=0b01862e-9469-47ca-889f-7d1d75cb0649] c.hify.common.RequestLoggingFilter - http.request method=POST path=/api/v1/workflows status=201 latencyMs=58
2026-10-07T19:55:53.258+08:00 INFO  [main] [requestId=ebcdeaae-32aa-4a79-943c-2ac87e80bba8] c.hify.common.RequestLoggingFilter - http.request method=POST path=/api/v1/workflows/40581713-6b51-4dcb-8939-102581f099e7/versions status=200 latencyMs=8
2026-10-07T19:55:53.288+08:00 INFO  [main] [requestId=b403f9ab-b334-4d0d-94f3-fed484b19112] c.hify.common.RequestLoggingFilter - http.request method=POST path=/api/v1/workflow-versions/45e8f838-a593-4ccc-96f8-800c8618b7e4/runs status=202 latencyMs=25
2026-10-07T19:55:53.355+08:00 INFO  [main] [requestId=0a16df41-ee61-4255-bf0a-05f8b232eac5] c.hify.common.RequestLoggingFilter - http.request method=POST path=/api/v1/knowledge-bases status=201 latencyMs=3
2026-10-07T19:55:53.358+08:00 INFO  [main] [requestId=3d8a9cd8-2913-4329-865c-f14662cb3de2] c.hify.common.RequestLoggingFilter - http.request method=POST path=/api/v1/knowledge-bases/ae9ec59e-bace-4324-bb30-a7d4066316cf/documents status=202 latencyMs=2
2026-10-07T19:55:53.401+08:00 INFO  [main] [requestId=1c2679ab-17b8-466e-a965-016aad349253] c.hify.common.RequestLoggingFilter - http.request method=GET path=/api/v1/documents/9fd0fc6e-a051-49ff-a56c-2daba04698a6 status=200 latencyMs=42
2026-10-07T19:55:53.576+08:00 INFO  [main] [requestId=8bf25096-b0a9-4484-996c-6fb93c7e4adb] c.hify.common.RequestLoggingFilter - http.request method=GET path=/api/v1/documents/9fd0fc6e-a051-49ff-a56c-2daba04698a6 status=200 latencyMs=2
2026-10-07T19:55:53.619+08:00 INFO  [main] [requestId=f429a1b5-5ef0-4e1d-a427-32c0c0fd740a] c.hify.common.RequestLoggingFilter - http.request method=POST path=/api/v1/workflows status=201 latencyMs=13
2026-10-07T19:55:53.672+08:00 INFO  [main] [requestId=2ae63b86-09a2-4027-b6fa-151420ba91db] c.hify.common.RequestLoggingFilter - http.request method=POST path=/api/v1/workflows/2b1ea661-15fd-46f6-b74b-60c73c19f599/versions status=200 latencyMs=53
2026-10-07T19:55:53.743+08:00 INFO  [main] [requestId=a52a59e5-0479-40c6-909a-56910eb78e87] c.hify.common.RequestLoggingFilter - http.request method=POST path=/api/v1/workflow-versions/6c9f55ec-ee48-453a-ab4d-254baed78298/runs status=202 latencyMs=68
2026-10-07T19:55:53.771+08:00 INFO  [main] [requestId=105e321d-9ffc-4392-b126-fbb54e049ba2] c.hify.common.RequestLoggingFilter - http.request method=POST path=/api/v1/knowledge-bases status=201 latencyMs=5
2026-10-07T19:55:53.777+08:00 INFO  [main] [requestId=e2f64725-06f3-4a32-b9ca-c4da3405a32c] c.hify.common.RequestLoggingFilter - http.request method=POST path=/api/v1/knowledge-bases/e593ca2a-e98f-4cad-ab9b-2932daf34120/documents status=202 latencyMs=5
2026-10-07T19:55:53.780+08:00 INFO  [main] [requestId=2c471f87-e82a-4a5d-b72f-e8c4bf9a8514] c.hify.common.RequestLoggingFilter - http.request method=GET path=/api/v1/documents/f9ea87d9-9dd5-4c60-a035-bfc6dabee305 status=200 latencyMs=2
2026-10-07T19:55:53.982+08:00 INFO  [main] [requestId=4010beb4-231a-442a-8154-a6e93927c143] c.hify.common.RequestLoggingFilter - http.request method=GET path=/api/v1/documents/f9ea87d9-9dd5-4c60-a035-bfc6dabee305 status=200 latencyMs=40
2026-10-07T19:55:53.991+08:00 INFO  [main] [requestId=f1b4e502-70ae-4656-90be-92991b8c3327] c.hify.common.RequestLoggingFilter - http.request method=POST path=/api/v1/workflows status=201 latencyMs=8
2026-10-07T19:55:54.005+08:00 INFO  [main] [requestId=536e5c4c-015e-4783-ad33-0a77224a2368] c.hify.common.RequestLoggingFilter - http.request method=POST path=/api/v1/workflows/8837aeb5-98f0-4fcb-a036-939decfccc40/versions status=200 latencyMs=13
2026-10-07T19:55:54.045+08:00 INFO  [main] [requestId=3bed5480-e77f-46ec-8eca-e3f8e4947f59] c.hify.common.RequestLoggingFilter - http.request method=POST path=/api/v1/workflow-versions/91772ecb-b928-4ef6-82aa-dc4322e2dfd2/runs status=202 latencyMs=37
2026-10-07T19:55:54.096+08:00 INFO  [main] [requestId=6660c9d3-cb5a-4c6c-a9b6-441618b9641c] c.hify.common.RequestLoggingFilter - http.request method=POST path=/api/v1/knowledge-bases status=201 latencyMs=4
2026-10-07T19:55:54.102+08:00 INFO  [main] [requestId=b4d83e35-7beb-48e7-a1ee-eef3af6210f5] c.hify.common.RequestLoggingFilter - http.request method=POST path=/api/v1/knowledge-bases/f8fe3604-780b-4c80-83d3-9f32a8c8eb19/documents status=202 latencyMs=4
2026-10-07T19:55:54.104+08:00 INFO  [main] [requestId=57f4001c-102b-450e-b777-d60b41ae68d3] c.hify.common.RequestLoggingFilter - http.request method=GET path=/api/v1/documents/836370a1-1b2f-47a2-b9ac-c23b92fef6a1 status=200 latencyMs=1
2026-10-07T19:55:54.276+08:00 INFO  [main] [requestId=58557cef-00bb-4bc4-b6c9-e85b3b10de44] c.hify.common.RequestLoggingFilter - http.request method=GET path=/api/v1/documents/836370a1-1b2f-47a2-b9ac-c23b92fef6a1 status=200 latencyMs=1
2026-10-07T19:55:54.453+08:00 INFO  [main] [requestId=5a813e2d-ae8e-4bed-911d-5148dc6d4f0c] c.hify.common.RequestLoggingFilter - http.request method=POST path=/api/v1/workflows status=201 latencyMs=176
2026-10-07T19:55:54.470+08:00 INFO  [main] [requestId=e52e5bee-f729-414a-89bb-f4d8ceff1762] c.hify.common.RequestLoggingFilter - http.request method=POST path=/api/v1/workflows/1332c0a6-7ab5-4eb7-9868-e9741207834e/versions status=200 latencyMs=16
2026-10-07T19:55:54.475+08:00 INFO  [main] [requestId=6ee42eb5-fedf-478f-8b09-4abf4116efed] c.hify.common.RequestLoggingFilter - http.request method=POST path=/api/v1/knowledge-bases status=201 latencyMs=2
2026-10-07T19:55:54.632+08:00 INFO  [main] [requestId=d12db79f-b3a1-42d5-9a43-b7bfe5f5a4bf] c.hify.common.RequestLoggingFilter - http.request method=POST path=/api/v1/workflow-versions/902c5c78-1de0-4741-ac28-708f658b37e6/runs status=202 latencyMs=156
2026-10-07T19:55:54.958+08:00 INFO  [main] [requestId=f6fcee23-8b75-4938-ac63-6b4edc4a09b5] c.hify.common.RequestLoggingFilter - http.request method=POST path=/api/v1/knowledge-bases status=201 latencyMs=2
2026-10-07T19:55:54.963+08:00 INFO  [main] [requestId=a6fda5fc-34ac-4efe-b68b-f3da5c11997d] c.hify.common.RequestLoggingFilter - http.request method=POST path=/api/v1/knowledge-bases/6079ad41-fde9-41c7-b581-347167d4bf3a/documents status=202 latencyMs=4
2026-10-07T19:55:54.980+08:00 INFO  [main] [requestId=3a511a48-7525-4263-b164-de9728ee4061] c.hify.common.RequestLoggingFilter - http.request method=GET path=/api/v1/documents/efe5b490-9117-403e-ab5c-2990cd6cbe97 status=200 latencyMs=15
2026-10-07T19:55:55.105+08:00 INFO  [main] [requestId=43bbf227-6951-4316-8dcf-90df8501065c] c.hify.common.RequestLoggingFilter - http.request method=GET path=/api/v1/documents/efe5b490-9117-403e-ab5c-2990cd6cbe97 status=200 latencyMs=4
2026-10-07T19:55:55.115+08:00 INFO  [main] [requestId=23ce7be9-ccc3-436c-82c3-f1b3aadc667f] c.hify.common.RequestLoggingFilter - http.request method=POST path=/api/v1/workflows status=201 latencyMs=9
2026-10-07T19:55:55.131+08:00 INFO  [main] [requestId=74692fdf-9d17-454e-8f4f-9da2adc3c974] c.hify.common.RequestLoggingFilter - http.request method=POST path=/api/v1/workflows/73850397-f1ec-4d5e-8201-424942700996/versions status=404 latencyMs=14
2026-10-07T19:55:55.496+08:00 INFO  [main] [requestId=a77d571e-d73b-4d28-8ee4-d7ff04c330ab] c.hify.common.RequestLoggingFilter - http.request method=POST path=/api/v1/knowledge-bases status=201 latencyMs=3
2026-10-07T19:55:56.246+08:00 INFO  [main] [requestId=de703bce-d482-4b42-bf83-94b9631210bf] c.hify.common.RequestLoggingFilter - http.request method=POST path=/api/v1/knowledge-bases/e2f53629-6f7e-4897-8c8a-64983085eb19/documents status=202 latencyMs=749
2026-10-07T19:55:56.272+08:00 INFO  [main] [requestId=d6c5df5b-4de3-4b72-8843-3ef5c90fd445] c.hify.common.RequestLoggingFilter - http.request method=GET path=/api/v1/documents/48707ace-fdd7-43e8-bae8-cb4b3f921385 status=200 latencyMs=25
2026-10-07T19:55:56.488+08:00 INFO  [main] [requestId=c233d313-770f-4bb5-94b7-9303f5030755] c.hify.common.RequestLoggingFilter - http.request method=GET path=/api/v1/documents/48707ace-fdd7-43e8-bae8-cb4b3f921385 status=200 latencyMs=6
2026-10-07T19:55:56.639+08:00 INFO  [main] [requestId=b53d0faa-7820-4bdb-a04c-61936274ba67] c.hify.common.RequestLoggingFilter - http.request method=GET path=/api/v1/documents/48707ace-fdd7-43e8-bae8-cb4b3f921385 status=200 latencyMs=15
2026-10-07T19:55:56.662+08:00 INFO  [main] [requestId=76c197e8-8f0d-4f98-9fef-7df4844292a5] c.hify.common.RequestLoggingFilter - http.request method=POST path=/api/v1/workflows status=201 latencyMs=20
2026-10-07T19:55:56.687+08:00 INFO  [main] [requestId=539e2e60-a448-4163-860e-570aa938e3ba] c.hify.common.RequestLoggingFilter - http.request method=POST path=/api/v1/workflows/52fd2bb1-174b-4cd1-baf2-f38ecdc1742e/versions status=200 latencyMs=24
2026-10-07T19:55:56.733+08:00 INFO  [main] [requestId=51dbdf23-092f-4b87-8f6f-1b67c5d09493] c.hify.common.RequestLoggingFilter - http.request method=POST path=/api/v1/workflow-versions/b0f7f887-7585-48d4-a103-9182a5618518/runs status=202 latencyMs=45
2026-10-07T19:55:56.800+08:00 INFO  [main] [requestId=c2078d8a-9dbd-43ad-9f2f-ef39458ffb8b] c.hify.common.RequestLoggingFilter - http.request method=POST path=/api/v1/workflow-versions/b0f7f887-7585-48d4-a103-9182a5618518/runs status=202 latencyMs=60
2026-10-07T19:55:56.824+08:00 INFO  [main] [requestId=55e1e838-0e0e-4ff2-a608-280b47eb1236] c.hify.common.RequestLoggingFilter - http.request method=POST path=/api/v1/knowledge-bases status=201 latencyMs=4
2026-10-07T19:55:56.829+08:00 INFO  [main] [requestId=3ef4736a-a0ee-429f-9a44-a43c2b43e245] c.hify.common.RequestLoggingFilter - http.request method=POST path=/api/v1/knowledge-bases/31e99cbe-8194-47dd-b088-36b9939fe5b2/documents status=202 latencyMs=5
2026-10-07T19:55:56.831+08:00 INFO  [main] [requestId=7a5074b6-aeb3-41ea-b3b7-05e2deeb53a3] c.hify.common.RequestLoggingFilter - http.request method=GET path=/api/v1/documents/954e15a7-b844-4615-bdcb-73c446e655b3 status=200 latencyMs=1
2026-10-07T19:55:56.997+08:00 INFO  [main] [requestId=c2e7052e-7bf5-4cc8-bf3c-e9fdb337d607] c.hify.common.RequestLoggingFilter - http.request method=GET path=/api/v1/documents/954e15a7-b844-4615-bdcb-73c446e655b3 status=200 latencyMs=2
2026-10-07T19:55:58.104+08:00 INFO  [main] [requestId=37e43987-9bd0-4495-8ae1-d1674c65c650] c.hify.common.RequestLoggingFilter - http.request method=DELETE path=/api/v1/documents/954e15a7-b844-4615-bdcb-73c446e655b3 status=200 latencyMs=59
2026-10-07T19:55:58.146+08:00 INFO  [main] [requestId=358551e6-f1d0-4761-9a6a-191ae46f6b41] c.hify.common.RequestLoggingFilter - http.request method=POST path=/api/v1/knowledge-bases/31e99cbe-8194-47dd-b088-36b9939fe5b2/documents status=202 latencyMs=30
2026-10-07T19:55:58.156+08:00 INFO  [main] [requestId=5ac8482c-0a0d-4681-af15-eafe691e3b17] c.hify.common.RequestLoggingFilter - http.request method=GET path=/api/v1/documents/bfb3eefe-0698-4143-b6f1-a5a3fc2af00d status=200 latencyMs=8
2026-10-07T19:55:58.329+08:00 INFO  [main] [requestId=2256913c-c5b8-4db3-9e8c-33a7f4c683ea] c.hify.common.RequestLoggingFilter - http.request method=GET path=/api/v1/documents/bfb3eefe-0698-4143-b6f1-a5a3fc2af00d status=200 latencyMs=3
2026-10-07T19:55:58.876+08:00 INFO  [main] [requestId=5d64eb5d-dfce-45ad-a891-b607b5348a18] c.hify.common.RequestLoggingFilter - http.request method=POST path=/api/v1/knowledge-bases status=201 latencyMs=16
2026-10-07T19:55:58.925+08:00 INFO  [main] [requestId=91e62e72-f4bf-4f98-ab5a-d553f95752ae] c.hify.common.RequestLoggingFilter - http.request method=POST path=/api/v1/workflows status=201 latencyMs=47
2026-10-07T19:55:59.122+08:00 INFO  [main] [requestId=28fa9e5d-8511-463c-8f8e-71ecdb400d46] c.hify.common.RequestLoggingFilter - http.request method=POST path=/api/v1/workflows/6ba68956-18b9-4c33-8b6c-169f31ce8878/versions status=200 latencyMs=196
2026-10-07T19:55:59.178+08:00 INFO  [main] [requestId=b458d51b-a181-4084-86e8-df634803694e] c.hify.common.RequestLoggingFilter - http.request method=POST path=/api/v1/workflow-versions/6262e3c2-4913-41cf-b8f6-6c8c5d67895e/runs status=202 latencyMs=54
2026-10-07T19:55:59.261+08:00 INFO  [main] [requestId=d7740f81-b83b-4e45-8167-36dfcc3bc140] c.hify.common.RequestLoggingFilter - http.request method=POST path=/api/v1/knowledge-bases status=201 latencyMs=4
2026-10-07T19:55:59.304+08:00 INFO  [main] [requestId=c60c67d1-77b6-473c-8469-ef6fb239ccb8] c.hify.common.RequestLoggingFilter - http.request method=POST path=/api/v1/knowledge-bases/c4fe28a2-c161-40f1-b760-82386362cac7/documents status=202 latencyMs=42
2026-10-07T19:55:59.306+08:00 INFO  [main] [requestId=f47b8b85-1c2c-4af0-8e76-ef3e23ba1429] c.hify.common.RequestLoggingFilter - http.request method=GET path=/api/v1/documents/381ed318-a976-4dc9-a663-aedde0b3704a status=200 latencyMs=1
2026-10-07T19:55:59.670+08:00 INFO  [main] [requestId=706cc2a4-8ffe-41e3-9b36-8aa3e78b2f88] c.hify.common.RequestLoggingFilter - http.request method=GET path=/api/v1/documents/381ed318-a976-4dc9-a663-aedde0b3704a status=200 latencyMs=5
2026-10-07T19:56:01.548+08:00 INFO  [main] [requestId=ef900eac-a8bb-45ee-9f4f-fadc019f6435] c.hify.common.RequestLoggingFilter - http.request method=POST path=/api/v1/knowledge-bases status=201 latencyMs=39
2026-10-07T19:56:01.912+08:00 INFO  [main] [requestId=2ae93677-890f-445a-a938-5ba944ea8f17] c.hify.common.RequestLoggingFilter - http.request method=POST path=/api/v1/knowledge-bases status=201 latencyMs=25
2026-10-07T19:56:01.954+08:00 INFO  [main] [requestId=bd574142-1ffd-4b12-bce2-be74bd4c0d75] c.hify.common.RequestLoggingFilter - http.request method=POST path=/api/v1/knowledge-bases/645a1a98-df17-4509-8481-feca2c808492/documents status=202 latencyMs=36
2026-10-07T19:56:01.959+08:00 INFO  [main] [requestId=fff474e0-0c80-4c18-879f-c27e9e7a5aaf] c.hify.common.RequestLoggingFilter - http.request method=GET path=/api/v1/documents/240324a6-66ec-429c-94bd-9c41c5b5327a status=200 latencyMs=4
2026-10-07T19:56:02.129+08:00 INFO  [main] [requestId=4d6350a8-2078-4a56-a8ad-2d3f0f128e26] c.hify.common.RequestLoggingFilter - http.request method=GET path=/api/v1/documents/240324a6-66ec-429c-94bd-9c41c5b5327a status=200 latencyMs=2
2026-10-07T19:56:02.671+08:00 INFO  [main] [requestId=364e83c0-1a74-46b6-a799-c994e9edef09] c.hify.common.RequestLoggingFilter - http.request method=POST path=/api/v1/knowledge-bases status=201 latencyMs=8
2026-10-07T19:56:02.682+08:00 INFO  [main] [requestId=7909ab07-201d-40d5-b42b-259d5e3e335d] c.hify.common.RequestLoggingFilter - http.request method=POST path=/api/v1/knowledge-bases/2c4ae029-0ff1-4fa6-98b5-9a861c0ed968/documents status=202 latencyMs=10
2026-10-07T19:56:02.687+08:00 INFO  [main] [requestId=2c52ad16-e999-402d-86b2-4fd96c9ba038] c.hify.common.RequestLoggingFilter - http.request method=GET path=/api/v1/documents/fee03562-30ba-4ff3-8f49-f867461dd3ee status=200 latencyMs=4
2026-10-07T19:56:02.870+08:00 INFO  [main] [requestId=5d995b67-f1f5-4a70-974c-2c10810833b9] c.hify.common.RequestLoggingFilter - http.request method=GET path=/api/v1/documents/fee03562-30ba-4ff3-8f49-f867461dd3ee status=200 latencyMs=12
2026-10-07T19:56:03.012+08:00 INFO  [main] [requestId=946102de-703d-49d8-aa8f-c838a8545386] c.hify.common.RequestLoggingFilter - http.request method=POST path=/api/v1/knowledge-bases status=201 latencyMs=2
2026-10-07T19:56:03.016+08:00 INFO  [main] [requestId=1aee4af9-faf7-469c-a390-9e0416cdf5fb] c.hify.common.RequestLoggingFilter - http.request method=POST path=/api/v1/knowledge-bases status=201 latencyMs=3
2026-10-07T19:56:03.022+08:00 INFO  [main] [requestId=b6eee060-7486-4295-be5d-dc14e518a901] c.hify.common.RequestLoggingFilter - http.request method=POST path=/api/v1/knowledge-bases/4384901d-0500-4685-a25e-8afe64d7db94/documents status=202 latencyMs=4
2026-10-07T19:56:03.024+08:00 INFO  [main] [requestId=d0a934a3-d7e6-4b44-9b02-708e2485e2ec] c.hify.common.RequestLoggingFilter - http.request method=GET path=/api/v1/documents/18bed963-ec48-4e7a-8bd5-9473ca4419ec status=200 latencyMs=1
2026-10-07T19:56:03.178+08:00 INFO  [main] [requestId=a0ec3116-d7a4-4972-bb1f-a4ab7c02f045] c.hify.common.RequestLoggingFilter - http.request method=GET path=/api/v1/documents/18bed963-ec48-4e7a-8bd5-9473ca4419ec status=200 latencyMs=3
2026-10-07T19:56:03.633+08:00 INFO  [main] [requestId=1ca8f356-583b-45fa-9fdb-317673b1e38c] c.hify.common.RequestLoggingFilter - http.request method=POST path=/api/v1/knowledge-bases status=201 latencyMs=12
2026-10-07T19:56:03.711+08:00 INFO  [main] [requestId=abd63769-f1a8-44da-9e76-ba076636c15a] c.hify.common.RequestLoggingFilter - http.request method=POST path=/api/v1/knowledge-bases/ff28938f-a7f0-42ee-adf6-b6d1a5a997f2/documents status=202 latencyMs=44
2026-10-07T19:56:03.720+08:00 INFO  [main] [requestId=b1ed8c17-c1fa-45e4-a956-f153d56d3157] c.hify.common.RequestLoggingFilter - http.request method=GET path=/api/v1/documents/05f02690-8792-4f86-b0b0-c5ca87a4eb71 status=200 latencyMs=8
2026-10-07T19:56:03.850+08:00 INFO  [main] [requestId=b1167a55-9a03-4747-ab52-962323a135a1] c.hify.common.RequestLoggingFilter - http.request method=GET path=/api/v1/documents/05f02690-8792-4f86-b0b0-c5ca87a4eb71 status=200 latencyMs=30
2026-10-07T19:56:04.574+08:00 INFO  [main] [requestId=b8e1c16e-cb4d-4dfb-8773-04b152defede] c.hify.common.RequestLoggingFilter - http.request method=GET path=/api/v1/runs/841a4386-83da-4468-894d-f79a78c95988/memory status=200 latencyMs=89
2026-10-07T19:56:04.691+08:00 INFO  [main] [requestId=784a777a-ddb8-4f57-a4db-0dd94d1ac813] c.hify.common.RequestLoggingFilter - http.request method=POST path=/api/v1/runs/841a4386-83da-4468-894d-f79a78c95988/memory/search status=200 latencyMs=105
2026-10-07T19:56:04.719+08:00 INFO  [main] [requestId=865a3d7f-970b-406c-bcef-bdb43d13675c] c.hify.common.RequestLoggingFilter - http.request method=GET path=/api/v1/runs/841a4386-83da-4468-894d-f79a78c95988/memory/details/legacy_5d908c45-b771-4666-9255-1c5d51a4d5f3 status=409 latencyMs=26
2026-10-07T19:56:04.794+08:00 INFO  [main] [requestId=335474cb-a78a-4e3f-802a-9b046aa076d7] c.hify.common.RequestLoggingFilter - http.request method=GET path=/api/v1/runs/841a4386-83da-4468-894d-f79a78c95988/memory status=200 latencyMs=7
2026-10-07T19:56:04.816+08:00 INFO  [main] [requestId=884cbf36-995d-4400-a0a0-1323eaa6a498] c.hify.common.RequestLoggingFilter - http.request method=POST path=/api/v1/runs/841a4386-83da-4468-894d-f79a78c95988/memory/search status=200 latencyMs=12
2026-10-07T19:56:04.823+08:00 INFO  [main] [requestId=e7453f7a-2cee-4c3d-8a98-b3123ffcb58c] c.hify.common.RequestLoggingFilter - http.request method=GET path=/api/v1/runs/841a4386-83da-4468-894d-f79a78c95988/memory/details/legacy_5d908c45-b771-4666-9255-1c5d51a4d5f3 status=409 latencyMs=6
2026-10-07T19:56:04.856+08:00 INFO  [main] [requestId=d3928c73-982f-4a00-9cdf-701d5c4f2c62] c.hify.common.RequestLoggingFilter - http.request method=POST path=/api/v1/knowledge-bases status=201 latencyMs=5
2026-10-07T19:56:04.862+08:00 INFO  [main] [requestId=094b1734-86e7-445a-84ca-208ec62f98d8] c.hify.common.RequestLoggingFilter - http.request method=POST path=/api/v1/knowledge-bases/e9bbd097-d508-431b-863d-be2fdbc7db39/documents status=202 latencyMs=4
2026-10-07T19:56:04.864+08:00 INFO  [main] [requestId=8a51de3b-ecb1-4b11-a9cf-d4016474e529] c.hify.common.RequestLoggingFilter - http.request method=GET path=/api/v1/documents/bc083d11-f792-4907-ab94-5d0ea3639d10 status=200 latencyMs=1
2026-10-07T19:56:05.006+08:00 INFO  [main] [requestId=76461233-4a3e-4283-81f1-b2add6e38f8e] c.hify.common.RequestLoggingFilter - http.request method=GET path=/api/v1/documents/bc083d11-f792-4907-ab94-5d0ea3639d10 status=200 latencyMs=3
2026-10-07T19:56:05.709+08:00 INFO  [main] [requestId=e5158f8d-ab09-47aa-8f02-e722061cafa4] c.hify.common.RequestLoggingFilter - http.request method=POST path=/api/v1/knowledge-bases status=201 latencyMs=20
2026-10-07T19:56:05.726+08:00 INFO  [main] [requestId=d8c4c5ec-4a8f-454a-8bfa-d20834f11c12] c.hify.common.RequestLoggingFilter - http.request method=POST path=/api/v1/knowledge-bases/92631bf9-b11b-4b25-8521-b57cba3cdfc8/documents status=202 latencyMs=14
2026-10-07T19:56:05.731+08:00 INFO  [main] [requestId=c636dfd6-0805-456b-a7af-01f7f8f651e1] c.hify.common.RequestLoggingFilter - http.request method=GET path=/api/v1/documents/d69a8303-0600-4e40-9be9-434973b22251 status=200 latencyMs=4
2026-10-07T19:56:05.901+08:00 INFO  [main] [requestId=635c68ba-4ed8-45c6-973a-56205dbf3476] c.hify.common.RequestLoggingFilter - http.request method=GET path=/api/v1/documents/d69a8303-0600-4e40-9be9-434973b22251 status=200 latencyMs=15
2026-10-07T19:56:06.218+08:00 INFO  [main] [requestId=8c6fa2c4-431c-445b-9654-7b0bf72990ef] c.hify.common.RequestLoggingFilter - http.request method=GET path=/api/v1/runs/49025178-5d83-4ab5-af3e-55900b7c5c53/memory status=200 latencyMs=7
2026-10-07T19:56:06.244+08:00 INFO  [main] [requestId=58365dcc-8011-410e-8003-244247c53a60] c.hify.common.RequestLoggingFilter - http.request method=POST path=/api/v1/runs/49025178-5d83-4ab5-af3e-55900b7c5c53/memory/search status=200 latencyMs=23
2026-10-07T19:56:06.249+08:00 INFO  [main] [requestId=255ca2d5-166c-4d94-91a7-084b530d1a1d] c.hify.common.RequestLoggingFilter - http.request method=GET path=/api/v1/runs/49025178-5d83-4ab5-af3e-55900b7c5c53/memory/details/legacy_73d16096-a207-443e-86ed-05f443cc7483 status=409 latencyMs=5
2026-10-07T19:56:06.257+08:00 INFO  [main] [requestId=de3132bc-3272-4183-9553-d045374d2fb8] c.hify.common.RequestLoggingFilter - http.request method=GET path=/api/v1/runs/49025178-5d83-4ab5-af3e-55900b7c5c53/memory status=200 latencyMs=4
2026-10-07T19:56:06.263+08:00 INFO  [main] [requestId=b9a0125d-f697-41f1-90f7-f3dd06def855] c.hify.common.RequestLoggingFilter - http.request method=POST path=/api/v1/runs/49025178-5d83-4ab5-af3e-55900b7c5c53/memory/search status=200 latencyMs=5
2026-10-07T19:56:06.265+08:00 INFO  [main] [requestId=2d6053ca-0920-439a-99db-1258571259f1] c.hify.common.RequestLoggingFilter - http.request method=GET path=/api/v1/runs/49025178-5d83-4ab5-af3e-55900b7c5c53/memory/details/legacy_73d16096-a207-443e-86ed-05f443cc7483 status=409 latencyMs=2
2026-10-07T19:56:06.282+08:00 INFO  [main] [requestId=324a4734-c069-4217-9053-1a393866019e] c.hify.common.RequestLoggingFilter - http.request method=POST path=/api/v1/runs/c15756b9-7588-401a-8802-987a2e5176a6/memory/search status=200 latencyMs=10
2026-10-07T19:56:06.287+08:00 INFO  [main] [requestId=48b4db8f-7af4-4fa1-9e61-f61d2ed2edf6] c.hify.common.RequestLoggingFilter - http.request method=GET path=/api/v1/runs/c15756b9-7588-401a-8802-987a2e5176a6/memory/details/legacy_73d16096-a207-443e-86ed-05f443cc7483 status=409 latencyMs=4
[INFO] Tests run: 21, Failures: 0, Errors: 0, Skipped: 0, Time elapsed: 23.90 s -- in com.hify.api.KnowledgeMemoryPostgresTest
[INFO] 
[INFO] Results:
[INFO] 
[INFO] Tests run: 126, Failures: 0, Errors: 0, Skipped: 0
[INFO] 
[INFO] ------------------------------------------------------------------------
[INFO] Reactor Summary for hify-parent 0.1.0-SNAPSHOT:
[INFO] 
[INFO] hify-parent ........................................ SUCCESS [  0.002 s]
[INFO] hify-common ........................................ SUCCESS [  0.844 s]
[INFO] hify-provider ...................................... SUCCESS [  0.041 s]
[INFO] hify-tool .......................................... SUCCESS [  0.046 s]
[INFO] hify-mcp ........................................... SUCCESS [  0.047 s]
[INFO] hify-knowledge ..................................... SUCCESS [  0.020 s]
[INFO] hify-workflow ...................................... SUCCESS [  0.028 s]
[INFO] hify-agent ......................................... SUCCESS [  0.018 s]
[INFO] hify-chat .......................................... SUCCESS [  0.066 s]
[INFO] hify-demo .......................................... SUCCESS [  0.048 s]
[INFO] hify-app ........................................... SUCCESS [04:00 min]
[INFO] ------------------------------------------------------------------------
[INFO] BUILD SUCCESS
[INFO] ------------------------------------------------------------------------
[INFO] Total time:  04:02 min
[INFO] Finished at: 2026-10-07T19:56:11+08:00
[INFO] ------------------------------------------------------------------------
Maven evidence: passed
