Picked up JAVA_TOOL_OPTIONS: -Xmx768m -XX:ReservedCodeCacheSize=128m -Dspring.test.context.cache.maxSize=2 -Dhify.test.startup-diagnostics=true -Xlog:gc*,safepoint:file=/tmp/hify-obs-correlation-gate.VeFMXi/gc-%p.log:time,uptime,level,tags -Dhttp.nonProxyHosts=localhost|127.*|[::1] -Dhttps.nonProxyHosts=localhost|127.*|[::1] -DsocksNonProxyHosts=localhost|127.*|[::1]
[INFO] Scanning for projects...
[INFO] ------------------------------------------------------------------------
[INFO] Reactor Build Order:
[INFO] 
[INFO] hify-parent                                                        [pom]
[INFO] hify-common                                                        [jar]
[INFO] hify-provider                                                      [jar]
[INFO] hify-tool                                                          [jar]
[INFO] hify-mcp                                                           [jar]
[INFO] hify-knowledge                                                     [jar]
[INFO] hify-workflow                                                      [jar]
[INFO] hify-agent                                                         [jar]
[INFO] hify-chat                                                          [jar]
[INFO] hify-demo                                                          [jar]
[INFO] hify-app                                                           [jar]
[INFO] 
[INFO] ------------------------< com.hify:hify-parent >------------------------
[INFO] Building hify-parent 0.1.0-SNAPSHOT                               [1/11]
[INFO]   from pom.xml
[INFO] --------------------------------[ pom ]---------------------------------
[INFO] 
[INFO] ------------------------< com.hify:hify-common >------------------------
[INFO] Building hify-common 0.1.0-SNAPSHOT                               [2/11]
[INFO]   from hify-common/pom.xml
[INFO] --------------------------------[ jar ]---------------------------------
[INFO] 
[INFO] --- resources:3.3.1:resources (default-resources) @ hify-common ---
[INFO] skip non existing resourceDirectory /private/tmp/hify-course-20261006.hhEhwt/retrieval-worktree/backend/hify-common/src/main/resources
[INFO] skip non existing resourceDirectory /private/tmp/hify-course-20261006.hhEhwt/retrieval-worktree/backend/hify-common/src/main/resources
[INFO] 
[INFO] --- compiler:3.13.0:compile (default-compile) @ hify-common ---
[INFO] Nothing to compile - all classes are up to date.
[INFO] 
[INFO] --- resources:3.3.1:testResources (default-testResources) @ hify-common ---
[INFO] skip non existing resourceDirectory /private/tmp/hify-course-20261006.hhEhwt/retrieval-worktree/backend/hify-common/src/test/resources
[INFO] 
[INFO] --- compiler:3.13.0:testCompile (default-testCompile) @ hify-common ---
[INFO] Recompiling the module because of changed source code.
[INFO] Compiling 10 source files with javac [debug parameters release 17] to target/test-classes
[INFO] 
[INFO] --- surefire:3.5.3:test (default-test) @ hify-common ---
[INFO] 
[INFO] -----------------------< com.hify:hify-provider >-----------------------
[INFO] Building hify-provider 0.1.0-SNAPSHOT                             [3/11]
[INFO]   from hify-provider/pom.xml
[INFO] --------------------------------[ jar ]---------------------------------
[INFO] 
[INFO] --- resources:3.3.1:resources (default-resources) @ hify-provider ---
[INFO] skip non existing resourceDirectory /private/tmp/hify-course-20261006.hhEhwt/retrieval-worktree/backend/hify-provider/src/main/resources
[INFO] skip non existing resourceDirectory /private/tmp/hify-course-20261006.hhEhwt/retrieval-worktree/backend/hify-provider/src/main/resources
[INFO] 
[INFO] --- compiler:3.13.0:compile (default-compile) @ hify-provider ---
[INFO] Nothing to compile - all classes are up to date.
[INFO] 
[INFO] --- resources:3.3.1:testResources (default-testResources) @ hify-provider ---
[INFO] skip non existing resourceDirectory /private/tmp/hify-course-20261006.hhEhwt/retrieval-worktree/backend/hify-provider/src/test/resources
[INFO] 
[INFO] --- compiler:3.13.0:testCompile (default-testCompile) @ hify-provider ---
[INFO] Nothing to compile - all classes are up to date.
[INFO] 
[INFO] --- surefire:3.5.3:test (default-test) @ hify-provider ---
[INFO] 
[INFO] -------------------------< com.hify:hify-tool >-------------------------
[INFO] Building hify-tool 0.1.0-SNAPSHOT                                 [4/11]
[INFO]   from hify-tool/pom.xml
[INFO] --------------------------------[ jar ]---------------------------------
[INFO] 
[INFO] --- resources:3.3.1:resources (default-resources) @ hify-tool ---
[INFO] skip non existing resourceDirectory /private/tmp/hify-course-20261006.hhEhwt/retrieval-worktree/backend/hify-tool/src/main/resources
[INFO] skip non existing resourceDirectory /private/tmp/hify-course-20261006.hhEhwt/retrieval-worktree/backend/hify-tool/src/main/resources
[INFO] 
[INFO] --- compiler:3.13.0:compile (default-compile) @ hify-tool ---
[INFO] Nothing to compile - all classes are up to date.
[INFO] 
[INFO] --- resources:3.3.1:testResources (default-testResources) @ hify-tool ---
[INFO] skip non existing resourceDirectory /private/tmp/hify-course-20261006.hhEhwt/retrieval-worktree/backend/hify-tool/src/test/resources
[INFO] 
[INFO] --- compiler:3.13.0:testCompile (default-testCompile) @ hify-tool ---
[INFO] Nothing to compile - all classes are up to date.
[INFO] 
[INFO] --- surefire:3.5.3:test (default-test) @ hify-tool ---
[INFO] 
[INFO] -------------------------< com.hify:hify-mcp >--------------------------
[INFO] Building hify-mcp 0.1.0-SNAPSHOT                                  [5/11]
[INFO]   from hify-mcp/pom.xml
[INFO] --------------------------------[ jar ]---------------------------------
[INFO] 
[INFO] --- resources:3.3.1:resources (default-resources) @ hify-mcp ---
[INFO] skip non existing resourceDirectory /private/tmp/hify-course-20261006.hhEhwt/retrieval-worktree/backend/hify-mcp/src/main/resources
[INFO] skip non existing resourceDirectory /private/tmp/hify-course-20261006.hhEhwt/retrieval-worktree/backend/hify-mcp/src/main/resources
[INFO] 
[INFO] --- compiler:3.13.0:compile (default-compile) @ hify-mcp ---
[INFO] Nothing to compile - all classes are up to date.
[INFO] 
[INFO] --- resources:3.3.1:testResources (default-testResources) @ hify-mcp ---
[INFO] skip non existing resourceDirectory /private/tmp/hify-course-20261006.hhEhwt/retrieval-worktree/backend/hify-mcp/src/test/resources
[INFO] 
[INFO] --- compiler:3.13.0:testCompile (default-testCompile) @ hify-mcp ---
[INFO] No sources to compile
[INFO] 
[INFO] --- surefire:3.5.3:test (default-test) @ hify-mcp ---
[INFO] No tests to run.
[INFO] 
[INFO] ----------------------< com.hify:hify-knowledge >-----------------------
[INFO] Building hify-knowledge 0.1.0-SNAPSHOT                            [6/11]
[INFO]   from hify-knowledge/pom.xml
[INFO] --------------------------------[ jar ]---------------------------------
[INFO] 
[INFO] --- resources:3.3.1:resources (default-resources) @ hify-knowledge ---
[INFO] skip non existing resourceDirectory /private/tmp/hify-course-20261006.hhEhwt/retrieval-worktree/backend/hify-knowledge/src/main/resources
[INFO] skip non existing resourceDirectory /private/tmp/hify-course-20261006.hhEhwt/retrieval-worktree/backend/hify-knowledge/src/main/resources
[INFO] 
[INFO] --- compiler:3.13.0:compile (default-compile) @ hify-knowledge ---
[INFO] Nothing to compile - all classes are up to date.
[INFO] 
[INFO] --- resources:3.3.1:testResources (default-testResources) @ hify-knowledge ---
[INFO] skip non existing resourceDirectory /private/tmp/hify-course-20261006.hhEhwt/retrieval-worktree/backend/hify-knowledge/src/test/resources
[INFO] 
[INFO] --- compiler:3.13.0:testCompile (default-testCompile) @ hify-knowledge ---
[INFO] Nothing to compile - all classes are up to date.
[INFO] 
[INFO] --- surefire:3.5.3:test (default-test) @ hify-knowledge ---
[INFO] 
[INFO] -----------------------< com.hify:hify-workflow >-----------------------
[INFO] Building hify-workflow 0.1.0-SNAPSHOT                             [7/11]
[INFO]   from hify-workflow/pom.xml
[INFO] --------------------------------[ jar ]---------------------------------
[INFO] 
[INFO] --- resources:3.3.1:resources (default-resources) @ hify-workflow ---
[INFO] skip non existing resourceDirectory /private/tmp/hify-course-20261006.hhEhwt/retrieval-worktree/backend/hify-workflow/src/main/resources
[INFO] skip non existing resourceDirectory /private/tmp/hify-course-20261006.hhEhwt/retrieval-worktree/backend/hify-workflow/src/main/resources
[INFO] 
[INFO] --- compiler:3.13.0:compile (default-compile) @ hify-workflow ---
[INFO] Nothing to compile - all classes are up to date.
[INFO] 
[INFO] --- resources:3.3.1:testResources (default-testResources) @ hify-workflow ---
[INFO] Copying 2 resources from src/test/resources to target/test-classes
[INFO] 
[INFO] --- compiler:3.13.0:testCompile (default-testCompile) @ hify-workflow ---
[INFO] Nothing to compile - all classes are up to date.
[INFO] 
[INFO] --- surefire:3.5.3:test (default-test) @ hify-workflow ---
[INFO] 
[INFO] ------------------------< com.hify:hify-agent >-------------------------
[INFO] Building hify-agent 0.1.0-SNAPSHOT                                [8/11]
[INFO]   from hify-agent/pom.xml
[INFO] --------------------------------[ jar ]---------------------------------
[INFO] 
[INFO] --- resources:3.3.1:resources (default-resources) @ hify-agent ---
[INFO] skip non existing resourceDirectory /private/tmp/hify-course-20261006.hhEhwt/retrieval-worktree/backend/hify-agent/src/main/resources
[INFO] skip non existing resourceDirectory /private/tmp/hify-course-20261006.hhEhwt/retrieval-worktree/backend/hify-agent/src/main/resources
[INFO] 
[INFO] --- compiler:3.13.0:compile (default-compile) @ hify-agent ---
[INFO] Nothing to compile - all classes are up to date.
[INFO] 
[INFO] --- resources:3.3.1:testResources (default-testResources) @ hify-agent ---
[INFO] skip non existing resourceDirectory /private/tmp/hify-course-20261006.hhEhwt/retrieval-worktree/backend/hify-agent/src/test/resources
[INFO] 
[INFO] --- compiler:3.13.0:testCompile (default-testCompile) @ hify-agent ---
[INFO] No sources to compile
[INFO] 
[INFO] --- surefire:3.5.3:test (default-test) @ hify-agent ---
[INFO] No tests to run.
[INFO] 
[INFO] -------------------------< com.hify:hify-chat >-------------------------
[INFO] Building hify-chat 0.1.0-SNAPSHOT                                 [9/11]
[INFO]   from hify-chat/pom.xml
[INFO] --------------------------------[ jar ]---------------------------------
[INFO] 
[INFO] --- resources:3.3.1:resources (default-resources) @ hify-chat ---
[INFO] skip non existing resourceDirectory /private/tmp/hify-course-20261006.hhEhwt/retrieval-worktree/backend/hify-chat/src/main/resources
[INFO] skip non existing resourceDirectory /private/tmp/hify-course-20261006.hhEhwt/retrieval-worktree/backend/hify-chat/src/main/resources
[INFO] 
[INFO] --- compiler:3.13.0:compile (default-compile) @ hify-chat ---
[INFO] Nothing to compile - all classes are up to date.
[INFO] 
[INFO] --- resources:3.3.1:testResources (default-testResources) @ hify-chat ---
[INFO] Copying 3 resources from src/test/resources to target/test-classes
[INFO] 
[INFO] --- compiler:3.13.0:testCompile (default-testCompile) @ hify-chat ---
[INFO] Nothing to compile - all classes are up to date.
[INFO] 
[INFO] --- surefire:3.5.3:test (default-test) @ hify-chat ---
[INFO] 
[INFO] -------------------------< com.hify:hify-demo >-------------------------
[INFO] Building hify-demo 0.1.0-SNAPSHOT                                [10/11]
[INFO]   from hify-demo/pom.xml
[INFO] --------------------------------[ jar ]---------------------------------
[INFO] 
[INFO] --- resources:3.3.1:resources (default-resources) @ hify-demo ---
[INFO] skip non existing resourceDirectory /private/tmp/hify-course-20261006.hhEhwt/retrieval-worktree/backend/hify-demo/src/main/resources
[INFO] skip non existing resourceDirectory /private/tmp/hify-course-20261006.hhEhwt/retrieval-worktree/backend/hify-demo/src/main/resources
[INFO] 
[INFO] --- compiler:3.13.0:compile (default-compile) @ hify-demo ---
[INFO] Nothing to compile - all classes are up to date.
[INFO] 
[INFO] --- resources:3.3.1:testResources (default-testResources) @ hify-demo ---
[INFO] skip non existing resourceDirectory /private/tmp/hify-course-20261006.hhEhwt/retrieval-worktree/backend/hify-demo/src/test/resources
[INFO] 
[INFO] --- compiler:3.13.0:testCompile (default-testCompile) @ hify-demo ---
[INFO] No sources to compile
[INFO] 
[INFO] --- surefire:3.5.3:test (default-test) @ hify-demo ---
[INFO] No tests to run.
[INFO] 
[INFO] -------------------------< com.hify:hify-app >--------------------------
[INFO] Building hify-app 0.1.0-SNAPSHOT                                 [11/11]
[INFO]   from hify-app/pom.xml
[INFO] --------------------------------[ jar ]---------------------------------
[INFO] 
[INFO] --- resources:3.3.1:resources (default-resources) @ hify-app ---
[INFO] Copying 1 resource from src/main/resources to target/classes
[INFO] Copying 21 resources from src/main/resources to target/classes
[INFO] 
[INFO] --- compiler:3.13.0:compile (default-compile) @ hify-app ---
[INFO] Nothing to compile - all classes are up to date.
[INFO] 
[INFO] --- resources:3.3.1:testResources (default-testResources) @ hify-app ---
[INFO] skip non existing resourceDirectory /private/tmp/hify-course-20261006.hhEhwt/retrieval-worktree/backend/hify-app/src/test/resources
[INFO] 
[INFO] --- compiler:3.13.0:testCompile (default-testCompile) @ hify-app ---
[INFO] Nothing to compile - all classes are up to date.
[INFO] 
[INFO] --- surefire:3.5.3:test (default-test) @ hify-app ---
[INFO] Using auto detected provider org.apache.maven.surefire.junitplatform.JUnitPlatformProvider
[INFO] 
[INFO] -------------------------------------------------------
[INFO]  T E S T S
[INFO] -------------------------------------------------------
Picked up JAVA_TOOL_OPTIONS: -Xmx768m -XX:ReservedCodeCacheSize=128m -Dspring.test.context.cache.maxSize=2 -Dhify.test.startup-diagnostics=true -Xlog:gc*,safepoint:file=/tmp/hify-obs-correlation-gate.VeFMXi/gc-%p.log:time,uptime,level,tags -Dhttp.nonProxyHosts=localhost|127.*|[::1] -Dhttps.nonProxyHosts=localhost|127.*|[::1] -DsocksNonProxyHosts=localhost|127.*|[::1]
17:47:34.676 [main] INFO org.testcontainers.DockerClientFactory -- Testcontainers version: 1.20.6
17:47:35.038 [main] INFO org.testcontainers.dockerclient.DockerClientProviderStrategy -- Found Docker environment with Environment variables, system properties and defaults. Resolved dockerHost=unix:///Users/weberzhao/.colima/hify-verify-20261004/docker.sock
17:47:35.039 [main] INFO org.testcontainers.DockerClientFactory -- Docker host IP address is 127.0.0.1
17:47:35.060 [main] INFO org.testcontainers.DockerClientFactory -- Connected to docker: 
  Server Version: 29.5.2
  API Version: 1.54
  Operating System: Ubuntu 24.04.4 LTS
  Total Memory: 955 MB
17:47:35.066 [main] INFO org.testcontainers.images.PullPolicy -- Image pull policy will be performed by: DefaultPullPolicy()
17:47:35.067 [main] INFO org.testcontainers.utility.ImageNameSubstitutor -- Image name substitution will be performed by: DefaultImageNameSubstitutor (composite of 'ConfigurationFileImageNameSubstitutor' and 'PrefixingImageNameSubstitutor')
17:47:35.426 [main] INFO tc.testcontainers/ryuk:0.11.0 -- Creating container for image: testcontainers/ryuk:0.11.0
17:47:35.766 [main] INFO tc.testcontainers/ryuk:0.11.0 -- Container testcontainers/ryuk:0.11.0 is starting: ef7fdb52ca7341eb36e2284cb8208d8571ab44c2bafd6654d0b30f9e367ed282
17:47:36.418 [main] INFO tc.testcontainers/ryuk:0.11.0 -- Container testcontainers/ryuk:0.11.0 started in PT0.992627S
17:47:36.426 [main] INFO org.testcontainers.utility.RyukResourceReaper -- Ryuk started - will monitor and terminate Testcontainers containers on JVM exit
17:47:36.426 [main] INFO org.testcontainers.DockerClientFactory -- Checking the system...
17:47:36.426 [main] INFO org.testcontainers.DockerClientFactory -- ✔︎ Docker server version should be at least 1.6.0
[INFO] Running com.hify.api.KnowledgeShutdownPostgresTest
17:47:36.493 [main] INFO org.springframework.test.context.support.AnnotationConfigContextLoaderUtils -- Could not detect default configuration classes for test class [com.hify.api.KnowledgeShutdownPostgresTest]: KnowledgeShutdownPostgresTest does not declare any static, non-private, non-final, nested classes annotated with @Configuration.
17:47:36.886 [main] INFO org.springframework.boot.test.context.SpringBootTestContextBootstrapper -- Found @SpringBootConfiguration com.hify.HifyApplication for test class com.hify.api.KnowledgeShutdownPostgresTest
17:47:36.960 [main] INFO tc.pgvector/pgvector:pg16 -- Creating container for image: pgvector/pgvector:pg16
17:47:37.068 [main] INFO tc.pgvector/pgvector:pg16 -- Container pgvector/pgvector:pg16 is starting: 2b28c6e5b97acc5aa40994f8cfc70bef8c7e12b0c63f300749b136abc4426fea
17:47:38.479 [main] INFO tc.pgvector/pgvector:pg16 -- Container pgvector/pgvector:pg16 started in PT1.517634S
17:47:38.486 [main] INFO tc.pgvector/pgvector:pg16 -- Container is started (JDBC URL: jdbc:postgresql://127.0.0.1:32769/knowledge_shutdown?loggerLevel=OFF)

  .   ____          _            __ _ _
 /\\ / ___'_ __ _ _(_)_ __  __ _ \ \ \ \
( ( )\___ | '_ | '_| | '_ \/ _` | \ \ \ \
 \\/  ___)| |_)| | | | | || (_| |  ) ) ) )
  '  |____| .__|_| |_|_| |_\__, | / / / /
 =========|_|==============|___/=/_/_/_/

 :: Spring Boot ::                (v3.4.5)

2026-10-07T17:47:38.808+08:00 INFO  [main] [requestId=] c.h.a.KnowledgeShutdownPostgresTest - Starting KnowledgeShutdownPostgresTest using Java 17.0.19 with PID 11524 (started by weberzhao in /private/tmp/hify-course-20261006.hhEhwt/retrieval-worktree/backend/hify-app)
2026-10-07T17:47:38.809+08:00 INFO  [main] [requestId=] c.h.a.KnowledgeShutdownPostgresTest - No active profile set, falling back to 1 default profile: "default"
2026-10-07T17:47:40.241+08:00 INFO  [main] [requestId=] o.s.d.r.c.RepositoryConfigurationDelegate - Multiple Spring Data modules found, entering strict repository configuration mode
2026-10-07T17:47:40.246+08:00 INFO  [main] [requestId=] o.s.d.r.c.RepositoryConfigurationDelegate - Bootstrapping Spring Data JPA repositories in DEFAULT mode.
2026-10-07T17:47:40.465+08:00 INFO  [main] [requestId=] o.s.d.r.c.RepositoryConfigurationDelegate - Finished Spring Data repository scanning in 207 ms. Found 34 JPA repository interfaces.
Java HotSpot(TM) 64-Bit Server VM warning: Sharing is only supported for boot loader classes because bootstrap classpath has been appended
2026-10-07T17:47:42.916+08:00 INFO  [main] [requestId=] com.zaxxer.hikari.HikariDataSource - HikariPool-1 - Starting...
2026-10-07T17:47:43.137+08:00 INFO  [main] [requestId=] com.zaxxer.hikari.pool.HikariPool - HikariPool-1 - Added connection org.postgresql.jdbc.PgConnection@6e8426aa
2026-10-07T17:47:43.138+08:00 INFO  [main] [requestId=] com.zaxxer.hikari.HikariDataSource - HikariPool-1 - Start completed.
2026-10-07T17:47:43.180+08:00 INFO  [main] [requestId=] org.flywaydb.core.FlywayExecutor - Database: jdbc:postgresql://127.0.0.1:32769/knowledge_shutdown?loggerLevel=OFF (PostgreSQL 16.15)
2026-10-07T17:47:43.238+08:00 INFO  [main] [requestId=] o.f.c.i.s.JdbcTableSchemaHistory - Schema history table "public"."flyway_schema_history" does not exist yet
2026-10-07T17:47:43.241+08:00 INFO  [main] [requestId=] o.f.core.internal.command.DbValidate - Successfully validated 24 migrations (execution time 00:00.026s)
2026-10-07T17:47:43.254+08:00 INFO  [main] [requestId=] o.f.c.i.s.JdbcTableSchemaHistory - Creating Schema History table "public"."flyway_schema_history" ...
2026-10-07T17:47:43.347+08:00 INFO  [main] [requestId=] o.f.core.internal.command.DbMigrate - Current version of schema "public": << Empty Schema >>
2026-10-07T17:47:43.363+08:00 INFO  [main] [requestId=] o.f.core.internal.command.DbMigrate - Migrating schema "public" to version "1 - baseline"
2026-10-07T17:47:43.449+08:00 INFO  [main] [requestId=] o.f.core.internal.command.DbMigrate - Migrating schema "public" to version "2 - demo item"
2026-10-07T17:47:43.472+08:00 INFO  [main] [requestId=] o.f.core.internal.command.DbMigrate - Migrating schema "public" to version "3 - run replan control"
2026-10-07T17:47:43.495+08:00 INFO  [main] [requestId=] o.f.core.internal.command.DbMigrate - Migrating schema "public" to version "4 - run context state"
2026-10-07T17:47:43.534+08:00 INFO  [main] [requestId=] o.f.core.internal.command.DbMigrate - Migrating schema "public" to version "5 - provider catalog"
2026-10-07T17:47:43.582+08:00 INFO  [main] [requestId=] o.f.core.internal.command.DbMigrate - Migrating schema "public" to version "6 - agent publishing"
2026-10-07T17:47:43.628+08:00 INFO  [main] [requestId=] o.f.core.internal.command.DbMigrate - Migrating schema "public" to version "7 - agent archive and tool bindings"
2026-10-07T17:47:43.653+08:00 INFO  [main] [requestId=] o.f.core.internal.command.DbMigrate - Migrating schema "public" to version "8 - backfill agent tool bindings"
2026-10-07T17:47:43.679+08:00 INFO  [main] [requestId=] o.f.core.internal.command.DbMigrate - Migrating schema "public" to version "9 - runtime capability and history"
2026-10-07T17:47:43.690+08:00 INFO  [main] [requestId=] o.f.core.internal.command.DbMigrate - Migrating schema "public" to version "10 - child agent task protocol"
2026-10-07T17:47:43.701+08:00 INFO  [main] [requestId=] o.f.core.internal.command.DbMigrate - Migrating schema "public" to version "11 - context memory catalog"
2026-10-07T17:47:43.732+08:00 INFO  [main] [requestId=] o.f.core.internal.command.DbMigrate - Migrating schema "public" to version "12 - history full text index"
2026-10-07T17:47:43.740+08:00 INFO  [main] [requestId=] o.f.core.internal.command.DbMigrate - Migrating schema "public" to version "13 - history vector index"
2026-10-07T17:47:43.780+08:00 INFO  [main] [requestId=] o.f.core.internal.command.DbMigrate - Migrating schema "public" to version "14 - knowledge catalog"
2026-10-07T17:47:43.880+08:00 INFO  [main] [requestId=] o.f.core.internal.command.DbMigrate - Migrating schema "public" to version "15 - knowledge search indexes"
2026-10-07T17:47:43.897+08:00 INFO  [main] [requestId=] o.f.core.internal.command.DbMigrate - Migrating schema "public" to version "16 - workflow runtime"
2026-10-07T17:47:43.920+08:00 INFO  [main] [requestId=] o.f.core.internal.command.DbMigrate - Migrating schema "public" to version "17 - mcp server registry"
2026-10-07T17:47:43.935+08:00 INFO  [main] [requestId=] o.f.core.internal.command.DbMigrate - Migrating schema "public" to version "18 - agent knowledge capability"
2026-10-07T17:47:43.950+08:00 INFO  [main] [requestId=] o.f.core.internal.command.DbMigrate - Migrating schema "public" to version "19 - agent workflow mcp capabilities"
2026-10-07T17:47:43.961+08:00 INFO  [main] [requestId=] o.f.core.internal.command.DbMigrate - Migrating schema "public" to version "20 - mcp encrypted credentials"
2026-10-07T17:47:43.970+08:00 INFO  [main] [requestId=] o.f.core.internal.command.DbMigrate - Migrating schema "public" to version "21 - workflow control terminal states"
2026-10-07T17:47:43.980+08:00 INFO  [main] [requestId=] o.f.core.internal.command.DbMigrate - Migrating schema "public" to version "22 - workflow interrupted state"
2026-10-07T17:47:43.988+08:00 INFO  [main] [requestId=] o.f.core.internal.command.DbMigrate - Migrating schema "public" to version "23 - history operation recovery"
2026-10-07T17:47:43.996+08:00 INFO  [main] [requestId=] o.f.core.internal.command.DbMigrate - Migrating schema "public" to version "24 - semantic embedding profiles"
2026-10-07T17:47:44.011+08:00 INFO  [main] [requestId=] o.f.core.internal.command.DbMigrate - Successfully applied 24 migrations to schema "public", now at version v24 (execution time 00:00.361s)
2026-10-07T17:47:44.123+08:00 INFO  [main] [requestId=] o.h.jpa.internal.util.LogHelper - HHH000204: Processing PersistenceUnitInfo [name: default]
2026-10-07T17:47:44.164+08:00 INFO  [main] [requestId=] org.hibernate.Version - HHH000412: Hibernate ORM core version 6.6.13.Final
2026-10-07T17:47:44.183+08:00 INFO  [main] [requestId=] o.h.c.i.RegionFactoryInitiator - HHH000026: Second-level cache disabled
2026-10-07T17:47:44.276+08:00 INFO  [main] [requestId=] o.s.o.j.p.SpringPersistenceUnitInfo - No LoadTimeWeaver setup: ignoring JPA class transformer
2026-10-07T17:47:44.479+08:00 INFO  [main] [requestId=] o.hibernate.orm.connections.pooling - HHH10001005: Database info:
	Database JDBC URL [Connecting through datasource 'HikariDataSource (HikariPool-1)']
	Database driver: undefined/unknown
	Database version: 16.15
	Autocommit mode: undefined/unknown
	Isolation level: undefined/unknown
	Minimum pool size: undefined/unknown
	Maximum pool size: undefined/unknown
2026-10-07T17:47:45.974+08:00 INFO  [main] [requestId=] o.h.e.t.j.p.i.JtaPlatformInitiator - HHH000489: No JTA platform available (set 'hibernate.transaction.jta.platform' to enable JTA platform integration)
2026-10-07T17:47:46.140+08:00 INFO  [main] [requestId=] o.s.o.j.LocalContainerEntityManagerFactoryBean - Initialized JPA EntityManagerFactory for persistence unit 'default'
2026-10-07T17:47:47.985+08:00 INFO  [main] [requestId=] o.s.d.j.r.query.QueryEnhancerFactory - JSqlParser is in classpath; If applicable, JSqlParser will be used.
2026-10-07T17:47:47.987+08:00 INFO  [main] [requestId=] o.s.d.j.r.query.QueryEnhancerFactory - Hibernate is in classpath; If applicable, HQL parser will be used.
2026-10-07T17:47:54.829+08:00 INFO  [main] [requestId=] c.b.m.s.MybatisPlusApplicationContextAware - Register ApplicationContext instances org.springframework.web.context.support.GenericWebApplicationContext@5eb5da12
2026-10-07T17:47:56.719+08:00 INFO  [main] [requestId=] o.s.b.t.m.w.SpringBootMockServletContext - Initializing Spring TestDispatcherServlet ''
2026-10-07T17:47:56.719+08:00 INFO  [main] [requestId=] o.s.t.w.s.TestDispatcherServlet - Initializing Servlet ''
2026-10-07T17:47:56.727+08:00 INFO  [main] [requestId=] o.s.b.a.e.web.EndpointLinksResolver - Exposing 2 endpoints beneath base path '/actuator'
2026-10-07T17:47:56.738+08:00 INFO  [main] [requestId=] o.s.t.w.s.TestDispatcherServlet - Completed initialization in 19 ms
2026-10-07T17:47:56.912+08:00 INFO  [main] [requestId=] c.h.a.KnowledgeShutdownPostgresTest - Started KnowledgeShutdownPostgresTest in 18.361 seconds (process running for 23.077)
2026-10-07T17:47:58.847+08:00 INFO  [main] [requestId=95f4af25-427d-4d99-8473-5b3a8e114f05] c.hify.common.RequestLoggingFilter - http.request method=POST path=/api/v1/knowledge-bases status=201 latencyMs=347
2026-10-07T17:47:58.999+08:00 INFO  [main] [requestId=7f010a80-2ac3-424a-9813-d1352b9ed96f] c.hify.common.RequestLoggingFilter - http.request method=POST path=/api/v1/knowledge-bases status=201 latencyMs=5
2026-10-07T17:47:59.068+08:00 INFO  [main] [requestId=3577523f-7a31-428f-bb6d-a2bfb0605aad] c.hify.common.RequestLoggingFilter - http.request method=POST path=/api/v1/workflows status=201 latencyMs=65
2026-10-07T17:47:59.076+08:00 INFO  [main] [requestId=be457352-b9cc-4372-b24f-d1e507c3696d] c.hify.common.RequestLoggingFilter - http.request method=POST path=/api/v1/workflows status=400 latencyMs=7
2026-10-07T17:47:59.080+08:00 INFO  [main] [requestId=bd0e577b-f9eb-4ae1-92a6-8640a134d9ff] c.hify.common.RequestLoggingFilter - http.request method=PUT path=/api/v1/workflows/e0bb044b-3c12-45d9-a0c4-78e25711ea25 status=400 latencyMs=4
2026-10-07T17:47:59.090+08:00 INFO  [main] [requestId=17676bdf-31a3-4975-abc4-d84217ca1e90] c.hify.common.RequestLoggingFilter - http.request method=POST path=/api/v1/workflow-versions/1cbe9031-b376-47e9-a382-4dd103ab4ef4/runs status=409 latencyMs=5
2026-10-07T17:47:59.104+08:00 INFO  [main] [requestId=bfc979e2-9233-430c-b81a-1a5a2a8a4f2e] c.hify.common.RequestLoggingFilter - http.request method=POST path=/api/v1/knowledge-bases status=201 latencyMs=5
2026-10-07T17:47:59.134+08:00 INFO  [main] [requestId=cc5ec970-d3d4-4b83-8b92-540f03e275bc] c.hify.common.RequestLoggingFilter - http.request method=POST path=/api/v1/knowledge-bases/6a837c87-45c9-43fc-97af-78f3a7dfb916/documents status=202 latencyMs=23
2026-10-07T17:47:59.147+08:00 INFO  [main] [requestId=1ee3375e-486a-4a38-becb-1b14c065c576] c.hify.common.RequestLoggingFilter - http.request method=GET path=/api/v1/documents/0569f102-20d1-48ff-a335-a166b0555cd0 status=200 latencyMs=12
2026-10-07T17:47:59.328+08:00 INFO  [main] [requestId=202a10ae-b9f3-4e36-99b2-b8b3695954f1] c.hify.common.RequestLoggingFilter - http.request method=GET path=/api/v1/documents/0569f102-20d1-48ff-a335-a166b0555cd0 status=200 latencyMs=5
2026-10-07T17:47:59.338+08:00 INFO  [main] [requestId=11ae1879-f7bc-4b04-b300-ecf666dac6a5] c.hify.common.RequestLoggingFilter - http.request method=GET path=/api/v1/documents/0569f102-20d1-48ff-a335-a166b0555cd0/chunks status=200 latencyMs=9
2026-10-07T17:47:59.345+08:00 INFO  [main] [requestId=ced47136-ded4-4768-a105-5e2b287acd42] c.hify.common.RequestLoggingFilter - http.request method=DELETE path=/api/v1/documents/0569f102-20d1-48ff-a335-a166b0555cd0 status=200 latencyMs=5
2026-10-07T17:47:59.366+08:00 INFO  [main] [requestId=eea20e1e-67fd-4f15-b994-072c484d3c40] c.hify.common.RequestLoggingFilter - http.request method=POST path=/api/v1/knowledge-bases status=201 latencyMs=6
2026-10-07T17:47:59.371+08:00 INFO  [main] [requestId=20afa7b5-e67a-4c62-9ccf-c1eebb58cf6e] c.hify.common.RequestLoggingFilter - http.request method=POST path=/api/v1/knowledge-bases/13ff6c53-f5ec-4648-b0da-a833c742429b/documents status=202 latencyMs=4
2026-10-07T17:47:59.375+08:00 INFO  [main] [requestId=47777396-7be8-417a-b4ce-512426d468a6] c.hify.common.RequestLoggingFilter - http.request method=GET path=/api/v1/documents/9b77be54-dc4b-4570-b2ca-e57af848d503 status=200 latencyMs=3
2026-10-07T17:47:59.409+08:00 INFO  [main] [requestId=a6e4d5fe-c6e7-4b6a-823c-5711ea76854d] c.hify.common.RequestLoggingFilter - http.request method=GET path=/api/v1/documents/9b77be54-dc4b-4570-b2ca-e57af848d503 status=200 latencyMs=4
2026-10-07T17:47:59.426+08:00 INFO  [main] [requestId=f89ba83a-ff1f-497a-89b7-f216f8af9268] c.hify.common.RequestLoggingFilter - http.request method=POST path=/api/v1/workflows status=201 latencyMs=15
2026-10-07T17:47:59.471+08:00 INFO  [main] [requestId=c561d1fa-5fe3-4309-b85b-de54c682d441] c.hify.common.RequestLoggingFilter - http.request method=POST path=/api/v1/workflows/62515559-73a7-4f9a-b8a6-01dae00eb07e/versions status=200 latencyMs=43
2026-10-07T17:47:59.533+08:00 INFO  [main] [requestId=913e6894-0652-4d1c-a0c8-f47f826b535d] c.hify.common.RequestLoggingFilter - http.request method=POST path=/api/v1/agents status=201 latencyMs=57
2026-10-07T17:47:59.558+08:00 INFO  [main] [requestId=96ff1923-4c87-4862-b14c-0fe56807f3df] c.hify.common.RequestLoggingFilter - http.request method=PUT path=/api/v1/agents/d6b03224-cc8b-43fa-ba59-53c35dbbb9de/workflow-binding status=200 latencyMs=22
2026-10-07T17:47:59.622+08:00 INFO  [main] [requestId=19c63697-63d4-4a14-89a3-9e97dd12c91a] c.hify.common.RequestLoggingFilter - http.request method=POST path=/api/v1/agents/d6b03224-cc8b-43fa-ba59-53c35dbbb9de/publications status=200 latencyMs=62
2026-10-07T17:47:59.669+08:00 INFO  [main] [requestId=4f49d1e3-2431-45ba-955b-d5e8b84176d9] c.hify.common.RequestLoggingFilter - http.request method=POST path=/api/v1/conversations status=201 latencyMs=46
2026-10-07T17:47:59.853+08:00 INFO  [main] [requestId=701b52f1-cedf-4d31-8644-a4b3c0849266] c.hify.common.RequestLoggingFilter - http.request method=POST path=/api/v1/workflow-versions/71f0832f-b314-4288-ab13-5447c7acc20f/runs status=202 latencyMs=182
2026-10-07T17:47:59.869+08:00 INFO  [main] [requestId=896dd215-108d-4cb3-b89a-239a643a2fff] c.hify.common.RequestLoggingFilter - http.request method=DELETE path=/api/v1/documents/9b77be54-dc4b-4570-b2ca-e57af848d503 status=200 latencyMs=13
2026-10-07T17:47:59.880+08:00 INFO  [main] [requestId=1f92d72e-b7e9-4d23-9eb0-6d2f0f41b576] c.hify.common.RequestLoggingFilter - http.request method=POST path=/api/v1/knowledge-bases/13ff6c53-f5ec-4648-b0da-a833c742429b/documents status=202 latencyMs=9
2026-10-07T17:47:59.884+08:00 INFO  [main] [requestId=32e09acc-4893-4be3-a7ce-b040d2481af3] c.hify.common.RequestLoggingFilter - http.request method=GET path=/api/v1/documents/c51c1398-a5c1-4623-8ae6-7410c2f9d92b status=200 latencyMs=3
2026-10-07T17:48:00.144+08:00 INFO  [main] [requestId=925e4c6d-01b2-47fd-8ad1-8da4549bb29f] c.hify.common.RequestLoggingFilter - http.request method=GET path=/api/v1/documents/c51c1398-a5c1-4623-8ae6-7410c2f9d92b status=200 latencyMs=125
2026-10-07T17:48:00.282+08:00 INFO  [main] [requestId=3f04f836-89c0-4966-a5a5-ef5f38fe4c85] c.hify.common.RequestLoggingFilter - http.request method=POST path=/api/v1/workflow-versions/71f0832f-b314-4288-ab13-5447c7acc20f/runs status=202 latencyMs=132
2026-10-07T17:48:00.311+08:00 INFO  [main] [requestId=0f2e4e1d-a383-48a5-a0f6-39dbd95ef061] c.hify.common.RequestLoggingFilter - http.request method=POST path=/api/v1/workflows/62515559-73a7-4f9a-b8a6-01dae00eb07e/versions status=200 latencyMs=13
2026-10-07T17:48:00.507+08:00 INFO  [main] [requestId=9d5a43de-d94c-4010-8597-9bceaf1bf708] c.hify.common.RequestLoggingFilter - http.request method=POST path=/api/v1/workflow-versions/93129ebe-20b8-4b6a-87d9-5fab1cd05f30/runs status=202 latencyMs=193
2026-10-07T17:48:00.561+08:00 INFO  [main] [requestId=00a8bdd5-d11b-4958-b845-cf0ff5be01fa] c.hify.common.RequestLoggingFilter - http.request method=POST path=/api/v1/agents/d6b03224-cc8b-43fa-ba59-53c35dbbb9de/publications status=200 latencyMs=48
2026-10-07T17:48:00.687+08:00 INFO  [main] [requestId=759448b6-18fa-4f6f-964e-9a6f0ddae9cb] c.hify.common.RequestLoggingFilter - http.request method=POST path=/api/v1/conversations/cd1697d8-6286-490d-8760-6a3a15472ef8/runs status=202 latencyMs=126
2026-10-07T17:48:00.692+08:00 INFO  [main] [requestId=5aa130e6-0b53-4662-b6e2-26577b171082] c.hify.common.RequestLoggingFilter - http.request method=GET path=/api/v1/runs/3d4c5585-d632-46ce-8649-4e9bc8546275 status=200 latencyMs=3
2026-10-07T17:48:00.795+08:00 INFO  [main] [requestId=f594861c-2cad-4d55-9c2e-e741a4b57d5b] c.hify.common.RequestLoggingFilter - http.request method=GET path=/api/v1/runs/3d4c5585-d632-46ce-8649-4e9bc8546275 status=200 latencyMs=2
2026-10-07T17:48:00.803+08:00 INFO  [main] [requestId=976a9ab7-f3f8-4cb0-8b25-4de59ec088c4] c.hify.common.RequestLoggingFilter - http.request method=POST path=/api/v1/conversations status=201 latencyMs=7
2026-10-07T17:48:00.825+08:00 INFO  [main] [requestId=b3536772-74fa-441a-9b34-9891489728d2] c.hify.common.RequestLoggingFilter - http.request method=POST path=/api/v1/conversations/4f1a7f69-7dff-43ae-a375-c9ebd8b838b6/runs status=202 latencyMs=21
2026-10-07T17:48:00.828+08:00 INFO  [main] [requestId=6d32fb6e-cca2-402a-9982-e0102ae84696] c.hify.common.RequestLoggingFilter - http.request method=GET path=/api/v1/runs/43b019bd-af66-4012-944c-b53ab13ab8e2 status=200 latencyMs=2
2026-10-07T17:48:00.982+08:00 INFO  [main] [requestId=62b8809c-4118-4076-b2bb-a4c856b69650] c.hify.common.RequestLoggingFilter - http.request method=GET path=/api/v1/runs/43b019bd-af66-4012-944c-b53ab13ab8e2 status=200 latencyMs=2
2026-10-07T17:48:00.990+08:00 INFO  [main] [requestId=28ac303d-c78f-4610-8174-4943bd4b4c8e] c.hify.common.RequestLoggingFilter - http.request method=GET path=/api/v1/workflows/62515559-73a7-4f9a-b8a6-01dae00eb07e status=200 latencyMs=5
2026-10-07T17:48:01.000+08:00 INFO  [main] [requestId=e8bd628f-381b-496f-92be-c1a8f12c4f1a] c.hify.common.RequestLoggingFilter - http.request method=DELETE path=/api/v1/knowledge-bases/13ff6c53-f5ec-4648-b0da-a833c742429b status=200 latencyMs=9
2026-10-07T17:48:01.023+08:00 INFO  [main] [requestId=26d59ffc-6ba6-45ad-a41f-7174713d7268] c.hify.common.RequestLoggingFilter - http.request method=POST path=/api/v1/workflow-versions/71f0832f-b314-4288-ab13-5447c7acc20f/runs status=202 latencyMs=22
2026-10-07T17:48:01.030+08:00 INFO  [main] [requestId=1e91b28b-7f7e-4424-a60a-57445b532055] c.hify.common.RequestLoggingFilter - http.request method=POST path=/api/v1/workflows/62515559-73a7-4f9a-b8a6-01dae00eb07e/versions status=404 latencyMs=5
2026-10-07T17:48:01.110+08:00 INFO  [main] [requestId=b98ee498-297c-4c8c-b08a-d33889795b84] c.hify.common.RequestLoggingFilter - http.request method=POST path=/api/v1/knowledge-bases status=201 latencyMs=14
2026-10-07T17:48:01.121+08:00 INFO  [main] [requestId=d3858158-0165-4c20-ae19-75e54f57044e] c.hify.common.RequestLoggingFilter - http.request method=POST path=/api/v1/knowledge-bases/97cc4d4d-d240-4c8e-b9b0-c5bb0b50489b/documents status=202 latencyMs=9
2026-10-07T17:48:01.127+08:00 INFO  [main] [requestId=49e6fd23-98ff-4d1f-8d81-41aa7719952f] c.hify.common.RequestLoggingFilter - http.request method=GET path=/api/v1/documents/6ac2a644-e5eb-4268-a501-fd0c98bef2f3 status=200 latencyMs=4
2026-10-07T17:48:01.164+08:00 INFO  [main] [requestId=e3cdb607-78a6-4c4e-bcf5-2a9a65cdcec3] c.hify.common.RequestLoggingFilter - http.request method=GET path=/api/v1/documents/6ac2a644-e5eb-4268-a501-fd0c98bef2f3 status=200 latencyMs=8
2026-10-07T17:48:01.241+08:00 INFO  [main] [requestId=45e64c77-48a1-406a-a2a3-d8383a506e86] c.hify.common.RequestLoggingFilter - http.request method=POST path=/api/v1/workflows status=201 latencyMs=74
2026-10-07T17:48:01.269+08:00 INFO  [main] [requestId=ab4a2e9c-5dab-4831-a1e8-3eeca95099bf] c.hify.common.RequestLoggingFilter - http.request method=POST path=/api/v1/workflows/33c08692-ec2d-4ba2-88de-6a2720c876d0/versions status=200 latencyMs=26
2026-10-07T17:48:01.311+08:00 INFO  [main] [requestId=91fb37d1-ce7a-4b92-9d4a-a7fcf00bcc05] c.hify.common.RequestLoggingFilter - http.request method=POST path=/api/v1/workflow-versions/bc418700-f84a-4c0d-bc68-82b569aadb58/runs status=202 latencyMs=38
2026-10-07T17:48:01.345+08:00 INFO  [main] [requestId=772f3756-7349-4feb-9556-00e8e0f5272f] c.hify.common.RequestLoggingFilter - http.request method=POST path=/api/v1/knowledge-bases status=201 latencyMs=10
2026-10-07T17:48:01.352+08:00 INFO  [main] [requestId=c2bad565-bc87-4120-8177-af41a7b2adaa] c.hify.common.RequestLoggingFilter - http.request method=POST path=/api/v1/knowledge-bases/aabc0669-b08d-4b68-bb26-6ce9a09208b4/documents status=202 latencyMs=6
2026-10-07T17:48:01.358+08:00 INFO  [main] [requestId=465048d4-aa8c-43fb-888c-3e3c1fc38884] c.hify.common.RequestLoggingFilter - http.request method=GET path=/api/v1/documents/466fb80b-2e18-459a-8d76-bb2d72839654 status=200 latencyMs=4
2026-10-07T17:48:01.530+08:00 INFO  [main] [requestId=047dd51f-c661-4f84-ab74-3757ff7a3edd] c.hify.common.RequestLoggingFilter - http.request method=GET path=/api/v1/documents/466fb80b-2e18-459a-8d76-bb2d72839654 status=200 latencyMs=3
2026-10-07T17:48:01.539+08:00 INFO  [main] [requestId=f7caa21b-e992-4a73-8b2d-914520835020] c.hify.common.RequestLoggingFilter - http.request method=POST path=/api/v1/workflows status=201 latencyMs=7
2026-10-07T17:48:01.548+08:00 INFO  [main] [requestId=15946f61-0c03-41c1-b2b8-11a6690dbdd2] c.hify.common.RequestLoggingFilter - http.request method=POST path=/api/v1/workflows/7ca210d0-3a2b-44d5-b8c5-c385c26abb51/versions status=200 latencyMs=8
2026-10-07T17:48:01.580+08:00 INFO  [main] [requestId=6a248efa-1914-445f-81c8-079c3b08e5a5] c.hify.common.RequestLoggingFilter - http.request method=POST path=/api/v1/workflow-versions/bbe702a9-d593-45de-907c-dbd0ccbb5c48/runs status=202 latencyMs=30
2026-10-07T17:48:01.589+08:00 INFO  [main] [requestId=f7571669-3e5d-4178-9d74-a102c5c98aaf] c.hify.common.RequestLoggingFilter - http.request method=POST path=/api/v1/knowledge-bases status=201 latencyMs=2
2026-10-07T17:48:01.594+08:00 INFO  [main] [requestId=7e210082-4920-478e-a13f-65d3cec68e40] c.hify.common.RequestLoggingFilter - http.request method=POST path=/api/v1/knowledge-bases/2571607c-b843-4291-889f-304e7467a913/documents status=202 latencyMs=5
2026-10-07T17:48:01.602+08:00 INFO  [main] [requestId=3dfea106-443a-4315-b48b-db14be094a5f] c.hify.common.RequestLoggingFilter - http.request method=GET path=/api/v1/documents/cfd1e954-acc6-4462-9ffe-10a97301ca77 status=200 latencyMs=6
2026-10-07T17:48:01.671+08:00 INFO  [main] [requestId=a2c83527-19e4-4185-a422-ddc9026c4776] c.hify.common.RequestLoggingFilter - http.request method=GET path=/api/v1/documents/cfd1e954-acc6-4462-9ffe-10a97301ca77 status=200 latencyMs=3
2026-10-07T17:48:01.680+08:00 INFO  [main] [requestId=0245abf3-4ed1-4bf6-bf9c-19366bb9852f] c.hify.common.RequestLoggingFilter - http.request method=POST path=/api/v1/workflows status=201 latencyMs=8
2026-10-07T17:48:01.692+08:00 INFO  [main] [requestId=38dee3c5-47f8-4340-b56b-40d1f6ecd0b1] c.hify.common.RequestLoggingFilter - http.request method=POST path=/api/v1/workflows/cdcd3fb8-709c-4616-b507-8f4375b6c633/versions status=200 latencyMs=11
2026-10-07T17:48:01.708+08:00 INFO  [main] [requestId=afc2fae3-8176-4f0b-8ad4-230f7db2672b] c.hify.common.RequestLoggingFilter - http.request method=POST path=/api/v1/workflow-versions/d1e9afe3-4bcf-4eaa-b4d3-0414271b7744/runs status=202 latencyMs=12
2026-10-07T17:48:01.717+08:00 INFO  [main] [requestId=555bba81-d6a5-4d32-ae64-eacdceaa2353] c.hify.common.RequestLoggingFilter - http.request method=POST path=/api/v1/knowledge-bases status=201 latencyMs=4
2026-10-07T17:48:01.722+08:00 INFO  [main] [requestId=f781dcea-96f5-47d7-bd85-00d368168c6f] c.hify.common.RequestLoggingFilter - http.request method=POST path=/api/v1/knowledge-bases/e01550d5-d512-4645-ba74-639337f89edc/documents status=202 latencyMs=4
2026-10-07T17:48:01.725+08:00 INFO  [main] [requestId=e391b54c-23c3-4bba-8807-7fe5a63432ba] c.hify.common.RequestLoggingFilter - http.request method=GET path=/api/v1/documents/bfe05155-afec-4dc0-8b07-4b2d12c6efa0 status=200 latencyMs=2
2026-10-07T17:48:01.902+08:00 INFO  [main] [requestId=1d83b1c5-9b03-4a24-b3c9-d209e0f35202] c.hify.common.RequestLoggingFilter - http.request method=GET path=/api/v1/documents/bfe05155-afec-4dc0-8b07-4b2d12c6efa0 status=200 latencyMs=5
2026-10-07T17:48:01.958+08:00 INFO  [main] [requestId=b05cfd3d-01fb-4f57-858f-f12a60d9d2db] c.hify.common.RequestLoggingFilter - http.request method=POST path=/api/v1/workflows status=201 latencyMs=54
2026-10-07T17:48:01.977+08:00 INFO  [main] [requestId=c011f2e8-d3e7-444a-b824-a2afbef7a15f] c.hify.common.RequestLoggingFilter - http.request method=POST path=/api/v1/workflows/121ece30-604e-47b8-b0a5-cbb06f9dcb6f/versions status=200 latencyMs=18
2026-10-07T17:48:01.987+08:00 INFO  [main] [requestId=fb839860-1212-4bec-bcb4-5c2e1f565dba] c.hify.common.RequestLoggingFilter - http.request method=POST path=/api/v1/knowledge-bases status=201 latencyMs=7
2026-10-07T17:48:02.082+08:00 INFO  [main] [requestId=d293ecaa-5f7d-4f50-baf8-7d7e09a94925] c.hify.common.RequestLoggingFilter - http.request method=POST path=/api/v1/workflow-versions/7da55cb2-b602-4c40-826a-b0f3480d1491/runs status=202 latencyMs=92
2026-10-07T17:48:02.096+08:00 INFO  [main] [requestId=7d670981-7b63-47f0-8185-3c44db869c92] c.hify.common.RequestLoggingFilter - http.request method=POST path=/api/v1/knowledge-bases status=201 latencyMs=6
2026-10-07T17:48:02.103+08:00 INFO  [main] [requestId=663f0146-3b95-4aaf-ad00-e9755561b5fd] c.hify.common.RequestLoggingFilter - http.request method=POST path=/api/v1/knowledge-bases/aeab743a-89c8-4c8c-87b6-acb054b14ba4/documents status=202 latencyMs=5
2026-10-07T17:48:02.149+08:00 INFO  [main] [requestId=8c8d2eb0-9527-4415-bdce-4d9f8ab8817b] c.hify.common.RequestLoggingFilter - http.request method=GET path=/api/v1/documents/21c8a835-2408-449b-ae94-de6cc3b2888d status=200 latencyMs=44
2026-10-07T17:48:02.252+08:00 INFO  [main] [requestId=9d2ca93c-f69a-4b20-a273-36f90d680000] c.hify.common.RequestLoggingFilter - http.request method=GET path=/api/v1/documents/21c8a835-2408-449b-ae94-de6cc3b2888d status=200 latencyMs=6
2026-10-07T17:48:02.272+08:00 INFO  [main] [requestId=40f6d522-0ac8-46f9-8ce1-d36276b57aef] c.hify.common.RequestLoggingFilter - http.request method=POST path=/api/v1/workflows status=201 latencyMs=18
2026-10-07T17:48:02.295+08:00 INFO  [main] [requestId=dc4d2037-3251-470e-8533-beb805a360df] c.hify.common.RequestLoggingFilter - http.request method=POST path=/api/v1/workflows/91310026-cdeb-46c9-af62-e6b73e0294f0/versions status=404 latencyMs=21
2026-10-07T17:48:02.319+08:00 INFO  [main] [requestId=34edeee6-0f50-4ef5-94cc-1eeff6c7b534] c.hify.common.RequestLoggingFilter - http.request method=POST path=/api/v1/knowledge-bases status=201 latencyMs=5
2026-10-07T17:48:02.326+08:00 INFO  [main] [requestId=fea3eb35-9d26-4050-bf89-f20927a16d9f] c.hify.common.RequestLoggingFilter - http.request method=POST path=/api/v1/knowledge-bases/ad6317fa-c0af-4e1c-ae7b-a8f13c3b8fc9/documents status=202 latencyMs=6
2026-10-07T17:48:02.329+08:00 INFO  [main] [requestId=4e4f9308-9d49-4ff1-9fb9-d864b7e03d70] c.hify.common.RequestLoggingFilter - http.request method=GET path=/api/v1/documents/4fb3570f-949a-4bcb-9b9b-bc873d8b7a31 status=200 latencyMs=2
2026-10-07T17:48:02.402+08:00 INFO  [main] [requestId=fe731b1a-f6be-4564-91e3-a3419f18aedc] c.hify.common.RequestLoggingFilter - http.request method=GET path=/api/v1/documents/4fb3570f-949a-4bcb-9b9b-bc873d8b7a31 status=200 latencyMs=25
2026-10-07T17:48:02.437+08:00 INFO  [main] [requestId=0799c9ef-df8c-4866-bfca-afbcbaef2f66] c.hify.common.RequestLoggingFilter - http.request method=POST path=/api/v1/workflows status=201 latencyMs=31
2026-10-07T17:48:02.466+08:00 INFO  [main] [requestId=eb3c145d-55ef-489d-b228-4ffbb52cacbf] c.hify.common.RequestLoggingFilter - http.request method=POST path=/api/v1/workflows/30556c27-6747-43ca-b32e-0cbb5945444f/versions status=200 latencyMs=28
2026-10-07T17:48:02.511+08:00 INFO  [main] [requestId=3fe5da6d-c010-4b1f-876c-a4b1d6dddb1a] c.hify.common.RequestLoggingFilter - http.request method=POST path=/api/v1/workflow-versions/77370e9c-d780-48b8-bf23-10764c502b0e/runs status=202 latencyMs=43
2026-10-07T17:48:02.537+08:00 INFO  [main] [requestId=b9a225b7-ba7c-43cf-ae19-c07ab8fa67e7] c.hify.common.RequestLoggingFilter - http.request method=POST path=/api/v1/workflow-versions/77370e9c-d780-48b8-bf23-10764c502b0e/runs status=202 latencyMs=23
2026-10-07T17:48:02.559+08:00 INFO  [main] [requestId=2d44c082-7b18-4457-bad8-2c64ae515ac3] c.hify.common.RequestLoggingFilter - http.request method=POST path=/api/v1/knowledge-bases status=201 latencyMs=5
2026-10-07T17:48:02.566+08:00 INFO  [main] [requestId=25df9eba-cafa-4ff5-8218-425460854251] c.hify.common.RequestLoggingFilter - http.request method=POST path=/api/v1/knowledge-bases/757103f3-247d-47fc-8ee4-e0a49b726d47/documents status=202 latencyMs=6
2026-10-07T17:48:02.571+08:00 INFO  [main] [requestId=34e7a260-678d-4707-91fb-850f679a53f6] c.hify.common.RequestLoggingFilter - http.request method=GET path=/api/v1/documents/a3b79fed-5b66-4974-aafc-13b5bd131784 status=200 latencyMs=3
2026-10-07T17:48:02.748+08:00 INFO  [main] [requestId=4c423238-d535-4ad2-baec-302f34ff7133] c.hify.common.RequestLoggingFilter - http.request method=GET path=/api/v1/documents/a3b79fed-5b66-4974-aafc-13b5bd131784 status=200 latencyMs=4
2026-10-07T17:48:03.108+08:00 INFO  [main] [requestId=2905b76d-876d-4797-ad0c-17c78ea57a47] c.hify.common.RequestLoggingFilter - http.request method=DELETE path=/api/v1/documents/a3b79fed-5b66-4974-aafc-13b5bd131784 status=200 latencyMs=11
2026-10-07T17:48:03.119+08:00 INFO  [main] [requestId=af4bb5a8-0cfc-436f-b06c-dd61d09994a6] c.hify.common.RequestLoggingFilter - http.request method=POST path=/api/v1/knowledge-bases/757103f3-247d-47fc-8ee4-e0a49b726d47/documents status=202 latencyMs=9
2026-10-07T17:48:03.124+08:00 INFO  [main] [requestId=dacc9e93-84c9-4719-853d-87afe29feb18] c.hify.common.RequestLoggingFilter - http.request method=GET path=/api/v1/documents/0060a0fa-d27d-4f70-a4fe-e9d0afaaf18c status=200 latencyMs=3
2026-10-07T17:48:03.337+08:00 INFO  [main] [requestId=c29ab73b-6cb3-46ed-b5f9-3e8eb6b2e8ae] c.hify.common.RequestLoggingFilter - http.request method=GET path=/api/v1/documents/0060a0fa-d27d-4f70-a4fe-e9d0afaaf18c status=200 latencyMs=40
2026-10-07T17:48:04.173+08:00 INFO  [main] [requestId=bbf3aebc-297b-434b-bd40-0f6c6f2e5503] c.hify.common.RequestLoggingFilter - http.request method=POST path=/api/v1/knowledge-bases status=201 latencyMs=37
2026-10-07T17:48:04.192+08:00 INFO  [main] [requestId=1dddb752-d937-4fc3-b610-6354c0d36a7e] c.hify.common.RequestLoggingFilter - http.request method=POST path=/api/v1/workflows status=201 latencyMs=16
2026-10-07T17:48:04.215+08:00 INFO  [main] [requestId=07ecc3d1-cc4e-4db2-b078-7d0e03dd6f9d] c.hify.common.RequestLoggingFilter - http.request method=POST path=/api/v1/workflows/c3ab2b0e-f284-4614-8548-3ea0267a243f/versions status=200 latencyMs=22
2026-10-07T17:48:04.277+08:00 INFO  [main] [requestId=8e98a550-36e8-4184-8051-3e39e01de614] c.hify.common.RequestLoggingFilter - http.request method=POST path=/api/v1/workflow-versions/efa1af8b-4dbc-4d3e-acc3-105103336152/runs status=202 latencyMs=60
2026-10-07T17:48:04.314+08:00 INFO  [main] [requestId=0a108d4a-bb50-4a77-848c-7d181cb5932c] c.hify.common.RequestLoggingFilter - http.request method=POST path=/api/v1/knowledge-bases status=201 latencyMs=15
2026-10-07T17:48:04.350+08:00 INFO  [main] [requestId=5c1ae1e1-f734-4114-8d66-ffd4ac25a7db] c.hify.common.RequestLoggingFilter - http.request method=POST path=/api/v1/knowledge-bases/e6287157-391d-4b6c-afae-38f6922b016c/documents status=202 latencyMs=33
2026-10-07T17:48:04.374+08:00 INFO  [main] [requestId=328061d5-8d5e-48ed-beed-e69b814c36d7] c.hify.common.RequestLoggingFilter - http.request method=GET path=/api/v1/documents/4dcd3516-b710-4d9b-b57f-32c7a5812d6f status=200 latencyMs=20
2026-10-07T17:48:04.561+08:00 INFO  [main] [requestId=043890c3-3d14-42bf-9ede-3dc3350116ff] c.hify.common.RequestLoggingFilter - http.request method=GET path=/api/v1/documents/4dcd3516-b710-4d9b-b57f-32c7a5812d6f status=200 latencyMs=11
2026-10-07T17:48:05.340+08:00 INFO  [main] [requestId=f50223e2-d3b8-45fa-942d-cc8d3f589809] c.hify.common.RequestLoggingFilter - http.request method=POST path=/api/v1/knowledge-bases status=201 latencyMs=9
2026-10-07T17:48:05.478+08:00 INFO  [main] [requestId=fe080e91-2b67-4666-bf7c-d48467eab18b] c.hify.common.RequestLoggingFilter - http.request method=POST path=/api/v1/knowledge-bases status=201 latencyMs=4
2026-10-07T17:48:05.482+08:00 INFO  [main] [requestId=07e0b6d0-450f-4344-9beb-0afa514ed33c] c.hify.common.RequestLoggingFilter - http.request method=POST path=/api/v1/knowledge-bases/e8e13f55-f110-4cde-9cc4-978ba00c3b3a/documents status=202 latencyMs=4
2026-10-07T17:48:05.485+08:00 INFO  [main] [requestId=de27ac65-be73-4dc5-99f6-d85e32bc6e38] c.hify.common.RequestLoggingFilter - http.request method=GET path=/api/v1/documents/02b201d0-c881-4323-bc85-066a78c99a28 status=200 latencyMs=2
2026-10-07T17:48:05.637+08:00 INFO  [main] [requestId=4d14dadc-1c01-4856-a07c-aecbe2590a8c] c.hify.common.RequestLoggingFilter - http.request method=GET path=/api/v1/documents/02b201d0-c881-4323-bc85-066a78c99a28 status=200 latencyMs=3
2026-10-07T17:48:05.815+08:00 INFO  [main] [requestId=06152032-33c2-40d9-9cf0-2c1e0e98a1e5] c.hify.common.RequestLoggingFilter - http.request method=POST path=/api/v1/knowledge-bases status=201 latencyMs=4
2026-10-07T17:48:05.820+08:00 INFO  [main] [requestId=eedf9bdf-06ab-4810-9c8e-fd7e95aa95d1] c.hify.common.RequestLoggingFilter - http.request method=POST path=/api/v1/knowledge-bases/946e4626-4cf4-4d30-8db0-0db5d7da182b/documents status=202 latencyMs=4
2026-10-07T17:48:05.823+08:00 INFO  [main] [requestId=624ed495-09ed-4052-a8ab-d64fce8665e9] c.hify.common.RequestLoggingFilter - http.request method=GET path=/api/v1/documents/b8b757c6-6a38-4e90-9340-dde92be4f98d status=200 latencyMs=2
2026-10-07T17:48:05.998+08:00 INFO  [main] [requestId=1ccca2ee-05ff-4a12-82a4-650ad44c79d5] c.hify.common.RequestLoggingFilter - http.request method=GET path=/api/v1/documents/b8b757c6-6a38-4e90-9340-dde92be4f98d status=200 latencyMs=5
2026-10-07T17:48:06.605+08:00 INFO  [main] [requestId=dc5a4ae9-5bab-4e11-9c49-a86cde6cd9dc] c.hify.common.RequestLoggingFilter - http.request method=POST path=/api/v1/knowledge-bases status=201 latencyMs=4
2026-10-07T17:48:06.610+08:00 INFO  [main] [requestId=487dd6e6-2b40-4bb8-90f7-af8d6c28d514] c.hify.common.RequestLoggingFilter - http.request method=POST path=/api/v1/knowledge-bases status=201 latencyMs=3
2026-10-07T17:48:06.615+08:00 INFO  [main] [requestId=f52c5a1b-f46d-4cc2-9b52-bbb72367a193] c.hify.common.RequestLoggingFilter - http.request method=POST path=/api/v1/knowledge-bases/d97c4a6a-7813-4db8-8484-146bb26d0c91/documents status=202 latencyMs=4
2026-10-07T17:48:06.618+08:00 INFO  [main] [requestId=f0cca01e-4de2-4515-ba92-d8669de8e880] c.hify.common.RequestLoggingFilter - http.request method=GET path=/api/v1/documents/2bbea2ca-f727-4dda-940b-d6bdffc2ab11 status=200 latencyMs=2
2026-10-07T17:48:06.792+08:00 INFO  [main] [requestId=5334086b-1af4-4a94-9b9c-4085a2e1c559] c.hify.common.RequestLoggingFilter - http.request method=GET path=/api/v1/documents/2bbea2ca-f727-4dda-940b-d6bdffc2ab11 status=200 latencyMs=3
2026-10-07T17:48:06.935+08:00 INFO  [main] [requestId=95e9e369-b160-48e4-bf34-7dfd517c07bc] c.hify.common.RequestLoggingFilter - http.request method=POST path=/api/v1/knowledge-bases status=201 latencyMs=4
2026-10-07T17:48:06.940+08:00 INFO  [main] [requestId=134a1aab-0172-4ba6-9523-07e78a44ae81] c.hify.common.RequestLoggingFilter - http.request method=POST path=/api/v1/knowledge-bases/25ab26ad-0a39-4432-b84f-d7333694aa1d/documents status=202 latencyMs=4
2026-10-07T17:48:06.943+08:00 INFO  [main] [requestId=c10b31d5-2c24-44ff-be2f-b0511d0b4efa] c.hify.common.RequestLoggingFilter - http.request method=GET path=/api/v1/documents/a9fb1d4f-3dea-4122-b7ac-b168c63fd26b status=200 latencyMs=2
2026-10-07T17:48:07.110+08:00 INFO  [main] [requestId=4860e90d-fde7-4a5e-8720-3748d2170d6f] c.hify.common.RequestLoggingFilter - http.request method=GET path=/api/v1/documents/a9fb1d4f-3dea-4122-b7ac-b168c63fd26b status=200 latencyMs=3
2026-10-07T17:48:07.239+08:00 INFO  [main] [requestId=06ee60f1-7a00-4261-bea8-4c73037f794a] c.hify.common.RequestLoggingFilter - http.request method=POST path=/api/v1/knowledge-bases status=201 latencyMs=3
2026-10-07T17:48:07.243+08:00 INFO  [main] [requestId=984b861a-76ad-425f-94be-c072ebe9a4e9] c.hify.common.RequestLoggingFilter - http.request method=POST path=/api/v1/knowledge-bases/02d36974-8b33-4cf3-b54b-7f2e7b651062/documents status=202 latencyMs=3
2026-10-07T17:48:07.244+08:00 INFO  [main] [requestId=10af96da-3bee-4688-b2d4-2edc780ffbef] c.hify.common.RequestLoggingFilter - http.request method=GET path=/api/v1/documents/2a1a09c8-4c28-44d2-9207-99c1744aaddf status=200 latencyMs=1
2026-10-07T17:48:07.483+08:00 INFO  [main] [requestId=e4b8b500-052f-43f6-aac8-1acc7d6c3cd3] c.hify.common.RequestLoggingFilter - http.request method=GET path=/api/v1/documents/2a1a09c8-4c28-44d2-9207-99c1744aaddf status=200 latencyMs=62
2026-10-07T17:48:07.730+08:00 INFO  [main] [requestId=12b807df-e491-4664-b916-c429fcd4cb27] c.hify.common.RequestLoggingFilter - http.request method=POST path=/api/v1/knowledge-bases status=201 latencyMs=3
2026-10-07T17:48:07.901+08:00 INFO  [main] [requestId=4e2bf400-cdd0-4e8b-8783-47df832872d5] c.hify.common.RequestLoggingFilter - http.request method=POST path=/api/v1/knowledge-bases status=201 latencyMs=2
[INFO] Tests run: 22, Failures: 0, Errors: 0, Skipped: 0, Time elapsed: 32.09 s -- in com.hify.api.KnowledgeShutdownPostgresTest
[INFO] Running com.hify.api.HistoryRecoveryMigrationTest
2026-10-07T17:48:09.027+08:00 INFO  [main] [requestId=] org.flywaydb.core.FlywayExecutor - Database: jdbc:h2:mem:history-upgrade-85017ac7-3c20-4339-8c6b-d369232fa7ed (H2 2.3)
2026-10-07T17:48:09.031+08:00 WARN  [main] [requestId=] o.f.c.i.database.base.Database - Flyway upgrade recommended: H2 2.3.232 is newer than this version of Flyway and support has not been tested. The latest supported version of H2 is 2.2.224.
2026-10-07T17:48:09.106+08:00 INFO  [main] [requestId=] o.f.c.i.s.JdbcTableSchemaHistory - Schema history table "PUBLIC"."flyway_schema_history" does not exist yet
2026-10-07T17:48:09.107+08:00 INFO  [main] [requestId=] o.f.core.internal.command.DbValidate - Successfully validated 24 migrations (execution time 00:00.072s)
2026-10-07T17:48:09.113+08:00 INFO  [main] [requestId=] o.f.c.i.s.JdbcTableSchemaHistory - Creating Schema History table "PUBLIC"."flyway_schema_history" ...
2026-10-07T17:48:09.138+08:00 INFO  [main] [requestId=] o.f.core.internal.command.DbMigrate - Current version of schema "PUBLIC": << Empty Schema >>
2026-10-07T17:48:09.143+08:00 INFO  [main] [requestId=] o.f.core.internal.command.DbMigrate - Migrating schema "PUBLIC" to version "1 - baseline"
2026-10-07T17:48:09.169+08:00 INFO  [main] [requestId=] o.f.core.internal.command.DbMigrate - Migrating schema "PUBLIC" to version "2 - demo item"
2026-10-07T17:48:09.172+08:00 INFO  [main] [requestId=] o.f.core.internal.command.DbMigrate - Migrating schema "PUBLIC" to version "3 - run replan control"
2026-10-07T17:48:09.180+08:00 INFO  [main] [requestId=] o.f.core.internal.command.DbMigrate - Migrating schema "PUBLIC" to version "4 - run context state"
2026-10-07T17:48:09.194+08:00 INFO  [main] [requestId=] o.f.core.internal.command.DbMigrate - Migrating schema "PUBLIC" to version "5 - provider catalog"
2026-10-07T17:48:09.201+08:00 INFO  [main] [requestId=] o.f.core.internal.command.DbMigrate - Migrating schema "PUBLIC" to version "6 - agent publishing"
2026-10-07T17:48:09.218+08:00 INFO  [main] [requestId=] o.f.core.internal.command.DbMigrate - Migrating schema "PUBLIC" to version "7 - agent archive and tool bindings"
2026-10-07T17:48:09.222+08:00 INFO  [main] [requestId=] o.f.core.internal.command.DbMigrate - Migrating schema "PUBLIC" to version "8 - backfill agent tool bindings"
2026-10-07T17:48:09.223+08:00 INFO  [main] [requestId=] o.f.core.internal.command.DbMigrate - Migrating schema "PUBLIC" to version "9 - runtime capability and history"
2026-10-07T17:48:09.229+08:00 INFO  [main] [requestId=] o.f.core.internal.command.DbMigrate - Migrating schema "PUBLIC" to version "10 - child agent task protocol"
2026-10-07T17:48:09.233+08:00 INFO  [main] [requestId=] o.f.core.internal.command.DbMigrate - Migrating schema "PUBLIC" to version "11 - context memory catalog"
2026-10-07T17:48:09.239+08:00 INFO  [main] [requestId=] o.f.core.internal.command.DbMigrate - Migrating schema "PUBLIC" to version "12 - history full text index"
2026-10-07T17:48:09.240+08:00 INFO  [main] [requestId=] o.f.core.internal.command.DbMigrate - Migrating schema "PUBLIC" to version "13 - history vector index"
2026-10-07T17:48:09.242+08:00 INFO  [main] [requestId=] o.f.core.internal.command.DbMigrate - Migrating schema "PUBLIC" to version "14 - knowledge catalog"
2026-10-07T17:48:09.245+08:00 INFO  [main] [requestId=] o.f.core.internal.command.DbMigrate - Migrating schema "PUBLIC" to version "15 - knowledge search indexes"
2026-10-07T17:48:09.247+08:00 INFO  [main] [requestId=] o.f.core.internal.command.DbMigrate - Migrating schema "PUBLIC" to version "16 - workflow runtime"
2026-10-07T17:48:09.252+08:00 INFO  [main] [requestId=] o.f.core.internal.command.DbMigrate - Migrating schema "PUBLIC" to version "17 - mcp server registry"
2026-10-07T17:48:09.256+08:00 INFO  [main] [requestId=] o.f.core.internal.command.DbMigrate - Migrating schema "PUBLIC" to version "18 - agent knowledge capability"
2026-10-07T17:48:09.262+08:00 INFO  [main] [requestId=] o.f.core.internal.command.DbMigrate - Migrating schema "PUBLIC" to version "19 - agent workflow mcp capabilities"
2026-10-07T17:48:09.268+08:00 INFO  [main] [requestId=] o.f.core.internal.command.DbMigrate - Migrating schema "PUBLIC" to version "20 - mcp encrypted credentials"
2026-10-07T17:48:09.270+08:00 INFO  [main] [requestId=] o.f.core.internal.command.DbMigrate - Migrating schema "PUBLIC" to version "21 - workflow control terminal states"
2026-10-07T17:48:09.272+08:00 INFO  [main] [requestId=] o.f.core.internal.command.DbMigrate - Migrating schema "PUBLIC" to version "22 - workflow interrupted state"
2026-10-07T17:48:09.277+08:00 INFO  [main] [requestId=] o.f.core.internal.command.DbMigrate - Successfully applied 22 migrations to schema "PUBLIC", now at version v22 (execution time 00:00.089s)
2026-10-07T17:48:09.290+08:00 INFO  [main] [requestId=] org.flywaydb.core.FlywayExecutor - Database: jdbc:h2:mem:history-upgrade-85017ac7-3c20-4339-8c6b-d369232fa7ed (H2 2.3)
2026-10-07T17:48:09.293+08:00 WARN  [main] [requestId=] o.f.c.i.database.base.Database - Flyway upgrade recommended: H2 2.3.232 is newer than this version of Flyway and support has not been tested. The latest supported version of H2 is 2.2.224.
2026-10-07T17:48:09.307+08:00 INFO  [main] [requestId=] o.f.core.internal.command.DbValidate - Successfully validated 24 migrations (execution time 00:00.012s)
2026-10-07T17:48:09.309+08:00 INFO  [main] [requestId=] o.f.core.internal.command.DbMigrate - Current version of schema "PUBLIC": 22
2026-10-07T17:48:09.312+08:00 INFO  [main] [requestId=] o.f.core.internal.command.DbMigrate - Migrating schema "PUBLIC" to version "23 - history operation recovery"
2026-10-07T17:48:09.321+08:00 INFO  [main] [requestId=] o.f.core.internal.command.DbMigrate - Migrating schema "PUBLIC" to version "24 - semantic embedding profiles"
2026-10-07T17:48:09.364+08:00 INFO  [main] [requestId=] o.f.core.internal.command.DbMigrate - Successfully applied 2 migrations to schema "PUBLIC", now at version v24 (execution time 00:00.046s)
[INFO] Tests run: 1, Failures: 0, Errors: 0, Skipped: 0, Time elapsed: 0.852 s -- in com.hify.api.HistoryRecoveryMigrationTest
[INFO] Running com.hify.api.WorkflowKnowledgeReviewPostgresTest
2026-10-07T17:48:09.399+08:00 INFO  [main] [requestId=] o.s.t.c.s.AnnotationConfigContextLoaderUtils - Could not detect default configuration classes for test class [com.hify.api.WorkflowKnowledgeReviewPostgresTest]: WorkflowKnowledgeReviewPostgresTest does not declare any static, non-private, non-final, nested classes annotated with @Configuration.
2026-10-07T17:48:09.415+08:00 INFO  [main] [requestId=] o.s.b.t.c.SpringBootTestContextBootstrapper - Found @SpringBootConfiguration com.hify.HifyApplication for test class com.hify.api.WorkflowKnowledgeReviewPostgresTest
2026-10-07T17:48:09.423+08:00 INFO  [main] [requestId=] tc.pgvector/pgvector:pg16 - Creating container for image: pgvector/pgvector:pg16
2026-10-07T17:48:09.546+08:00 INFO  [main] [requestId=] tc.pgvector/pgvector:pg16 - Container pgvector/pgvector:pg16 is starting: 048e42137ab19ec2e0f384bda5a5f7ea6478cbb15a36bf5eeeced6d2a586d963
2026-10-07T17:48:10.666+08:00 INFO  [main] [requestId=] tc.pgvector/pgvector:pg16 - Container pgvector/pgvector:pg16 started in PT1.240434S
2026-10-07T17:48:10.669+08:00 INFO  [main] [requestId=] tc.pgvector/pgvector:pg16 - Container is started (JDBC URL: jdbc:postgresql://127.0.0.1:32770/workflow_review?loggerLevel=OFF)

  .   ____          _            __ _ _
 /\\ / ___'_ __ _ _(_)_ __  __ _ \ \ \ \
( ( )\___ | '_ | '_| | '_ \/ _` | \ \ \ \
 \\/  ___)| |_)| | | | | || (_| |  ) ) ) )
  '  |____| .__|_| |_|_| |_\__, | / / / /
 =========|_|==============|___/=/_/_/_/

 :: Spring Boot ::                (v3.4.5)

2026-10-07T17:48:10.752+08:00 INFO  [main] [requestId=] c.h.a.WorkflowKnowledgeReviewPostgresTest - Starting WorkflowKnowledgeReviewPostgresTest using Java 17.0.19 with PID 11524 (started by weberzhao in /private/tmp/hify-course-20261006.hhEhwt/retrieval-worktree/backend/hify-app)
2026-10-07T17:48:10.752+08:00 INFO  [main] [requestId=] c.h.a.WorkflowKnowledgeReviewPostgresTest - No active profile set, falling back to 1 default profile: "default"
2026-10-07T17:48:12.339+08:00 INFO  [main] [requestId=] o.s.d.r.c.RepositoryConfigurationDelegate - Multiple Spring Data modules found, entering strict repository configuration mode
2026-10-07T17:48:12.341+08:00 INFO  [main] [requestId=] o.s.d.r.c.RepositoryConfigurationDelegate - Bootstrapping Spring Data JPA repositories in DEFAULT mode.
2026-10-07T17:48:12.541+08:00 INFO  [main] [requestId=] o.s.d.r.c.RepositoryConfigurationDelegate - Finished Spring Data repository scanning in 123 ms. Found 34 JPA repository interfaces.
2026-10-07T17:48:12.828+08:00 INFO  [main] [requestId=] com.zaxxer.hikari.HikariDataSource - HikariPool-2 - Starting...
2026-10-07T17:48:12.864+08:00 INFO  [main] [requestId=] com.zaxxer.hikari.pool.HikariPool - HikariPool-2 - Added connection org.postgresql.jdbc.PgConnection@ca43c14
2026-10-07T17:48:12.865+08:00 INFO  [main] [requestId=] com.zaxxer.hikari.HikariDataSource - HikariPool-2 - Start completed.
2026-10-07T17:48:12.867+08:00 INFO  [main] [requestId=] org.flywaydb.core.FlywayExecutor - Database: jdbc:postgresql://127.0.0.1:32770/workflow_review?loggerLevel=OFF (PostgreSQL 16.15)
2026-10-07T17:48:12.897+08:00 INFO  [main] [requestId=] o.f.c.i.s.JdbcTableSchemaHistory - Schema history table "public"."flyway_schema_history" does not exist yet
2026-10-07T17:48:12.898+08:00 INFO  [main] [requestId=] o.f.core.internal.command.DbValidate - Successfully validated 24 migrations (execution time 00:00.017s)
2026-10-07T17:48:12.916+08:00 INFO  [main] [requestId=] o.f.c.i.s.JdbcTableSchemaHistory - Creating Schema History table "public"."flyway_schema_history" ...
2026-10-07T17:48:12.960+08:00 INFO  [main] [requestId=] o.f.core.internal.command.DbMigrate - Current version of schema "public": << Empty Schema >>
2026-10-07T17:48:12.968+08:00 INFO  [main] [requestId=] o.f.core.internal.command.DbMigrate - Migrating schema "public" to version "1 - baseline"
2026-10-07T17:48:12.990+08:00 INFO  [main] [requestId=] o.f.core.internal.command.DbMigrate - Migrating schema "public" to version "2 - demo item"
2026-10-07T17:48:13.000+08:00 INFO  [main] [requestId=] o.f.core.internal.command.DbMigrate - Migrating schema "public" to version "3 - run replan control"
2026-10-07T17:48:13.012+08:00 INFO  [main] [requestId=] o.f.core.internal.command.DbMigrate - Migrating schema "public" to version "4 - run context state"
2026-10-07T17:48:13.021+08:00 INFO  [main] [requestId=] o.f.core.internal.command.DbMigrate - Migrating schema "public" to version "5 - provider catalog"
2026-10-07T17:48:13.039+08:00 INFO  [main] [requestId=] o.f.core.internal.command.DbMigrate - Migrating schema "public" to version "6 - agent publishing"
2026-10-07T17:48:13.058+08:00 INFO  [main] [requestId=] o.f.core.internal.command.DbMigrate - Migrating schema "public" to version "7 - agent archive and tool bindings"
2026-10-07T17:48:13.068+08:00 INFO  [main] [requestId=] o.f.core.internal.command.DbMigrate - Migrating schema "public" to version "8 - backfill agent tool bindings"
2026-10-07T17:48:13.079+08:00 INFO  [main] [requestId=] o.f.core.internal.command.DbMigrate - Migrating schema "public" to version "9 - runtime capability and history"
2026-10-07T17:48:13.094+08:00 INFO  [main] [requestId=] o.f.core.internal.command.DbMigrate - Migrating schema "public" to version "10 - child agent task protocol"
2026-10-07T17:48:13.117+08:00 INFO  [main] [requestId=] o.f.core.internal.command.DbMigrate - Migrating schema "public" to version "11 - context memory catalog"
2026-10-07T17:48:13.138+08:00 INFO  [main] [requestId=] o.f.core.internal.command.DbMigrate - Migrating schema "public" to version "12 - history full text index"
2026-10-07T17:48:13.143+08:00 INFO  [main] [requestId=] o.f.core.internal.command.DbMigrate - Migrating schema "public" to version "13 - history vector index"
2026-10-07T17:48:13.173+08:00 INFO  [main] [requestId=] o.f.core.internal.command.DbMigrate - Migrating schema "public" to version "14 - knowledge catalog"
2026-10-07T17:48:13.187+08:00 INFO  [main] [requestId=] o.f.core.internal.command.DbMigrate - Migrating schema "public" to version "15 - knowledge search indexes"
2026-10-07T17:48:13.195+08:00 INFO  [main] [requestId=] o.f.core.internal.command.DbMigrate - Migrating schema "public" to version "16 - workflow runtime"
2026-10-07T17:48:13.206+08:00 INFO  [main] [requestId=] o.f.core.internal.command.DbMigrate - Migrating schema "public" to version "17 - mcp server registry"
2026-10-07T17:48:13.214+08:00 INFO  [main] [requestId=] o.f.core.internal.command.DbMigrate - Migrating schema "public" to version "18 - agent knowledge capability"
2026-10-07T17:48:13.225+08:00 INFO  [main] [requestId=] o.f.core.internal.command.DbMigrate - Migrating schema "public" to version "19 - agent workflow mcp capabilities"
2026-10-07T17:48:13.238+08:00 INFO  [main] [requestId=] o.f.core.internal.command.DbMigrate - Migrating schema "public" to version "20 - mcp encrypted credentials"
2026-10-07T17:48:13.245+08:00 INFO  [main] [requestId=] o.f.core.internal.command.DbMigrate - Migrating schema "public" to version "21 - workflow control terminal states"
2026-10-07T17:48:13.252+08:00 INFO  [main] [requestId=] o.f.core.internal.command.DbMigrate - Migrating schema "public" to version "22 - workflow interrupted state"
2026-10-07T17:48:13.258+08:00 INFO  [main] [requestId=] o.f.core.internal.command.DbMigrate - Migrating schema "public" to version "23 - history operation recovery"
2026-10-07T17:48:13.266+08:00 INFO  [main] [requestId=] o.f.core.internal.command.DbMigrate - Migrating schema "public" to version "24 - semantic embedding profiles"
2026-10-07T17:48:13.271+08:00 INFO  [main] [requestId=] o.f.core.internal.command.DbMigrate - Successfully applied 24 migrations to schema "public", now at version v24 (execution time 00:00.165s)
2026-10-07T17:48:13.466+08:00 INFO  [main] [requestId=] o.h.jpa.internal.util.LogHelper - HHH000204: Processing PersistenceUnitInfo [name: default]
2026-10-07T17:48:13.480+08:00 INFO  [main] [requestId=] o.h.c.i.RegionFactoryInitiator - HHH000026: Second-level cache disabled
2026-10-07T17:48:13.565+08:00 INFO  [main] [requestId=] o.s.o.j.p.SpringPersistenceUnitInfo - No LoadTimeWeaver setup: ignoring JPA class transformer
2026-10-07T17:48:13.589+08:00 INFO  [main] [requestId=] o.hibernate.orm.connections.pooling - HHH10001005: Database info:
	Database JDBC URL [Connecting through datasource 'HikariDataSource (HikariPool-2)']
	Database driver: undefined/unknown
	Database version: 16.15
	Autocommit mode: undefined/unknown
	Isolation level: undefined/unknown
	Minimum pool size: undefined/unknown
	Maximum pool size: undefined/unknown
2026-10-07T17:48:14.020+08:00 INFO  [main] [requestId=] o.h.e.t.j.p.i.JtaPlatformInitiator - HHH000489: No JTA platform available (set 'hibernate.transaction.jta.platform' to enable JTA platform integration)
2026-10-07T17:48:14.045+08:00 INFO  [main] [requestId=] o.s.o.j.LocalContainerEntityManagerFactoryBean - Initialized JPA EntityManagerFactory for persistence unit 'default'
2026-10-07T17:48:17.738+08:00 INFO  [main] [requestId=] c.b.m.s.MybatisPlusApplicationContextAware - Register ApplicationContext instances org.springframework.web.context.support.GenericWebApplicationContext@569a0501
2026-10-07T17:48:18.178+08:00 INFO  [main] [requestId=] o.s.b.t.m.w.SpringBootMockServletContext - Initializing Spring TestDispatcherServlet ''
2026-10-07T17:48:18.178+08:00 INFO  [main] [requestId=] o.s.t.w.s.TestDispatcherServlet - Initializing Servlet ''
2026-10-07T17:48:18.185+08:00 INFO  [main] [requestId=] o.s.b.a.e.web.EndpointLinksResolver - Exposing 2 endpoints beneath base path '/actuator'
2026-10-07T17:48:18.197+08:00 INFO  [main] [requestId=] o.s.t.w.s.TestDispatcherServlet - Completed initialization in 19 ms
2026-10-07T17:48:18.236+08:00 INFO  [main] [requestId=] c.h.a.WorkflowKnowledgeReviewPostgresTest - Started WorkflowKnowledgeReviewPostgresTest in 7.53 seconds (process running for 44.401)
2026-10-07T17:48:18.355+08:00 INFO  [main] [requestId=98770ec7-a0cb-435f-90e0-faf215f3b9f6] c.hify.common.RequestLoggingFilter - http.request method=POST path=/api/v1/knowledge-bases status=201 latencyMs=27
2026-10-07T17:48:18.448+08:00 INFO  [main] [requestId=98de4b9f-6211-417e-8d5e-96484a07db68] c.hify.common.RequestLoggingFilter - http.request method=POST path=/api/v1/knowledge-bases status=201 latencyMs=9
2026-10-07T17:48:18.504+08:00 INFO  [main] [requestId=d9b901da-e859-4b25-a976-1f4ecf47dd83] c.hify.common.RequestLoggingFilter - http.request method=POST path=/api/v1/workflows status=201 latencyMs=52
2026-10-07T17:48:18.506+08:00 INFO  [main] [requestId=d8e38fc7-0e02-4e81-866a-f859f5803d91] c.hify.common.RequestLoggingFilter - http.request method=POST path=/api/v1/workflows status=400 latencyMs=1
2026-10-07T17:48:18.510+08:00 INFO  [main] [requestId=3373de60-85af-4bf3-95dd-d661096dffe6] c.hify.common.RequestLoggingFilter - http.request method=PUT path=/api/v1/workflows/1c7d5c40-0ddc-4dc3-ad86-543fe1fe12c5 status=400 latencyMs=2
2026-10-07T17:48:18.524+08:00 INFO  [main] [requestId=3a37cff6-b2c2-4ef0-9e84-68845522bdf8] c.hify.common.RequestLoggingFilter - http.request method=POST path=/api/v1/workflow-versions/6f82d9bb-d5f4-44f4-8480-d808cee0a6cf/runs status=409 latencyMs=6
2026-10-07T17:48:18.535+08:00 INFO  [main] [requestId=0649f2f5-9a8e-4312-9cff-17bbf506df29] c.hify.common.RequestLoggingFilter - http.request method=POST path=/api/v1/knowledge-bases status=201 latencyMs=2
2026-10-07T17:48:18.552+08:00 INFO  [main] [requestId=92b538fa-90e3-42fb-b9ef-fbfb5822a827] c.hify.common.RequestLoggingFilter - http.request method=POST path=/api/v1/knowledge-bases/69f15ac2-eefc-40d5-b072-f18e06ccd618/documents status=202 latencyMs=16
2026-10-07T17:48:18.564+08:00 INFO  [main] [requestId=3a90ed97-df6e-428f-8b10-06386f6e6a66] c.hify.common.RequestLoggingFilter - http.request method=GET path=/api/v1/documents/331aef4b-e4be-4bd0-b659-0c31b0d1728b status=200 latencyMs=10
2026-10-07T17:48:18.725+08:00 INFO  [main] [requestId=1404d28f-5fd9-42b7-8a13-ceeaf23ff8c0] c.hify.common.RequestLoggingFilter - http.request method=GET path=/api/v1/documents/331aef4b-e4be-4bd0-b659-0c31b0d1728b status=200 latencyMs=2
2026-10-07T17:48:18.730+08:00 INFO  [main] [requestId=44c94cb9-c27f-4e95-93ce-d8cf768eaedf] c.hify.common.RequestLoggingFilter - http.request method=GET path=/api/v1/documents/331aef4b-e4be-4bd0-b659-0c31b0d1728b/chunks status=200 latencyMs=3
2026-10-07T17:48:18.734+08:00 INFO  [main] [requestId=37027af4-3e79-42a3-a9e6-a514a9bd3ba1] c.hify.common.RequestLoggingFilter - http.request method=DELETE path=/api/v1/documents/331aef4b-e4be-4bd0-b659-0c31b0d1728b status=200 latencyMs=4
2026-10-07T17:48:18.744+08:00 INFO  [main] [requestId=10fcc637-d102-4f09-8cf7-5898e2629a40] c.hify.common.RequestLoggingFilter - http.request method=POST path=/api/v1/knowledge-bases status=201 latencyMs=3
2026-10-07T17:48:18.748+08:00 INFO  [main] [requestId=424591f4-cff7-404f-8fb0-39cad7778518] c.hify.common.RequestLoggingFilter - http.request method=POST path=/api/v1/knowledge-bases/62e384bb-75a0-4151-9ede-c4a960820821/documents status=202 latencyMs=3
2026-10-07T17:48:18.750+08:00 INFO  [main] [requestId=2480aecd-ec6d-4558-a003-132a5a10193f] c.hify.common.RequestLoggingFilter - http.request method=GET path=/api/v1/documents/d2c14e09-f41e-4fae-b397-717141216425 status=200 latencyMs=1
2026-10-07T17:48:18.930+08:00 INFO  [main] [requestId=8662c24e-1f42-4097-a791-88e55445d7e2] c.hify.common.RequestLoggingFilter - http.request method=GET path=/api/v1/documents/d2c14e09-f41e-4fae-b397-717141216425 status=200 latencyMs=7
2026-10-07T17:48:18.953+08:00 INFO  [main] [requestId=2c10bf40-d635-46d1-b07f-fe668cd78005] c.hify.common.RequestLoggingFilter - http.request method=POST path=/api/v1/workflows status=201 latencyMs=22
2026-10-07T17:48:18.998+08:00 INFO  [main] [requestId=3905a67e-288c-4f08-ae3f-4e5a4af06cc1] c.hify.common.RequestLoggingFilter - http.request method=POST path=/api/v1/workflows/fd88c64d-4b32-40ff-a765-78ee2b43d218/versions status=200 latencyMs=42
2026-10-07T17:48:19.098+08:00 INFO  [main] [requestId=09c66cb7-0cef-412e-9988-18389a2c7da5] c.hify.common.RequestLoggingFilter - http.request method=POST path=/api/v1/agents status=201 latencyMs=97
2026-10-07T17:48:19.114+08:00 INFO  [main] [requestId=7d962a3a-4dfe-4d1a-b8b1-7ed26c783e25] c.hify.common.RequestLoggingFilter - http.request method=PUT path=/api/v1/agents/3db8172d-b8e3-45c3-9110-dd4799f45c67/workflow-binding status=200 latencyMs=14
2026-10-07T17:48:19.174+08:00 INFO  [main] [requestId=194bf6df-cc60-4680-ba00-c2b8a9ef189f] c.hify.common.RequestLoggingFilter - http.request method=POST path=/api/v1/agents/3db8172d-b8e3-45c3-9110-dd4799f45c67/publications status=200 latencyMs=58
2026-10-07T17:48:19.217+08:00 INFO  [main] [requestId=16091585-fcdd-4655-ac0b-cd757c96277f] c.hify.common.RequestLoggingFilter - http.request method=POST path=/api/v1/conversations status=201 latencyMs=40
2026-10-07T17:48:19.314+08:00 INFO  [main] [requestId=561acaa9-1cac-4c1e-a424-9a9f28682158] c.hify.common.RequestLoggingFilter - http.request method=POST path=/api/v1/workflow-versions/de11d171-bfaf-478a-8ab3-0e7dd60b96e3/runs status=202 latencyMs=96
2026-10-07T17:48:19.323+08:00 INFO  [main] [requestId=93f0786f-a1dd-455d-b761-bcafaa6ab2e5] c.hify.common.RequestLoggingFilter - http.request method=DELETE path=/api/v1/documents/d2c14e09-f41e-4fae-b397-717141216425 status=200 latencyMs=6
2026-10-07T17:48:19.338+08:00 INFO  [main] [requestId=632e1cf7-6080-44b3-999a-74c9b1a5c2c9] c.hify.common.RequestLoggingFilter - http.request method=POST path=/api/v1/knowledge-bases/62e384bb-75a0-4151-9ede-c4a960820821/documents status=202 latencyMs=14
2026-10-07T17:48:19.345+08:00 INFO  [main] [requestId=e5b33340-44b9-42ca-a9d4-5af362dbd66f] c.hify.common.RequestLoggingFilter - http.request method=GET path=/api/v1/documents/813625ba-1834-4c67-bee3-c40aa1267635 status=200 latencyMs=6
2026-10-07T17:48:19.521+08:00 INFO  [main] [requestId=9271a2f2-9e6c-4c75-b7bf-ea09dda26f71] c.hify.common.RequestLoggingFilter - http.request method=GET path=/api/v1/documents/813625ba-1834-4c67-bee3-c40aa1267635 status=200 latencyMs=12
2026-10-07T17:48:19.555+08:00 INFO  [main] [requestId=14096214-e6c4-44ef-a4ac-aaed496a2fab] c.hify.common.RequestLoggingFilter - http.request method=POST path=/api/v1/workflow-versions/de11d171-bfaf-478a-8ab3-0e7dd60b96e3/runs status=202 latencyMs=31
2026-10-07T17:48:19.588+08:00 INFO  [main] [requestId=af211158-8f65-406b-a756-c442b0064d7e] c.hify.common.RequestLoggingFilter - http.request method=POST path=/api/v1/workflows/fd88c64d-4b32-40ff-a765-78ee2b43d218/versions status=200 latencyMs=22
2026-10-07T17:48:19.609+08:00 INFO  [main] [requestId=45d032f3-9e5a-4b8b-b7f0-ac171566d6ac] c.hify.common.RequestLoggingFilter - http.request method=POST path=/api/v1/workflow-versions/64f07ffa-d258-4487-9f2d-c5b449afa214/runs status=202 latencyMs=18
2026-10-07T17:48:19.638+08:00 INFO  [main] [requestId=f005e35f-c9f6-49cb-9c52-d19d1e1833eb] c.hify.common.RequestLoggingFilter - http.request method=POST path=/api/v1/agents/3db8172d-b8e3-45c3-9110-dd4799f45c67/publications status=200 latencyMs=28
2026-10-07T17:48:19.685+08:00 INFO  [main] [requestId=9a01884d-3e35-4221-a849-6b6eb5b11512] c.hify.common.RequestLoggingFilter - http.request method=POST path=/api/v1/conversations/52a61b71-d55c-4a08-8390-4f07cef67e62/runs status=202 latencyMs=46
2026-10-07T17:48:19.687+08:00 INFO  [main] [requestId=cf051425-1e67-4228-a34b-efffc7df12a7] c.hify.common.RequestLoggingFilter - http.request method=GET path=/api/v1/runs/13d48efd-ad4b-4e4a-ade4-5c5d0f767fc7 status=200 latencyMs=1
2026-10-07T17:48:19.851+08:00 INFO  [main] [requestId=8860f69a-53da-49ed-a217-8cee761a89fd] c.hify.common.RequestLoggingFilter - http.request method=GET path=/api/v1/runs/13d48efd-ad4b-4e4a-ade4-5c5d0f767fc7 status=200 latencyMs=3
2026-10-07T17:48:19.872+08:00 INFO  [main] [requestId=0c0ca149-6f5c-444c-8f0a-e7825db5e7c8] c.hify.common.RequestLoggingFilter - http.request method=POST path=/api/v1/conversations status=201 latencyMs=20
2026-10-07T17:48:19.926+08:00 INFO  [main] [requestId=018e6c7a-b4ff-43f2-90af-62ad3dcc54b1] c.hify.common.RequestLoggingFilter - http.request method=POST path=/api/v1/conversations/a0ee742c-6a98-4d9d-89d8-2719df374013/runs status=202 latencyMs=53
2026-10-07T17:48:19.929+08:00 INFO  [main] [requestId=69d14da1-45aa-4a8b-9de4-ff68e4b07d7a] c.hify.common.RequestLoggingFilter - http.request method=GET path=/api/v1/runs/2ba8b063-bcad-4f43-a764-baf20058e995 status=200 latencyMs=1
2026-10-07T17:48:20.097+08:00 INFO  [main] [requestId=beab5efd-84af-4965-a5e0-6e3de6dec216] c.hify.common.RequestLoggingFilter - http.request method=GET path=/api/v1/runs/2ba8b063-bcad-4f43-a764-baf20058e995 status=200 latencyMs=3
2026-10-07T17:48:20.105+08:00 INFO  [main] [requestId=24941d41-07cb-450d-aecc-aad61eb54032] c.hify.common.RequestLoggingFilter - http.request method=GET path=/api/v1/workflows/fd88c64d-4b32-40ff-a765-78ee2b43d218 status=200 latencyMs=5
2026-10-07T17:48:20.114+08:00 INFO  [main] [requestId=9f368e8e-d3c2-44a5-9acd-6c8fc71517d1] c.hify.common.RequestLoggingFilter - http.request method=DELETE path=/api/v1/knowledge-bases/62e384bb-75a0-4151-9ede-c4a960820821 status=200 latencyMs=8
2026-10-07T17:48:20.141+08:00 INFO  [main] [requestId=06d0b1e7-9f2a-43b2-978f-ea11b060d213] c.hify.common.RequestLoggingFilter - http.request method=POST path=/api/v1/workflow-versions/de11d171-bfaf-478a-8ab3-0e7dd60b96e3/runs status=202 latencyMs=27
2026-10-07T17:48:20.157+08:00 INFO  [main] [requestId=1911e839-88cd-4078-ad91-6562df383140] c.hify.common.RequestLoggingFilter - http.request method=POST path=/api/v1/workflows/fd88c64d-4b32-40ff-a765-78ee2b43d218/versions status=404 latencyMs=11
2026-10-07T17:48:20.174+08:00 INFO  [main] [requestId=4e3b5876-ea5c-45e8-9d70-7e1091a6cc2f] c.hify.common.RequestLoggingFilter - http.request method=POST path=/api/v1/knowledge-bases status=201 latencyMs=5
2026-10-07T17:48:20.183+08:00 INFO  [main] [requestId=eb05bd56-a941-4648-9eaa-925c72f72a8d] c.hify.common.RequestLoggingFilter - http.request method=POST path=/api/v1/knowledge-bases/3cdcf32f-3564-4db0-a9d7-577349e79784/documents status=202 latencyMs=7
2026-10-07T17:48:20.185+08:00 INFO  [main] [requestId=5b829077-da25-4390-abc3-30de6adcfc2d] c.hify.common.RequestLoggingFilter - http.request method=GET path=/api/v1/documents/8d5f4a74-b4d9-46db-9272-7e32943ba110 status=200 latencyMs=1
2026-10-07T17:48:20.352+08:00 INFO  [main] [requestId=da0e138c-1897-42a2-a4a2-7f7c11022d31] c.hify.common.RequestLoggingFilter - http.request method=GET path=/api/v1/documents/8d5f4a74-b4d9-46db-9272-7e32943ba110 status=200 latencyMs=3
2026-10-07T17:48:20.363+08:00 INFO  [main] [requestId=d98d5bc3-a7e5-4934-82d2-1241e375328c] c.hify.common.RequestLoggingFilter - http.request method=POST path=/api/v1/workflows status=201 latencyMs=9
2026-10-07T17:48:20.437+08:00 INFO  [main] [requestId=dd937ee8-0f33-408f-b5ab-46aca9fd7c3c] c.hify.common.RequestLoggingFilter - http.request method=POST path=/api/v1/workflows/e7f7f9e6-b699-47e6-9e58-bd9d33b3df83/versions status=200 latencyMs=72
2026-10-07T17:48:20.547+08:00 INFO  [main] [requestId=1305bc06-cfa5-4b4f-9629-3d46f19d2711] c.hify.common.RequestLoggingFilter - http.request method=POST path=/api/v1/workflow-versions/e7f90e67-ac6e-4d32-a0d0-1d8f2d3de303/runs status=202 latencyMs=96
2026-10-07T17:48:20.578+08:00 INFO  [main] [requestId=d2f4ea1e-c269-4c1d-a84b-1b13aba939ee] c.hify.common.RequestLoggingFilter - http.request method=POST path=/api/v1/knowledge-bases status=201 latencyMs=5
2026-10-07T17:48:20.589+08:00 INFO  [main] [requestId=b107dab4-71de-4d68-b91a-2fb831b96fc1] c.hify.common.RequestLoggingFilter - http.request method=POST path=/api/v1/knowledge-bases/77f43632-f094-4552-b8ab-6395761da3d7/documents status=202 latencyMs=8
2026-10-07T17:48:20.595+08:00 INFO  [main] [requestId=1e88c79b-1c1e-4033-a13f-dfa4e8de0baa] c.hify.common.RequestLoggingFilter - http.request method=GET path=/api/v1/documents/066b3726-5c41-44c7-89b3-62db37b04cd4 status=200 latencyMs=4
2026-10-07T17:48:20.745+08:00 INFO  [main] [requestId=3e7eb7ee-aafe-42c0-be00-92b20350d298] c.hify.common.RequestLoggingFilter - http.request method=GET path=/api/v1/documents/066b3726-5c41-44c7-89b3-62db37b04cd4 status=200 latencyMs=4
2026-10-07T17:48:20.755+08:00 INFO  [main] [requestId=c69bcd9d-291e-40da-916b-fc09f9645c35] c.hify.common.RequestLoggingFilter - http.request method=POST path=/api/v1/workflows status=201 latencyMs=8
2026-10-07T17:48:20.774+08:00 INFO  [main] [requestId=39badd70-82b0-4dca-9b08-34329b3de1bc] c.hify.common.RequestLoggingFilter - http.request method=POST path=/api/v1/workflows/b4133650-b19e-4810-b480-83b455766a6c/versions status=200 latencyMs=18
2026-10-07T17:48:20.802+08:00 INFO  [main] [requestId=0fe2887f-9bf0-4cf9-9d6e-bd515bcd2c7e] c.hify.common.RequestLoggingFilter - http.request method=POST path=/api/v1/workflow-versions/5228cc55-a6ee-49a0-a1cd-95e706d93b29/runs status=202 latencyMs=24
2026-10-07T17:48:20.834+08:00 INFO  [main] [requestId=b8999d03-cffa-48b7-bbb2-525b98cfc153] c.hify.common.RequestLoggingFilter - http.request method=POST path=/api/v1/knowledge-bases status=201 latencyMs=8
2026-10-07T17:48:20.844+08:00 INFO  [main] [requestId=5202c18a-8033-4fcf-8354-0b1b4881039b] c.hify.common.RequestLoggingFilter - http.request method=POST path=/api/v1/knowledge-bases/51c14a89-3f2d-45cf-9f0e-c7b437fbcdb6/documents status=202 latencyMs=8
2026-10-07T17:48:20.849+08:00 INFO  [main] [requestId=81567ccc-3daf-4d0c-a95d-a952af84eabf] c.hify.common.RequestLoggingFilter - http.request method=GET path=/api/v1/documents/f9eb7627-7fe4-41ce-9f50-26025e5428c0 status=200 latencyMs=4
2026-10-07T17:48:21.027+08:00 INFO  [main] [requestId=b89cd959-8b22-4fd7-adcf-c539c07a3a83] c.hify.common.RequestLoggingFilter - http.request method=GET path=/api/v1/documents/f9eb7627-7fe4-41ce-9f50-26025e5428c0 status=200 latencyMs=4
2026-10-07T17:48:21.039+08:00 INFO  [main] [requestId=f826b052-2d6c-4b85-b650-d3484491493d] c.hify.common.RequestLoggingFilter - http.request method=POST path=/api/v1/workflows status=201 latencyMs=11
2026-10-07T17:48:21.051+08:00 INFO  [main] [requestId=6fc32224-22d2-4ad2-8c08-0a45bb836613] c.hify.common.RequestLoggingFilter - http.request method=POST path=/api/v1/workflows/2021483e-4c9a-43bf-b7e3-5b2be047f89c/versions status=200 latencyMs=11
2026-10-07T17:48:21.071+08:00 INFO  [main] [requestId=a8cb2631-5cdc-44eb-aeba-b088167a3c39] c.hify.common.RequestLoggingFilter - http.request method=POST path=/api/v1/workflow-versions/08990801-d934-4cfc-8d5e-e1c4ac3b77d9/runs status=202 latencyMs=16
2026-10-07T17:48:21.081+08:00 INFO  [main] [requestId=e9ae6dc9-5eb3-48a0-9572-7c9fce49ef67] c.hify.common.RequestLoggingFilter - http.request method=POST path=/api/v1/knowledge-bases status=201 latencyMs=4
2026-10-07T17:48:21.088+08:00 INFO  [main] [requestId=7e8ea12c-3343-4e5c-8722-097fc1491905] c.hify.common.RequestLoggingFilter - http.request method=POST path=/api/v1/knowledge-bases/6ab70441-b0e4-4779-a1e4-eb929481a594/documents status=202 latencyMs=6
2026-10-07T17:48:21.091+08:00 INFO  [main] [requestId=0553f8e0-ff82-4a6f-9517-4e5d63627ef3] c.hify.common.RequestLoggingFilter - http.request method=GET path=/api/v1/documents/a507cd8b-7636-447b-a71b-387aed9c8bbc status=200 latencyMs=2
2026-10-07T17:48:21.265+08:00 INFO  [main] [requestId=b1010416-d2bb-4825-9bfa-f9244c6cca15] c.hify.common.RequestLoggingFilter - http.request method=GET path=/api/v1/documents/a507cd8b-7636-447b-a71b-387aed9c8bbc status=200 latencyMs=3
2026-10-07T17:48:21.273+08:00 INFO  [main] [requestId=2b877d03-76f1-4a22-9eea-ba13a9e8f75b] c.hify.common.RequestLoggingFilter - http.request method=POST path=/api/v1/workflows status=201 latencyMs=7
2026-10-07T17:48:21.285+08:00 INFO  [main] [requestId=c6004269-2b32-4121-b1e2-71a77f683364] c.hify.common.RequestLoggingFilter - http.request method=POST path=/api/v1/workflows/f1c0409e-8172-48c5-93b8-cd417390071c/versions status=200 latencyMs=11
2026-10-07T17:48:21.289+08:00 INFO  [main] [requestId=743714bb-ec02-4c7d-8f5e-c69f7ba7b6f4] c.hify.common.RequestLoggingFilter - http.request method=POST path=/api/v1/knowledge-bases status=201 latencyMs=2
2026-10-07T17:48:21.310+08:00 INFO  [main] [requestId=2f460c79-9539-4771-a805-afa1c771c3f0] c.hify.common.RequestLoggingFilter - http.request method=POST path=/api/v1/workflow-versions/2f03c9c8-13b3-4083-85a5-bcde3e4a0617/runs status=202 latencyMs=19
2026-10-07T17:48:21.320+08:00 INFO  [main] [requestId=9c2f657a-cd16-4e6f-9bbf-37aa39ceea4a] c.hify.common.RequestLoggingFilter - http.request method=POST path=/api/v1/knowledge-bases status=201 latencyMs=4
2026-10-07T17:48:21.325+08:00 INFO  [main] [requestId=6bc8c4e4-e60e-482c-8eb8-a2ce3e5e9b63] c.hify.common.RequestLoggingFilter - http.request method=POST path=/api/v1/knowledge-bases/9b7915e7-7479-4b2f-b418-ad990136ee2f/documents status=202 latencyMs=4
2026-10-07T17:48:21.329+08:00 INFO  [main] [requestId=dbefa4aa-f103-425f-a42a-9c2b761c313b] c.hify.common.RequestLoggingFilter - http.request method=GET path=/api/v1/documents/315bab0a-7753-45a2-8077-35b43b5f5fa8 status=200 latencyMs=3
2026-10-07T17:48:21.514+08:00 INFO  [main] [requestId=8bd65ef6-3f6c-45e4-a1b6-d384be146410] c.hify.common.RequestLoggingFilter - http.request method=GET path=/api/v1/documents/315bab0a-7753-45a2-8077-35b43b5f5fa8 status=200 latencyMs=9
2026-10-07T17:48:21.580+08:00 INFO  [main] [requestId=bfb2f72e-0b1f-4d96-b1a9-62735c408384] c.hify.common.RequestLoggingFilter - http.request method=POST path=/api/v1/workflows status=201 latencyMs=64
2026-10-07T17:48:21.625+08:00 INFO  [main] [requestId=76f6b5ec-1d58-4221-b257-9c3370ab0ed5] c.hify.common.RequestLoggingFilter - http.request method=POST path=/api/v1/workflows/8a1773c3-9565-49b2-9a22-72dc2e1e1aaa/versions status=404 latencyMs=44
2026-10-07T17:48:21.723+08:00 INFO  [main] [requestId=32dc2bc1-2fed-4689-b85e-ae2ce2a1188f] c.hify.common.RequestLoggingFilter - http.request method=POST path=/api/v1/knowledge-bases status=201 latencyMs=8
2026-10-07T17:48:21.757+08:00 INFO  [main] [requestId=949ad9d0-0a54-40fa-b1a0-026ba936643f] c.hify.common.RequestLoggingFilter - http.request method=POST path=/api/v1/knowledge-bases/ce937043-624a-4687-b918-cd289af84766/documents status=202 latencyMs=33
2026-10-07T17:48:21.765+08:00 INFO  [main] [requestId=debffdf8-390c-45cd-88c8-972cd652e770] c.hify.common.RequestLoggingFilter - http.request method=GET path=/api/v1/documents/a3c6cfbc-afc3-457e-8ad3-a4bd0a719181 status=200 latencyMs=6
2026-10-07T17:48:22.034+08:00 INFO  [main] [requestId=fa80c6c2-9e94-4746-b983-569ee6688bcc] c.hify.common.RequestLoggingFilter - http.request method=GET path=/api/v1/documents/a3c6cfbc-afc3-457e-8ad3-a4bd0a719181 status=200 latencyMs=67
2026-10-07T17:48:22.054+08:00 INFO  [main] [requestId=4d8c9f0f-28ea-41de-bf3b-e0a72c480ea0] c.hify.common.RequestLoggingFilter - http.request method=POST path=/api/v1/workflows status=201 latencyMs=17
2026-10-07T17:48:22.099+08:00 INFO  [main] [requestId=1e01b6f9-87e3-46f2-8943-cbd5f3875376] c.hify.common.RequestLoggingFilter - http.request method=POST path=/api/v1/workflows/fc885091-7aff-4c65-a3a1-37a9350912e0/versions status=200 latencyMs=44
2026-10-07T17:48:22.176+08:00 INFO  [main] [requestId=36a823cd-dc5c-4ec1-9a0c-1ea9943c5413] c.hify.common.RequestLoggingFilter - http.request method=POST path=/api/v1/workflow-versions/f5395e56-ce10-4a36-8d92-8ed11bfb721a/runs status=202 latencyMs=76
2026-10-07T17:48:22.249+08:00 INFO  [main] [requestId=23dff59a-90f7-4f38-bae9-c377c13f4d11] c.hify.common.RequestLoggingFilter - http.request method=POST path=/api/v1/workflow-versions/f5395e56-ce10-4a36-8d92-8ed11bfb721a/runs status=202 latencyMs=68
2026-10-07T17:48:22.274+08:00 INFO  [main] [requestId=dc33fa39-06b0-48c4-b244-66c1480bfb34] c.hify.common.RequestLoggingFilter - http.request method=POST path=/api/v1/knowledge-bases status=201 latencyMs=4
2026-10-07T17:48:22.299+08:00 INFO  [main] [requestId=8f119d66-d002-4aa8-b168-288b7c78d65d] c.hify.common.RequestLoggingFilter - http.request method=POST path=/api/v1/workflows status=201 latencyMs=22
2026-10-07T17:48:22.320+08:00 INFO  [main] [requestId=ddecdccb-08cb-4afd-a0d5-83d4de56c15f] c.hify.common.RequestLoggingFilter - http.request method=POST path=/api/v1/workflows/9d0d5951-ebf6-4253-bfb1-36550ab69b6b/versions status=200 latencyMs=20
2026-10-07T17:48:22.333+08:00 INFO  [main] [requestId=0867b075-18cb-45e8-a700-bd03a4b8d852] c.hify.common.RequestLoggingFilter - http.request method=POST path=/api/v1/agents status=201 latencyMs=11
2026-10-07T17:48:22.343+08:00 INFO  [main] [requestId=cc34c192-fa74-4ada-89f5-01f355b7019c] c.hify.common.RequestLoggingFilter - http.request method=PUT path=/api/v1/agents/c8e43674-6cd6-403b-b56a-7acf06b31c71/workflow-binding status=200 latencyMs=9
2026-10-07T17:48:22.359+08:00 INFO  [main] [requestId=ad8d47b0-2487-459e-a7ef-c603114a45c9] c.hify.common.RequestLoggingFilter - http.request method=POST path=/api/v1/agents/c8e43674-6cd6-403b-b56a-7acf06b31c71/publications status=409 latencyMs=13
2026-10-07T17:48:22.361+08:00 INFO  [main] [requestId=e1124eda-2ae3-4603-9880-a836de096eb9] c.hify.common.RequestLoggingFilter - http.request method=POST path=/api/v1/workflow-versions/dff3961b-15ba-4e7c-ace7-50ea0cbbad18/runs status=409 latencyMs=1
2026-10-07T17:48:22.371+08:00 INFO  [main] [requestId=b811dc28-6ba2-408b-aab6-57335e3f5fba] c.hify.common.RequestLoggingFilter - http.request method=POST path=/api/v1/workflows/9d0d5951-ebf6-4253-bfb1-36550ab69b6b/versions status=200 latencyMs=7
2026-10-07T17:48:22.416+08:00 INFO  [main] [requestId=1f3be113-36aa-4b2e-9e9a-7de6a5113a01] c.hify.common.RequestLoggingFilter - http.request method=POST path=/api/v1/agents/c8e43674-6cd6-403b-b56a-7acf06b31c71/publications status=200 latencyMs=43
2026-10-07T17:48:22.444+08:00 INFO  [main] [requestId=81718746-0f14-407a-8f6f-aa5aaba6cbe2] c.hify.common.RequestLoggingFilter - http.request method=POST path=/api/v1/knowledge-bases status=201 latencyMs=15
2026-10-07T17:48:22.457+08:00 INFO  [main] [requestId=0d65b7ff-c851-495d-b333-30acb76fefe6] c.hify.common.RequestLoggingFilter - http.request method=POST path=/api/v1/workflows status=201 latencyMs=10
2026-10-07T17:48:22.470+08:00 INFO  [main] [requestId=758995ad-2e37-4a49-9b01-b2c8e62d1a28] c.hify.common.RequestLoggingFilter - http.request method=POST path=/api/v1/workflows/42bd2a5e-41fc-4d19-b24e-802c2ea2630f/versions status=200 latencyMs=12
2026-10-07T17:48:22.479+08:00 INFO  [main] [requestId=c180f4ea-3d30-4eea-b7a6-c00f1e55bfd9] c.hify.common.RequestLoggingFilter - http.request method=POST path=/api/v1/agents status=201 latencyMs=7
2026-10-07T17:48:22.485+08:00 INFO  [main] [requestId=a07ec887-4f27-42c1-9841-b2fbe3a15225] c.hify.common.RequestLoggingFilter - http.request method=PUT path=/api/v1/agents/67c4783f-53b1-4dcf-9e4c-a6d9c4c209d1/workflow-binding status=200 latencyMs=5
2026-10-07T17:48:22.503+08:00 INFO  [main] [requestId=7a809e3c-f21f-4cda-819e-30f7049041a6] c.hify.common.RequestLoggingFilter - http.request method=POST path=/api/v1/agents/67c4783f-53b1-4dcf-9e4c-a6d9c4c209d1/publications status=409 latencyMs=15
2026-10-07T17:48:22.506+08:00 INFO  [main] [requestId=b7485b72-9fde-4ff3-ac1e-d9cdb95de5dc] c.hify.common.RequestLoggingFilter - http.request method=POST path=/api/v1/workflow-versions/39040fa4-a52a-4da8-aa80-e639af21f3e5/runs status=409 latencyMs=2
2026-10-07T17:48:22.517+08:00 INFO  [main] [requestId=98d2bde5-e8c8-445f-997e-b77ecdf26bac] c.hify.common.RequestLoggingFilter - http.request method=POST path=/api/v1/workflows/42bd2a5e-41fc-4d19-b24e-802c2ea2630f/versions status=200 latencyMs=6
2026-10-07T17:48:22.537+08:00 INFO  [main] [requestId=cc7f0dc1-b253-4473-8287-c4adf6ccb9fa] c.hify.common.RequestLoggingFilter - http.request method=POST path=/api/v1/agents/67c4783f-53b1-4dcf-9e4c-a6d9c4c209d1/publications status=200 latencyMs=20
2026-10-07T17:48:22.557+08:00 INFO  [main] [requestId=4962b0c4-8880-436b-a16c-edfd943cc714] c.hify.common.RequestLoggingFilter - http.request method=POST path=/api/v1/knowledge-bases status=201 latencyMs=8
2026-10-07T17:48:22.581+08:00 INFO  [main] [requestId=89f1fb1e-9c32-4ba1-931c-550adba8f4e2] c.hify.common.RequestLoggingFilter - http.request method=POST path=/api/v1/workflows status=201 latencyMs=21
2026-10-07T17:48:22.597+08:00 INFO  [main] [requestId=e2f05ea1-8f46-4a4a-ab8a-f456aeafe589] c.hify.common.RequestLoggingFilter - http.request method=POST path=/api/v1/workflows/2f2b9d68-d469-43bc-80f6-459acafda94f/versions status=200 latencyMs=15
2026-10-07T17:48:22.607+08:00 INFO  [main] [requestId=c87a3b87-a0ca-4cb4-9cd0-93616c55e02e] c.hify.common.RequestLoggingFilter - http.request method=POST path=/api/v1/agents status=201 latencyMs=8
2026-10-07T17:48:22.613+08:00 INFO  [main] [requestId=f2eafcfa-60e9-4d0e-a75c-1d7289124093] c.hify.common.RequestLoggingFilter - http.request method=PUT path=/api/v1/agents/e7b9fe2e-b527-4465-b274-9410f68cb0d6/workflow-binding status=200 latencyMs=5
2026-10-07T17:48:22.655+08:00 INFO  [main] [requestId=43011455-3c7d-419f-8560-59d854bf96d3] c.hify.common.RequestLoggingFilter - http.request method=POST path=/api/v1/agents/e7b9fe2e-b527-4465-b274-9410f68cb0d6/publications status=409 latencyMs=39
2026-10-07T17:48:22.680+08:00 INFO  [main] [requestId=9c535584-366a-4e14-94d3-6b4d9ab30299] c.hify.common.RequestLoggingFilter - http.request method=POST path=/api/v1/workflow-versions/0231f23c-a304-40a3-8cc4-2b60162082b0/runs status=409 latencyMs=17
2026-10-07T17:48:22.727+08:00 INFO  [main] [requestId=72fe34b3-fde5-45bb-b4ad-0852fbf10d39] c.hify.common.RequestLoggingFilter - http.request method=POST path=/api/v1/knowledge-bases status=201 latencyMs=11
2026-10-07T17:48:22.736+08:00 INFO  [main] [requestId=a494e16c-0be2-4f7b-9ee9-48ee63ab3ed3] c.hify.common.RequestLoggingFilter - http.request method=POST path=/api/v1/knowledge-bases status=201 latencyMs=6
2026-10-07T17:48:22.773+08:00 INFO  [main] [requestId=0afddb6f-0265-41c6-b1e6-1c82e699cbe4] c.hify.common.RequestLoggingFilter - http.request method=POST path=/api/v1/workflows status=201 latencyMs=36
2026-10-07T17:48:22.805+08:00 INFO  [main] [requestId=19e72839-386e-4157-980c-024c64cb2514] c.hify.common.RequestLoggingFilter - http.request method=POST path=/api/v1/workflows/0c6ccb8f-13b0-466c-a912-03593fb19190/versions status=200 latencyMs=31
2026-10-07T17:48:22.821+08:00 INFO  [main] [requestId=dbca0ffa-8eac-44ef-9c40-2be386eaceeb] c.hify.common.RequestLoggingFilter - http.request method=POST path=/api/v1/agents status=201 latencyMs=14
2026-10-07T17:48:22.832+08:00 INFO  [main] [requestId=f0b161fd-04ce-4bcf-a79c-3b6ab29d37f8] c.hify.common.RequestLoggingFilter - http.request method=PUT path=/api/v1/agents/f1e1677c-da57-48cb-ab93-a38a9c60fe85/workflow-binding status=200 latencyMs=9
2026-10-07T17:48:23.040+08:00 INFO  [main] [requestId=3700b692-ef5d-41d4-81e2-bb5672d739da] c.hify.common.RequestLoggingFilter - http.request method=POST path=/api/v1/knowledge-bases status=201 latencyMs=3
2026-10-07T17:48:23.046+08:00 INFO  [main] [requestId=bcfce4fb-8d93-4d40-ba92-3d8a62f51e53] c.hify.common.RequestLoggingFilter - http.request method=POST path=/api/v1/knowledge-bases/cf822d67-aa8c-49e3-9c47-4bbd7916056f/documents status=202 latencyMs=5
2026-10-07T17:48:23.048+08:00 INFO  [main] [requestId=75986435-6e69-430d-9978-04600be863cc] c.hify.common.RequestLoggingFilter - http.request method=GET path=/api/v1/documents/66274070-b790-4742-9b48-5422f8c6f2a9 status=200 latencyMs=1
2026-10-07T17:48:23.118+08:00 INFO  [main] [requestId=8e25a97e-7b9b-4727-9a13-6d6f54d6e7be] c.hify.common.RequestLoggingFilter - http.request method=GET path=/api/v1/documents/66274070-b790-4742-9b48-5422f8c6f2a9 status=200 latencyMs=6
2026-10-07T17:48:23.342+08:00 INFO  [main] [requestId=258f867d-15a8-4c1b-9535-a7f6f5c2e357] c.hify.common.RequestLoggingFilter - http.request method=POST path=/api/v1/workflows status=201 latencyMs=221
2026-10-07T17:48:23.429+08:00 INFO  [main] [requestId=8f05fe7b-2753-4930-a35d-94623f7273d6] c.hify.common.RequestLoggingFilter - http.request method=POST path=/api/v1/workflows/19a7f3d4-12d5-4e2b-89c6-3bb7bad9d0dd/versions status=200 latencyMs=76
2026-10-07T17:48:23.482+08:00 INFO  [main] [requestId=66b47e66-3e11-40f0-b8dc-77e9e82845e4] c.hify.common.RequestLoggingFilter - http.request method=POST path=/api/v1/agents status=201 latencyMs=47
2026-10-07T17:48:23.497+08:00 INFO  [main] [requestId=ac6440f5-67c4-4c2a-ac30-f5e52e343aa5] c.hify.common.RequestLoggingFilter - http.request method=PUT path=/api/v1/agents/be4f6e48-15e8-4bc9-935b-3f2e33618293/workflow-binding status=200 latencyMs=13
2026-10-07T17:48:23.582+08:00 INFO  [main] [requestId=b95e3048-d671-47a6-a255-cfb133059505] c.hify.common.RequestLoggingFilter - http.request method=POST path=/api/v1/agents/be4f6e48-15e8-4bc9-935b-3f2e33618293/publications status=200 latencyMs=83
2026-10-07T17:48:23.589+08:00 INFO  [main] [requestId=495ee05b-6bd3-4386-8e8d-f5daf9c0d41e] c.hify.common.RequestLoggingFilter - http.request method=POST path=/api/v1/conversations status=201 latencyMs=6
2026-10-07T17:48:23.675+08:00 INFO  [main] [requestId=c82e8a3b-17f8-4e82-9f72-817421980912] c.hify.common.RequestLoggingFilter - http.request method=POST path=/api/v1/conversations/fccd4b07-f13e-429d-8611-91c901111064/runs status=202 latencyMs=85
2026-10-07T17:48:23.677+08:00 INFO  [main] [requestId=c7b59f8c-378c-4433-8548-34157f4050ae] c.hify.common.RequestLoggingFilter - http.request method=GET path=/api/v1/runs/c9c508ff-5625-4976-993b-3ee25798732f status=200 latencyMs=1
2026-10-07T17:48:23.758+08:00 INFO  [main] [requestId=b70803dc-ffd7-4fb3-9b12-4d7fdd267c94] c.hify.common.RequestLoggingFilter - http.request method=GET path=/api/v1/runs/c9c508ff-5625-4976-993b-3ee25798732f status=200 latencyMs=1
2026-10-07T17:48:23.779+08:00 INFO  [main] [requestId=7373cf88-842e-41c8-bec5-dbcb22f880a1] c.hify.common.RequestLoggingFilter - http.request method=POST path=/api/v1/workflow-versions/42317041-9014-4eb3-8dcf-3d42dceb63b0/runs status=202 latencyMs=18
2026-10-07T17:48:23.795+08:00 INFO  [main] [requestId=fed5e006-54df-49f3-9483-a502fb07acc7] c.hify.common.RequestLoggingFilter - http.request method=POST path=/api/v1/conversations/fccd4b07-f13e-429d-8611-91c901111064/runs status=202 latencyMs=13
2026-10-07T17:48:23.797+08:00 INFO  [main] [requestId=22334584-be23-4969-a429-95cca8cf763e] c.hify.common.RequestLoggingFilter - http.request method=GET path=/api/v1/runs/4538df2d-faef-46f1-a1ab-6f16c9ce80b4 status=200 latencyMs=1
2026-10-07T17:48:23.846+08:00 INFO  [main] [requestId=6518f823-cdc9-43e4-8b9e-d1f3a8f52536] c.hify.common.RequestLoggingFilter - http.request method=GET path=/api/v1/runs/4538df2d-faef-46f1-a1ab-6f16c9ce80b4 status=200 latencyMs=1
2026-10-07T17:48:23.929+08:00 INFO  [main] [requestId=9ac93dff-b599-4213-9dd7-5df6d3749f1f] c.hify.common.RequestLoggingFilter - http.request method=POST path=/api/v1/conversations/fccd4b07-f13e-429d-8611-91c901111064/runs status=202 latencyMs=37
2026-10-07T17:48:23.931+08:00 INFO  [main] [requestId=40820a80-3c7c-485d-811b-021a84058562] c.hify.common.RequestLoggingFilter - http.request method=GET path=/api/v1/runs/8f93eff3-2bb9-41a2-9875-00bbb11c8e5f status=200 latencyMs=1
2026-10-07T17:48:23.994+08:00 INFO  [main] [requestId=502642de-cd70-4f14-bc6f-41f3c570793f] c.hify.common.RequestLoggingFilter - http.request method=GET path=/api/v1/runs/8f93eff3-2bb9-41a2-9875-00bbb11c8e5f status=200 latencyMs=4
2026-10-07T17:48:24.080+08:00 INFO  [main] [requestId=f08fb0aa-d819-4209-80c1-6f06da9594a2] c.hify.common.RequestLoggingFilter - http.request method=GET path=/api/v1/runs/8f93eff3-2bb9-41a2-9875-00bbb11c8e5f status=200 latencyMs=3
2026-10-07T17:48:24.124+08:00 INFO  [main] [requestId=b360b33d-26b8-4264-a1a4-a75177f36596] c.hify.common.RequestLoggingFilter - http.request method=POST path=/api/v1/knowledge-bases status=201 latencyMs=8
2026-10-07T17:48:24.134+08:00 INFO  [main] [requestId=3ca217d0-bde1-4016-b1d6-f312af47fa07] c.hify.common.RequestLoggingFilter - http.request method=POST path=/api/v1/knowledge-bases/b0b61131-eec8-4410-84f9-9a00834b9511/documents status=202 latencyMs=8
2026-10-07T17:48:24.139+08:00 INFO  [main] [requestId=e2c6e1f5-83c7-436e-abe5-441f8c42d1ee] c.hify.common.RequestLoggingFilter - http.request method=GET path=/api/v1/documents/63cd2719-f000-4237-92c4-79268f349892 status=200 latencyMs=4
2026-10-07T17:48:24.313+08:00 INFO  [main] [requestId=28b00573-5764-4c97-bc07-6847e11bc8a5] c.hify.common.RequestLoggingFilter - http.request method=GET path=/api/v1/documents/63cd2719-f000-4237-92c4-79268f349892 status=200 latencyMs=10
2026-10-07T17:48:25.417+08:00 INFO  [main] [requestId=8e1eac6b-4572-466f-b373-0ae25636feae] c.hify.common.RequestLoggingFilter - http.request method=POST path=/api/v1/knowledge-bases status=201 latencyMs=12
2026-10-07T17:48:25.429+08:00 INFO  [main] [requestId=65c21d36-b57a-4766-8009-35125fa119f1] c.hify.common.RequestLoggingFilter - http.request method=POST path=/api/v1/knowledge-bases/7fceb52e-b668-4c2b-8f2a-e61f79935239/documents status=202 latencyMs=10
2026-10-07T17:48:25.435+08:00 INFO  [main] [requestId=02620bbd-bd16-4c4c-a61d-b18e48a7d8c5] c.hify.common.RequestLoggingFilter - http.request method=GET path=/api/v1/documents/b039c279-fe41-4d01-8d95-273083699ac5 status=200 latencyMs=4
2026-10-07T17:48:25.610+08:00 INFO  [main] [requestId=e795b783-0590-4510-afd2-006fb755e938] c.hify.common.RequestLoggingFilter - http.request method=GET path=/api/v1/documents/b039c279-fe41-4d01-8d95-273083699ac5 status=200 latencyMs=2
2026-10-07T17:48:25.627+08:00 INFO  [main] [requestId=c801e7ad-bf78-43da-9837-e1c4a13ec7c3] c.hify.common.RequestLoggingFilter - http.request method=POST path=/api/v1/knowledge-bases status=201 latencyMs=2
2026-10-07T17:48:25.662+08:00 INFO  [main] [requestId=c0ad4d3d-1809-4a05-bd99-abd19a356fa5] c.hify.common.RequestLoggingFilter - http.request method=POST path=/api/v1/knowledge-bases status=201 latencyMs=4
2026-10-07T17:48:25.667+08:00 INFO  [main] [requestId=091998b3-b98d-4da5-b840-a5ba92e4f6f2] c.hify.common.RequestLoggingFilter - http.request method=POST path=/api/v1/knowledge-bases/d6bf5b93-602d-431c-83a4-28b4c19d28a4/documents status=202 latencyMs=4
2026-10-07T17:48:25.670+08:00 INFO  [main] [requestId=2d17d0da-f9b2-4057-89d5-74ee27620122] c.hify.common.RequestLoggingFilter - http.request method=GET path=/api/v1/documents/9e542da9-0455-404f-8bbb-977160fba1f4 status=200 latencyMs=1
2026-10-07T17:48:25.837+08:00 INFO  [main] [requestId=8103bc3e-dbba-4133-b688-2d9ac7a4357a] c.hify.common.RequestLoggingFilter - http.request method=GET path=/api/v1/documents/9e542da9-0455-404f-8bbb-977160fba1f4 status=200 latencyMs=4
[INFO] Tests run: 19, Failures: 0, Errors: 0, Skipped: 0, Time elapsed: 16.95 s -- in com.hify.api.WorkflowKnowledgeReviewPostgresTest
[INFO] Running com.hify.api.WorkflowTerminalPostgresTest
2026-10-07T17:48:26.397+08:00 INFO  [main] [requestId=] tc.pgvector/pgvector:pg16 - Creating container for image: pgvector/pgvector:pg16
2026-10-07T17:48:26.663+08:00 INFO  [main] [requestId=] tc.pgvector/pgvector:pg16 - Container pgvector/pgvector:pg16 is starting: 3dcd70a6c5881188b0e65d1914d412b157b4fa80627537e8e7b361ee12675b8e
2026-10-07T17:48:27.716+08:00 INFO  [main] [requestId=] tc.pgvector/pgvector:pg16 - Container pgvector/pgvector:pg16 started in PT1.318715S
2026-10-07T17:48:27.721+08:00 INFO  [main] [requestId=] tc.pgvector/pgvector:pg16 - Container is started (JDBC URL: jdbc:postgresql://127.0.0.1:32771/workflow_upgrade?loggerLevel=OFF)
2026-10-07T17:48:27.804+08:00 INFO  [main] [requestId=] org.flywaydb.core.FlywayExecutor - Database: jdbc:postgresql://127.0.0.1:32771/workflow_upgrade?loggerLevel=OFF (PostgreSQL 16.15)
2026-10-07T17:48:27.821+08:00 INFO  [main] [requestId=] o.f.c.i.s.JdbcTableSchemaHistory - Schema history table "public"."flyway_schema_history" does not exist yet
2026-10-07T17:48:27.823+08:00 INFO  [main] [requestId=] o.f.core.internal.command.DbValidate - Successfully validated 24 migrations (execution time 00:00.013s)
2026-10-07T17:48:27.828+08:00 INFO  [main] [requestId=] o.f.c.i.s.JdbcTableSchemaHistory - Creating Schema History table "public"."flyway_schema_history" ...
2026-10-07T17:48:27.853+08:00 INFO  [main] [requestId=] o.f.core.internal.command.DbMigrate - Current version of schema "public": << Empty Schema >>
2026-10-07T17:48:27.858+08:00 INFO  [main] [requestId=] o.f.core.internal.command.DbMigrate - Migrating schema "public" to version "1 - baseline"
2026-10-07T17:48:27.890+08:00 INFO  [main] [requestId=] o.f.core.internal.command.DbMigrate - Migrating schema "public" to version "2 - demo item"
2026-10-07T17:48:27.899+08:00 INFO  [main] [requestId=] o.f.core.internal.command.DbMigrate - Migrating schema "public" to version "3 - run replan control"
2026-10-07T17:48:27.924+08:00 INFO  [main] [requestId=] o.f.core.internal.command.DbMigrate - Migrating schema "public" to version "4 - run context state"
2026-10-07T17:48:27.932+08:00 INFO  [main] [requestId=] o.f.core.internal.command.DbMigrate - Migrating schema "public" to version "5 - provider catalog"
2026-10-07T17:48:27.949+08:00 INFO  [main] [requestId=] o.f.core.internal.command.DbMigrate - Migrating schema "public" to version "6 - agent publishing"
2026-10-07T17:48:27.962+08:00 INFO  [main] [requestId=] o.f.core.internal.command.DbMigrate - Migrating schema "public" to version "7 - agent archive and tool bindings"
2026-10-07T17:48:27.970+08:00 INFO  [main] [requestId=] o.f.core.internal.command.DbMigrate - Migrating schema "public" to version "8 - backfill agent tool bindings"
2026-10-07T17:48:27.974+08:00 INFO  [main] [requestId=] o.f.core.internal.command.DbMigrate - Migrating schema "public" to version "9 - runtime capability and history"
2026-10-07T17:48:28.004+08:00 INFO  [main] [requestId=] o.f.core.internal.command.DbMigrate - Migrating schema "public" to version "10 - child agent task protocol"
2026-10-07T17:48:28.019+08:00 INFO  [main] [requestId=] o.f.core.internal.command.DbMigrate - Migrating schema "public" to version "11 - context memory catalog"
2026-10-07T17:48:28.035+08:00 INFO  [main] [requestId=] o.f.core.internal.command.DbMigrate - Migrating schema "public" to version "12 - history full text index"
2026-10-07T17:48:28.041+08:00 INFO  [main] [requestId=] o.f.core.internal.command.DbMigrate - Migrating schema "public" to version "13 - history vector index"
2026-10-07T17:48:28.069+08:00 INFO  [main] [requestId=] o.f.core.internal.command.DbMigrate - Migrating schema "public" to version "14 - knowledge catalog"
2026-10-07T17:48:28.082+08:00 INFO  [main] [requestId=] o.f.core.internal.command.DbMigrate - Migrating schema "public" to version "15 - knowledge search indexes"
2026-10-07T17:48:28.095+08:00 INFO  [main] [requestId=] o.f.core.internal.command.DbMigrate - Migrating schema "public" to version "16 - workflow runtime"
2026-10-07T17:48:28.112+08:00 INFO  [main] [requestId=] o.f.core.internal.command.DbMigrate - Migrating schema "public" to version "17 - mcp server registry"
2026-10-07T17:48:28.128+08:00 INFO  [main] [requestId=] o.f.core.internal.command.DbMigrate - Migrating schema "public" to version "18 - agent knowledge capability"
2026-10-07T17:48:28.142+08:00 INFO  [main] [requestId=] o.f.core.internal.command.DbMigrate - Migrating schema "public" to version "19 - agent workflow mcp capabilities"
2026-10-07T17:48:28.167+08:00 INFO  [main] [requestId=] o.f.core.internal.command.DbMigrate - Migrating schema "public" to version "20 - mcp encrypted credentials"
2026-10-07T17:48:28.175+08:00 INFO  [main] [requestId=] o.f.core.internal.command.DbMigrate - Successfully applied 20 migrations to schema "public", now at version v20 (execution time 00:00.152s)
2026-10-07T17:48:28.251+08:00 INFO  [main] [requestId=] org.flywaydb.core.FlywayExecutor - Database: jdbc:postgresql://127.0.0.1:32771/workflow_upgrade?loggerLevel=OFF (PostgreSQL 16.15)
2026-10-07T17:48:28.272+08:00 INFO  [main] [requestId=] o.f.core.internal.command.DbValidate - Successfully validated 24 migrations (execution time 00:00.014s)
2026-10-07T17:48:28.292+08:00 INFO  [main] [requestId=] o.f.core.internal.command.DbMigrate - Current version of schema "public": 20
2026-10-07T17:48:28.294+08:00 INFO  [main] [requestId=] o.f.core.internal.command.DbMigrate - Migrating schema "public" to version "21 - workflow control terminal states"
2026-10-07T17:48:28.303+08:00 INFO  [main] [requestId=] o.f.core.internal.command.DbMigrate - Migrating schema "public" to version "22 - workflow interrupted state"
2026-10-07T17:48:28.310+08:00 INFO  [main] [requestId=] o.f.core.internal.command.DbMigrate - Migrating schema "public" to version "23 - history operation recovery"
2026-10-07T17:48:28.319+08:00 INFO  [main] [requestId=] o.f.core.internal.command.DbMigrate - Migrating schema "public" to version "24 - semantic embedding profiles"
2026-10-07T17:48:28.325+08:00 INFO  [main] [requestId=] o.f.core.internal.command.DbMigrate - Successfully applied 4 migrations to schema "public", now at version v24 (execution time 00:00.012s)
[INFO] Tests run: 1, Failures: 0, Errors: 0, Skipped: 0, Time elapsed: 2.323 s -- in com.hify.api.WorkflowTerminalPostgresTest
[INFO] Running com.hify.api.RunShutdownPostgresTest
2026-10-07T17:48:28.717+08:00 INFO  [main] [requestId=] tc.pgvector/pgvector:pg16 - Creating container for image: pgvector/pgvector:pg16
2026-10-07T17:48:28.768+08:00 INFO  [main] [requestId=] tc.pgvector/pgvector:pg16 - Container pgvector/pgvector:pg16 is starting: 8ca3565424b81a23de126e4be2bafb0ba31a81e510f67e3d73111b67d81fa27d
2026-10-07T17:48:29.784+08:00 INFO  [main] [requestId=] tc.pgvector/pgvector:pg16 - Container pgvector/pgvector:pg16 started in PT1.066371S
2026-10-07T17:48:29.790+08:00 INFO  [main] [requestId=] tc.pgvector/pgvector:pg16 - Container is started (JDBC URL: jdbc:postgresql://127.0.0.1:32772/shutdown_test?loggerLevel=OFF)
[shutdown-diagnostic] seconds=0.000 phase=model-begin interrupted=false
[shutdown-diagnostic] seconds=0.014 phase=model-first-context-starting interrupted=false
[startup-detail] wallMs=8552.093 currentThreadCpuMs=2686.210 completedEvents=977 interrupted=false
[startup-detail] id=4 stage=spring.context.refresh bean=other durationMs=8228.663
[startup-detail] id=88 stage=spring.beans.instantiate bean=other durationMs=2639.276
[startup-detail] id=89 stage=spring.beans.instantiate bean=other durationMs=2613.236
[startup-detail] id=58 stage=spring.beans.instantiate bean=other durationMs=2438.222
[startup-detail] id=5 stage=spring.context.beans.post-process bean=other durationMs=2143.873
[startup-detail] id=8 stage=other bean=other durationMs=1847.330
[startup-detail] id=9 stage=other bean=other durationMs=1842.518
[startup-detail] id=90 stage=spring.beans.instantiate bean=other durationMs=1267.534
[startup-detail] id=73 stage=spring.beans.instantiate bean=flywayInitializer durationMs=721.103
[startup-detail] id=77 stage=spring.beans.instantiate bean=other durationMs=507.536
[startup-detail] id=236 stage=spring.beans.instantiate bean=other durationMs=457.908
[startup-detail] id=95 stage=spring.beans.instantiate bean=other durationMs=421.480
[shutdown-diagnostic] seconds=8.643 phase=model-first-context-started interrupted=false
[shutdown-diagnostic] seconds=9.284 phase=model-entered-before-close interrupted=false
[shutdown-diagnostic] seconds=10.133 phase=model-first-context-close-returned interrupted=false
[shutdown-diagnostic] seconds=10.442 phase=model-persistence-assertions-passed interrupted=false
[shutdown-diagnostic] seconds=10.442 phase=model-second-context-starting interrupted=false
[startup-detail] wallMs=6234.739 currentThreadCpuMs=2060.364 completedEvents=977 interrupted=false
[startup-detail] id=4 stage=spring.context.refresh bean=other durationMs=5006.809
[startup-detail] id=5 stage=spring.context.beans.post-process bean=other durationMs=1537.502
[startup-detail] id=8 stage=other bean=other durationMs=1411.394
[startup-detail] id=9 stage=other bean=other durationMs=1404.416
[startup-detail] id=88 stage=spring.beans.instantiate bean=other durationMs=1077.058
[startup-detail] id=89 stage=spring.beans.instantiate bean=other durationMs=1060.639
[startup-detail] id=950 stage=spring.beans.instantiate bean=other durationMs=571.104
[startup-detail] id=1 stage=spring.boot.application.environment-prepared bean=other durationMs=463.899
[startup-detail] id=236 stage=spring.beans.instantiate bean=other durationMs=413.627
[startup-detail] id=58 stage=spring.beans.instantiate bean=other durationMs=289.024
[startup-detail] id=90 stage=spring.beans.instantiate bean=other durationMs=233.904
[startup-detail] id=247 stage=spring.beans.instantiate bean=other durationMs=184.841
[shutdown-diagnostic] seconds=16.833 phase=model-second-context-started interrupted=false
[shutdown-diagnostic] seconds=17.505 phase=model-recovery-assertions-passed interrupted=false
[shutdown-diagnostic] seconds=17.541 phase=model-second-context-close-returned interrupted=false
[shutdown-diagnostic] seconds=0.000 phase=model-begin interrupted=false
[shutdown-diagnostic] seconds=0.000 phase=model-first-context-starting interrupted=false
[startup-detail] wallMs=6095.461 currentThreadCpuMs=2028.133 completedEvents=977 interrupted=false
[startup-detail] id=4 stage=spring.context.refresh bean=other durationMs=5966.537
[startup-detail] id=5 stage=spring.context.beans.post-process bean=other durationMs=2153.275
[startup-detail] id=8 stage=other bean=other durationMs=2028.707
[startup-detail] id=9 stage=other bean=other durationMs=2024.942
[startup-detail] id=58 stage=spring.beans.instantiate bean=other durationMs=1749.255
[startup-detail] id=88 stage=spring.beans.instantiate bean=other durationMs=1454.173
[startup-detail] id=89 stage=spring.beans.instantiate bean=other durationMs=1431.301
[startup-detail] id=73 stage=spring.beans.instantiate bean=flywayInitializer durationMs=1055.974
[startup-detail] id=90 stage=spring.beans.instantiate bean=other durationMs=426.650
[startup-detail] id=236 stage=spring.beans.instantiate bean=other durationMs=265.859
[startup-detail] id=94 stage=spring.beans.instantiate bean=other durationMs=166.838
[startup-detail] id=474 stage=spring.beans.instantiate bean=other durationMs=158.638
[shutdown-diagnostic] seconds=6.136 phase=model-first-context-started interrupted=false
[shutdown-diagnostic] seconds=6.252 phase=model-entered-before-close interrupted=false
[shutdown-diagnostic] seconds=6.269 phase=model-first-context-close-returned interrupted=false
[shutdown-diagnostic] seconds=6.370 phase=model-persistence-assertions-passed interrupted=false
[shutdown-diagnostic] seconds=6.370 phase=model-second-context-starting interrupted=false
[startup-detail] wallMs=4221.814 currentThreadCpuMs=1919.463 completedEvents=977 interrupted=false
[startup-detail] id=4 stage=spring.context.refresh bean=other durationMs=4145.182
[startup-detail] id=88 stage=spring.beans.instantiate bean=other durationMs=1628.474
[startup-detail] id=89 stage=spring.beans.instantiate bean=other durationMs=1623.746
[startup-detail] id=5 stage=spring.context.beans.post-process bean=other durationMs=1202.972
[startup-detail] id=8 stage=other bean=other durationMs=1164.929
[startup-detail] id=9 stage=other bean=other durationMs=1163.398
[startup-detail] id=58 stage=spring.beans.instantiate bean=other durationMs=833.189
[startup-detail] id=236 stage=spring.beans.instantiate bean=other durationMs=829.884
[startup-detail] id=246 stage=spring.beans.instantiate bean=other durationMs=389.291
[startup-detail] id=73 stage=spring.beans.instantiate bean=flywayInitializer durationMs=210.068
[startup-detail] id=296 stage=spring.beans.instantiate bean=other durationMs=204.248
[startup-detail] id=419 stage=spring.beans.instantiate bean=other durationMs=182.908
[shutdown-diagnostic] seconds=10.595 phase=model-second-context-started interrupted=false
[shutdown-diagnostic] seconds=10.857 phase=model-recovery-assertions-passed interrupted=false
[shutdown-diagnostic] seconds=10.874 phase=model-second-context-close-returned interrupted=false
[shutdown-diagnostic] seconds=0.000 phase=begin interrupted=false
[startup-detail] wallMs=4398.009 currentThreadCpuMs=1874.628 completedEvents=978 interrupted=false
[startup-detail] id=4 stage=spring.context.refresh bean=other durationMs=3585.460
[startup-detail] id=58 stage=spring.beans.instantiate bean=other durationMs=835.333
[startup-detail] id=87 stage=spring.beans.instantiate bean=other durationMs=742.717
[startup-detail] id=73 stage=spring.beans.instantiate bean=flywayInitializer durationMs=489.344
[startup-detail] id=267 stage=spring.beans.instantiate bean=other durationMs=458.796
[startup-detail] id=268 stage=spring.beans.instantiate bean=other durationMs=444.314
[startup-detail] id=5 stage=spring.context.beans.post-process bean=other durationMs=315.374
[startup-detail] id=88 stage=spring.beans.instantiate bean=other durationMs=314.127
[startup-detail] id=8 stage=other bean=other durationMs=283.151
[startup-detail] id=9 stage=other bean=other durationMs=281.197
[startup-detail] id=89 stage=spring.beans.instantiate bean=other durationMs=277.601
[startup-detail] id=90 stage=spring.beans.instantiate bean=other durationMs=276.964
[shutdown-diagnostic] seconds=4.405 phase=first-context-started interrupted=false
[shutdown-diagnostic] seconds=4.904 phase=computed-result-ready interrupted=false
[shutdown-diagnostic] seconds=4.914 phase=first-context-closing interrupted=false
[shutdown-diagnostic] seconds=5.301 phase=first-context-close-returned interrupted=false
[shutdown-diagnostic] seconds=5.479 phase=persistence-assertions-passed interrupted=false
[startup-detail] wallMs=3566.885 currentThreadCpuMs=1896.374 completedEvents=977 interrupted=false
[startup-detail] id=4 stage=spring.context.refresh bean=other durationMs=3245.172
[startup-detail] id=88 stage=spring.beans.instantiate bean=other durationMs=1109.157
[startup-detail] id=89 stage=spring.beans.instantiate bean=other durationMs=1096.383
[startup-detail] id=5 stage=spring.context.beans.post-process bean=other durationMs=1012.360
[startup-detail] id=8 stage=other bean=other durationMs=753.571
[startup-detail] id=9 stage=other bean=other durationMs=743.683
[startup-detail] id=236 stage=spring.beans.instantiate bean=other durationMs=423.751
[startup-detail] id=296 stage=spring.beans.instantiate bean=other durationMs=384.091
[startup-detail] id=58 stage=spring.beans.instantiate bean=other durationMs=374.853
[startup-detail] id=297 stage=spring.beans.instantiate bean=other durationMs=295.234
[startup-detail] id=298 stage=spring.beans.instantiate bean=other durationMs=292.301
[startup-detail] id=237 stage=spring.beans.instantiate bean=other durationMs=149.682
[shutdown-diagnostic] seconds=9.070 phase=second-context-started interrupted=false
[shutdown-diagnostic] seconds=9.146 phase=recovery-assertions-passed interrupted=false
[shutdown-diagnostic] seconds=9.163 phase=second-context-close-returned interrupted=false
[INFO] Tests run: 3, Failures: 0, Errors: 0, Skipped: 0, Time elapsed: 39.85 s -- in com.hify.api.RunShutdownPostgresTest
[INFO] Running com.hify.api.KnowledgeFinishPostgresTest

  .   ____          _            __ _ _
 /\\ / ___'_ __ _ _(_)_ __  __ _ \ \ \ \
( ( )\___ | '_ | '_| | '_ \/ _` | \ \ \ \
 \\/  ___)| |_)| | | | | || (_| |  ) ) ) )
  '  |____| .__|_| |_|_| |_\__, | / / / /
 =========|_|==============|___/=/_/_/_/

 :: Spring Boot ::                (v3.4.5)

2026-10-07T17:49:10.289+08:00 INFO  [main] [requestId=] c.h.api.KnowledgeFinishPostgresTest - Starting KnowledgeFinishPostgresTest using Java 17.0.19 with PID 11524 (started by weberzhao in /private/tmp/hify-course-20261006.hhEhwt/retrieval-worktree/backend/hify-app)
2026-10-07T17:49:10.291+08:00 INFO  [main] [requestId=] c.h.api.KnowledgeFinishPostgresTest - No active profile set, falling back to 1 default profile: "default"
2026-10-07T17:49:10.647+08:00 INFO  [main] [requestId=] o.s.d.r.c.RepositoryConfigurationDelegate - Multiple Spring Data modules found, entering strict repository configuration mode
2026-10-07T17:49:10.647+08:00 INFO  [main] [requestId=] o.s.d.r.c.RepositoryConfigurationDelegate - Bootstrapping Spring Data JPA repositories in DEFAULT mode.
2026-10-07T17:49:10.855+08:00 INFO  [main] [requestId=] o.s.d.r.c.RepositoryConfigurationDelegate - Finished Spring Data repository scanning in 125 ms. Found 34 JPA repository interfaces.
2026-10-07T17:49:10.991+08:00 INFO  [main] [requestId=] com.zaxxer.hikari.HikariDataSource - HikariPool-9 - Starting...
2026-10-07T17:49:11.024+08:00 INFO  [main] [requestId=] com.zaxxer.hikari.pool.HikariPool - HikariPool-9 - Added connection org.postgresql.jdbc.PgConnection@325b6eea
2026-10-07T17:49:11.025+08:00 INFO  [main] [requestId=] com.zaxxer.hikari.HikariDataSource - HikariPool-9 - Start completed.
2026-10-07T17:49:11.028+08:00 INFO  [main] [requestId=] org.flywaydb.core.FlywayExecutor - Database: jdbc:postgresql://127.0.0.1:32773/knowledge_finish?loggerLevel=OFF (PostgreSQL 16.15)
2026-10-07T17:49:11.035+08:00 INFO  [main] [requestId=] o.f.c.i.s.JdbcTableSchemaHistory - Schema history table "public"."flyway_schema_history" does not exist yet
2026-10-07T17:49:11.035+08:00 INFO  [main] [requestId=] o.f.core.internal.command.DbValidate - Successfully validated 24 migrations (execution time 00:00.003s)
2026-10-07T17:49:11.040+08:00 INFO  [main] [requestId=] o.f.c.i.s.JdbcTableSchemaHistory - Creating Schema History table "public"."flyway_schema_history" ...
2026-10-07T17:49:11.061+08:00 INFO  [main] [requestId=] o.f.core.internal.command.DbMigrate - Current version of schema "public": << Empty Schema >>
2026-10-07T17:49:11.062+08:00 INFO  [main] [requestId=] o.f.core.internal.command.DbMigrate - Migrating schema "public" to version "1 - baseline"
2026-10-07T17:49:11.083+08:00 INFO  [main] [requestId=] o.f.core.internal.command.DbMigrate - Migrating schema "public" to version "2 - demo item"
2026-10-07T17:49:11.088+08:00 INFO  [main] [requestId=] o.f.core.internal.command.DbMigrate - Migrating schema "public" to version "3 - run replan control"
2026-10-07T17:49:11.093+08:00 INFO  [main] [requestId=] o.f.core.internal.command.DbMigrate - Migrating schema "public" to version "4 - run context state"
2026-10-07T17:49:11.100+08:00 INFO  [main] [requestId=] o.f.core.internal.command.DbMigrate - Migrating schema "public" to version "5 - provider catalog"
2026-10-07T17:49:11.113+08:00 INFO  [main] [requestId=] o.f.core.internal.command.DbMigrate - Migrating schema "public" to version "6 - agent publishing"
2026-10-07T17:49:11.126+08:00 INFO  [main] [requestId=] o.f.core.internal.command.DbMigrate - Migrating schema "public" to version "7 - agent archive and tool bindings"
2026-10-07T17:49:11.134+08:00 INFO  [main] [requestId=] o.f.core.internal.command.DbMigrate - Migrating schema "public" to version "8 - backfill agent tool bindings"
2026-10-07T17:49:11.141+08:00 INFO  [main] [requestId=] o.f.core.internal.command.DbMigrate - Migrating schema "public" to version "9 - runtime capability and history"
2026-10-07T17:49:11.154+08:00 INFO  [main] [requestId=] o.f.core.internal.command.DbMigrate - Migrating schema "public" to version "10 - child agent task protocol"
2026-10-07T17:49:11.167+08:00 INFO  [main] [requestId=] o.f.core.internal.command.DbMigrate - Migrating schema "public" to version "11 - context memory catalog"
2026-10-07T17:49:11.183+08:00 INFO  [main] [requestId=] o.f.core.internal.command.DbMigrate - Migrating schema "public" to version "12 - history full text index"
2026-10-07T17:49:11.188+08:00 INFO  [main] [requestId=] o.f.core.internal.command.DbMigrate - Migrating schema "public" to version "13 - history vector index"
2026-10-07T17:49:11.207+08:00 INFO  [main] [requestId=] o.f.core.internal.command.DbMigrate - Migrating schema "public" to version "14 - knowledge catalog"
2026-10-07T17:49:11.220+08:00 INFO  [main] [requestId=] o.f.core.internal.command.DbMigrate - Migrating schema "public" to version "15 - knowledge search indexes"
2026-10-07T17:49:11.233+08:00 INFO  [main] [requestId=] o.f.core.internal.command.DbMigrate - Migrating schema "public" to version "16 - workflow runtime"
2026-10-07T17:49:11.318+08:00 INFO  [main] [requestId=] o.f.core.internal.command.DbMigrate - Migrating schema "public" to version "17 - mcp server registry"
2026-10-07T17:49:11.358+08:00 INFO  [main] [requestId=] o.f.core.internal.command.DbMigrate - Migrating schema "public" to version "18 - agent knowledge capability"
2026-10-07T17:49:11.391+08:00 INFO  [main] [requestId=] o.f.core.internal.command.DbMigrate - Migrating schema "public" to version "19 - agent workflow mcp capabilities"
2026-10-07T17:49:11.418+08:00 INFO  [main] [requestId=] o.f.core.internal.command.DbMigrate - Migrating schema "public" to version "20 - mcp encrypted credentials"
2026-10-07T17:49:11.431+08:00 INFO  [main] [requestId=] o.f.core.internal.command.DbMigrate - Migrating schema "public" to version "21 - workflow control terminal states"
2026-10-07T17:49:11.453+08:00 INFO  [main] [requestId=] o.f.core.internal.command.DbMigrate - Migrating schema "public" to version "22 - workflow interrupted state"
2026-10-07T17:49:11.483+08:00 INFO  [main] [requestId=] o.f.core.internal.command.DbMigrate - Migrating schema "public" to version "23 - history operation recovery"
2026-10-07T17:49:11.494+08:00 INFO  [main] [requestId=] o.f.core.internal.command.DbMigrate - Migrating schema "public" to version "24 - semantic embedding profiles"
2026-10-07T17:49:11.506+08:00 INFO  [main] [requestId=] o.f.core.internal.command.DbMigrate - Successfully applied 24 migrations to schema "public", now at version v24 (execution time 00:00.206s)
2026-10-07T17:49:11.575+08:00 INFO  [main] [requestId=] o.h.jpa.internal.util.LogHelper - HHH000204: Processing PersistenceUnitInfo [name: default]
2026-10-07T17:49:11.581+08:00 INFO  [main] [requestId=] o.h.c.i.RegionFactoryInitiator - HHH000026: Second-level cache disabled
2026-10-07T17:49:11.689+08:00 INFO  [main] [requestId=] o.s.o.j.p.SpringPersistenceUnitInfo - No LoadTimeWeaver setup: ignoring JPA class transformer
2026-10-07T17:49:11.706+08:00 INFO  [main] [requestId=] o.hibernate.orm.connections.pooling - HHH10001005: Database info:
	Database JDBC URL [Connecting through datasource 'HikariDataSource (HikariPool-9)']
	Database driver: undefined/unknown
	Database version: 16.15
	Autocommit mode: undefined/unknown
	Isolation level: undefined/unknown
	Minimum pool size: undefined/unknown
	Maximum pool size: undefined/unknown
2026-10-07T17:49:11.810+08:00 INFO  [main] [requestId=] o.h.e.t.j.p.i.JtaPlatformInitiator - HHH000489: No JTA platform available (set 'hibernate.transaction.jta.platform' to enable JTA platform integration)
2026-10-07T17:49:11.827+08:00 INFO  [main] [requestId=] o.s.o.j.LocalContainerEntityManagerFactoryBean - Initialized JPA EntityManagerFactory for persistence unit 'default'
2026-10-07T17:49:14.441+08:00 INFO  [main] [requestId=] c.b.m.s.MybatisPlusApplicationContextAware - Register ApplicationContext instances org.springframework.web.context.support.GenericWebApplicationContext@78c368f8
2026-10-07T17:49:14.931+08:00 INFO  [main] [requestId=] o.s.b.t.m.w.SpringBootMockServletContext - Initializing Spring TestDispatcherServlet ''
2026-10-07T17:49:14.931+08:00 INFO  [main] [requestId=] o.s.t.w.s.TestDispatcherServlet - Initializing Servlet ''
2026-10-07T17:49:14.935+08:00 INFO  [main] [requestId=] o.s.b.a.e.web.EndpointLinksResolver - Exposing 2 endpoints beneath base path '/actuator'
2026-10-07T17:49:14.971+08:00 INFO  [main] [requestId=] o.s.t.w.s.TestDispatcherServlet - Completed initialization in 40 ms
2026-10-07T17:49:15.016+08:00 INFO  [main] [requestId=] c.h.api.KnowledgeFinishPostgresTest - Started KnowledgeFinishPostgresTest in 4.822 seconds (process running for 101.182)
2026-10-07T17:49:15.433+08:00 INFO  [main] [requestId=] o.s.o.j.LocalContainerEntityManagerFactoryBean - Closing JPA EntityManagerFactory for persistence unit 'default'
2026-10-07T17:49:15.442+08:00 INFO  [main] [requestId=] com.zaxxer.hikari.HikariDataSource - HikariPool-1 - Shutdown initiated...
2026-10-07T17:49:15.453+08:00 INFO  [main] [requestId=] com.zaxxer.hikari.HikariDataSource - HikariPool-1 - Shutdown completed.
2026-10-07T17:49:15.543+08:00 INFO  [main] [requestId=4496370e-fde1-48a6-9099-4d8a08996e8f] c.hify.common.RequestLoggingFilter - http.request method=POST path=/api/v1/knowledge-bases status=201 latencyMs=45
2026-10-07T17:49:15.596+08:00 INFO  [main] [requestId=406e72aa-405e-4979-bf4a-8a6a46642010] c.hify.common.RequestLoggingFilter - http.request method=POST path=/api/v1/knowledge-bases status=201 latencyMs=7
2026-10-07T17:49:15.722+08:00 INFO  [main] [requestId=d35fe69d-0d46-48e7-9bbe-36d16123560e] c.hify.common.RequestLoggingFilter - http.request method=POST path=/api/v1/workflows status=201 latencyMs=124
2026-10-07T17:49:15.730+08:00 INFO  [main] [requestId=83261dbf-1a4f-4785-9b94-9407677396ef] c.hify.common.RequestLoggingFilter - http.request method=POST path=/api/v1/workflows status=400 latencyMs=5
2026-10-07T17:49:15.734+08:00 INFO  [main] [requestId=44ed77f7-c2e8-466b-b41e-d41a4775fe81] c.hify.common.RequestLoggingFilter - http.request method=PUT path=/api/v1/workflows/d6b293c9-0ec8-483e-9dd3-bcb566ec6b39 status=400 latencyMs=3
2026-10-07T17:49:15.762+08:00 INFO  [main] [requestId=c6087721-4568-4be4-aeb1-369910130993] c.hify.common.RequestLoggingFilter - http.request method=POST path=/api/v1/workflow-versions/23c73dee-4023-476d-b240-cd460fcd59ac/runs status=409 latencyMs=17
2026-10-07T17:49:15.814+08:00 INFO  [main] [requestId=73095881-0b03-44fc-82c8-d283c958cffb] c.hify.common.RequestLoggingFilter - http.request method=POST path=/api/v1/knowledge-bases status=201 latencyMs=16
2026-10-07T17:49:15.840+08:00 INFO  [main] [requestId=fac4d49c-b8cd-4496-baeb-ad650edf6889] c.hify.common.RequestLoggingFilter - http.request method=POST path=/api/v1/knowledge-bases/e5c9270d-f149-4900-8544-c0e18ec07921/documents status=202 latencyMs=24
2026-10-07T17:49:15.860+08:00 INFO  [main] [requestId=b7cd7f1f-21b6-4bd8-a696-fd6773e76b13] c.hify.common.RequestLoggingFilter - http.request method=GET path=/api/v1/documents/a79f124e-516c-4af6-82cf-9ffe4acc5324 status=200 latencyMs=17
2026-10-07T17:49:16.027+08:00 INFO  [main] [requestId=e1fb849f-5ca5-49e3-b1a0-30b0226ac0e5] c.hify.common.RequestLoggingFilter - http.request method=GET path=/api/v1/documents/a79f124e-516c-4af6-82cf-9ffe4acc5324 status=200 latencyMs=3
2026-10-07T17:49:16.032+08:00 INFO  [main] [requestId=c08ef350-1f96-458c-9924-46e05a21669d] c.hify.common.RequestLoggingFilter - http.request method=GET path=/api/v1/documents/a79f124e-516c-4af6-82cf-9ffe4acc5324/chunks status=200 latencyMs=5
2026-10-07T17:49:16.038+08:00 INFO  [main] [requestId=fafdce36-2d7b-42fb-bdfb-53aec18a528d] c.hify.common.RequestLoggingFilter - http.request method=DELETE path=/api/v1/documents/a79f124e-516c-4af6-82cf-9ffe4acc5324 status=200 latencyMs=4
2026-10-07T17:49:16.046+08:00 INFO  [main] [requestId=9fc3551b-5147-4a27-bd67-6b069025fd72] c.hify.common.RequestLoggingFilter - http.request method=POST path=/api/v1/knowledge-bases status=201 latencyMs=3
2026-10-07T17:49:16.050+08:00 INFO  [main] [requestId=883686de-90e2-472a-b47b-273942ab5fb0] c.hify.common.RequestLoggingFilter - http.request method=POST path=/api/v1/knowledge-bases/edbf4ba6-932d-4658-9220-0766d0b1f3de/documents status=202 latencyMs=3
2026-10-07T17:49:16.052+08:00 INFO  [main] [requestId=9aceee3f-6e85-467c-a8e6-8c82e5df2a71] c.hify.common.RequestLoggingFilter - http.request method=GET path=/api/v1/documents/4695dc7f-aff1-4182-9230-7f689fbd94f2 status=200 latencyMs=1
2026-10-07T17:49:16.229+08:00 INFO  [main] [requestId=f2c3885a-24ef-4359-bd31-36f5067adf2c] c.hify.common.RequestLoggingFilter - http.request method=GET path=/api/v1/documents/4695dc7f-aff1-4182-9230-7f689fbd94f2 status=200 latencyMs=4
2026-10-07T17:49:16.237+08:00 INFO  [main] [requestId=e1a64cbc-90ec-46f4-a33d-f4ec5844da6e] c.hify.common.RequestLoggingFilter - http.request method=POST path=/api/v1/workflows status=201 latencyMs=7
2026-10-07T17:49:16.253+08:00 INFO  [main] [requestId=ca992d34-e3ee-42d2-bf90-a660fad82601] c.hify.common.RequestLoggingFilter - http.request method=POST path=/api/v1/workflows/724991e1-38cc-45e4-83c3-7b7f02ed3d2d/versions status=200 latencyMs=16
2026-10-07T17:49:16.276+08:00 INFO  [main] [requestId=b8837a21-2ec0-42c6-80c4-743b0161b826] c.hify.common.RequestLoggingFilter - http.request method=POST path=/api/v1/agents status=201 latencyMs=21
2026-10-07T17:49:16.305+08:00 INFO  [main] [requestId=b0069951-a9cb-4e05-9732-9bc53f2a6819] c.hify.common.RequestLoggingFilter - http.request method=PUT path=/api/v1/agents/480ee487-b22a-4995-93aa-2bc0f5b681ac/workflow-binding status=200 latencyMs=27
2026-10-07T17:49:16.332+08:00 INFO  [main] [requestId=82f4aed1-24ef-4208-b13f-95b7c5d23ac8] c.hify.common.RequestLoggingFilter - http.request method=POST path=/api/v1/agents/480ee487-b22a-4995-93aa-2bc0f5b681ac/publications status=200 latencyMs=26
2026-10-07T17:49:16.344+08:00 INFO  [main] [requestId=06129c0b-bfa1-4465-986a-7cd5622cd70a] c.hify.common.RequestLoggingFilter - http.request method=POST path=/api/v1/conversations status=201 latencyMs=11
2026-10-07T17:49:16.377+08:00 INFO  [main] [requestId=90153705-2b07-4b96-8337-346059f434ae] c.hify.common.RequestLoggingFilter - http.request method=POST path=/api/v1/workflow-versions/1223a6c6-4934-4b39-9102-c9990cfd6fa7/runs status=202 latencyMs=32
2026-10-07T17:49:16.382+08:00 INFO  [main] [requestId=171250d8-fc4a-49fb-a9b8-988b2b46566b] c.hify.common.RequestLoggingFilter - http.request method=DELETE path=/api/v1/documents/4695dc7f-aff1-4182-9230-7f689fbd94f2 status=200 latencyMs=4
2026-10-07T17:49:16.389+08:00 INFO  [main] [requestId=3fa0c697-87fb-4c59-9b8d-9e59dd72390b] c.hify.common.RequestLoggingFilter - http.request method=POST path=/api/v1/knowledge-bases/edbf4ba6-932d-4658-9220-0766d0b1f3de/documents status=202 latencyMs=6
2026-10-07T17:49:16.392+08:00 INFO  [main] [requestId=4cc8c96b-e077-47c4-bf6b-22e0f5758319] c.hify.common.RequestLoggingFilter - http.request method=GET path=/api/v1/documents/71866b80-9457-40e9-a2db-7148b4c7f93b status=200 latencyMs=2
2026-10-07T17:49:16.563+08:00 INFO  [main] [requestId=032fe69f-dcde-4ce3-bbef-3b957710f57f] c.hify.common.RequestLoggingFilter - http.request method=GET path=/api/v1/documents/71866b80-9457-40e9-a2db-7148b4c7f93b status=200 latencyMs=2
2026-10-07T17:49:16.589+08:00 INFO  [main] [requestId=fec2d7dc-0d6b-4b45-9625-9b99d39f0bb3] c.hify.common.RequestLoggingFilter - http.request method=POST path=/api/v1/workflow-versions/1223a6c6-4934-4b39-9102-c9990cfd6fa7/runs status=202 latencyMs=25
2026-10-07T17:49:16.606+08:00 INFO  [main] [requestId=c895fbbe-bcaa-4743-ae3b-9d825733edca] c.hify.common.RequestLoggingFilter - http.request method=POST path=/api/v1/workflows/724991e1-38cc-45e4-83c3-7b7f02ed3d2d/versions status=200 latencyMs=11
2026-10-07T17:49:16.649+08:00 INFO  [main] [requestId=b8620bed-0255-4988-b4ec-f26215f889ba] c.hify.common.RequestLoggingFilter - http.request method=POST path=/api/v1/workflow-versions/a4b3acf8-2788-43a1-bde7-72fafc11772f/runs status=202 latencyMs=40
2026-10-07T17:49:16.719+08:00 INFO  [main] [requestId=5d821979-2162-417c-b560-36c9a59ad35e] c.hify.common.RequestLoggingFilter - http.request method=POST path=/api/v1/agents/480ee487-b22a-4995-93aa-2bc0f5b681ac/publications status=200 latencyMs=68
2026-10-07T17:49:16.845+08:00 INFO  [main] [requestId=6619147d-e48c-4ca7-9fc8-ad2761ba0418] c.hify.common.RequestLoggingFilter - http.request method=POST path=/api/v1/conversations/4e6e12ff-5f32-45e4-b0ee-bf30ccfa6383/runs status=202 latencyMs=126
2026-10-07T17:49:16.852+08:00 INFO  [main] [requestId=653b2ec0-99ff-4506-a8f3-552fb116af2f] c.hify.common.RequestLoggingFilter - http.request method=GET path=/api/v1/runs/f414325c-5678-42bf-96e8-3a30912d2b66 status=200 latencyMs=6
2026-10-07T17:49:17.038+08:00 INFO  [main] [requestId=f20ce8e7-2c9f-409a-9c69-1992a80e1349] c.hify.common.RequestLoggingFilter - http.request method=GET path=/api/v1/runs/f414325c-5678-42bf-96e8-3a30912d2b66 status=200 latencyMs=12
2026-10-07T17:49:17.097+08:00 INFO  [main] [requestId=9e009a93-49c3-4dba-ba38-54bb4189c9de] c.hify.common.RequestLoggingFilter - http.request method=POST path=/api/v1/conversations status=201 latencyMs=56
2026-10-07T17:49:17.127+08:00 INFO  [main] [requestId=187bf43d-958c-410a-bf75-8610aab6d776] c.hify.common.RequestLoggingFilter - http.request method=POST path=/api/v1/conversations/01db29f2-ce46-4e28-b1c3-d4a44e8ba999/runs status=202 latencyMs=29
2026-10-07T17:49:17.128+08:00 INFO  [main] [requestId=15f3811d-497b-49df-bbe4-1d1328aa083e] c.hify.common.RequestLoggingFilter - http.request method=GET path=/api/v1/runs/385b2c29-5757-4c6d-9775-9cedb9772d1b status=200 latencyMs=0
2026-10-07T17:49:17.176+08:00 INFO  [main] [requestId=607c7d7d-45d2-4455-b611-f2a0d6980042] c.hify.common.RequestLoggingFilter - http.request method=GET path=/api/v1/runs/385b2c29-5757-4c6d-9775-9cedb9772d1b status=200 latencyMs=3
2026-10-07T17:49:17.186+08:00 INFO  [main] [requestId=8d7bba36-6e38-4a04-a67a-a6b96b8b9114] c.hify.common.RequestLoggingFilter - http.request method=GET path=/api/v1/workflows/724991e1-38cc-45e4-83c3-7b7f02ed3d2d status=200 latencyMs=6
2026-10-07T17:49:17.197+08:00 INFO  [main] [requestId=b7f56e27-7c99-4e76-9a77-a97901ea3136] c.hify.common.RequestLoggingFilter - http.request method=DELETE path=/api/v1/knowledge-bases/edbf4ba6-932d-4658-9220-0766d0b1f3de status=200 latencyMs=9
2026-10-07T17:49:17.228+08:00 INFO  [main] [requestId=11af8a1d-2ca5-4ce3-bc67-35b7fd8d665f] c.hify.common.RequestLoggingFilter - http.request method=POST path=/api/v1/workflow-versions/1223a6c6-4934-4b39-9102-c9990cfd6fa7/runs status=202 latencyMs=29
2026-10-07T17:49:17.240+08:00 INFO  [main] [requestId=04a886cd-61b5-4abc-ba04-d3f26fc22260] c.hify.common.RequestLoggingFilter - http.request method=POST path=/api/v1/workflows/724991e1-38cc-45e4-83c3-7b7f02ed3d2d/versions status=404 latencyMs=10
2026-10-07T17:49:17.255+08:00 INFO  [main] [requestId=4f34decc-4712-4b5c-96b5-61bac18eb032] c.hify.common.RequestLoggingFilter - http.request method=POST path=/api/v1/knowledge-bases status=201 latencyMs=4
2026-10-07T17:49:17.259+08:00 INFO  [main] [requestId=d1eaa140-7f4f-48fc-9b6c-0963d2482e54] c.hify.common.RequestLoggingFilter - http.request method=POST path=/api/v1/knowledge-bases/613d939c-8292-4808-a429-b6b109481083/documents status=202 latencyMs=3
2026-10-07T17:49:17.261+08:00 INFO  [main] [requestId=1df92180-9723-4040-b8c1-0d1c8b015e84] c.hify.common.RequestLoggingFilter - http.request method=GET path=/api/v1/documents/942fdb33-ac0c-4b01-b9c8-cc73ecc28918 status=200 latencyMs=1
2026-10-07T17:49:17.361+08:00 INFO  [main] [requestId=83fdba96-c52f-4203-83ee-2fabac3c457c] c.hify.common.RequestLoggingFilter - http.request method=GET path=/api/v1/documents/942fdb33-ac0c-4b01-b9c8-cc73ecc28918 status=200 latencyMs=6
2026-10-07T17:49:17.421+08:00 INFO  [main] [requestId=e4edebf0-50d3-4bcf-8a1f-78ed8b26a35f] c.hify.common.RequestLoggingFilter - http.request method=POST path=/api/v1/workflows status=201 latencyMs=57
2026-10-07T17:49:17.567+08:00 INFO  [main] [requestId=66bdc15b-d217-4c6c-aa8d-91ce0b5789c0] c.hify.common.RequestLoggingFilter - http.request method=POST path=/api/v1/workflows/067b4199-d921-4bfb-9b35-1f7395c79949/versions status=200 latencyMs=144
2026-10-07T17:49:17.584+08:00 INFO  [main] [requestId=6d006e04-3ad2-4615-b8f1-850a3a1ab9ac] c.hify.common.RequestLoggingFilter - http.request method=POST path=/api/v1/workflow-versions/048b09f9-bcb2-44ac-9f3a-8a76d313c0da/runs status=202 latencyMs=13
2026-10-07T17:49:17.596+08:00 INFO  [main] [requestId=f5921b86-eb5c-41e0-a7e4-e415cf52b6ce] c.hify.common.RequestLoggingFilter - http.request method=POST path=/api/v1/knowledge-bases status=201 latencyMs=4
2026-10-07T17:49:17.603+08:00 INFO  [main] [requestId=87af6c45-37bf-40f8-a6dc-5c8abb8e1a02] c.hify.common.RequestLoggingFilter - http.request method=POST path=/api/v1/knowledge-bases/8abbe62a-cdfe-4796-bf15-2b9185123583/documents status=202 latencyMs=6
2026-10-07T17:49:17.606+08:00 INFO  [main] [requestId=e8313562-e5ae-4ee7-a975-28a3dbebaa25] c.hify.common.RequestLoggingFilter - http.request method=GET path=/api/v1/documents/18a1b981-4ffc-4a0c-9e28-9306f6ef6691 status=200 latencyMs=1
2026-10-07T17:49:17.689+08:00 INFO  [main] [requestId=99cd2209-759c-41c1-9492-abadaaf66372] c.hify.common.RequestLoggingFilter - http.request method=GET path=/api/v1/documents/18a1b981-4ffc-4a0c-9e28-9306f6ef6691 status=200 latencyMs=4
2026-10-07T17:49:17.700+08:00 INFO  [main] [requestId=b3cf6d04-5748-413e-8b01-af6aa10f09af] c.hify.common.RequestLoggingFilter - http.request method=POST path=/api/v1/workflows status=201 latencyMs=10
2026-10-07T17:49:17.710+08:00 INFO  [main] [requestId=f5240f93-e4ee-48fd-be68-c48785d53de7] c.hify.common.RequestLoggingFilter - http.request method=POST path=/api/v1/workflows/15e68d26-082d-4d84-81b3-6f678c210dd4/versions status=200 latencyMs=9
2026-10-07T17:49:17.730+08:00 INFO  [main] [requestId=907d4425-58e2-493b-82d9-8e98bece91c1] c.hify.common.RequestLoggingFilter - http.request method=POST path=/api/v1/workflow-versions/31030ee1-9b60-48fc-bb94-c6836255ec71/runs status=202 latencyMs=18
2026-10-07T17:49:17.740+08:00 INFO  [main] [requestId=1b53ca31-9b45-47c5-889f-ae1f287892cb] c.hify.common.RequestLoggingFilter - http.request method=POST path=/api/v1/knowledge-bases status=201 latencyMs=2
2026-10-07T17:49:17.744+08:00 INFO  [main] [requestId=700ee25a-0f0e-4529-b1a1-6eb902c4ef94] c.hify.common.RequestLoggingFilter - http.request method=POST path=/api/v1/knowledge-bases/de248844-0b21-4f84-89e3-da96949deb13/documents status=202 latencyMs=2
2026-10-07T17:49:17.745+08:00 INFO  [main] [requestId=3c0be748-aa43-4673-b392-818290a1d534] c.hify.common.RequestLoggingFilter - http.request method=GET path=/api/v1/documents/d8432438-2df2-43f2-8925-c83dc66da979 status=200 latencyMs=0
2026-10-07T17:49:17.919+08:00 INFO  [main] [requestId=6f2928e9-1ccb-4522-89c0-8a1fdaa0fdc6] c.hify.common.RequestLoggingFilter - http.request method=GET path=/api/v1/documents/d8432438-2df2-43f2-8925-c83dc66da979 status=200 latencyMs=10
2026-10-07T17:49:17.952+08:00 INFO  [main] [requestId=37a1eda5-3817-4b4f-8a26-83f48c5a02e5] c.hify.common.RequestLoggingFilter - http.request method=POST path=/api/v1/workflows status=201 latencyMs=26
2026-10-07T17:49:17.976+08:00 INFO  [main] [requestId=8fa0a97d-099a-419a-bac9-088b56bc814f] c.hify.common.RequestLoggingFilter - http.request method=POST path=/api/v1/workflows/606a2fb5-e79d-4833-82cc-118f20b1e9c0/versions status=200 latencyMs=23
2026-10-07T17:49:17.998+08:00 INFO  [main] [requestId=8cd735af-d7ea-4ff1-8053-ebec5a38b8c8] c.hify.common.RequestLoggingFilter - http.request method=POST path=/api/v1/workflow-versions/6835cda8-0e62-4096-8658-2a0fae63c2d7/runs status=202 latencyMs=19
2026-10-07T17:49:18.015+08:00 INFO  [main] [requestId=ae3c6963-5feb-427a-93b4-56027493bcd5] c.hify.common.RequestLoggingFilter - http.request method=POST path=/api/v1/knowledge-bases status=201 latencyMs=7
2026-10-07T17:49:18.023+08:00 INFO  [main] [requestId=05599175-9611-45d8-9a8b-a6a1d8150b74] c.hify.common.RequestLoggingFilter - http.request method=POST path=/api/v1/knowledge-bases/770ede65-d741-474e-be90-0b9693ef5af4/documents status=202 latencyMs=7
2026-10-07T17:49:18.026+08:00 INFO  [main] [requestId=f386ff78-1b0e-4f39-94e4-0033b21bdf1f] c.hify.common.RequestLoggingFilter - http.request method=GET path=/api/v1/documents/78d23c44-18a0-471b-ae58-40008f9b547f status=200 latencyMs=2
2026-10-07T17:49:18.185+08:00 INFO  [main] [requestId=2cb69084-b283-4333-8ce8-8e85a60c9a5d] c.hify.common.RequestLoggingFilter - http.request method=GET path=/api/v1/documents/78d23c44-18a0-471b-ae58-40008f9b547f status=200 latencyMs=3
2026-10-07T17:49:18.192+08:00 INFO  [main] [requestId=ed83d17c-ae44-47bd-a8fe-eae033026b34] c.hify.common.RequestLoggingFilter - http.request method=POST path=/api/v1/workflows status=201 latencyMs=6
2026-10-07T17:49:18.200+08:00 INFO  [main] [requestId=b06e399d-bebc-45e3-aa5a-2510fb4977ee] c.hify.common.RequestLoggingFilter - http.request method=POST path=/api/v1/workflows/5646f9fc-e8e6-4162-a03a-0ac3c779620a/versions status=200 latencyMs=7
2026-10-07T17:49:18.203+08:00 INFO  [main] [requestId=a8c09f83-0ed1-4bde-b833-2d7456cb9af1] c.hify.common.RequestLoggingFilter - http.request method=POST path=/api/v1/knowledge-bases status=201 latencyMs=1
2026-10-07T17:49:18.214+08:00 INFO  [main] [requestId=4f98739c-0697-4a9d-94d6-6e328f89762a] c.hify.common.RequestLoggingFilter - http.request method=POST path=/api/v1/workflow-versions/64f23e37-ccde-4258-9d78-eb964b0f4b45/runs status=202 latencyMs=10
2026-10-07T17:49:18.222+08:00 INFO  [main] [requestId=959f3da1-3c3f-49d5-9302-c404d0a82fe8] c.hify.common.RequestLoggingFilter - http.request method=POST path=/api/v1/knowledge-bases status=201 latencyMs=3
2026-10-07T17:49:18.226+08:00 INFO  [main] [requestId=77d82985-80eb-4fad-ba2d-0abd600c8737] c.hify.common.RequestLoggingFilter - http.request method=POST path=/api/v1/knowledge-bases/8485fb33-0e7d-4eff-9a7d-dec5dadd7abb/documents status=202 latencyMs=3
2026-10-07T17:49:18.227+08:00 INFO  [main] [requestId=b4865973-023f-4a56-a660-6b6bd877e11a] c.hify.common.RequestLoggingFilter - http.request method=GET path=/api/v1/documents/9c7e948e-53f1-438b-87be-4356f80cbba7 status=200 latencyMs=1
2026-10-07T17:49:18.394+08:00 INFO  [main] [requestId=bc066b7f-ae3b-4170-b806-c718be24af77] c.hify.common.RequestLoggingFilter - http.request method=GET path=/api/v1/documents/9c7e948e-53f1-438b-87be-4356f80cbba7 status=200 latencyMs=4
2026-10-07T17:49:18.409+08:00 INFO  [main] [requestId=b1f71565-518b-48f6-9c45-3d01864a3d32] c.hify.common.RequestLoggingFilter - http.request method=POST path=/api/v1/workflows status=201 latencyMs=13
2026-10-07T17:49:18.418+08:00 INFO  [main] [requestId=ddcb4ce4-e56d-45f2-8af4-701436a61b98] c.hify.common.RequestLoggingFilter - http.request method=POST path=/api/v1/workflows/7562e15f-0945-48e4-a5ca-5fa9b2488a13/versions status=404 latencyMs=9
2026-10-07T17:49:18.430+08:00 INFO  [main] [requestId=c0f491aa-a7ff-4931-8a42-a2a1b976d561] c.hify.common.RequestLoggingFilter - http.request method=POST path=/api/v1/knowledge-bases status=201 latencyMs=2
2026-10-07T17:49:18.433+08:00 INFO  [main] [requestId=7d825bad-9e99-43da-99ed-d8520d04cb05] c.hify.common.RequestLoggingFilter - http.request method=POST path=/api/v1/knowledge-bases/cb55be82-f7cf-47fa-875a-73f636222d05/documents status=202 latencyMs=2
2026-10-07T17:49:18.434+08:00 INFO  [main] [requestId=cdf37441-12c5-4214-a492-3b92fc662f5c] c.hify.common.RequestLoggingFilter - http.request method=GET path=/api/v1/documents/3f7fc8ab-e78f-4216-a7d0-0223e339da46 status=200 latencyMs=1
2026-10-07T17:49:18.640+08:00 INFO  [main] [requestId=a15dcfb2-b0bf-4d51-a1ca-3a0927dbad6b] c.hify.common.RequestLoggingFilter - http.request method=GET path=/api/v1/documents/3f7fc8ab-e78f-4216-a7d0-0223e339da46 status=200 latencyMs=45
2026-10-07T17:49:18.674+08:00 INFO  [main] [requestId=224a020c-876d-4748-9430-5a5c4e689690] c.hify.common.RequestLoggingFilter - http.request method=POST path=/api/v1/workflows status=201 latencyMs=29
2026-10-07T17:49:18.696+08:00 INFO  [main] [requestId=ecb2ca2e-1623-453e-a304-f113a1771dac] c.hify.common.RequestLoggingFilter - http.request method=POST path=/api/v1/workflows/ec2cfc41-b425-437c-a643-c0ba6737ea00/versions status=200 latencyMs=20
2026-10-07T17:49:18.753+08:00 INFO  [main] [requestId=2b786e8a-194f-4c61-b364-d41ad6bf399e] c.hify.common.RequestLoggingFilter - http.request method=POST path=/api/v1/workflow-versions/3dbd83fc-8bf7-46b2-8330-8b75e46e9d93/runs status=202 latencyMs=56
2026-10-07T17:49:18.793+08:00 INFO  [main] [requestId=c6c11211-ee87-4aea-95fd-97d021ce0c68] c.hify.common.RequestLoggingFilter - http.request method=POST path=/api/v1/workflow-versions/3dbd83fc-8bf7-46b2-8330-8b75e46e9d93/runs status=202 latencyMs=38
2026-10-07T17:49:18.823+08:00 INFO  [main] [requestId=6af9fbc2-7392-4ce9-8e71-eef347ce783f] c.hify.common.RequestLoggingFilter - http.request method=POST path=/api/v1/knowledge-bases status=201 latencyMs=6
2026-10-07T17:49:18.839+08:00 INFO  [main] [requestId=9aa34575-2caa-48e1-a654-d787b78d4f77] c.hify.common.RequestLoggingFilter - http.request method=POST path=/api/v1/knowledge-bases/f8331240-aeb9-4e2e-a127-fde8190524dd/documents status=202 latencyMs=15
2026-10-07T17:49:18.847+08:00 INFO  [main] [requestId=4aa40b65-487d-4181-8cdb-748a683fc632] c.hify.common.RequestLoggingFilter - http.request method=GET path=/api/v1/documents/636433a7-0515-4967-b84d-b1cdcde0cdb9 status=200 latencyMs=6
2026-10-07T17:49:19.025+08:00 INFO  [main] [requestId=f9c3f9ff-6505-40e5-aee5-beeb6bc194d3] c.hify.common.RequestLoggingFilter - http.request method=GET path=/api/v1/documents/636433a7-0515-4967-b84d-b1cdcde0cdb9 status=200 latencyMs=2
2026-10-07T17:49:19.332+08:00 INFO  [main] [requestId=d68e90f4-e2e9-4111-8075-8297c54f5b88] c.hify.common.RequestLoggingFilter - http.request method=DELETE path=/api/v1/documents/636433a7-0515-4967-b84d-b1cdcde0cdb9 status=200 latencyMs=64
2026-10-07T17:49:19.345+08:00 INFO  [main] [requestId=ce93bf15-9963-43b1-95e6-9b485647e8ae] c.hify.common.RequestLoggingFilter - http.request method=POST path=/api/v1/knowledge-bases/f8331240-aeb9-4e2e-a127-fde8190524dd/documents status=202 latencyMs=11
2026-10-07T17:49:19.352+08:00 INFO  [main] [requestId=c131d9a3-e96a-4406-b29a-c48dff532693] c.hify.common.RequestLoggingFilter - http.request method=GET path=/api/v1/documents/2d6b945d-66b0-4c66-830c-3e2862490c5e status=200 latencyMs=5
2026-10-07T17:49:19.521+08:00 INFO  [main] [requestId=36993639-09df-4f4b-9fa1-fff1ab4d4449] c.hify.common.RequestLoggingFilter - http.request method=GET path=/api/v1/documents/2d6b945d-66b0-4c66-830c-3e2862490c5e status=200 latencyMs=6
2026-10-07T17:49:19.947+08:00 INFO  [main] [requestId=5a6bffe2-590a-4b90-94bd-4fdbf4085072] c.hify.common.RequestLoggingFilter - http.request method=POST path=/api/v1/knowledge-bases status=201 latencyMs=6
2026-10-07T17:49:19.955+08:00 INFO  [main] [requestId=bd3e2308-1e0a-4716-8158-b503408589a1] c.hify.common.RequestLoggingFilter - http.request method=POST path=/api/v1/workflows status=201 latencyMs=7
2026-10-07T17:49:19.970+08:00 INFO  [main] [requestId=d77c3318-9d23-44d1-906c-a47fec095d69] c.hify.common.RequestLoggingFilter - http.request method=POST path=/api/v1/workflows/5f5771d1-d351-467e-badd-4f16eb832465/versions status=200 latencyMs=13
2026-10-07T17:49:19.988+08:00 INFO  [main] [requestId=b148090f-21ee-4163-8ff2-90871c9b88ad] c.hify.common.RequestLoggingFilter - http.request method=POST path=/api/v1/workflow-versions/1f15a8ac-23ea-4ff5-952d-a6334dc81ce3/runs status=202 latencyMs=17
2026-10-07T17:49:19.996+08:00 INFO  [main] [requestId=b8e2c306-8cbf-4893-aa89-9874cc63849f] c.hify.common.RequestLoggingFilter - http.request method=POST path=/api/v1/knowledge-bases status=201 latencyMs=2
2026-10-07T17:49:20.000+08:00 INFO  [main] [requestId=5f23eadd-871f-4d51-b389-298da0f2abef] c.hify.common.RequestLoggingFilter - http.request method=POST path=/api/v1/knowledge-bases/f564313a-7d71-4023-bc84-14a798dd5559/documents status=202 latencyMs=3
2026-10-07T17:49:20.002+08:00 INFO  [main] [requestId=da56f389-ae07-4bda-bdc6-baf62f9793f0] c.hify.common.RequestLoggingFilter - http.request method=GET path=/api/v1/documents/8996b875-032a-4633-aa34-8934ad915b54 status=200 latencyMs=1
2026-10-07T17:49:20.172+08:00 INFO  [main] [requestId=21b4c5cc-02ff-43f2-9f48-84cc449376a3] c.hify.common.RequestLoggingFilter - http.request method=GET path=/api/v1/documents/8996b875-032a-4633-aa34-8934ad915b54 status=200 latencyMs=11
2026-10-07T17:49:22.837+08:00 INFO  [main] [requestId=cecebc4e-6ec1-43cd-ae59-1e9aafcdefaf] c.hify.common.RequestLoggingFilter - http.request method=POST path=/api/v1/knowledge-bases status=201 latencyMs=5
2026-10-07T17:49:23.033+08:00 INFO  [main] [requestId=4f133d36-1467-404e-83b1-9811866f0feb] c.hify.common.RequestLoggingFilter - http.request method=POST path=/api/v1/knowledge-bases status=201 latencyMs=41
2026-10-07T17:49:23.043+08:00 INFO  [main] [requestId=ecb7a992-0be4-4b8e-81a2-59570bd139c1] c.hify.common.RequestLoggingFilter - http.request method=POST path=/api/v1/knowledge-bases/1d62142d-70b6-4879-ad20-087cc152f340/documents status=202 latencyMs=8
2026-10-07T17:49:23.045+08:00 INFO  [main] [requestId=6b5ee15d-ec93-44d4-aa29-b9f53990b664] c.hify.common.RequestLoggingFilter - http.request method=GET path=/api/v1/documents/7f13e46a-3d1c-4416-996e-e228306ba293 status=200 latencyMs=1
2026-10-07T17:49:23.227+08:00 INFO  [main] [requestId=cf13d956-a7a6-483e-b1da-d76f43b24825] c.hify.common.RequestLoggingFilter - http.request method=GET path=/api/v1/documents/7f13e46a-3d1c-4416-996e-e228306ba293 status=200 latencyMs=6
2026-10-07T17:49:23.728+08:00 INFO  [main] [requestId=f48ead0b-ff53-4157-996a-046dd7efb07d] c.hify.common.RequestLoggingFilter - http.request method=POST path=/api/v1/knowledge-bases status=201 latencyMs=15
2026-10-07T17:49:23.741+08:00 INFO  [main] [requestId=8285ffcd-5856-4f34-9e33-ccd1bb4232c3] c.hify.common.RequestLoggingFilter - http.request method=POST path=/api/v1/knowledge-bases/4823fa36-f969-4fa3-98f8-d36a16034881/documents status=202 latencyMs=11
2026-10-07T17:49:23.745+08:00 INFO  [main] [requestId=31753ccc-95b2-4f70-a7e7-b521c61d0d50] c.hify.common.RequestLoggingFilter - http.request method=GET path=/api/v1/documents/b8851b72-78c8-4a37-a6d9-8e804547e48f status=200 latencyMs=3
2026-10-07T17:49:23.950+08:00 INFO  [main] [requestId=708d6030-e510-4e48-9328-9d49becc24ef] c.hify.common.RequestLoggingFilter - http.request method=GET path=/api/v1/documents/b8851b72-78c8-4a37-a6d9-8e804547e48f status=200 latencyMs=14
2026-10-07T17:49:24.192+08:00 INFO  [main] [requestId=7ae0df01-e9b5-4bb3-bc9e-fba2f7ab1c2d] c.hify.common.RequestLoggingFilter - http.request method=POST path=/api/v1/knowledge-bases status=201 latencyMs=12
2026-10-07T17:49:24.198+08:00 INFO  [main] [requestId=e49a814e-0e4c-4e9d-aa46-fd91767a2afb] c.hify.common.RequestLoggingFilter - http.request method=POST path=/api/v1/knowledge-bases status=201 latencyMs=5
2026-10-07T17:49:24.208+08:00 INFO  [main] [requestId=d74cae12-06d5-4629-85b5-94312bb04996] c.hify.common.RequestLoggingFilter - http.request method=POST path=/api/v1/knowledge-bases/e17873ca-d74f-472c-a8a4-156d8d59593f/documents status=202 latencyMs=8
2026-10-07T17:49:24.212+08:00 INFO  [main] [requestId=1092e3c1-47b1-4584-95c0-1243650b04ce] c.hify.common.RequestLoggingFilter - http.request method=GET path=/api/v1/documents/72aa7e81-6eac-4e2d-8b02-a19b1b13e394 status=200 latencyMs=3
2026-10-07T17:49:24.359+08:00 INFO  [main] [requestId=f824f840-49cd-48c9-86c7-034397cdf112] c.hify.common.RequestLoggingFilter - http.request method=GET path=/api/v1/documents/72aa7e81-6eac-4e2d-8b02-a19b1b13e394 status=200 latencyMs=5
[INFO] Tests run: 18, Failures: 0, Errors: 0, Skipped: 0, Time elapsed: 16.70 s -- in com.hify.api.KnowledgeFinishPostgresTest
[INFO] Running com.hify.api.PostgresConcurrencyIntegrationTest
2026-10-07T17:49:25.562+08:00 INFO  [main] [requestId=] o.s.t.c.s.AnnotationConfigContextLoaderUtils - Could not detect default configuration classes for test class [com.hify.api.PostgresConcurrencyIntegrationTest]: PostgresConcurrencyIntegrationTest does not declare any static, non-private, non-final, nested classes annotated with @Configuration.
2026-10-07T17:49:25.618+08:00 INFO  [main] [requestId=] o.s.b.t.c.SpringBootTestContextBootstrapper - Found @SpringBootConfiguration com.hify.HifyApplication for test class com.hify.api.PostgresConcurrencyIntegrationTest
2026-10-07T17:49:25.629+08:00 INFO  [main] [requestId=] tc.pgvector/pgvector:pg16 - Creating container for image: pgvector/pgvector:pg16
2026-10-07T17:49:25.686+08:00 INFO  [main] [requestId=] tc.pgvector/pgvector:pg16 - Container pgvector/pgvector:pg16 is starting: 4d51e9ef86b158397129692e7de0390fba66426a88bc8336061380a1ca622431
2026-10-07T17:49:26.871+08:00 INFO  [main] [requestId=] tc.pgvector/pgvector:pg16 - Container pgvector/pgvector:pg16 started in PT1.241237S
2026-10-07T17:49:26.881+08:00 INFO  [main] [requestId=] tc.pgvector/pgvector:pg16 - Container is started (JDBC URL: jdbc:postgresql://127.0.0.1:32774/hify_test?loggerLevel=OFF)

  .   ____          _            __ _ _
 /\\ / ___'_ __ _ _(_)_ __  __ _ \ \ \ \
( ( )\___ | '_ | '_| | '_ \/ _` | \ \ \ \
 \\/  ___)| |_)| | | | | || (_| |  ) ) ) )
  '  |____| .__|_| |_|_| |_\__, | / / / /
 =========|_|==============|___/=/_/_/_/

 :: Spring Boot ::                (v3.4.5)

2026-10-07T17:49:29.034+08:00 INFO  [main] [requestId=] c.h.a.PostgresConcurrencyIntegrationTest - Starting PostgresConcurrencyIntegrationTest using Java 17.0.19 with PID 11524 (started by weberzhao in /private/tmp/hify-course-20261006.hhEhwt/retrieval-worktree/backend/hify-app)
2026-10-07T17:49:29.035+08:00 INFO  [main] [requestId=] c.h.a.PostgresConcurrencyIntegrationTest - No active profile set, falling back to 1 default profile: "default"
2026-10-07T17:49:31.680+08:00 INFO  [main] [requestId=] o.s.d.r.c.RepositoryConfigurationDelegate - Multiple Spring Data modules found, entering strict repository configuration mode
2026-10-07T17:49:31.681+08:00 INFO  [main] [requestId=] o.s.d.r.c.RepositoryConfigurationDelegate - Bootstrapping Spring Data JPA repositories in DEFAULT mode.
2026-10-07T17:49:31.770+08:00 INFO  [main] [requestId=] o.s.d.r.c.RepositoryConfigurationDelegate - Finished Spring Data repository scanning in 80 ms. Found 34 JPA repository interfaces.
2026-10-07T17:49:39.200+08:00 INFO  [main] [requestId=] com.zaxxer.hikari.HikariDataSource - HikariPool-10 - Starting...
2026-10-07T17:49:39.952+08:00 INFO  [main] [requestId=] com.zaxxer.hikari.pool.HikariPool - HikariPool-10 - Added connection org.postgresql.jdbc.PgConnection@279cf09f
2026-10-07T17:49:39.965+08:00 INFO  [main] [requestId=] com.zaxxer.hikari.HikariDataSource - HikariPool-10 - Start completed.
2026-10-07T17:49:40.137+08:00 INFO  [main] [requestId=] org.flywaydb.core.FlywayExecutor - Database: jdbc:postgresql://127.0.0.1:32774/hify_test?loggerLevel=OFF (PostgreSQL 16.15)
2026-10-07T17:49:41.733+08:00 INFO  [main] [requestId=] o.f.c.i.s.JdbcTableSchemaHistory - Schema history table "public"."flyway_schema_history" does not exist yet
2026-10-07T17:49:42.128+08:00 INFO  [main] [requestId=] o.f.core.internal.command.DbValidate - Successfully validated 24 migrations (execution time 00:01.499s)
2026-10-07T17:49:42.223+08:00 INFO  [main] [requestId=] o.f.c.i.s.JdbcTableSchemaHistory - Creating Schema History table "public"."flyway_schema_history" ...
2026-10-07T17:49:42.693+08:00 INFO  [main] [requestId=] o.f.core.internal.command.DbMigrate - Current version of schema "public": << Empty Schema >>
2026-10-07T17:49:42.741+08:00 INFO  [main] [requestId=] o.f.core.internal.command.DbMigrate - Migrating schema "public" to version "1 - baseline"
2026-10-07T17:49:42.948+08:00 INFO  [main] [requestId=] o.f.core.internal.command.DbMigrate - Migrating schema "public" to version "2 - demo item"
2026-10-07T17:49:43.003+08:00 INFO  [main] [requestId=] o.f.core.internal.command.DbMigrate - Migrating schema "public" to version "3 - run replan control"
2026-10-07T17:49:43.053+08:00 INFO  [main] [requestId=] o.f.core.internal.command.DbMigrate - Migrating schema "public" to version "4 - run context state"
2026-10-07T17:49:43.113+08:00 INFO  [main] [requestId=] o.f.core.internal.command.DbMigrate - Migrating schema "public" to version "5 - provider catalog"
2026-10-07T17:49:43.202+08:00 INFO  [main] [requestId=] o.f.core.internal.command.DbMigrate - Migrating schema "public" to version "6 - agent publishing"
2026-10-07T17:49:43.359+08:00 INFO  [main] [requestId=] o.f.core.internal.command.DbMigrate - Migrating schema "public" to version "7 - agent archive and tool bindings"
2026-10-07T17:49:43.432+08:00 INFO  [main] [requestId=] o.f.core.internal.command.DbMigrate - Migrating schema "public" to version "8 - backfill agent tool bindings"
2026-10-07T17:49:43.496+08:00 INFO  [main] [requestId=] o.f.core.internal.command.DbMigrate - Migrating schema "public" to version "9 - runtime capability and history"
2026-10-07T17:49:43.629+08:00 INFO  [main] [requestId=] o.f.core.internal.command.DbMigrate - Migrating schema "public" to version "10 - child agent task protocol"
2026-10-07T17:49:43.785+08:00 INFO  [main] [requestId=] o.f.core.internal.command.DbMigrate - Migrating schema "public" to version "11 - context memory catalog"
2026-10-07T17:49:43.869+08:00 INFO  [main] [requestId=] o.f.core.internal.command.DbMigrate - Migrating schema "public" to version "12 - history full text index"
2026-10-07T17:49:43.892+08:00 INFO  [main] [requestId=] o.f.core.internal.command.DbMigrate - Migrating schema "public" to version "13 - history vector index"
2026-10-07T17:49:44.053+08:00 INFO  [main] [requestId=] o.f.core.internal.command.DbMigrate - Migrating schema "public" to version "14 - knowledge catalog"
2026-10-07T17:49:44.142+08:00 INFO  [main] [requestId=] o.f.core.internal.command.DbMigrate - Migrating schema "public" to version "15 - knowledge search indexes"
2026-10-07T17:49:44.293+08:00 INFO  [main] [requestId=] o.f.core.internal.command.DbMigrate - Migrating schema "public" to version "16 - workflow runtime"
2026-10-07T17:49:44.532+08:00 INFO  [main] [requestId=] o.f.core.internal.command.DbMigrate - Migrating schema "public" to version "17 - mcp server registry"
2026-10-07T17:49:44.706+08:00 INFO  [main] [requestId=] o.f.core.internal.command.DbMigrate - Migrating schema "public" to version "18 - agent knowledge capability"
2026-10-07T17:49:44.884+08:00 INFO  [main] [requestId=] o.f.core.internal.command.DbMigrate - Migrating schema "public" to version "19 - agent workflow mcp capabilities"
2026-10-07T17:49:44.943+08:00 INFO  [main] [requestId=] o.f.core.internal.command.DbMigrate - Migrating schema "public" to version "20 - mcp encrypted credentials"
2026-10-07T17:49:44.978+08:00 INFO  [main] [requestId=] o.f.core.internal.command.DbMigrate - Migrating schema "public" to version "21 - workflow control terminal states"
2026-10-07T17:49:45.010+08:00 INFO  [main] [requestId=] o.f.core.internal.command.DbMigrate - Migrating schema "public" to version "22 - workflow interrupted state"
2026-10-07T17:49:45.035+08:00 INFO  [main] [requestId=] o.f.core.internal.command.DbMigrate - Migrating schema "public" to version "23 - history operation recovery"
2026-10-07T17:49:45.106+08:00 INFO  [main] [requestId=] o.f.core.internal.command.DbMigrate - Migrating schema "public" to version "24 - semantic embedding profiles"
2026-10-07T17:49:45.154+08:00 INFO  [main] [requestId=] o.f.core.internal.command.DbMigrate - Successfully applied 24 migrations to schema "public", now at version v24 (execution time 00:00.996s)
2026-10-07T17:49:50.264+08:00 INFO  [main] [requestId=] o.h.jpa.internal.util.LogHelper - HHH000204: Processing PersistenceUnitInfo [name: default]
2026-10-07T17:49:50.308+08:00 INFO  [main] [requestId=] o.h.c.i.RegionFactoryInitiator - HHH000026: Second-level cache disabled
2026-10-07T17:49:50.575+08:00 INFO  [main] [requestId=] o.s.o.j.p.SpringPersistenceUnitInfo - No LoadTimeWeaver setup: ignoring JPA class transformer
2026-10-07T17:49:50.646+08:00 INFO  [main] [requestId=] o.hibernate.orm.connections.pooling - HHH10001005: Database info:
	Database JDBC URL [Connecting through datasource 'HikariDataSource (HikariPool-10)']
	Database driver: undefined/unknown
	Database version: 16.15
	Autocommit mode: undefined/unknown
	Isolation level: undefined/unknown
	Minimum pool size: undefined/unknown
	Maximum pool size: undefined/unknown
2026-10-07T17:49:54.120+08:00 INFO  [main] [requestId=] o.h.e.t.j.p.i.JtaPlatformInitiator - HHH000489: No JTA platform available (set 'hibernate.transaction.jta.platform' to enable JTA platform integration)
2026-10-07T17:49:54.676+08:00 INFO  [main] [requestId=] o.s.o.j.LocalContainerEntityManagerFactoryBean - Initialized JPA EntityManagerFactory for persistence unit 'default'
2026-10-07T17:50:24.250+08:00 INFO  [main] [requestId=] c.b.m.s.MybatisPlusApplicationContextAware - Register ApplicationContext instances org.springframework.web.context.support.GenericWebApplicationContext@506e6e54
2026-10-07T17:50:25.042+08:00 INFO  [main] [requestId=] o.s.b.t.m.w.SpringBootMockServletContext - Initializing Spring TestDispatcherServlet ''
2026-10-07T17:50:25.042+08:00 INFO  [main] [requestId=] o.s.t.w.s.TestDispatcherServlet - Initializing Servlet ''
2026-10-07T17:50:25.045+08:00 INFO  [main] [requestId=] o.s.b.a.e.web.EndpointLinksResolver - Exposing 2 endpoints beneath base path '/actuator'
2026-10-07T17:50:25.066+08:00 INFO  [main] [requestId=] o.s.t.w.s.TestDispatcherServlet - Completed initialization in 24 ms
2026-10-07T17:50:25.191+08:00 INFO  [main] [requestId=] c.h.a.PostgresConcurrencyIntegrationTest - Started PostgresConcurrencyIntegrationTest in 57.986 seconds (process running for 171.36)
2026-10-07T17:50:25.664+08:00 INFO  [main] [requestId=] o.s.o.j.LocalContainerEntityManagerFactoryBean - Closing JPA EntityManagerFactory for persistence unit 'default'
2026-10-07T17:50:25.673+08:00 INFO  [main] [requestId=] com.zaxxer.hikari.HikariDataSource - HikariPool-2 - Shutdown initiated...
2026-10-07T17:50:25.691+08:00 INFO  [main] [requestId=] com.zaxxer.hikari.HikariDataSource - HikariPool-2 - Shutdown completed.
2026-10-07T17:50:26.151+08:00 INFO  [main] [requestId=8f25fb83-b4f7-4a41-8608-c6fd18e63625] c.hify.common.RequestLoggingFilter - http.request method=GET path=/api/v1/runs/event-run-e1cfe4b0-8636-4fb5-9775-ed313efa7bfc/events/stream status=200 latencyMs=365
2026-10-07T17:50:26.602+08:00 INFO  [main] [requestId=8775f416-0884-4c5d-8a31-11333ef29faf] c.hify.common.RequestLoggingFilter - http.request method=POST path=/api/v1/conversations status=201 latencyMs=64
2026-10-07T17:50:26.706+08:00 INFO  [main] [requestId=4a282414-0c7a-4bda-81df-1d2102cdd87b] c.hify.common.RequestLoggingFilter - http.request method=POST path=/api/v1/conversations/227cb0df-7a1b-49c5-a0bb-3f3d8db6eb65/runs status=202 latencyMs=102
2026-10-07T17:50:27.969+08:00 INFO  [main] [requestId=eb689d5a-31a5-44f0-b1cb-9908af5a01cd] c.hify.common.RequestLoggingFilter - http.request method=GET path=/api/v1/runs/ad886f23-76c6-404a-93bf-509c00e550c6/events/stream status=200 latencyMs=8
2026-10-07T17:50:28.159+08:00 INFO  [main] [requestId=3d886d8a-65c6-452b-b01e-2dd447818103] c.hify.common.RequestLoggingFilter - http.request method=POST path=/api/v1/conversations/227cb0df-7a1b-49c5-a0bb-3f3d8db6eb65/runs status=202 latencyMs=59
2026-10-07T17:50:28.818+08:00 INFO  [main] [requestId=8a75189f-62c5-4d3c-9923-f6f6704839cc] c.hify.common.RequestLoggingFilter - http.request method=POST path=/api/v1/conversations status=201 latencyMs=52
2026-10-07T17:50:28.859+08:00 INFO  [main] [requestId=0d34357b-264e-4247-a35d-90bb5c035355] c.hify.common.RequestLoggingFilter - http.request method=GET path=/api/v1/runs/event-run-8232210b-0e44-47a8-9b1e-b63560b8467b/events/stream status=200 latencyMs=3
2026-10-07T17:50:29.193+08:00 WARN  [pool-27-thread-2] [requestId=] o.h.e.jdbc.spi.SqlExceptionHelper - SQL Error: 0, SQLState: 23505
2026-10-07T17:50:29.194+08:00 WARN  [pool-27-thread-6] [requestId=] o.h.e.jdbc.spi.SqlExceptionHelper - SQL Error: 0, SQLState: 23505
2026-10-07T17:50:29.194+08:00 ERROR [pool-27-thread-2] [requestId=] o.h.e.jdbc.spi.SqlExceptionHelper - ERROR: duplicate key value violates unique constraint "uq_run_idempotency"
  Detail: Key (conversation_id, idempotency_key)=(conv-8e34fcf9-1c6d-441a-84bc-63198d145d3a, same-key) already exists.
2026-10-07T17:50:29.194+08:00 ERROR [pool-27-thread-6] [requestId=] o.h.e.jdbc.spi.SqlExceptionHelper - ERROR: duplicate key value violates unique constraint "uq_run_idempotency"
  Detail: Key (conversation_id, idempotency_key)=(conv-8e34fcf9-1c6d-441a-84bc-63198d145d3a, same-key) already exists.
2026-10-07T17:50:29.196+08:00 WARN  [pool-27-thread-3] [requestId=] o.h.e.jdbc.spi.SqlExceptionHelper - SQL Error: 0, SQLState: 23505
2026-10-07T17:50:29.196+08:00 ERROR [pool-27-thread-3] [requestId=] o.h.e.jdbc.spi.SqlExceptionHelper - ERROR: duplicate key value violates unique constraint "uq_run_idempotency"
  Detail: Key (conversation_id, idempotency_key)=(conv-8e34fcf9-1c6d-441a-84bc-63198d145d3a, same-key) already exists.
2026-10-07T17:50:29.197+08:00 WARN  [pool-27-thread-1] [requestId=] o.h.e.jdbc.spi.SqlExceptionHelper - SQL Error: 0, SQLState: 23505
2026-10-07T17:50:29.197+08:00 ERROR [pool-27-thread-1] [requestId=] o.h.e.jdbc.spi.SqlExceptionHelper - ERROR: duplicate key value violates unique constraint "uq_run_idempotency"
  Detail: Key (conversation_id, idempotency_key)=(conv-8e34fcf9-1c6d-441a-84bc-63198d145d3a, same-key) already exists.
2026-10-07T17:50:29.197+08:00 WARN  [pool-27-thread-4] [requestId=] o.h.e.jdbc.spi.SqlExceptionHelper - SQL Error: 0, SQLState: 23505
2026-10-07T17:50:29.197+08:00 ERROR [pool-27-thread-4] [requestId=] o.h.e.jdbc.spi.SqlExceptionHelper - ERROR: duplicate key value violates unique constraint "uq_run_idempotency"
  Detail: Key (conversation_id, idempotency_key)=(conv-8e34fcf9-1c6d-441a-84bc-63198d145d3a, same-key) already exists.
2026-10-07T17:50:29.220+08:00 WARN  [pool-27-thread-7] [requestId=] o.h.e.jdbc.spi.SqlExceptionHelper - SQL Error: 0, SQLState: 23505
2026-10-07T17:50:29.220+08:00 WARN  [pool-27-thread-8] [requestId=] o.h.e.jdbc.spi.SqlExceptionHelper - SQL Error: 0, SQLState: 23505
2026-10-07T17:50:29.220+08:00 ERROR [pool-27-thread-7] [requestId=] o.h.e.jdbc.spi.SqlExceptionHelper - ERROR: duplicate key value violates unique constraint "uq_run_idempotency"
  Detail: Key (conversation_id, idempotency_key)=(conv-8e34fcf9-1c6d-441a-84bc-63198d145d3a, same-key) already exists.
2026-10-07T17:50:29.221+08:00 ERROR [pool-27-thread-8] [requestId=] o.h.e.jdbc.spi.SqlExceptionHelper - ERROR: duplicate key value violates unique constraint "uq_run_idempotency"
  Detail: Key (conversation_id, idempotency_key)=(conv-8e34fcf9-1c6d-441a-84bc-63198d145d3a, same-key) already exists.
2026-10-07T17:50:30.785+08:00 WARN  [pool-29-thread-5] [requestId=] o.h.e.jdbc.spi.SqlExceptionHelper - SQL Error: 0, SQLState: 23505
2026-10-07T17:50:30.787+08:00 ERROR [pool-29-thread-5] [requestId=] o.h.e.jdbc.spi.SqlExceptionHelper - ERROR: duplicate key value violates unique constraint "uq_agent_definition_name"
  Detail: Key (name)=(Concurrent Agent dc73e1e0-f8d1-43ea-9cad-8df042c17cca) already exists.
2026-10-07T17:50:30.787+08:00 WARN  [pool-29-thread-7] [requestId=] o.h.e.jdbc.spi.SqlExceptionHelper - SQL Error: 0, SQLState: 23505
2026-10-07T17:50:30.787+08:00 ERROR [pool-29-thread-7] [requestId=] o.h.e.jdbc.spi.SqlExceptionHelper - ERROR: duplicate key value violates unique constraint "uq_agent_definition_name"
  Detail: Key (name)=(Concurrent Agent dc73e1e0-f8d1-43ea-9cad-8df042c17cca) already exists.
2026-10-07T17:50:30.786+08:00 WARN  [pool-29-thread-3] [requestId=] o.h.e.jdbc.spi.SqlExceptionHelper - SQL Error: 0, SQLState: 23505
2026-10-07T17:50:30.784+08:00 WARN  [pool-29-thread-8] [requestId=] o.h.e.jdbc.spi.SqlExceptionHelper - SQL Error: 0, SQLState: 23505
2026-10-07T17:50:30.787+08:00 ERROR [pool-29-thread-3] [requestId=] o.h.e.jdbc.spi.SqlExceptionHelper - ERROR: duplicate key value violates unique constraint "uq_agent_definition_name"
  Detail: Key (name)=(Concurrent Agent dc73e1e0-f8d1-43ea-9cad-8df042c17cca) already exists.
2026-10-07T17:50:30.787+08:00 ERROR [pool-29-thread-8] [requestId=] o.h.e.jdbc.spi.SqlExceptionHelper - ERROR: duplicate key value violates unique constraint "uq_agent_definition_name"
  Detail: Key (name)=(Concurrent Agent dc73e1e0-f8d1-43ea-9cad-8df042c17cca) already exists.
2026-10-07T17:50:30.787+08:00 WARN  [pool-29-thread-4] [requestId=] o.h.e.jdbc.spi.SqlExceptionHelper - SQL Error: 0, SQLState: 23505
2026-10-07T17:50:30.787+08:00 ERROR [pool-29-thread-4] [requestId=] o.h.e.jdbc.spi.SqlExceptionHelper - ERROR: duplicate key value violates unique constraint "uq_agent_definition_name"
  Detail: Key (name)=(Concurrent Agent dc73e1e0-f8d1-43ea-9cad-8df042c17cca) already exists.
2026-10-07T17:50:30.787+08:00 WARN  [pool-29-thread-6] [requestId=] o.h.e.jdbc.spi.SqlExceptionHelper - SQL Error: 0, SQLState: 23505
2026-10-07T17:50:30.787+08:00 WARN  [pool-29-thread-2] [requestId=] o.h.e.jdbc.spi.SqlExceptionHelper - SQL Error: 0, SQLState: 23505
2026-10-07T17:50:30.787+08:00 ERROR [pool-29-thread-6] [requestId=] o.h.e.jdbc.spi.SqlExceptionHelper - ERROR: duplicate key value violates unique constraint "uq_agent_definition_name"
  Detail: Key (name)=(Concurrent Agent dc73e1e0-f8d1-43ea-9cad-8df042c17cca) already exists.
2026-10-07T17:50:30.787+08:00 ERROR [pool-29-thread-2] [requestId=] o.h.e.jdbc.spi.SqlExceptionHelper - ERROR: duplicate key value violates unique constraint "uq_agent_definition_name"
  Detail: Key (name)=(Concurrent Agent dc73e1e0-f8d1-43ea-9cad-8df042c17cca) already exists.
2026-10-07T17:50:30.886+08:00 INFO  [main] [requestId=f3e965b8-64ae-45cc-b424-572ea738aaa3] c.hify.common.RequestLoggingFilter - http.request method=POST path=/api/v1/conversations status=201 latencyMs=18
2026-10-07T17:50:30.938+08:00 INFO  [main] [requestId=37171898-b6e5-4b25-8e4a-fd3bbbc8c369] c.hify.common.RequestLoggingFilter - http.request method=POST path=/api/v1/conversations/ce59dbfa-ab5d-408a-89a5-0d1d97357b64/runs status=400 latencyMs=49
2026-10-07T17:50:31.259+08:00 INFO  [main] [requestId=7dbc615d-1299-465d-a969-7913584d421e] c.hify.common.RequestLoggingFilter - http.request method=POST path=/api/v1/conversations/ce59dbfa-ab5d-408a-89a5-0d1d97357b64/runs status=400 latencyMs=10
2026-10-07T17:50:31.261+08:00 INFO  [main] [requestId=bf38e2cb-06d2-4fd9-8d91-23b1ec2d5186] c.hify.common.RequestLoggingFilter - http.request method=POST path=/api/v1/conversations/ce59dbfa-ab5d-408a-89a5-0d1d97357b64/runs status=400 latencyMs=0
2026-10-07T17:50:31.295+08:00 INFO  [main] [requestId=d447e83c-a732-4472-b1fa-23488cbb1f3e] c.hify.common.RequestLoggingFilter - http.request method=POST path=/api/v1/conversations/ce59dbfa-ab5d-408a-89a5-0d1d97357b64/runs status=202 latencyMs=23
[INFO] Tests run: 7, Failures: 0, Errors: 0, Skipped: 0, Time elapsed: 67.57 s -- in com.hify.api.PostgresConcurrencyIntegrationTest
[INFO] Running com.hify.api.AgentToolBindingMigrationTest
2026-10-07T17:50:33.990+08:00 INFO  [main] [requestId=] org.flywaydb.core.FlywayExecutor - Database: jdbc:h2:mem:agent-tool-upgrade-e7b35fd3-8661-457c-8a1b-c288075afc5d (H2 2.3)
2026-10-07T17:50:34.000+08:00 WARN  [main] [requestId=] o.f.c.i.database.base.Database - Flyway upgrade recommended: H2 2.3.232 is newer than this version of Flyway and support has not been tested. The latest supported version of H2 is 2.2.224.
2026-10-07T17:50:34.100+08:00 INFO  [main] [requestId=] o.f.c.i.s.JdbcTableSchemaHistory - Schema history table "PUBLIC"."flyway_schema_history" does not exist yet
2026-10-07T17:50:34.103+08:00 INFO  [main] [requestId=] o.f.core.internal.command.DbValidate - Successfully validated 24 migrations (execution time 00:00.098s)
2026-10-07T17:50:34.109+08:00 INFO  [main] [requestId=] o.f.c.i.s.JdbcTableSchemaHistory - Creating Schema History table "PUBLIC"."flyway_schema_history" ...
2026-10-07T17:50:34.142+08:00 INFO  [main] [requestId=] o.f.core.internal.command.DbMigrate - Current version of schema "PUBLIC": << Empty Schema >>
2026-10-07T17:50:34.169+08:00 INFO  [main] [requestId=] o.f.core.internal.command.DbMigrate - Migrating schema "PUBLIC" to version "1 - baseline"
2026-10-07T17:50:34.198+08:00 INFO  [main] [requestId=] o.f.core.internal.command.DbMigrate - Migrating schema "PUBLIC" to version "2 - demo item"
2026-10-07T17:50:34.204+08:00 INFO  [main] [requestId=] o.f.core.internal.command.DbMigrate - Migrating schema "PUBLIC" to version "3 - run replan control"
2026-10-07T17:50:34.215+08:00 INFO  [main] [requestId=] o.f.core.internal.command.DbMigrate - Migrating schema "PUBLIC" to version "4 - run context state"
2026-10-07T17:50:34.241+08:00 INFO  [main] [requestId=] o.f.core.internal.command.DbMigrate - Migrating schema "PUBLIC" to version "5 - provider catalog"
2026-10-07T17:50:34.252+08:00 INFO  [main] [requestId=] o.f.core.internal.command.DbMigrate - Migrating schema "PUBLIC" to version "6 - agent publishing"
2026-10-07T17:50:34.338+08:00 INFO  [main] [requestId=] o.f.core.internal.command.DbMigrate - Successfully applied 6 migrations to schema "PUBLIC", now at version v6 (execution time 00:00.135s)
2026-10-07T17:50:34.411+08:00 INFO  [main] [requestId=] org.flywaydb.core.FlywayExecutor - Database: jdbc:h2:mem:agent-tool-upgrade-e7b35fd3-8661-457c-8a1b-c288075afc5d (H2 2.3)
2026-10-07T17:50:34.412+08:00 WARN  [main] [requestId=] o.f.c.i.database.base.Database - Flyway upgrade recommended: H2 2.3.232 is newer than this version of Flyway and support has not been tested. The latest supported version of H2 is 2.2.224.
2026-10-07T17:50:34.420+08:00 INFO  [main] [requestId=] o.f.core.internal.command.DbValidate - Successfully validated 24 migrations (execution time 00:00.006s)
2026-10-07T17:50:34.423+08:00 INFO  [main] [requestId=] o.f.core.internal.command.DbMigrate - Current version of schema "PUBLIC": 6
2026-10-07T17:50:34.428+08:00 INFO  [main] [requestId=] o.f.core.internal.command.DbMigrate - Migrating schema "PUBLIC" to version "7 - agent archive and tool bindings"
2026-10-07T17:50:34.445+08:00 INFO  [main] [requestId=] o.f.core.internal.command.DbMigrate - Migrating schema "PUBLIC" to version "8 - backfill agent tool bindings"
2026-10-07T17:50:34.476+08:00 INFO  [main] [requestId=] o.f.core.internal.command.DbMigrate - Migrating schema "PUBLIC" to version "9 - runtime capability and history"
2026-10-07T17:50:34.530+08:00 INFO  [main] [requestId=] o.f.core.internal.command.DbMigrate - Migrating schema "PUBLIC" to version "10 - child agent task protocol"
2026-10-07T17:50:34.537+08:00 INFO  [main] [requestId=] o.f.core.internal.command.DbMigrate - Migrating schema "PUBLIC" to version "11 - context memory catalog"
2026-10-07T17:50:34.544+08:00 INFO  [main] [requestId=] o.f.core.internal.command.DbMigrate - Migrating schema "PUBLIC" to version "12 - history full text index"
2026-10-07T17:50:34.545+08:00 INFO  [main] [requestId=] o.f.core.internal.command.DbMigrate - Migrating schema "PUBLIC" to version "13 - history vector index"
2026-10-07T17:50:34.548+08:00 INFO  [main] [requestId=] o.f.core.internal.command.DbMigrate - Migrating schema "PUBLIC" to version "14 - knowledge catalog"
2026-10-07T17:50:34.586+08:00 INFO  [main] [requestId=] o.f.core.internal.command.DbMigrate - Migrating schema "PUBLIC" to version "15 - knowledge search indexes"
2026-10-07T17:50:34.618+08:00 INFO  [main] [requestId=] o.f.core.internal.command.DbMigrate - Migrating schema "PUBLIC" to version "16 - workflow runtime"
2026-10-07T17:50:34.624+08:00 INFO  [main] [requestId=] o.f.core.internal.command.DbMigrate - Migrating schema "PUBLIC" to version "17 - mcp server registry"
2026-10-07T17:50:34.628+08:00 INFO  [main] [requestId=] o.f.core.internal.command.DbMigrate - Migrating schema "PUBLIC" to version "18 - agent knowledge capability"
2026-10-07T17:50:34.632+08:00 INFO  [main] [requestId=] o.f.core.internal.command.DbMigrate - Migrating schema "PUBLIC" to version "19 - agent workflow mcp capabilities"
2026-10-07T17:50:34.635+08:00 INFO  [main] [requestId=] o.f.core.internal.command.DbMigrate - Migrating schema "PUBLIC" to version "20 - mcp encrypted credentials"
2026-10-07T17:50:34.637+08:00 INFO  [main] [requestId=] o.f.core.internal.command.DbMigrate - Migrating schema "PUBLIC" to version "21 - workflow control terminal states"
2026-10-07T17:50:34.639+08:00 INFO  [main] [requestId=] o.f.core.internal.command.DbMigrate - Migrating schema "PUBLIC" to version "22 - workflow interrupted state"
2026-10-07T17:50:34.641+08:00 INFO  [main] [requestId=] o.f.core.internal.command.DbMigrate - Migrating schema "PUBLIC" to version "23 - history operation recovery"
2026-10-07T17:50:34.644+08:00 INFO  [main] [requestId=] o.f.core.internal.command.DbMigrate - Migrating schema "PUBLIC" to version "24 - semantic embedding profiles"
2026-10-07T17:50:34.651+08:00 INFO  [main] [requestId=] o.f.core.internal.command.DbMigrate - Successfully applied 18 migrations to schema "PUBLIC", now at version v24 (execution time 00:00.147s)
[INFO] Tests run: 1, Failures: 0, Errors: 0, Skipped: 0, Time elapsed: 1.554 s -- in com.hify.api.AgentToolBindingMigrationTest
[INFO] Running com.hify.api.McpCredentialPostgresTest
2026-10-07T17:50:34.831+08:00 INFO  [main] [requestId=] o.s.t.c.s.AnnotationConfigContextLoaderUtils - Could not detect default configuration classes for test class [com.hify.api.McpCredentialPostgresTest]: McpCredentialPostgresTest does not declare any static, non-private, non-final, nested classes annotated with @Configuration.
2026-10-07T17:50:34.848+08:00 INFO  [main] [requestId=] o.s.b.t.c.SpringBootTestContextBootstrapper - Found @SpringBootConfiguration com.hify.HifyApplication for test class com.hify.api.McpCredentialPostgresTest
2026-10-07T17:50:34.861+08:00 INFO  [main] [requestId=] tc.pgvector/pgvector:pg16 - Creating container for image: pgvector/pgvector:pg16
2026-10-07T17:50:35.039+08:00 INFO  [main] [requestId=] tc.pgvector/pgvector:pg16 - Container pgvector/pgvector:pg16 is starting: 81c6fee88b00bfdc65166ef31c1d8ad646a93ef31d038ec8e7d6c6257e0e8310
2026-10-07T17:50:36.633+08:00 INFO  [main] [requestId=] tc.pgvector/pgvector:pg16 - Container pgvector/pgvector:pg16 started in PT1.771603S
2026-10-07T17:50:36.650+08:00 INFO  [main] [requestId=] tc.pgvector/pgvector:pg16 - Container is started (JDBC URL: jdbc:postgresql://127.0.0.1:32775/hify_test?loggerLevel=OFF)

  .   ____          _            __ _ _
 /\\ / ___'_ __ _ _(_)_ __  __ _ \ \ \ \
( ( )\___ | '_ | '_| | '_ \/ _` | \ \ \ \
 \\/  ___)| |_)| | | | | || (_| |  ) ) ) )
  '  |____| .__|_| |_|_| |_\__, | / / / /
 =========|_|==============|___/=/_/_/_/

 :: Spring Boot ::                (v3.4.5)

2026-10-07T17:50:37.053+08:00 INFO  [main] [requestId=] c.hify.api.McpCredentialPostgresTest - Starting McpCredentialPostgresTest using Java 17.0.19 with PID 11524 (started by weberzhao in /private/tmp/hify-course-20261006.hhEhwt/retrieval-worktree/backend/hify-app)
2026-10-07T17:50:37.054+08:00 INFO  [main] [requestId=] c.hify.api.McpCredentialPostgresTest - No active profile set, falling back to 1 default profile: "default"
2026-10-07T17:50:49.718+08:00 INFO  [main] [requestId=] o.s.d.r.c.RepositoryConfigurationDelegate - Multiple Spring Data modules found, entering strict repository configuration mode
2026-10-07T17:50:49.719+08:00 INFO  [main] [requestId=] o.s.d.r.c.RepositoryConfigurationDelegate - Bootstrapping Spring Data JPA repositories in DEFAULT mode.
2026-10-07T17:50:49.882+08:00 INFO  [main] [requestId=] o.s.d.r.c.RepositoryConfigurationDelegate - Finished Spring Data repository scanning in 159 ms. Found 34 JPA repository interfaces.
2026-10-07T17:50:50.287+08:00 INFO  [main] [requestId=] com.zaxxer.hikari.HikariDataSource - HikariPool-11 - Starting...
2026-10-07T17:50:51.676+08:00 INFO  [main] [requestId=] com.zaxxer.hikari.pool.HikariPool - HikariPool-11 - Added connection org.postgresql.jdbc.PgConnection@57192736
2026-10-07T17:50:51.680+08:00 INFO  [main] [requestId=] com.zaxxer.hikari.HikariDataSource - HikariPool-11 - Start completed.
2026-10-07T17:50:51.751+08:00 INFO  [main] [requestId=] org.flywaydb.core.FlywayExecutor - Database: jdbc:postgresql://127.0.0.1:32775/hify_test?loggerLevel=OFF (PostgreSQL 16.15)
2026-10-07T17:50:52.030+08:00 INFO  [main] [requestId=] o.f.c.i.s.JdbcTableSchemaHistory - Schema history table "public"."flyway_schema_history" does not exist yet
2026-10-07T17:50:52.045+08:00 INFO  [main] [requestId=] o.f.core.internal.command.DbValidate - Successfully validated 24 migrations (execution time 00:00.237s)
2026-10-07T17:50:52.068+08:00 INFO  [main] [requestId=] o.f.c.i.s.JdbcTableSchemaHistory - Creating Schema History table "public"."flyway_schema_history" ...
2026-10-07T17:50:52.193+08:00 INFO  [main] [requestId=] o.f.core.internal.command.DbMigrate - Current version of schema "public": << Empty Schema >>
2026-10-07T17:50:52.199+08:00 INFO  [main] [requestId=] o.f.core.internal.command.DbMigrate - Migrating schema "public" to version "1 - baseline"
2026-10-07T17:50:52.281+08:00 INFO  [main] [requestId=] o.f.core.internal.command.DbMigrate - Migrating schema "public" to version "2 - demo item"
2026-10-07T17:50:52.288+08:00 INFO  [main] [requestId=] o.f.core.internal.command.DbMigrate - Migrating schema "public" to version "3 - run replan control"
2026-10-07T17:50:52.298+08:00 INFO  [main] [requestId=] o.f.core.internal.command.DbMigrate - Migrating schema "public" to version "4 - run context state"
2026-10-07T17:50:52.315+08:00 INFO  [main] [requestId=] o.f.core.internal.command.DbMigrate - Migrating schema "public" to version "5 - provider catalog"
2026-10-07T17:50:52.339+08:00 INFO  [main] [requestId=] o.f.core.internal.command.DbMigrate - Migrating schema "public" to version "6 - agent publishing"
2026-10-07T17:50:52.351+08:00 INFO  [main] [requestId=] o.f.core.internal.command.DbMigrate - Migrating schema "public" to version "7 - agent archive and tool bindings"
2026-10-07T17:50:52.360+08:00 INFO  [main] [requestId=] o.f.core.internal.command.DbMigrate - Migrating schema "public" to version "8 - backfill agent tool bindings"
2026-10-07T17:50:52.368+08:00 INFO  [main] [requestId=] o.f.core.internal.command.DbMigrate - Migrating schema "public" to version "9 - runtime capability and history"
2026-10-07T17:50:52.383+08:00 INFO  [main] [requestId=] o.f.core.internal.command.DbMigrate - Migrating schema "public" to version "10 - child agent task protocol"
2026-10-07T17:50:52.436+08:00 INFO  [main] [requestId=] o.f.core.internal.command.DbMigrate - Migrating schema "public" to version "11 - context memory catalog"
2026-10-07T17:50:52.504+08:00 INFO  [main] [requestId=] o.f.core.internal.command.DbMigrate - Migrating schema "public" to version "12 - history full text index"
2026-10-07T17:50:52.530+08:00 INFO  [main] [requestId=] o.f.core.internal.command.DbMigrate - Migrating schema "public" to version "13 - history vector index"
2026-10-07T17:50:52.626+08:00 INFO  [main] [requestId=] o.f.core.internal.command.DbMigrate - Migrating schema "public" to version "14 - knowledge catalog"
2026-10-07T17:50:52.727+08:00 INFO  [main] [requestId=] o.f.core.internal.command.DbMigrate - Migrating schema "public" to version "15 - knowledge search indexes"
2026-10-07T17:50:52.736+08:00 INFO  [main] [requestId=] o.f.core.internal.command.DbMigrate - Migrating schema "public" to version "16 - workflow runtime"
2026-10-07T17:50:52.748+08:00 INFO  [main] [requestId=] o.f.core.internal.command.DbMigrate - Migrating schema "public" to version "17 - mcp server registry"
2026-10-07T17:50:52.757+08:00 INFO  [main] [requestId=] o.f.core.internal.command.DbMigrate - Migrating schema "public" to version "18 - agent knowledge capability"
2026-10-07T17:50:52.816+08:00 INFO  [main] [requestId=] o.f.core.internal.command.DbMigrate - Migrating schema "public" to version "19 - agent workflow mcp capabilities"
2026-10-07T17:50:52.899+08:00 INFO  [main] [requestId=] o.f.core.internal.command.DbMigrate - Migrating schema "public" to version "20 - mcp encrypted credentials"
2026-10-07T17:50:53.237+08:00 INFO  [main] [requestId=] o.f.core.internal.command.DbMigrate - Migrating schema "public" to version "21 - workflow control terminal states"
2026-10-07T17:50:53.260+08:00 INFO  [main] [requestId=] o.f.core.internal.command.DbMigrate - Migrating schema "public" to version "22 - workflow interrupted state"
2026-10-07T17:50:53.322+08:00 INFO  [main] [requestId=] o.f.core.internal.command.DbMigrate - Migrating schema "public" to version "23 - history operation recovery"
2026-10-07T17:50:53.342+08:00 INFO  [main] [requestId=] o.f.core.internal.command.DbMigrate - Migrating schema "public" to version "24 - semantic embedding profiles"
2026-10-07T17:50:53.387+08:00 INFO  [main] [requestId=] o.f.core.internal.command.DbMigrate - Successfully applied 24 migrations to schema "public", now at version v24 (execution time 00:00.702s)
2026-10-07T17:50:54.060+08:00 INFO  [main] [requestId=] o.h.jpa.internal.util.LogHelper - HHH000204: Processing PersistenceUnitInfo [name: default]
2026-10-07T17:50:54.085+08:00 INFO  [main] [requestId=] o.h.c.i.RegionFactoryInitiator - HHH000026: Second-level cache disabled
2026-10-07T17:50:54.283+08:00 INFO  [main] [requestId=] o.s.o.j.p.SpringPersistenceUnitInfo - No LoadTimeWeaver setup: ignoring JPA class transformer
2026-10-07T17:50:54.363+08:00 INFO  [main] [requestId=] o.hibernate.orm.connections.pooling - HHH10001005: Database info:
	Database JDBC URL [Connecting through datasource 'HikariDataSource (HikariPool-11)']
	Database driver: undefined/unknown
	Database version: 16.15
	Autocommit mode: undefined/unknown
	Isolation level: undefined/unknown
	Minimum pool size: undefined/unknown
	Maximum pool size: undefined/unknown
2026-10-07T17:50:55.012+08:00 INFO  [main] [requestId=] o.h.e.t.j.p.i.JtaPlatformInitiator - HHH000489: No JTA platform available (set 'hibernate.transaction.jta.platform' to enable JTA platform integration)
2026-10-07T17:50:55.075+08:00 INFO  [main] [requestId=] o.s.o.j.LocalContainerEntityManagerFactoryBean - Initialized JPA EntityManagerFactory for persistence unit 'default'
2026-10-07T17:51:00.607+08:00 INFO  [main] [requestId=] c.b.m.s.MybatisPlusApplicationContextAware - Register ApplicationContext instances org.springframework.web.context.support.GenericWebApplicationContext@7cacbf5a
2026-10-07T17:51:13.996+08:00 INFO  [main] [requestId=] o.s.b.t.m.w.SpringBootMockServletContext - Initializing Spring TestDispatcherServlet ''
2026-10-07T17:51:14.011+08:00 INFO  [main] [requestId=] o.s.t.w.s.TestDispatcherServlet - Initializing Servlet ''
2026-10-07T17:51:14.048+08:00 INFO  [main] [requestId=] o.s.b.a.e.web.EndpointLinksResolver - Exposing 2 endpoints beneath base path '/actuator'
2026-10-07T17:51:14.228+08:00 INFO  [main] [requestId=] o.s.t.w.s.TestDispatcherServlet - Completed initialization in 216 ms
2026-10-07T17:51:14.480+08:00 INFO  [main] [requestId=] c.hify.api.McpCredentialPostgresTest - Started McpCredentialPostgresTest in 37.705 seconds (process running for 220.65)
2026-10-07T17:51:15.219+08:00 INFO  [main] [requestId=] o.s.o.j.LocalContainerEntityManagerFactoryBean - Closing JPA EntityManagerFactory for persistence unit 'default'
2026-10-07T17:51:15.222+08:00 INFO  [main] [requestId=] com.zaxxer.hikari.HikariDataSource - HikariPool-9 - Shutdown initiated...
2026-10-07T17:51:15.323+08:00 INFO  [main] [requestId=] com.zaxxer.hikari.HikariDataSource - HikariPool-9 - Shutdown completed.
2026-10-07T17:51:16.131+08:00 INFO  [main] [requestId=f375c9f5-0061-4d60-b94f-0b5bc1f58876] c.hify.common.RequestLoggingFilter - http.request method=POST path=/api/v1/mcp-servers status=201 latencyMs=221
2026-10-07T17:51:16.141+08:00 INFO  [main] [requestId=8190853c-3aca-472b-9520-e68201d6974e] c.hify.common.RequestLoggingFilter - http.request method=GET path=/api/v1/mcp-servers/82964adb-bb13-4823-9060-d572e930c7c8 status=200 latencyMs=7
2026-10-07T17:51:16.158+08:00 INFO  [main] [requestId=82205205-e5be-4794-a315-912746406d25] c.hify.common.RequestLoggingFilter - http.request method=GET path=/api/v1/mcp-servers status=200 latencyMs=15
2026-10-07T17:51:16.168+08:00 INFO  [main] [requestId=49c53067-d501-4707-a022-4d7feff3785b] c.hify.common.RequestLoggingFilter - http.request method=PUT path=/api/v1/mcp-servers/82964adb-bb13-4823-9060-d572e930c7c8 status=200 latencyMs=8
2026-10-07T17:51:16.175+08:00 INFO  [main] [requestId=fe4c35cc-418c-4d9b-816f-94dfc62534bd] c.hify.common.RequestLoggingFilter - http.request method=PUT path=/api/v1/mcp-servers/82964adb-bb13-4823-9060-d572e930c7c8 status=200 latencyMs=6
2026-10-07T17:51:16.184+08:00 INFO  [main] [requestId=0512264b-2af2-4ca6-a2e9-8093d4adfbb3] c.hify.common.RequestLoggingFilter - http.request method=PUT path=/api/v1/mcp-servers/82964adb-bb13-4823-9060-d572e930c7c8 status=200 latencyMs=8
2026-10-07T17:51:16.191+08:00 INFO  [main] [requestId=ed9e31bc-be42-46ec-a3d4-c4a135f5509c] c.hify.common.RequestLoggingFilter - http.request method=PUT path=/api/v1/mcp-servers/82964adb-bb13-4823-9060-d572e930c7c8 status=200 latencyMs=2
2026-10-07T17:51:16.193+08:00 INFO  [main] [requestId=0e8533b9-fca4-4846-8c00-f85192591589] c.hify.common.RequestLoggingFilter - http.request method=GET path=/api/v1/mcp-servers/82964adb-bb13-4823-9060-d572e930c7c8 status=200 latencyMs=1
2026-10-07T17:51:16.205+08:00 INFO  [main] [requestId=9ab347e0-1840-4299-bf0f-67df5bcc0515] c.hify.common.RequestLoggingFilter - http.request method=POST path=/api/v1/mcp-servers status=201 latencyMs=5
2026-10-07T17:51:16.216+08:00 INFO  [main] [requestId=a223e6fb-70a2-439d-a487-dfa1bfcf5479] c.hify.common.RequestLoggingFilter - http.request method=PUT path=/api/v1/mcp-servers/f5dd57d3-7de7-4f17-b51c-b94a7cd239bf status=400 latencyMs=9
2026-10-07T17:51:16.219+08:00 INFO  [main] [requestId=e292e352-1641-4d39-b738-32db96b82595] c.hify.common.RequestLoggingFilter - http.request method=GET path=/api/v1/mcp-servers/f5dd57d3-7de7-4f17-b51c-b94a7cd239bf status=200 latencyMs=2
2026-10-07T17:51:16.239+08:00 INFO  [main] [requestId=0c7155a3-624e-4125-b38a-f0ae70826d0e] c.hify.common.RequestLoggingFilter - http.request method=PUT path=/api/v1/mcp-servers/f5dd57d3-7de7-4f17-b51c-b94a7cd239bf status=400 latencyMs=18
2026-10-07T17:51:16.245+08:00 INFO  [main] [requestId=1533236f-99e6-4612-a360-ba19897abd1a] c.hify.common.RequestLoggingFilter - http.request method=PUT path=/api/v1/mcp-servers/f5dd57d3-7de7-4f17-b51c-b94a7cd239bf status=200 latencyMs=4
2026-10-07T17:51:16.282+08:00 INFO  [main] [requestId=5b6e6139-ada6-4e76-b24e-5825f8343d08] c.hify.common.RequestLoggingFilter - http.request method=POST path=/api/v1/mcp-servers status=201 latencyMs=9
2026-10-07T17:51:16.308+08:00 INFO  [main] [requestId=eb467c95-b343-45b0-a100-86b463bbb400] c.hify.common.RequestLoggingFilter - http.request method=POST path=/api/v1/mcp-servers/79632ec6-d9cd-4f3e-b565-fd655832894f/tools:refresh status=400 latencyMs=23
2026-10-07T17:51:16.317+08:00 INFO  [main] [requestId=2d5bbce4-19c4-4cbb-9b76-dca133e3cc40] c.hify.common.RequestLoggingFilter - http.request method=POST path=/api/v1/mcp-servers status=400 latencyMs=4
2026-10-07T17:51:16.322+08:00 INFO  [main] [requestId=6c445a56-a056-4eae-b2b0-4bb6230f0e4c] c.hify.common.RequestLoggingFilter - http.request method=POST path=/api/v1/mcp-servers status=400 latencyMs=4
2026-10-07T17:51:16.333+08:00 INFO  [main] [requestId=319ef75d-ff19-47f2-9e29-15f21fb9ec12] c.hify.common.RequestLoggingFilter - http.request method=POST path=/api/v1/mcp-servers status=400 latencyMs=9
2026-10-07T17:51:16.348+08:00 INFO  [main] [requestId=610a1341-845e-443b-97d3-e289cec90d0a] c.hify.common.RequestLoggingFilter - http.request method=POST path=/api/v1/mcp-servers status=400 latencyMs=14
2026-10-07T17:51:16.353+08:00 INFO  [main] [requestId=544aee2a-1ce0-4d0a-ae1b-e2adad6f755a] c.hify.common.RequestLoggingFilter - http.request method=POST path=/api/v1/mcp-servers status=400 latencyMs=4
2026-10-07T17:51:16.359+08:00 INFO  [main] [requestId=f0a86fec-1c90-4570-a78d-0077f88cdc59] c.hify.common.RequestLoggingFilter - http.request method=POST path=/api/v1/mcp-servers status=400 latencyMs=5
2026-10-07T17:51:16.405+08:00 INFO  [main] [requestId=95cf5e0a-d4f0-4f80-8637-c729993b2668] c.hify.common.RequestLoggingFilter - http.request method=POST path=/api/v1/mcp-servers status=400 latencyMs=45
2026-10-07T17:51:16.431+08:00 INFO  [main] [requestId=ca50d0d6-db8c-4e43-8ada-da8d6eb4f384] c.hify.common.RequestLoggingFilter - http.request method=POST path=/api/v1/mcp-servers status=400 latencyMs=24
2026-10-07T17:51:16.442+08:00 INFO  [main] [requestId=af290b88-3c45-40ee-b206-e69dbc3a07e7] c.hify.common.RequestLoggingFilter - http.request method=POST path=/api/v1/mcp-servers status=400 latencyMs=10
2026-10-07T17:51:16.471+08:00 INFO  [main] [requestId=c0d905c0-f63d-4beb-aa2d-774e1e5adbb4] c.hify.common.RequestLoggingFilter - http.request method=POST path=/api/v1/mcp-servers status=201 latencyMs=7
2026-10-07T17:51:17.973+08:00 INFO  [main] [requestId=422248af-ea34-4f8b-a59e-3c76c3a32fb9] c.hify.common.RequestLoggingFilter - http.request method=POST path=/api/v1/mcp-servers/a902be8a-d4f3-40dc-a8da-7d91b1929ea4/tools:refresh status=200 latencyMs=1501
2026-10-07T17:51:18.109+08:00 INFO  [main] [requestId=6efc79c2-f5d2-4d14-a522-0947ee1684de] c.hify.common.RequestLoggingFilter - http.request method=POST path=/api/v1/agents status=201 latencyMs=95
2026-10-07T17:51:18.156+08:00 INFO  [main] [requestId=6afb451a-5395-4cd1-aa5b-13da0d55edf8] c.hify.common.RequestLoggingFilter - http.request method=PUT path=/api/v1/agents/55adc232-0d0f-4ccc-93da-59095b22f5df/mcp-bindings status=200 latencyMs=46
2026-10-07T17:51:18.222+08:00 INFO  [main] [requestId=efda8fc8-71b3-4b82-81ef-6006e91ddbb1] c.hify.common.RequestLoggingFilter - http.request method=POST path=/api/v1/agents/55adc232-0d0f-4ccc-93da-59095b22f5df/publications status=200 latencyMs=64
2026-10-07T17:51:18.268+08:00 INFO  [main] [requestId=3fe47a58-65bb-44d3-b79a-42b9c52e3ad0] c.hify.common.RequestLoggingFilter - http.request method=POST path=/api/v1/mcp-servers status=201 latencyMs=8
2026-10-07T17:51:18.271+08:00 INFO  [main] [requestId=32b4a5bc-d306-4683-a872-80279e17ead7] c.hify.common.RequestLoggingFilter - http.request method=GET path=/api/v1/mcp-servers/d80facd0-f981-4973-ad50-e82544002440 status=200 latencyMs=1
2026-10-07T17:51:19.085+08:00 INFO  [main] [requestId=05c1bd8b-7f5f-418c-9168-5949dc6d514f] c.hify.common.RequestLoggingFilter - http.request method=POST path=/api/v1/mcp-servers status=201 latencyMs=71
2026-10-07T17:51:19.472+08:00 INFO  [main] [requestId=37a51e20-e990-4591-ac2f-9d8cf1c53475] c.hify.common.RequestLoggingFilter - http.request method=POST path=/api/v1/mcp-servers status=400 latencyMs=291
2026-10-07T17:51:19.535+08:00 INFO  [main] [requestId=803a5149-68f1-4191-86cb-bdf9398c34d1] c.hify.common.RequestLoggingFilter - http.request method=POST path=/api/v1/mcp-servers status=400 latencyMs=61
2026-10-07T17:51:19.542+08:00 INFO  [main] [requestId=ade412a7-cae5-45cf-9b97-a1258cbf595f] c.hify.common.RequestLoggingFilter - http.request method=POST path=/api/v1/mcp-servers status=400 latencyMs=5
2026-10-07T17:51:19.547+08:00 INFO  [main] [requestId=dfd360f3-d796-43c8-a993-001eda28aebd] c.hify.common.RequestLoggingFilter - http.request method=POST path=/api/v1/mcp-servers status=400 latencyMs=4
2026-10-07T17:51:19.550+08:00 INFO  [main] [requestId=9c1cb47f-8172-4678-839b-066335cabccb] c.hify.common.RequestLoggingFilter - http.request method=POST path=/api/v1/mcp-servers status=400 latencyMs=2
2026-10-07T17:51:19.587+08:00 INFO  [main] [requestId=7076608c-4cda-4a3b-abf9-e52fecb46bb7] c.hify.common.RequestLoggingFilter - http.request method=POST path=/api/v1/mcp-servers status=400 latencyMs=29
2026-10-07T17:51:19.595+08:00 INFO  [main] [requestId=ca2a7684-77ef-4b7c-b11e-5f05f5b2c91b] c.hify.common.RequestLoggingFilter - http.request method=POST path=/api/v1/mcp-servers status=400 latencyMs=8
2026-10-07T17:51:19.600+08:00 INFO  [main] [requestId=f96c05ff-0640-4d80-a6ab-8f1bbe36f5f1] c.hify.common.RequestLoggingFilter - http.request method=POST path=/api/v1/mcp-servers status=400 latencyMs=3
2026-10-07T17:51:19.646+08:00 INFO  [main] [requestId=9d578dbc-ccde-49b6-a444-1ef5465c78e8] c.hify.common.RequestLoggingFilter - http.request method=POST path=/api/v1/mcp-servers status=400 latencyMs=14
2026-10-07T17:51:19.922+08:00 INFO  [main] [requestId=52fbe415-ba48-4031-b79e-2df6e607fed0] c.hify.common.RequestLoggingFilter - http.request method=POST path=/api/v1/mcp-servers status=400 latencyMs=275
2026-10-07T17:51:20.117+08:00 INFO  [main] [requestId=8fb0c8ee-b6fb-4e9f-9706-b7b45a4e4ad5] c.hify.common.RequestLoggingFilter - http.request method=POST path=/api/v1/mcp-servers status=201 latencyMs=5
2026-10-07T17:51:20.229+08:00 INFO  [main] [requestId=a97bc5f7-da37-449a-9cbc-ad484aa98ac6] c.hify.common.RequestLoggingFilter - http.request method=POST path=/api/v1/mcp-servers/7eb8ba79-e155-4269-bc92-cf12b417b2b7/tools:refresh status=200 latencyMs=111
2026-10-07T17:51:20.237+08:00 INFO  [main] [requestId=1a83aec2-1a80-40ca-abc7-bc80f16cdde1] c.hify.common.RequestLoggingFilter - http.request method=POST path=/api/v1/agents status=201 latencyMs=7
2026-10-07T17:51:20.349+08:00 INFO  [main] [requestId=ffcb98d8-5b75-4134-ba18-d3f94636be98] c.hify.common.RequestLoggingFilter - http.request method=PUT path=/api/v1/agents/1b76986f-e4d0-4f8a-ac05-558f2914c908/mcp-bindings status=200 latencyMs=111
2026-10-07T17:51:21.568+08:00 INFO  [main] [requestId=03b10698-4805-49d6-8ebf-d5d66f56e016] c.hify.common.RequestLoggingFilter - http.request method=POST path=/api/v1/agents/1b76986f-e4d0-4f8a-ac05-558f2914c908/publications status=200 latencyMs=1205
2026-10-07T17:51:21.637+08:00 INFO  [main] [requestId=ee4c350b-c5cd-489b-a0ed-56f8fb3bb042] c.hify.common.RequestLoggingFilter - http.request method=PUT path=/api/v1/mcp-servers/7eb8ba79-e155-4269-bc92-cf12b417b2b7 status=200 latencyMs=62
2026-10-07T17:51:21.673+08:00 INFO  [main] [requestId=a3c60d98-9012-473f-aa56-163fb3a02a6d] c.hify.common.RequestLoggingFilter - http.request method=GET path=/api/v1/mcp-servers/7eb8ba79-e155-4269-bc92-cf12b417b2b7 status=200 latencyMs=1
2026-10-07T17:51:21.759+08:00 INFO  [main] [requestId=dd62481b-2ec7-42b7-af21-4d75a1cbcdb3] c.hify.common.RequestLoggingFilter - http.request method=POST path=/api/v1/mcp-servers/7eb8ba79-e155-4269-bc92-cf12b417b2b7/tools:refresh status=200 latencyMs=85
2026-10-07T17:51:21.873+08:00 INFO  [main] [requestId=f6361a56-9727-4031-b13c-456d158b9c58] c.hify.common.RequestLoggingFilter - http.request method=PUT path=/api/v1/mcp-servers/7eb8ba79-e155-4269-bc92-cf12b417b2b7 status=200 latencyMs=54
2026-10-07T17:51:21.951+08:00 INFO  [main] [requestId=3163919b-406c-41a9-99b4-4f9ae1d239d5] c.hify.common.RequestLoggingFilter - http.request method=POST path=/api/v1/mcp-servers/7eb8ba79-e155-4269-bc92-cf12b417b2b7/tools:refresh status=200 latencyMs=74
[INFO] Tests run: 8, Failures: 0, Errors: 0, Skipped: 0, Time elapsed: 49.29 s -- in com.hify.api.McpCredentialPostgresTest
[INFO] Running com.hify.api.WorkflowKnowledgePostgresTest
2026-10-07T17:51:24.201+08:00 INFO  [main] [requestId=] o.s.t.c.s.AnnotationConfigContextLoaderUtils - Could not detect default configuration classes for test class [com.hify.api.WorkflowKnowledgePostgresTest]: WorkflowKnowledgePostgresTest does not declare any static, non-private, non-final, nested classes annotated with @Configuration.
2026-10-07T17:51:24.238+08:00 INFO  [main] [requestId=] o.s.b.t.c.SpringBootTestContextBootstrapper - Found @SpringBootConfiguration com.hify.HifyApplication for test class com.hify.api.WorkflowKnowledgePostgresTest
2026-10-07T17:51:24.262+08:00 INFO  [main] [requestId=] tc.pgvector/pgvector:pg16 - Creating container for image: pgvector/pgvector:pg16
2026-10-07T17:51:24.413+08:00 INFO  [main] [requestId=] tc.pgvector/pgvector:pg16 - Container pgvector/pgvector:pg16 is starting: e117603010abb40056af3f469ecaaf8d677f09d7a78fe7100b69e5acbb63a43f
2026-10-07T17:51:26.091+08:00 INFO  [main] [requestId=] tc.pgvector/pgvector:pg16 - Container pgvector/pgvector:pg16 started in PT1.828164S
2026-10-07T17:51:26.101+08:00 INFO  [main] [requestId=] tc.pgvector/pgvector:pg16 - Container is started (JDBC URL: jdbc:postgresql://127.0.0.1:32776/workflow_knowledge?loggerLevel=OFF)

  .   ____          _            __ _ _
 /\\ / ___'_ __ _ _(_)_ __  __ _ \ \ \ \
( ( )\___ | '_ | '_| | '_ \/ _` | \ \ \ \
 \\/  ___)| |_)| | | | | || (_| |  ) ) ) )
  '  |____| .__|_| |_|_| |_\__, | / / / /
 =========|_|==============|___/=/_/_/_/

 :: Spring Boot ::                (v3.4.5)

2026-10-07T17:51:26.352+08:00 INFO  [main] [requestId=] c.h.a.WorkflowKnowledgePostgresTest - Starting WorkflowKnowledgePostgresTest using Java 17.0.19 with PID 11524 (started by weberzhao in /private/tmp/hify-course-20261006.hhEhwt/retrieval-worktree/backend/hify-app)
2026-10-07T17:51:26.353+08:00 INFO  [main] [requestId=] c.h.a.WorkflowKnowledgePostgresTest - No active profile set, falling back to 1 default profile: "default"
2026-10-07T17:51:29.833+08:00 INFO  [main] [requestId=] o.s.d.r.c.RepositoryConfigurationDelegate - Multiple Spring Data modules found, entering strict repository configuration mode
2026-10-07T17:51:29.834+08:00 INFO  [main] [requestId=] o.s.d.r.c.RepositoryConfigurationDelegate - Bootstrapping Spring Data JPA repositories in DEFAULT mode.
2026-10-07T17:51:30.101+08:00 INFO  [main] [requestId=] o.s.d.r.c.RepositoryConfigurationDelegate - Finished Spring Data repository scanning in 249 ms. Found 34 JPA repository interfaces.
2026-10-07T17:51:30.646+08:00 INFO  [main] [requestId=] com.zaxxer.hikari.HikariDataSource - HikariPool-12 - Starting...
2026-10-07T17:51:30.786+08:00 INFO  [main] [requestId=] com.zaxxer.hikari.pool.HikariPool - HikariPool-12 - Added connection org.postgresql.jdbc.PgConnection@58e4e27e
2026-10-07T17:51:30.788+08:00 INFO  [main] [requestId=] com.zaxxer.hikari.HikariDataSource - HikariPool-12 - Start completed.
2026-10-07T17:51:30.799+08:00 INFO  [main] [requestId=] org.flywaydb.core.FlywayExecutor - Database: jdbc:postgresql://127.0.0.1:32776/workflow_knowledge?loggerLevel=OFF (PostgreSQL 16.15)
2026-10-07T17:51:30.833+08:00 INFO  [main] [requestId=] o.f.c.i.s.JdbcTableSchemaHistory - Schema history table "public"."flyway_schema_history" does not exist yet
2026-10-07T17:51:30.834+08:00 INFO  [main] [requestId=] o.f.core.internal.command.DbValidate - Successfully validated 24 migrations (execution time 00:00.024s)
2026-10-07T17:51:30.841+08:00 INFO  [main] [requestId=] o.f.c.i.s.JdbcTableSchemaHistory - Creating Schema History table "public"."flyway_schema_history" ...
2026-10-07T17:51:30.873+08:00 INFO  [main] [requestId=] o.f.core.internal.command.DbMigrate - Current version of schema "public": << Empty Schema >>
2026-10-07T17:51:30.878+08:00 INFO  [main] [requestId=] o.f.core.internal.command.DbMigrate - Migrating schema "public" to version "1 - baseline"
2026-10-07T17:51:30.946+08:00 INFO  [main] [requestId=] o.f.core.internal.command.DbMigrate - Migrating schema "public" to version "2 - demo item"
2026-10-07T17:51:30.963+08:00 INFO  [main] [requestId=] o.f.core.internal.command.DbMigrate - Migrating schema "public" to version "3 - run replan control"
2026-10-07T17:51:30.996+08:00 INFO  [main] [requestId=] o.f.core.internal.command.DbMigrate - Migrating schema "public" to version "4 - run context state"
2026-10-07T17:51:31.007+08:00 INFO  [main] [requestId=] o.f.core.internal.command.DbMigrate - Migrating schema "public" to version "5 - provider catalog"
2026-10-07T17:51:31.025+08:00 INFO  [main] [requestId=] o.f.core.internal.command.DbMigrate - Migrating schema "public" to version "6 - agent publishing"
2026-10-07T17:51:31.047+08:00 INFO  [main] [requestId=] o.f.core.internal.command.DbMigrate - Migrating schema "public" to version "7 - agent archive and tool bindings"
2026-10-07T17:51:31.063+08:00 INFO  [main] [requestId=] o.f.core.internal.command.DbMigrate - Migrating schema "public" to version "8 - backfill agent tool bindings"
2026-10-07T17:51:31.068+08:00 INFO  [main] [requestId=] o.f.core.internal.command.DbMigrate - Migrating schema "public" to version "9 - runtime capability and history"
2026-10-07T17:51:31.076+08:00 INFO  [main] [requestId=] o.f.core.internal.command.DbMigrate - Migrating schema "public" to version "10 - child agent task protocol"
2026-10-07T17:51:31.085+08:00 INFO  [main] [requestId=] o.f.core.internal.command.DbMigrate - Migrating schema "public" to version "11 - context memory catalog"
2026-10-07T17:51:31.096+08:00 INFO  [main] [requestId=] o.f.core.internal.command.DbMigrate - Migrating schema "public" to version "12 - history full text index"
2026-10-07T17:51:31.100+08:00 INFO  [main] [requestId=] o.f.core.internal.command.DbMigrate - Migrating schema "public" to version "13 - history vector index"
2026-10-07T17:51:31.124+08:00 INFO  [main] [requestId=] o.f.core.internal.command.DbMigrate - Migrating schema "public" to version "14 - knowledge catalog"
2026-10-07T17:51:31.133+08:00 INFO  [main] [requestId=] o.f.core.internal.command.DbMigrate - Migrating schema "public" to version "15 - knowledge search indexes"
2026-10-07T17:51:31.141+08:00 INFO  [main] [requestId=] o.f.core.internal.command.DbMigrate - Migrating schema "public" to version "16 - workflow runtime"
2026-10-07T17:51:31.156+08:00 INFO  [main] [requestId=] o.f.core.internal.command.DbMigrate - Migrating schema "public" to version "17 - mcp server registry"
2026-10-07T17:51:31.165+08:00 INFO  [main] [requestId=] o.f.core.internal.command.DbMigrate - Migrating schema "public" to version "18 - agent knowledge capability"
2026-10-07T17:51:31.175+08:00 INFO  [main] [requestId=] o.f.core.internal.command.DbMigrate - Migrating schema "public" to version "19 - agent workflow mcp capabilities"
2026-10-07T17:51:31.185+08:00 INFO  [main] [requestId=] o.f.core.internal.command.DbMigrate - Migrating schema "public" to version "20 - mcp encrypted credentials"
2026-10-07T17:51:31.192+08:00 INFO  [main] [requestId=] o.f.core.internal.command.DbMigrate - Migrating schema "public" to version "21 - workflow control terminal states"
2026-10-07T17:51:31.204+08:00 INFO  [main] [requestId=] o.f.core.internal.command.DbMigrate - Migrating schema "public" to version "22 - workflow interrupted state"
2026-10-07T17:51:31.210+08:00 INFO  [main] [requestId=] o.f.core.internal.command.DbMigrate - Migrating schema "public" to version "23 - history operation recovery"
2026-10-07T17:51:31.214+08:00 INFO  [main] [requestId=] o.f.core.internal.command.DbMigrate - Migrating schema "public" to version "24 - semantic embedding profiles"
2026-10-07T17:51:31.220+08:00 INFO  [main] [requestId=] o.f.core.internal.command.DbMigrate - Successfully applied 24 migrations to schema "public", now at version v24 (execution time 00:00.174s)
2026-10-07T17:51:31.417+08:00 INFO  [main] [requestId=] o.h.jpa.internal.util.LogHelper - HHH000204: Processing PersistenceUnitInfo [name: default]
2026-10-07T17:51:31.461+08:00 INFO  [main] [requestId=] o.h.c.i.RegionFactoryInitiator - HHH000026: Second-level cache disabled
2026-10-07T17:51:31.654+08:00 INFO  [main] [requestId=] o.s.o.j.p.SpringPersistenceUnitInfo - No LoadTimeWeaver setup: ignoring JPA class transformer
2026-10-07T17:51:31.674+08:00 INFO  [main] [requestId=] o.hibernate.orm.connections.pooling - HHH10001005: Database info:
	Database JDBC URL [Connecting through datasource 'HikariDataSource (HikariPool-12)']
	Database driver: undefined/unknown
	Database version: 16.15
	Autocommit mode: undefined/unknown
	Isolation level: undefined/unknown
	Minimum pool size: undefined/unknown
	Maximum pool size: undefined/unknown
2026-10-07T17:51:31.933+08:00 INFO  [main] [requestId=] o.h.e.t.j.p.i.JtaPlatformInitiator - HHH000489: No JTA platform available (set 'hibernate.transaction.jta.platform' to enable JTA platform integration)
2026-10-07T17:51:32.020+08:00 INFO  [main] [requestId=] o.s.o.j.LocalContainerEntityManagerFactoryBean - Initialized JPA EntityManagerFactory for persistence unit 'default'
2026-10-07T17:51:40.926+08:00 INFO  [main] [requestId=] c.b.m.s.MybatisPlusApplicationContextAware - Register ApplicationContext instances org.springframework.web.context.support.GenericWebApplicationContext@226f3b61
2026-10-07T17:51:42.021+08:00 INFO  [main] [requestId=] o.s.b.t.m.w.SpringBootMockServletContext - Initializing Spring TestDispatcherServlet ''
2026-10-07T17:51:42.021+08:00 INFO  [main] [requestId=] o.s.t.w.s.TestDispatcherServlet - Initializing Servlet ''
2026-10-07T17:51:42.025+08:00 INFO  [main] [requestId=] o.s.b.a.e.web.EndpointLinksResolver - Exposing 2 endpoints beneath base path '/actuator'
2026-10-07T17:51:42.044+08:00 INFO  [main] [requestId=] o.s.t.w.s.TestDispatcherServlet - Completed initialization in 23 ms
2026-10-07T17:51:42.185+08:00 INFO  [main] [requestId=] c.h.a.WorkflowKnowledgePostgresTest - Started WorkflowKnowledgePostgresTest in 16.019 seconds (process running for 248.356)
2026-10-07T17:51:42.477+08:00 INFO  [main] [requestId=] o.s.o.j.LocalContainerEntityManagerFactoryBean - Closing JPA EntityManagerFactory for persistence unit 'default'
2026-10-07T17:51:42.479+08:00 INFO  [main] [requestId=] com.zaxxer.hikari.HikariDataSource - HikariPool-10 - Shutdown initiated...
2026-10-07T17:51:42.481+08:00 INFO  [main] [requestId=] com.zaxxer.hikari.HikariDataSource - HikariPool-10 - Shutdown completed.
2026-10-07T17:51:42.698+08:00 INFO  [main] [requestId=0f27b6f1-1242-444d-8f4e-bd503236d6fb] c.hify.common.RequestLoggingFilter - http.request method=POST path=/api/v1/knowledge-bases status=201 latencyMs=135
2026-10-07T17:51:42.754+08:00 INFO  [main] [requestId=09fbd48c-383d-445f-beca-e559c37bd247] c.hify.common.RequestLoggingFilter - http.request method=POST path=/api/v1/knowledge-bases status=201 latencyMs=5
2026-10-07T17:51:42.791+08:00 INFO  [main] [requestId=0eb3765f-cfd6-4604-ab5f-fcd57a1af2a8] c.hify.common.RequestLoggingFilter - http.request method=POST path=/api/v1/workflows status=201 latencyMs=36
2026-10-07T17:51:42.800+08:00 INFO  [main] [requestId=ef46f5fc-c151-475f-b184-0488c8015bf9] c.hify.common.RequestLoggingFilter - http.request method=POST path=/api/v1/workflows status=400 latencyMs=8
2026-10-07T17:51:42.804+08:00 INFO  [main] [requestId=516446b7-c041-4e0a-a276-0d82ad6b7d25] c.hify.common.RequestLoggingFilter - http.request method=PUT path=/api/v1/workflows/109d6b63-690c-4265-83b9-b7f4445b02c4 status=400 latencyMs=3
2026-10-07T17:51:42.821+08:00 INFO  [main] [requestId=8e0acccc-eaa3-4163-908a-ba3bed47f288] c.hify.common.RequestLoggingFilter - http.request method=POST path=/api/v1/workflow-versions/649e4877-6f4f-4095-a6d3-1b60585e0ecb/runs status=409 latencyMs=6
2026-10-07T17:51:42.832+08:00 INFO  [main] [requestId=9af1c963-c4a1-4311-a637-3f50472d1a35] c.hify.common.RequestLoggingFilter - http.request method=POST path=/api/v1/knowledge-bases status=201 latencyMs=3
2026-10-07T17:51:42.864+08:00 INFO  [main] [requestId=3f5056cf-78fd-4ecc-891b-cecf147c273d] c.hify.common.RequestLoggingFilter - http.request method=POST path=/api/v1/knowledge-bases/8b66dac4-4667-41d0-8f6f-6ebc34dff5ed/documents status=202 latencyMs=30
2026-10-07T17:51:42.877+08:00 INFO  [main] [requestId=5b120f8d-f442-41f3-92ca-6194b78c83b0] c.hify.common.RequestLoggingFilter - http.request method=GET path=/api/v1/documents/277c45a8-c553-4ecd-8fca-654ae10d00a2 status=200 latencyMs=11
2026-10-07T17:51:43.041+08:00 INFO  [main] [requestId=c0e02c45-d1bc-434a-a4ab-4837e36f9d3d] c.hify.common.RequestLoggingFilter - http.request method=GET path=/api/v1/documents/277c45a8-c553-4ecd-8fca-654ae10d00a2 status=200 latencyMs=3
2026-10-07T17:51:43.046+08:00 INFO  [main] [requestId=737e7795-5cbc-4023-a84f-daa74c7c4ec0] c.hify.common.RequestLoggingFilter - http.request method=GET path=/api/v1/documents/277c45a8-c553-4ecd-8fca-654ae10d00a2/chunks status=200 latencyMs=4
2026-10-07T17:51:43.057+08:00 INFO  [main] [requestId=0ac198ea-5f93-496c-8437-56f1cdc8c293] c.hify.common.RequestLoggingFilter - http.request method=DELETE path=/api/v1/documents/277c45a8-c553-4ecd-8fca-654ae10d00a2 status=200 latencyMs=9
2026-10-07T17:51:43.087+08:00 INFO  [main] [requestId=2a583f98-d817-4435-ae03-539c339cc219] c.hify.common.RequestLoggingFilter - http.request method=POST path=/api/v1/knowledge-bases status=201 latencyMs=8
2026-10-07T17:51:43.104+08:00 INFO  [main] [requestId=ce033c60-f43d-426d-9fcd-684278aa6ed7] c.hify.common.RequestLoggingFilter - http.request method=POST path=/api/v1/knowledge-bases/396cbdc5-91fa-42d2-ae61-67b86c8a1b2a/documents status=202 latencyMs=16
2026-10-07T17:51:43.115+08:00 INFO  [main] [requestId=90a5e3ae-9b98-4a72-a647-ab1dd599256a] c.hify.common.RequestLoggingFilter - http.request method=GET path=/api/v1/documents/e111518b-a6ac-46a2-81c6-57ab9f7ebf70 status=200 latencyMs=9
2026-10-07T17:51:43.296+08:00 INFO  [main] [requestId=e5180b19-434e-4fbc-a281-f4ad314da512] c.hify.common.RequestLoggingFilter - http.request method=GET path=/api/v1/documents/e111518b-a6ac-46a2-81c6-57ab9f7ebf70 status=200 latencyMs=5
2026-10-07T17:51:43.312+08:00 INFO  [main] [requestId=22707acd-0c16-4365-b22b-e97c71ec3d30] c.hify.common.RequestLoggingFilter - http.request method=POST path=/api/v1/workflows status=201 latencyMs=14
2026-10-07T17:51:43.371+08:00 INFO  [main] [requestId=9e12da60-a985-409b-bde5-deeebf6ee126] c.hify.common.RequestLoggingFilter - http.request method=POST path=/api/v1/workflows/9ef7c4f1-41f3-4d95-b247-2aec937a5c16/versions status=200 latencyMs=57
2026-10-07T17:51:43.427+08:00 INFO  [main] [requestId=7b544be3-4c23-4f0a-ae25-9fb6e0634099] c.hify.common.RequestLoggingFilter - http.request method=POST path=/api/v1/agents status=201 latencyMs=52
2026-10-07T17:51:43.654+08:00 INFO  [main] [requestId=15316dc7-b98c-434b-a5be-62d03053e93e] c.hify.common.RequestLoggingFilter - http.request method=PUT path=/api/v1/agents/906784e6-2a5f-4d1b-ad22-ffda6cfca4d8/workflow-binding status=200 latencyMs=225
2026-10-07T17:51:44.014+08:00 INFO  [main] [requestId=82d57940-df4f-4141-91d7-975a3b3dd6f6] c.hify.common.RequestLoggingFilter - http.request method=POST path=/api/v1/agents/906784e6-2a5f-4d1b-ad22-ffda6cfca4d8/publications status=200 latencyMs=335
2026-10-07T17:51:44.226+08:00 INFO  [main] [requestId=20ac5a72-7674-4433-8478-69ce18efdc4a] c.hify.common.RequestLoggingFilter - http.request method=POST path=/api/v1/conversations status=201 latencyMs=209
2026-10-07T17:51:44.874+08:00 INFO  [main] [requestId=089eb9c8-5144-4915-bbb2-5e2deb2344e5] c.hify.common.RequestLoggingFilter - http.request method=POST path=/api/v1/workflow-versions/bed58e83-a149-431a-9b7c-d6e670c3a5c5/runs status=202 latencyMs=638
2026-10-07T17:51:44.897+08:00 INFO  [main] [requestId=af28dd1f-2368-450e-b21e-66ac9d9da47c] c.hify.common.RequestLoggingFilter - http.request method=DELETE path=/api/v1/documents/e111518b-a6ac-46a2-81c6-57ab9f7ebf70 status=200 latencyMs=16
2026-10-07T17:51:45.009+08:00 INFO  [main] [requestId=c8f3b82a-bfe0-44c6-b36b-b4b836c4c487] c.hify.common.RequestLoggingFilter - http.request method=POST path=/api/v1/knowledge-bases/396cbdc5-91fa-42d2-ae61-67b86c8a1b2a/documents status=202 latencyMs=73
2026-10-07T17:51:45.015+08:00 INFO  [main] [requestId=c62cde30-1daa-4edd-bfd2-63e9cb26b125] c.hify.common.RequestLoggingFilter - http.request method=GET path=/api/v1/documents/d711301c-712d-4e54-a03b-9f691389b4be status=200 latencyMs=6
2026-10-07T17:51:45.200+08:00 INFO  [main] [requestId=6b561c72-232b-4823-9331-f08146a7fe65] c.hify.common.RequestLoggingFilter - http.request method=GET path=/api/v1/documents/d711301c-712d-4e54-a03b-9f691389b4be status=200 latencyMs=11
2026-10-07T17:51:45.266+08:00 INFO  [main] [requestId=99851544-19f1-4814-9e52-755c94b787dc] c.hify.common.RequestLoggingFilter - http.request method=POST path=/api/v1/workflow-versions/bed58e83-a149-431a-9b7c-d6e670c3a5c5/runs status=202 latencyMs=64
2026-10-07T17:51:45.291+08:00 INFO  [main] [requestId=28e54f9d-b527-4a70-8cdc-55165dc90ccb] c.hify.common.RequestLoggingFilter - http.request method=POST path=/api/v1/workflows/9ef7c4f1-41f3-4d95-b247-2aec937a5c16/versions status=200 latencyMs=17
2026-10-07T17:51:45.348+08:00 INFO  [main] [requestId=6bcd427a-e4b8-48d6-9e85-0117c14c2aaf] c.hify.common.RequestLoggingFilter - http.request method=POST path=/api/v1/workflow-versions/25933476-1ca8-4879-bd21-9ec21e1cba2e/runs status=202 latencyMs=54
2026-10-07T17:51:45.497+08:00 INFO  [main] [requestId=f9586b12-38da-4213-bc50-23e650d620b9] c.hify.common.RequestLoggingFilter - http.request method=POST path=/api/v1/agents/906784e6-2a5f-4d1b-ad22-ffda6cfca4d8/publications status=200 latencyMs=147
2026-10-07T17:51:45.687+08:00 INFO  [main] [requestId=f19a1e1c-cad8-4447-8907-acbbea15daa8] c.hify.common.RequestLoggingFilter - http.request method=POST path=/api/v1/conversations/c934ff93-77b2-434c-9306-a8fa8b6ab255/runs status=202 latencyMs=177
2026-10-07T17:51:45.691+08:00 INFO  [main] [requestId=74740a4f-a518-4263-959a-f31848d34cda] c.hify.common.RequestLoggingFilter - http.request method=GET path=/api/v1/runs/0cb890d9-717d-4f5a-811f-f18e275fc27b status=200 latencyMs=2
2026-10-07T17:51:45.879+08:00 INFO  [main] [requestId=95b3f225-4c1c-4fdb-b122-22658b0ad635] c.hify.common.RequestLoggingFilter - http.request method=GET path=/api/v1/runs/0cb890d9-717d-4f5a-811f-f18e275fc27b status=200 latencyMs=11
2026-10-07T17:51:45.900+08:00 INFO  [main] [requestId=e3d38a15-657e-4007-becf-fc82301092d3] c.hify.common.RequestLoggingFilter - http.request method=POST path=/api/v1/conversations status=201 latencyMs=18
2026-10-07T17:51:46.031+08:00 INFO  [main] [requestId=4035a4fd-e6f1-4165-b174-bf9e47a1c213] c.hify.common.RequestLoggingFilter - http.request method=POST path=/api/v1/conversations/22115923-df7f-4453-8b97-0c8d88d7f824/runs status=202 latencyMs=125
2026-10-07T17:51:46.035+08:00 INFO  [main] [requestId=c09ad117-672d-4aae-803d-3b57415c2432] c.hify.common.RequestLoggingFilter - http.request method=GET path=/api/v1/runs/36887985-3e1c-470a-9d27-e66ec4fb4c48 status=200 latencyMs=3
2026-10-07T17:51:46.106+08:00 INFO  [main] [requestId=ca89efcd-cd73-4e31-95f6-78a0c80c52ea] c.hify.common.RequestLoggingFilter - http.request method=GET path=/api/v1/runs/36887985-3e1c-470a-9d27-e66ec4fb4c48 status=200 latencyMs=3
2026-10-07T17:51:46.283+08:00 INFO  [main] [requestId=0d45fac6-1e47-41c6-9f59-41b77e5c2f49] c.hify.common.RequestLoggingFilter - http.request method=GET path=/api/v1/runs/36887985-3e1c-470a-9d27-e66ec4fb4c48 status=200 latencyMs=2
2026-10-07T17:51:46.364+08:00 INFO  [main] [requestId=92db1fa9-3f7d-49c8-a1c2-b263e2499b92] c.hify.common.RequestLoggingFilter - http.request method=GET path=/api/v1/workflows/9ef7c4f1-41f3-4d95-b247-2aec937a5c16 status=200 latencyMs=73
2026-10-07T17:51:46.471+08:00 INFO  [main] [requestId=6facdfbf-4ff8-47ae-b907-9ecb42016687] c.hify.common.RequestLoggingFilter - http.request method=DELETE path=/api/v1/knowledge-bases/396cbdc5-91fa-42d2-ae61-67b86c8a1b2a status=200 latencyMs=104
2026-10-07T17:51:46.880+08:00 INFO  [main] [requestId=13303003-7ac3-4f38-950d-3965074f474a] c.hify.common.RequestLoggingFilter - http.request method=POST path=/api/v1/workflow-versions/bed58e83-a149-431a-9b7c-d6e670c3a5c5/runs status=202 latencyMs=362
2026-10-07T17:51:46.965+08:00 INFO  [main] [requestId=50a7e078-c165-471f-910f-dec7bb20658e] c.hify.common.RequestLoggingFilter - http.request method=POST path=/api/v1/workflows/9ef7c4f1-41f3-4d95-b247-2aec937a5c16/versions status=404 latencyMs=76
2026-10-07T17:51:47.067+08:00 INFO  [main] [requestId=82cdfe0b-cca5-408b-986b-dd9a2ce175e4] c.hify.common.RequestLoggingFilter - http.request method=POST path=/api/v1/knowledge-bases status=201 latencyMs=14
2026-10-07T17:51:47.077+08:00 INFO  [main] [requestId=88254dab-fb73-4c64-9e84-bb085b95cd03] c.hify.common.RequestLoggingFilter - http.request method=POST path=/api/v1/knowledge-bases/ee6fe696-239a-4556-b2a8-d2782f2c3ffb/documents status=202 latencyMs=9
2026-10-07T17:51:47.082+08:00 INFO  [main] [requestId=e6b82f28-7b7d-4824-afda-8b08c9c8b194] c.hify.common.RequestLoggingFilter - http.request method=GET path=/api/v1/documents/5d198660-7f86-4595-94c9-b836f6877201 status=200 latencyMs=3
2026-10-07T17:51:47.239+08:00 INFO  [main] [requestId=9d58df9d-aeaa-443b-8339-80f6b4e61f26] c.hify.common.RequestLoggingFilter - http.request method=GET path=/api/v1/documents/5d198660-7f86-4595-94c9-b836f6877201 status=200 latencyMs=3
2026-10-07T17:51:47.260+08:00 INFO  [main] [requestId=13cce4eb-bb9d-4c47-ac91-8d22a57dddc0] c.hify.common.RequestLoggingFilter - http.request method=POST path=/api/v1/workflows status=201 latencyMs=20
2026-10-07T17:51:47.282+08:00 INFO  [main] [requestId=560c6370-f411-4ac8-894c-dd3245d3132b] c.hify.common.RequestLoggingFilter - http.request method=POST path=/api/v1/workflows/610a2826-982f-4ae3-8250-cf34f100314e/versions status=200 latencyMs=18
2026-10-07T17:51:47.303+08:00 INFO  [main] [requestId=38daa513-31aa-4a0b-9f72-7570e6b70e05] c.hify.common.RequestLoggingFilter - http.request method=POST path=/api/v1/workflow-versions/e890c842-e4fe-4571-915c-a7e8a2d669ac/runs status=202 latencyMs=16
2026-10-07T17:51:47.438+08:00 INFO  [main] [requestId=6362476d-db42-46bf-b574-984e97016e65] c.hify.common.RequestLoggingFilter - http.request method=POST path=/api/v1/knowledge-bases status=201 latencyMs=26
2026-10-07T17:51:47.531+08:00 INFO  [main] [requestId=4a0df4da-cd07-4414-bcb0-87263546d158] c.hify.common.RequestLoggingFilter - http.request method=POST path=/api/v1/knowledge-bases/d8c64037-dcae-444e-9b2e-ae9b28fb473c/documents status=202 latencyMs=91
2026-10-07T17:51:47.549+08:00 INFO  [main] [requestId=3b6be341-5c05-4054-9798-d0e11847db1a] c.hify.common.RequestLoggingFilter - http.request method=GET path=/api/v1/documents/449ed994-0dd5-4c32-8447-a8db988c5025 status=200 latencyMs=14
2026-10-07T17:51:47.721+08:00 INFO  [main] [requestId=e5e52e8e-3956-4d17-9846-ee9933a2a974] c.hify.common.RequestLoggingFilter - http.request method=GET path=/api/v1/documents/449ed994-0dd5-4c32-8447-a8db988c5025 status=200 latencyMs=4
2026-10-07T17:51:47.748+08:00 INFO  [main] [requestId=33e0fa60-f237-4be6-9bd2-6151e5f6a12a] c.hify.common.RequestLoggingFilter - http.request method=POST path=/api/v1/workflows status=201 latencyMs=26
2026-10-07T17:51:47.766+08:00 INFO  [main] [requestId=c3bdc984-bf9d-40a8-ab67-e82e5663cf05] c.hify.common.RequestLoggingFilter - http.request method=POST path=/api/v1/workflows/89c273ca-5244-42ca-8460-efe091d1b4e9/versions status=200 latencyMs=16
2026-10-07T17:51:47.863+08:00 INFO  [main] [requestId=fd6a617e-cab2-4606-a196-a8b45b2a10aa] c.hify.common.RequestLoggingFilter - http.request method=POST path=/api/v1/workflow-versions/e30dfee6-227d-42b4-a06f-d326bb4a3f8e/runs status=202 latencyMs=78
2026-10-07T17:51:47.906+08:00 INFO  [main] [requestId=6e922d60-5e85-4666-b063-a3e4445aef55] c.hify.common.RequestLoggingFilter - http.request method=POST path=/api/v1/knowledge-bases status=201 latencyMs=9
2026-10-07T17:51:47.920+08:00 INFO  [main] [requestId=8977996e-9430-4514-86b9-231564095d2e] c.hify.common.RequestLoggingFilter - http.request method=POST path=/api/v1/knowledge-bases/25e6b766-6345-4389-b972-3b65eab59523/documents status=202 latencyMs=12
2026-10-07T17:51:47.924+08:00 INFO  [main] [requestId=774051c6-fb5a-4c18-81a9-56bc7efcf489] c.hify.common.RequestLoggingFilter - http.request method=GET path=/api/v1/documents/4d687a6e-0822-4165-9432-0ac7d6c354eb status=200 latencyMs=3
2026-10-07T17:51:48.103+08:00 INFO  [main] [requestId=76369073-e2dd-4ec8-ba1a-991fd5fb28c6] c.hify.common.RequestLoggingFilter - http.request method=GET path=/api/v1/documents/4d687a6e-0822-4165-9432-0ac7d6c354eb status=200 latencyMs=5
2026-10-07T17:51:48.118+08:00 INFO  [main] [requestId=bb33245f-01b3-4e51-b453-85ffa983fb28] c.hify.common.RequestLoggingFilter - http.request method=POST path=/api/v1/workflows status=201 latencyMs=13
2026-10-07T17:51:48.126+08:00 INFO  [main] [requestId=a9ce9349-dcc6-4199-aa29-cf03904377b5] c.hify.common.RequestLoggingFilter - http.request method=POST path=/api/v1/workflows/69ee05f0-0f29-499e-a4de-5c658eca1ce7/versions status=200 latencyMs=7
2026-10-07T17:51:48.143+08:00 INFO  [main] [requestId=6cfeb371-b2b2-4bca-b9e2-758464dd2ab4] c.hify.common.RequestLoggingFilter - http.request method=POST path=/api/v1/workflow-versions/f188e35f-4f8b-497a-8f51-1cd50675408d/runs status=202 latencyMs=15
2026-10-07T17:51:48.175+08:00 INFO  [main] [requestId=2220f8a3-59a9-43e7-af85-157857b88ff5] c.hify.common.RequestLoggingFilter - http.request method=POST path=/api/v1/knowledge-bases status=201 latencyMs=13
2026-10-07T17:51:48.185+08:00 INFO  [main] [requestId=8fb84213-f66f-4243-b64c-afc8a50f97e4] c.hify.common.RequestLoggingFilter - http.request method=POST path=/api/v1/knowledge-bases/d17d2ad1-180a-40f2-9671-f610d22bd6f7/documents status=202 latencyMs=8
2026-10-07T17:51:48.187+08:00 INFO  [main] [requestId=f0a37f6b-dc85-44fb-bfc8-f33d103e0391] c.hify.common.RequestLoggingFilter - http.request method=GET path=/api/v1/documents/60a106d6-00d9-4794-a9e7-9aeadf7d9489 status=200 latencyMs=2
2026-10-07T17:51:48.324+08:00 INFO  [main] [requestId=7b094cd6-adbf-4583-962c-b2c3715bec60] c.hify.common.RequestLoggingFilter - http.request method=GET path=/api/v1/documents/60a106d6-00d9-4794-a9e7-9aeadf7d9489 status=200 latencyMs=4
2026-10-07T17:51:48.338+08:00 INFO  [main] [requestId=b311b440-11d7-4d66-94f6-4e605db39b6e] c.hify.common.RequestLoggingFilter - http.request method=POST path=/api/v1/workflows status=201 latencyMs=12
2026-10-07T17:51:48.348+08:00 INFO  [main] [requestId=3788bcaf-e5af-472a-85c0-3483b621d5a9] c.hify.common.RequestLoggingFilter - http.request method=POST path=/api/v1/workflows/af42f0e1-871a-4c35-84c5-a3deab8d4aee/versions status=200 latencyMs=9
2026-10-07T17:51:48.353+08:00 INFO  [main] [requestId=ae4e02d8-c28e-45d6-89c5-d5043c6a613c] c.hify.common.RequestLoggingFilter - http.request method=POST path=/api/v1/knowledge-bases status=201 latencyMs=3
2026-10-07T17:51:48.365+08:00 INFO  [main] [requestId=d8e02f1c-28bc-4c7a-b8d1-061f09744995] c.hify.common.RequestLoggingFilter - http.request method=POST path=/api/v1/workflow-versions/297087e3-faa5-429f-9504-62a02bdc7d22/runs status=202 latencyMs=11
2026-10-07T17:51:48.375+08:00 INFO  [main] [requestId=83e6ec02-7835-4a45-bbb6-da2ff6ba4312] c.hify.common.RequestLoggingFilter - http.request method=POST path=/api/v1/knowledge-bases status=201 latencyMs=3
2026-10-07T17:51:48.382+08:00 INFO  [main] [requestId=5f1e4d29-ea96-4f77-85e3-13856d7a1568] c.hify.common.RequestLoggingFilter - http.request method=POST path=/api/v1/knowledge-bases/44134d3c-da11-4268-99d6-b567df194ab3/documents status=202 latencyMs=6
2026-10-07T17:51:48.392+08:00 INFO  [main] [requestId=4bf2ba5d-8906-4af7-931a-ffc809126a3f] c.hify.common.RequestLoggingFilter - http.request method=GET path=/api/v1/documents/f7ad4594-57d9-478d-be21-84147efff8fc status=200 latencyMs=7
2026-10-07T17:51:48.423+08:00 INFO  [main] [requestId=783c3faf-22eb-4b36-b30d-c6c7148e03dd] c.hify.common.RequestLoggingFilter - http.request method=GET path=/api/v1/documents/f7ad4594-57d9-478d-be21-84147efff8fc status=200 latencyMs=3
2026-10-07T17:51:48.437+08:00 INFO  [main] [requestId=8e957c6e-e050-46b1-b5e5-98c9d5e222d8] c.hify.common.RequestLoggingFilter - http.request method=POST path=/api/v1/workflows status=201 latencyMs=12
2026-10-07T17:51:48.447+08:00 INFO  [main] [requestId=3058a304-3c1b-4199-b87f-abb2ea946059] c.hify.common.RequestLoggingFilter - http.request method=POST path=/api/v1/workflows/e4115663-6266-42fe-acd4-2e62137e6387/versions status=404 latencyMs=9
2026-10-07T17:51:48.459+08:00 INFO  [main] [requestId=0f224f9d-97b4-4276-91a0-0dd13b048ab9] c.hify.common.RequestLoggingFilter - http.request method=POST path=/api/v1/knowledge-bases status=201 latencyMs=5
2026-10-07T17:51:48.463+08:00 INFO  [main] [requestId=dea3ddd4-fef8-4d16-9f8d-e703149d4f16] c.hify.common.RequestLoggingFilter - http.request method=POST path=/api/v1/knowledge-bases/16b49895-c1f8-4b6b-86ed-60e173517d72/documents status=202 latencyMs=3
2026-10-07T17:51:48.465+08:00 INFO  [main] [requestId=40d93c3b-9be5-4ba1-a717-eb9b6900aff3] c.hify.common.RequestLoggingFilter - http.request method=GET path=/api/v1/documents/45b3f374-0194-4de4-b7ad-8601686b1205 status=200 latencyMs=1
2026-10-07T17:51:48.627+08:00 INFO  [main] [requestId=4f6027bf-d140-4aeb-b4da-6d53e876ef45] c.hify.common.RequestLoggingFilter - http.request method=GET path=/api/v1/documents/45b3f374-0194-4de4-b7ad-8601686b1205 status=200 latencyMs=4
2026-10-07T17:51:48.640+08:00 INFO  [main] [requestId=599eae7e-f344-4247-8802-366b1ee276ad] c.hify.common.RequestLoggingFilter - http.request method=POST path=/api/v1/workflows status=201 latencyMs=11
2026-10-07T17:51:48.658+08:00 INFO  [main] [requestId=dbfed5c0-f343-413a-8700-83044be84fd6] c.hify.common.RequestLoggingFilter - http.request method=POST path=/api/v1/workflows/df5da502-51de-4dd6-9c32-e70e9a679ee0/versions status=200 latencyMs=16
2026-10-07T17:51:48.681+08:00 INFO  [main] [requestId=4be36e85-82a9-4c27-8459-e58e9ebbf511] c.hify.common.RequestLoggingFilter - http.request method=POST path=/api/v1/workflow-versions/c06656b7-be23-4d3b-ac03-fa68414d3e7b/runs status=202 latencyMs=22
2026-10-07T17:51:48.698+08:00 INFO  [main] [requestId=d7a1b5a0-bd59-4bb8-8327-c1dc5d5b3749] c.hify.common.RequestLoggingFilter - http.request method=POST path=/api/v1/workflow-versions/c06656b7-be23-4d3b-ac03-fa68414d3e7b/runs status=202 latencyMs=15
[INFO] Tests run: 10, Failures: 0, Errors: 0, Skipped: 0, Time elapsed: 25.36 s -- in com.hify.api.WorkflowKnowledgePostgresTest
[INFO] Running com.hify.api.HistoryRecoveryPostgresTest
2026-10-07T17:51:49.531+08:00 INFO  [main] [requestId=] tc.pgvector/pgvector:pg16 - Creating container for image: pgvector/pgvector:pg16
2026-10-07T17:51:49.710+08:00 INFO  [main] [requestId=] tc.pgvector/pgvector:pg16 - Container pgvector/pgvector:pg16 is starting: 415c03bc0fe564e50aee598168ef508fc9dc52e74d3bffcce498797bfef37069
2026-10-07T17:51:50.892+08:00 INFO  [main] [requestId=] tc.pgvector/pgvector:pg16 - Container pgvector/pgvector:pg16 started in PT1.360784S
2026-10-07T17:51:50.895+08:00 INFO  [main] [requestId=] tc.pgvector/pgvector:pg16 - Container is started (JDBC URL: jdbc:postgresql://127.0.0.1:32777/history_recovery?loggerLevel=OFF)
[INFO] Tests run: 3, Failures: 0, Errors: 0, Skipped: 0, Time elapsed: 60.52 s -- in com.hify.api.HistoryRecoveryPostgresTest
[INFO] Running com.hify.api.WorkflowSettlementPostgresTest

  .   ____          _            __ _ _
 /\\ / ___'_ __ _ _(_)_ __  __ _ \ \ \ \
( ( )\___ | '_ | '_| | '_ \/ _` | \ \ \ \
 \\/  ___)| |_)| | | | | || (_| |  ) ) ) )
  '  |____| .__|_| |_|_| |_\__, | / / / /
 =========|_|==============|___/=/_/_/_/

 :: Spring Boot ::                (v3.4.5)

2026-10-07T17:52:57.310+08:00 INFO  [main] [requestId=] c.h.a.WorkflowSettlementPostgresTest - Starting WorkflowSettlementPostgresTest using Java 17.0.19 with PID 11524 (started by weberzhao in /private/tmp/hify-course-20261006.hhEhwt/retrieval-worktree/backend/hify-app)
2026-10-07T17:52:57.312+08:00 INFO  [main] [requestId=] c.h.a.WorkflowSettlementPostgresTest - No active profile set, falling back to 1 default profile: "default"
2026-10-07T17:53:08.307+08:00 INFO  [main] [requestId=] o.s.d.r.c.RepositoryConfigurationDelegate - Multiple Spring Data modules found, entering strict repository configuration mode
2026-10-07T17:53:08.943+08:00 INFO  [main] [requestId=] o.s.d.r.c.RepositoryConfigurationDelegate - Bootstrapping Spring Data JPA repositories in DEFAULT mode.
2026-10-07T17:53:11.610+08:00 INFO  [main] [requestId=] o.s.d.r.c.RepositoryConfigurationDelegate - Finished Spring Data repository scanning in 2539 ms. Found 34 JPA repository interfaces.
2026-10-07T17:53:16.681+08:00 INFO  [main] [requestId=] com.zaxxer.hikari.HikariDataSource - HikariPool-17 - Starting...
2026-10-07T17:53:18.123+08:00 INFO  [main] [requestId=] com.zaxxer.hikari.pool.HikariPool - HikariPool-17 - Added connection org.postgresql.jdbc.PgConnection@7af5238c
2026-10-07T17:53:18.131+08:00 INFO  [main] [requestId=] com.zaxxer.hikari.HikariDataSource - HikariPool-17 - Start completed.
2026-10-07T17:53:18.246+08:00 INFO  [main] [requestId=] org.flywaydb.core.FlywayExecutor - Database: jdbc:postgresql://127.0.0.1:32778/settlement_test?loggerLevel=OFF (PostgreSQL 16.15)
2026-10-07T17:53:18.642+08:00 INFO  [main] [requestId=] o.f.c.i.s.JdbcTableSchemaHistory - Schema history table "public"."flyway_schema_history" does not exist yet
2026-10-07T17:53:18.642+08:00 INFO  [main] [requestId=] o.f.core.internal.command.DbValidate - Successfully validated 24 migrations (execution time 00:00.308s)
2026-10-07T17:53:18.693+08:00 INFO  [main] [requestId=] o.f.c.i.s.JdbcTableSchemaHistory - Creating Schema History table "public"."flyway_schema_history" ...
2026-10-07T17:53:18.856+08:00 INFO  [main] [requestId=] o.f.core.internal.command.DbMigrate - Current version of schema "public": << Empty Schema >>
2026-10-07T17:53:18.866+08:00 INFO  [main] [requestId=] o.f.core.internal.command.DbMigrate - Migrating schema "public" to version "1 - baseline"
2026-10-07T17:53:18.901+08:00 INFO  [main] [requestId=] o.f.core.internal.command.DbMigrate - Migrating schema "public" to version "2 - demo item"
2026-10-07T17:53:18.950+08:00 INFO  [main] [requestId=] o.f.core.internal.command.DbMigrate - Migrating schema "public" to version "3 - run replan control"
2026-10-07T17:53:18.993+08:00 INFO  [main] [requestId=] o.f.core.internal.command.DbMigrate - Migrating schema "public" to version "4 - run context state"
2026-10-07T17:53:19.052+08:00 INFO  [main] [requestId=] o.f.core.internal.command.DbMigrate - Migrating schema "public" to version "5 - provider catalog"
2026-10-07T17:53:19.104+08:00 INFO  [main] [requestId=] o.f.core.internal.command.DbMigrate - Migrating schema "public" to version "6 - agent publishing"
2026-10-07T17:53:19.247+08:00 INFO  [main] [requestId=] o.f.core.internal.command.DbMigrate - Migrating schema "public" to version "7 - agent archive and tool bindings"
2026-10-07T17:53:19.299+08:00 INFO  [main] [requestId=] o.f.core.internal.command.DbMigrate - Migrating schema "public" to version "8 - backfill agent tool bindings"
2026-10-07T17:53:19.330+08:00 INFO  [main] [requestId=] o.f.core.internal.command.DbMigrate - Migrating schema "public" to version "9 - runtime capability and history"
2026-10-07T17:53:19.621+08:00 INFO  [main] [requestId=] o.f.core.internal.command.DbMigrate - Migrating schema "public" to version "10 - child agent task protocol"
2026-10-07T17:53:19.641+08:00 INFO  [main] [requestId=] o.f.core.internal.command.DbMigrate - Migrating schema "public" to version "11 - context memory catalog"
2026-10-07T17:53:19.659+08:00 INFO  [main] [requestId=] o.f.core.internal.command.DbMigrate - Migrating schema "public" to version "12 - history full text index"
2026-10-07T17:53:19.670+08:00 INFO  [main] [requestId=] o.f.core.internal.command.DbMigrate - Migrating schema "public" to version "13 - history vector index"
2026-10-07T17:53:19.879+08:00 INFO  [main] [requestId=] o.f.core.internal.command.DbMigrate - Migrating schema "public" to version "14 - knowledge catalog"
2026-10-07T17:53:19.916+08:00 INFO  [main] [requestId=] o.f.core.internal.command.DbMigrate - Migrating schema "public" to version "15 - knowledge search indexes"
2026-10-07T17:53:19.937+08:00 INFO  [main] [requestId=] o.f.core.internal.command.DbMigrate - Migrating schema "public" to version "16 - workflow runtime"
2026-10-07T17:53:19.987+08:00 INFO  [main] [requestId=] o.f.core.internal.command.DbMigrate - Migrating schema "public" to version "17 - mcp server registry"
2026-10-07T17:53:20.040+08:00 INFO  [main] [requestId=] o.f.core.internal.command.DbMigrate - Migrating schema "public" to version "18 - agent knowledge capability"
2026-10-07T17:53:20.169+08:00 INFO  [main] [requestId=] o.f.core.internal.command.DbMigrate - Migrating schema "public" to version "19 - agent workflow mcp capabilities"
2026-10-07T17:53:20.324+08:00 INFO  [main] [requestId=] o.f.core.internal.command.DbMigrate - Migrating schema "public" to version "20 - mcp encrypted credentials"
2026-10-07T17:53:20.379+08:00 INFO  [main] [requestId=] o.f.core.internal.command.DbMigrate - Migrating schema "public" to version "21 - workflow control terminal states"
2026-10-07T17:53:20.423+08:00 INFO  [main] [requestId=] o.f.core.internal.command.DbMigrate - Migrating schema "public" to version "22 - workflow interrupted state"
2026-10-07T17:53:20.510+08:00 INFO  [main] [requestId=] o.f.core.internal.command.DbMigrate - Migrating schema "public" to version "23 - history operation recovery"
2026-10-07T17:53:20.687+08:00 INFO  [main] [requestId=] o.f.core.internal.command.DbMigrate - Migrating schema "public" to version "24 - semantic embedding profiles"
2026-10-07T17:53:20.819+08:00 INFO  [main] [requestId=] o.f.core.internal.command.DbMigrate - Successfully applied 24 migrations to schema "public", now at version v24 (execution time 00:00.605s)
2026-10-07T17:53:27.315+08:00 INFO  [main] [requestId=] o.h.jpa.internal.util.LogHelper - HHH000204: Processing PersistenceUnitInfo [name: default]
2026-10-07T17:53:27.997+08:00 INFO  [main] [requestId=] o.h.c.i.RegionFactoryInitiator - HHH000026: Second-level cache disabled
2026-10-07T17:53:28.459+08:00 INFO  [main] [requestId=] o.s.o.j.p.SpringPersistenceUnitInfo - No LoadTimeWeaver setup: ignoring JPA class transformer
2026-10-07T17:53:28.824+08:00 INFO  [main] [requestId=] o.hibernate.orm.connections.pooling - HHH10001005: Database info:
	Database JDBC URL [Connecting through datasource 'HikariDataSource (HikariPool-17)']
	Database driver: undefined/unknown
	Database version: 16.15
	Autocommit mode: undefined/unknown
	Isolation level: undefined/unknown
	Minimum pool size: undefined/unknown
	Maximum pool size: undefined/unknown
2026-10-07T17:53:33.788+08:00 INFO  [main] [requestId=] o.h.e.t.j.p.i.JtaPlatformInitiator - HHH000489: No JTA platform available (set 'hibernate.transaction.jta.platform' to enable JTA platform integration)
2026-10-07T17:53:34.978+08:00 INFO  [main] [requestId=] o.s.o.j.LocalContainerEntityManagerFactoryBean - Initialized JPA EntityManagerFactory for persistence unit 'default'
2026-10-07T17:54:35.448+08:00 WARN  [HikariPool-17 housekeeper] [requestId=] com.zaxxer.hikari.pool.HikariPool - HikariPool-17 - Thread starvation or clock leap detected (housekeeper delta=46s602ms).
2026-10-07T17:54:40.981+08:00 INFO  [main] [requestId=] c.b.m.s.MybatisPlusApplicationContextAware - Register ApplicationContext instances org.springframework.web.context.support.GenericWebApplicationContext@57351628
2026-10-07T17:54:43.729+08:00 INFO  [main] [requestId=] o.s.b.t.m.w.SpringBootMockServletContext - Initializing Spring TestDispatcherServlet ''
2026-10-07T17:54:43.731+08:00 INFO  [main] [requestId=] o.s.t.w.s.TestDispatcherServlet - Initializing Servlet ''
2026-10-07T17:54:43.763+08:00 INFO  [main] [requestId=] o.s.b.a.e.web.EndpointLinksResolver - Exposing 2 endpoints beneath base path '/actuator'
2026-10-07T17:54:43.883+08:00 INFO  [main] [requestId=] o.s.t.w.s.TestDispatcherServlet - Completed initialization in 151 ms
2026-10-07T17:54:44.078+08:00 INFO  [main] [requestId=] c.h.a.WorkflowSettlementPostgresTest - Started WorkflowSettlementPostgresTest in 106.902 seconds (process running for 430.236)
2026-10-07T17:54:45.707+08:00 INFO  [main] [requestId=] o.s.o.j.LocalContainerEntityManagerFactoryBean - Closing JPA EntityManagerFactory for persistence unit 'default'
2026-10-07T17:54:45.733+08:00 INFO  [main] [requestId=] com.zaxxer.hikari.HikariDataSource - HikariPool-11 - Shutdown initiated...
2026-10-07T17:54:45.748+08:00 INFO  [main] [requestId=] com.zaxxer.hikari.HikariDataSource - HikariPool-11 - Shutdown completed.
2026-10-07T17:54:48.175+08:00 INFO  [main] [requestId=885c8ad9-c664-4b5f-b558-db46d313235d] c.hify.common.RequestLoggingFilter - http.request method=POST path=/api/v1/runs/de0f1cad-b553-4614-b2f4-8bd7e24bc655/cancellations status=202 latencyMs=112
2026-10-07T17:54:48.406+08:00 INFO  [main] [requestId=0e18c9a9-89c7-4134-b8d1-0c9f5399c561] c.hify.common.RequestLoggingFilter - http.request method=GET path=/api/v1/runs/de0f1cad-b553-4614-b2f4-8bd7e24bc655/events/stream status=200 latencyMs=48
2026-10-07T17:54:48.897+08:00 INFO  [main] [requestId=b38236cb-f233-4d5f-84a2-abb792458882] c.hify.common.RequestLoggingFilter - http.request method=POST path=/api/v1/knowledge-bases status=201 latencyMs=297
2026-10-07T17:54:49.799+08:00 INFO  [main] [requestId=5296b2d3-3ea3-4e38-ad81-ab9141aec0f8] c.hify.common.RequestLoggingFilter - http.request method=POST path=/api/v1/runs/43d87f2b-d72e-4970-b25f-fbf89a78d83e/cancellations status=202 latencyMs=16
2026-10-07T17:54:49.942+08:00 INFO  [main] [requestId=c37e4e94-d44c-43ed-910f-e72ea1c9479a] c.hify.common.RequestLoggingFilter - http.request method=GET path=/api/v1/runs/43d87f2b-d72e-4970-b25f-fbf89a78d83e/events/stream status=200 latencyMs=21
2026-10-07T17:54:51.081+08:00 INFO  [main] [requestId=9278100d-6f56-45e8-befb-ba3b99a9692d] c.hify.common.RequestLoggingFilter - http.request method=GET path=/api/v1/runs/68202cdd-e358-4974-8cee-1fd69e4795a0/events/stream status=200 latencyMs=55
2026-10-07T17:54:51.416+08:00 INFO  [main] [requestId=695546d4-9d4a-4d4b-827c-f2f46c61c4dc] c.hify.common.RequestLoggingFilter - http.request method=POST path=/api/v1/knowledge-bases status=201 latencyMs=46
2026-10-07T17:54:52.471+08:00 INFO  [main] [requestId=828c4d44-6dc5-4cb4-bda7-10e0ddbd259f] c.hify.common.RequestLoggingFilter - http.request method=GET path=/api/v1/runs/f21193a2-299f-4309-94e0-3e48c8a85029/events/stream status=200 latencyMs=24
[INFO] Tests run: 4, Failures: 0, Errors: 0, Skipped: 0, Time elapsed: 130.8 s -- in com.hify.api.WorkflowSettlementPostgresTest
[INFO] Running com.hify.api.SemanticKnowledgePostgresTest
2026-10-07T17:55:04.539+08:00 INFO  [main] [requestId=] o.s.t.c.s.AnnotationConfigContextLoaderUtils - Could not detect default configuration classes for test class [com.hify.api.SemanticKnowledgePostgresTest]: SemanticKnowledgePostgresTest does not declare any static, non-private, non-final, nested classes annotated with @Configuration.
2026-10-07T17:55:05.248+08:00 INFO  [main] [requestId=] o.s.b.t.c.SpringBootTestContextBootstrapper - Found @SpringBootConfiguration com.hify.HifyApplication for test class com.hify.api.SemanticKnowledgePostgresTest
2026-10-07T17:55:05.563+08:00 INFO  [main] [requestId=] tc.pgvector/pgvector:pg16 - Creating container for image: pgvector/pgvector:pg16
2026-10-07T17:55:06.019+08:00 INFO  [main] [requestId=] tc.pgvector/pgvector:pg16 - Container pgvector/pgvector:pg16 is starting: ce6e234730381c6b94ed385ac5f2932935ed19b09280856c165189cb1e238ce4
2026-10-07T17:55:08.855+08:00 INFO  [main] [requestId=] tc.pgvector/pgvector:pg16 - Container pgvector/pgvector:pg16 started in PT3.290507S
2026-10-07T17:55:08.929+08:00 INFO  [main] [requestId=] tc.pgvector/pgvector:pg16 - Container is started (JDBC URL: jdbc:postgresql://127.0.0.1:32779/test?loggerLevel=OFF)

  .   ____          _            __ _ _
 /\\ / ___'_ __ _ _(_)_ __  __ _ \ \ \ \
( ( )\___ | '_ | '_| | '_ \/ _` | \ \ \ \
 \\/  ___)| |_)| | | | | || (_| |  ) ) ) )
  '  |____| .__|_| |_|_| |_\__, | / / / /
 =========|_|==============|___/=/_/_/_/

 :: Spring Boot ::                (v3.4.5)

2026-10-07T17:55:11.521+08:00 INFO  [main] [requestId=] c.h.a.SemanticKnowledgePostgresTest - Starting SemanticKnowledgePostgresTest using Java 17.0.19 with PID 11524 (started by weberzhao in /private/tmp/hify-course-20261006.hhEhwt/retrieval-worktree/backend/hify-app)
2026-10-07T17:55:11.526+08:00 INFO  [main] [requestId=] c.h.a.SemanticKnowledgePostgresTest - No active profile set, falling back to 1 default profile: "default"
2026-10-07T17:55:26.245+08:00 INFO  [main] [requestId=] o.s.d.r.c.RepositoryConfigurationDelegate - Multiple Spring Data modules found, entering strict repository configuration mode
2026-10-07T17:55:26.285+08:00 INFO  [main] [requestId=] o.s.d.r.c.RepositoryConfigurationDelegate - Bootstrapping Spring Data JPA repositories in DEFAULT mode.
2026-10-07T17:55:44.613+08:00 INFO  [main] [requestId=] o.s.d.r.c.RepositoryConfigurationDelegate - Finished Spring Data repository scanning in 17945 ms. Found 34 JPA repository interfaces.
2026-10-07T17:56:17.328+08:00 INFO  [main] [requestId=] com.zaxxer.hikari.HikariDataSource - HikariPool-18 - Starting...
2026-10-07T17:56:21.773+08:00 INFO  [main] [requestId=] com.zaxxer.hikari.pool.HikariPool - HikariPool-18 - Added connection org.postgresql.jdbc.PgConnection@35f98590
2026-10-07T17:56:21.794+08:00 INFO  [main] [requestId=] com.zaxxer.hikari.HikariDataSource - HikariPool-18 - Start completed.
2026-10-07T17:56:21.937+08:00 INFO  [main] [requestId=] org.flywaydb.core.FlywayExecutor - Database: jdbc:postgresql://127.0.0.1:32779/test?loggerLevel=OFF (PostgreSQL 16.15)
2026-10-07T17:56:23.462+08:00 INFO  [main] [requestId=] o.f.c.i.s.JdbcTableSchemaHistory - Schema history table "public"."flyway_schema_history" does not exist yet
2026-10-07T17:56:23.519+08:00 INFO  [main] [requestId=] o.f.core.internal.command.DbValidate - Successfully validated 24 migrations (execution time 00:00.676s)
2026-10-07T17:56:23.611+08:00 INFO  [main] [requestId=] o.f.c.i.s.JdbcTableSchemaHistory - Creating Schema History table "public"."flyway_schema_history" ...
2026-10-07T17:56:24.391+08:00 INFO  [main] [requestId=] o.f.core.internal.command.DbMigrate - Current version of schema "public": << Empty Schema >>
2026-10-07T17:56:25.403+08:00 INFO  [main] [requestId=] o.f.core.internal.command.DbMigrate - Migrating schema "public" to version "1 - baseline"
2026-10-07T17:56:25.854+08:00 INFO  [main] [requestId=] o.f.core.internal.command.DbMigrate - Migrating schema "public" to version "2 - demo item"
2026-10-07T17:56:26.519+08:00 INFO  [main] [requestId=] o.f.core.internal.command.DbMigrate - Migrating schema "public" to version "3 - run replan control"
2026-10-07T17:56:26.861+08:00 INFO  [main] [requestId=] o.f.core.internal.command.DbMigrate - Migrating schema "public" to version "4 - run context state"
2026-10-07T17:56:27.200+08:00 INFO  [main] [requestId=] o.f.core.internal.command.DbMigrate - Migrating schema "public" to version "5 - provider catalog"
2026-10-07T17:56:27.855+08:00 INFO  [main] [requestId=] o.f.core.internal.command.DbMigrate - Migrating schema "public" to version "6 - agent publishing"
2026-10-07T17:56:28.380+08:00 INFO  [main] [requestId=] o.f.core.internal.command.DbMigrate - Migrating schema "public" to version "7 - agent archive and tool bindings"
2026-10-07T17:56:28.495+08:00 INFO  [main] [requestId=] o.f.core.internal.command.DbMigrate - Migrating schema "public" to version "8 - backfill agent tool bindings"
2026-10-07T17:56:28.683+08:00 INFO  [main] [requestId=] o.f.core.internal.command.DbMigrate - Migrating schema "public" to version "9 - runtime capability and history"
2026-10-07T17:56:34.473+08:00 INFO  [main] [requestId=] o.f.core.internal.command.DbMigrate - Migrating schema "public" to version "10 - child agent task protocol"
2026-10-07T17:56:34.545+08:00 INFO  [main] [requestId=] o.f.core.internal.command.DbMigrate - Migrating schema "public" to version "11 - context memory catalog"
2026-10-07T17:56:34.586+08:00 INFO  [main] [requestId=] o.f.core.internal.command.DbMigrate - Migrating schema "public" to version "12 - history full text index"
2026-10-07T17:56:34.639+08:00 INFO  [main] [requestId=] o.f.core.internal.command.DbMigrate - Migrating schema "public" to version "13 - history vector index"
2026-10-07T17:56:34.844+08:00 INFO  [main] [requestId=] o.f.core.internal.command.DbMigrate - Migrating schema "public" to version "14 - knowledge catalog"
2026-10-07T17:56:34.899+08:00 INFO  [main] [requestId=] o.f.core.internal.command.DbMigrate - Migrating schema "public" to version "15 - knowledge search indexes"
2026-10-07T17:56:35.000+08:00 INFO  [main] [requestId=] o.f.core.internal.command.DbMigrate - Migrating schema "public" to version "16 - workflow runtime"
2026-10-07T17:56:35.046+08:00 INFO  [main] [requestId=] o.f.core.internal.command.DbMigrate - Migrating schema "public" to version "17 - mcp server registry"
2026-10-07T17:56:35.127+08:00 INFO  [main] [requestId=] o.f.core.internal.command.DbMigrate - Migrating schema "public" to version "18 - agent knowledge capability"
2026-10-07T17:56:35.172+08:00 INFO  [main] [requestId=] o.f.core.internal.command.DbMigrate - Migrating schema "public" to version "19 - agent workflow mcp capabilities"
2026-10-07T17:56:35.220+08:00 INFO  [main] [requestId=] o.f.core.internal.command.DbMigrate - Migrating schema "public" to version "20 - mcp encrypted credentials"
2026-10-07T17:56:35.274+08:00 INFO  [main] [requestId=] o.f.core.internal.command.DbMigrate - Migrating schema "public" to version "21 - workflow control terminal states"
2026-10-07T17:56:35.306+08:00 INFO  [main] [requestId=] o.f.core.internal.command.DbMigrate - Migrating schema "public" to version "22 - workflow interrupted state"
2026-10-07T17:56:35.373+08:00 INFO  [main] [requestId=] o.f.core.internal.command.DbMigrate - Migrating schema "public" to version "23 - history operation recovery"
2026-10-07T17:56:35.409+08:00 INFO  [main] [requestId=] o.f.core.internal.command.DbMigrate - Migrating schema "public" to version "24 - semantic embedding profiles"
2026-10-07T17:56:35.421+08:00 INFO  [main] [requestId=] o.f.core.internal.command.DbMigrate - Successfully applied 24 migrations to schema "public", now at version v24 (execution time 00:01.285s)
2026-10-07T17:56:37.926+08:00 INFO  [main] [requestId=] o.h.jpa.internal.util.LogHelper - HHH000204: Processing PersistenceUnitInfo [name: default]
2026-10-07T17:56:38.176+08:00 INFO  [main] [requestId=] o.h.c.i.RegionFactoryInitiator - HHH000026: Second-level cache disabled
2026-10-07T17:56:39.655+08:00 INFO  [main] [requestId=] o.s.o.j.p.SpringPersistenceUnitInfo - No LoadTimeWeaver setup: ignoring JPA class transformer
2026-10-07T17:56:39.844+08:00 INFO  [main] [requestId=] o.hibernate.orm.connections.pooling - HHH10001005: Database info:
	Database JDBC URL [Connecting through datasource 'HikariDataSource (HikariPool-18)']
	Database driver: undefined/unknown
	Database version: 16.15
	Autocommit mode: undefined/unknown
	Isolation level: undefined/unknown
	Minimum pool size: undefined/unknown
	Maximum pool size: undefined/unknown
2026-10-07T17:56:41.884+08:00 INFO  [main] [requestId=] o.h.e.t.j.p.i.JtaPlatformInitiator - HHH000489: No JTA platform available (set 'hibernate.transaction.jta.platform' to enable JTA platform integration)
2026-10-07T17:56:42.052+08:00 INFO  [main] [requestId=] o.s.o.j.LocalContainerEntityManagerFactoryBean - Initialized JPA EntityManagerFactory for persistence unit 'default'
2026-10-07T17:58:15.159+08:00 INFO  [main] [requestId=] c.b.m.s.MybatisPlusApplicationContextAware - Register ApplicationContext instances org.springframework.web.context.support.GenericWebApplicationContext@2bd5ffe3
2026-10-07T18:00:53.682+08:00 INFO  [main] [requestId=] o.s.b.t.m.w.SpringBootMockServletContext - Initializing Spring TestDispatcherServlet ''
2026-10-07T18:00:53.863+08:00 INFO  [main] [requestId=] o.s.t.w.s.TestDispatcherServlet - Initializing Servlet ''
2026-10-07T18:00:56.231+08:00 INFO  [main] [requestId=] o.s.b.a.e.web.EndpointLinksResolver - Exposing 2 endpoints beneath base path '/actuator'
2026-10-07T18:00:58.151+08:00 INFO  [main] [requestId=] o.s.t.w.s.TestDispatcherServlet - Completed initialization in 4286 ms
2026-10-07T18:01:13.732+08:00 INFO  [main] [requestId=] c.h.a.SemanticKnowledgePostgresTest - Started SemanticKnowledgePostgresTest in 363.156 seconds (process running for 819.721)
2026-10-07T18:01:43.556+08:00 INFO  [main] [requestId=] o.s.o.j.LocalContainerEntityManagerFactoryBean - Closing JPA EntityManagerFactory for persistence unit 'default'
2026-10-07T18:01:44.007+08:00 INFO  [main] [requestId=] com.zaxxer.hikari.HikariDataSource - HikariPool-12 - Shutdown initiated...
2026-10-07T18:01:44.241+08:00 INFO  [main] [requestId=] com.zaxxer.hikari.HikariDataSource - HikariPool-12 - Shutdown completed.
2026-10-07T18:01:55.176+08:00 INFO  [main] [requestId=8cd11aa7-0797-47b9-bfbc-d4f508e789de] c.hify.common.RequestLoggingFilter - http.request method=POST path=/api/v1/providers status=201 latencyMs=6979
2026-10-07T18:01:55.906+08:00 INFO  [main] [requestId=eecc96a8-8729-4ef2-b7af-85b00a1889df] c.hify.common.RequestLoggingFilter - http.request method=POST path=/api/v1/knowledge-bases status=201 latencyMs=680
2026-10-07T18:01:56.078+08:00 INFO  [main] [requestId=f4fb2d8e-13b6-4c04-bf3a-159bb1aee7b8] c.hify.common.RequestLoggingFilter - http.request method=POST path=/api/v1/knowledge-bases/2e244899-9fdf-474b-a619-3730517a616c/documents status=202 latencyMs=163
2026-10-07T18:02:07.346+08:00 INFO  [llm-1] [requestId=f4fb2d8e-13b6-4c04-bf3a-159bb1aee7b8] com.hify.common.LlmHttpClient - llm.http target=http://127.0.0.1:62860/v1/embeddings status=200 latencyMs=1567
2026-10-07T18:02:08.626+08:00 INFO  [main] [requestId=2f997140-d0ad-4037-971e-70dc876497f7] c.hify.common.RequestLoggingFilter - http.request method=POST path=/api/v1/providers status=201 latencyMs=276
2026-10-07T18:02:08.758+08:00 INFO  [main] [requestId=34f02b92-f148-4260-bd60-c4146837cabf] c.hify.common.RequestLoggingFilter - http.request method=POST path=/api/v1/knowledge-bases status=201 latencyMs=125
2026-10-07T18:02:09.009+08:00 INFO  [main] [requestId=f2527f3e-fbcd-4a80-b1b6-1208dcdd31cd] c.hify.common.RequestLoggingFilter - http.request method=GET path=/api/v1/knowledge-bases/a896e6f0-3867-4cd5-9bfa-e845b876bd99 status=200 latencyMs=243
2026-10-07T18:02:09.065+08:00 INFO  [main] [requestId=8e361fa1-c90f-4058-b95f-00d47d7118ed] c.hify.common.RequestLoggingFilter - http.request method=PUT path=/api/v1/knowledge-bases/a896e6f0-3867-4cd5-9bfa-e845b876bd99 status=409 latencyMs=45
2026-10-07T18:02:09.200+08:00 INFO  [main] [requestId=37d73596-0ebc-47f2-b4b8-3b6890b6c3d5] c.hify.common.RequestLoggingFilter - http.request method=POST path=/api/v1/providers status=201 latencyMs=52
2026-10-07T18:02:09.250+08:00 INFO  [llm-2] [requestId=] com.hify.common.LlmHttpClient - llm.http target=http://127.0.0.1:62860/v1/embeddings status=200 latencyMs=9
2026-10-07T18:02:09.396+08:00 INFO  [main] [requestId=4c78e6c2-3471-4713-80f2-7a3b19d557c6] c.hify.common.RequestLoggingFilter - http.request method=POST path=/api/v1/providers status=201 latencyMs=36
2026-10-07T18:02:09.419+08:00 INFO  [main] [requestId=fbbf9b62-3eb0-4e91-bba8-3015dfa7b5fb] c.hify.common.RequestLoggingFilter - http.request method=POST path=/api/v1/knowledge-bases status=201 latencyMs=22
2026-10-07T18:02:09.442+08:00 INFO  [main] [requestId=a3877439-6f3a-4183-8343-f83a45248bb3] c.hify.common.RequestLoggingFilter - http.request method=POST path=/api/v1/knowledge-bases/2074b31f-ceb4-4671-b9ce-55bf646b9f9f/documents status=202 latencyMs=22
2026-10-07T18:02:09.527+08:00 INFO  [llm-3] [requestId=a3877439-6f3a-4183-8343-f83a45248bb3] com.hify.common.LlmHttpClient - llm.http target=http://127.0.0.1:62860/v1/embeddings status=200 latencyMs=5
2026-10-07T18:02:10.000+08:00 INFO  [main] [requestId=1c9010d4-deb3-4f2e-8f96-a2de40e2060b] c.hify.common.RequestLoggingFilter - http.request method=POST path=/api/v1/knowledge-bases/2074b31f-ceb4-4671-b9ce-55bf646b9f9f/documents status=202 latencyMs=140
2026-10-07T18:02:10.151+08:00 INFO  [llm-4] [requestId=1c9010d4-deb3-4f2e-8f96-a2de40e2060b] com.hify.common.LlmHttpClient - llm.http target=http://127.0.0.1:62860/v1/embeddings status=200 latencyMs=5
2026-10-07T18:02:10.535+08:00 INFO  [llm-5] [requestId=] com.hify.common.LlmHttpClient - llm.http target=http://127.0.0.1:62860/v1/embeddings status=200 latencyMs=12
2026-10-07T18:02:10.820+08:00 INFO  [main] [requestId=678faf37-8e2d-4c16-94bd-af89dfef79ee] c.hify.common.RequestLoggingFilter - http.request method=DELETE path=/api/v1/documents/c9b74920-85f9-42c4-af19-f97251bfbd65 status=200 latencyMs=29
2026-10-07T18:02:11.018+08:00 INFO  [llm-6] [requestId=] com.hify.common.LlmHttpClient - llm.http target=http://127.0.0.1:62860/v1/embeddings status=200 latencyMs=178
2026-10-07T18:02:11.083+08:00 INFO  [llm-7] [requestId=] com.hify.common.LlmHttpClient - llm.http target=http://127.0.0.1:62860/v1/embeddings status=200 latencyMs=14
2026-10-07T18:02:11.509+08:00 INFO  [main] [requestId=750e397f-d02f-4d9b-bc18-426cc318a7bf] c.hify.common.RequestLoggingFilter - http.request method=POST path=/api/v1/knowledge-bases status=201 latencyMs=154
2026-10-07T18:02:11.553+08:00 INFO  [main] [requestId=3027bcbc-63ef-41a4-a540-07d8fb640ca0] c.hify.common.RequestLoggingFilter - http.request method=POST path=/api/v1/knowledge-bases/2df81db1-7285-4b78-9704-9bd9842d0179/documents status=202 latencyMs=39
2026-10-07T18:02:12.583+08:00 INFO  [main] [requestId=0e15bfdd-d7ff-48aa-8757-557aa2282072] c.hify.common.RequestLoggingFilter - http.request method=POST path=/api/v1/providers status=201 latencyMs=74
2026-10-07T18:02:12.612+08:00 INFO  [main] [requestId=c9c5474b-013b-4c31-b40c-16009be89b17] c.hify.common.RequestLoggingFilter - http.request method=POST path=/api/v1/knowledge-bases status=201 latencyMs=27
2026-10-07T18:02:12.624+08:00 INFO  [main] [requestId=56f78173-04a6-460c-9151-4d1a9f4c712e] c.hify.common.RequestLoggingFilter - http.request method=POST path=/api/v1/knowledge-bases/306c4870-0676-4ac3-812b-c92785600157/documents status=202 latencyMs=11
2026-10-07T18:02:12.660+08:00 INFO  [llm-8] [requestId=56f78173-04a6-460c-9151-4d1a9f4c712e] com.hify.common.LlmHttpClient - llm.http target=http://127.0.0.1:62860/v1/embeddings status=200 latencyMs=6
2026-10-07T18:02:13.232+08:00 INFO  [main] [requestId=6c4d2bd9-5261-4a20-8737-5d28eafb6b4d] c.hify.common.RequestLoggingFilter - http.request method=POST path=/api/v1/knowledge-bases/306c4870-0676-4ac3-812b-c92785600157/documents status=202 latencyMs=41
2026-10-07T18:02:13.291+08:00 INFO  [llm-9] [requestId=6c4d2bd9-5261-4a20-8737-5d28eafb6b4d] com.hify.common.LlmHttpClient - llm.http target=http://127.0.0.1:62860/v1/embeddings status=200 latencyMs=3
2026-10-07T18:02:13.438+08:00 INFO  [llm-10] [requestId=] com.hify.common.LlmHttpClient - llm.http target=http://127.0.0.1:62860/v1/embeddings status=200 latencyMs=1
2026-10-07T18:02:13.482+08:00 INFO  [main] [requestId=d038a3bf-31c0-4312-8056-7f1e9d09d188] c.hify.common.RequestLoggingFilter - http.request method=POST path=/api/v1/providers status=201 latencyMs=18
2026-10-07T18:02:13.496+08:00 INFO  [main] [requestId=5ae9a18c-cc41-4170-bb1f-b53a1788bb05] c.hify.common.RequestLoggingFilter - http.request method=POST path=/api/v1/knowledge-bases status=201 latencyMs=12
2026-10-07T18:02:13.512+08:00 INFO  [main] [requestId=3ae0a348-7078-43ee-afdb-33a78ee0231a] c.hify.common.RequestLoggingFilter - http.request method=POST path=/api/v1/knowledge-bases/2857989c-7ce5-43b5-9134-6072b80c1207/documents status=202 latencyMs=11
2026-10-07T18:02:13.580+08:00 INFO  [llm-1] [requestId=3ae0a348-7078-43ee-afdb-33a78ee0231a] com.hify.common.LlmHttpClient - llm.http target=http://127.0.0.1:62860/v1/embeddings status=200 latencyMs=1
[INFO] Tests run: 7, Failures: 0, Errors: 0, Skipped: 0, Time elapsed: 445.1 s -- in com.hify.api.SemanticKnowledgePostgresTest
[INFO] Running com.hify.api.WorkflowTerminalMigrationTest
2026-10-07T18:02:50.266+08:00 INFO  [main] [requestId=] org.flywaydb.core.FlywayExecutor - Database: jdbc:h2:mem:workflow-upgrade-d2a85cb0-7841-4f5c-84a8-7b53b0324f58 (H2 2.3)
2026-10-07T18:02:50.344+08:00 WARN  [main] [requestId=] o.f.c.i.database.base.Database - Flyway upgrade recommended: H2 2.3.232 is newer than this version of Flyway and support has not been tested. The latest supported version of H2 is 2.2.224.
2026-10-07T18:02:50.782+08:00 INFO  [main] [requestId=] o.f.c.i.s.JdbcTableSchemaHistory - Schema history table "PUBLIC"."flyway_schema_history" does not exist yet
2026-10-07T18:02:50.791+08:00 INFO  [main] [requestId=] o.f.core.internal.command.DbValidate - Successfully validated 24 migrations (execution time 00:00.395s)
2026-10-07T18:02:51.279+08:00 INFO  [main] [requestId=] o.f.c.i.s.JdbcTableSchemaHistory - Creating Schema History table "PUBLIC"."flyway_schema_history" ...
2026-10-07T18:02:52.563+08:00 INFO  [main] [requestId=] o.f.core.internal.command.DbMigrate - Current version of schema "PUBLIC": << Empty Schema >>
2026-10-07T18:02:52.609+08:00 INFO  [main] [requestId=] o.f.core.internal.command.DbMigrate - Migrating schema "PUBLIC" to version "1 - baseline"
2026-10-07T18:02:52.944+08:00 INFO  [main] [requestId=] o.f.core.internal.command.DbMigrate - Migrating schema "PUBLIC" to version "2 - demo item"
2026-10-07T18:02:53.009+08:00 INFO  [main] [requestId=] o.f.core.internal.command.DbMigrate - Migrating schema "PUBLIC" to version "3 - run replan control"
2026-10-07T18:02:53.150+08:00 INFO  [main] [requestId=] o.f.core.internal.command.DbMigrate - Migrating schema "PUBLIC" to version "4 - run context state"
2026-10-07T18:02:54.669+08:00 INFO  [main] [requestId=] o.f.core.internal.command.DbMigrate - Migrating schema "PUBLIC" to version "5 - provider catalog"
2026-10-07T18:02:56.080+08:00 INFO  [main] [requestId=] o.f.core.internal.command.DbMigrate - Migrating schema "PUBLIC" to version "6 - agent publishing"
2026-10-07T18:02:58.895+08:00 INFO  [main] [requestId=] o.f.core.internal.command.DbMigrate - Migrating schema "PUBLIC" to version "7 - agent archive and tool bindings"
2026-10-07T18:02:59.374+08:00 INFO  [main] [requestId=] o.f.core.internal.command.DbMigrate - Migrating schema "PUBLIC" to version "8 - backfill agent tool bindings"
2026-10-07T18:02:59.403+08:00 INFO  [main] [requestId=] o.f.core.internal.command.DbMigrate - Migrating schema "PUBLIC" to version "9 - runtime capability and history"
2026-10-07T18:03:01.062+08:00 INFO  [main] [requestId=] o.f.core.internal.command.DbMigrate - Migrating schema "PUBLIC" to version "10 - child agent task protocol"
2026-10-07T18:03:01.243+08:00 INFO  [main] [requestId=] o.f.core.internal.command.DbMigrate - Migrating schema "PUBLIC" to version "11 - context memory catalog"
2026-10-07T18:03:01.796+08:00 INFO  [main] [requestId=] o.f.core.internal.command.DbMigrate - Migrating schema "PUBLIC" to version "12 - history full text index"
2026-10-07T18:03:01.917+08:00 INFO  [main] [requestId=] o.f.core.internal.command.DbMigrate - Migrating schema "PUBLIC" to version "13 - history vector index"
2026-10-07T18:03:02.140+08:00 INFO  [main] [requestId=] o.f.core.internal.command.DbMigrate - Migrating schema "PUBLIC" to version "14 - knowledge catalog"
2026-10-07T18:03:02.264+08:00 INFO  [main] [requestId=] o.f.core.internal.command.DbMigrate - Migrating schema "PUBLIC" to version "15 - knowledge search indexes"
2026-10-07T18:03:02.411+08:00 INFO  [main] [requestId=] o.f.core.internal.command.DbMigrate - Migrating schema "PUBLIC" to version "16 - workflow runtime"
2026-10-07T18:03:02.735+08:00 INFO  [main] [requestId=] o.f.core.internal.command.DbMigrate - Migrating schema "PUBLIC" to version "17 - mcp server registry"
2026-10-07T18:03:02.876+08:00 INFO  [main] [requestId=] o.f.core.internal.command.DbMigrate - Migrating schema "PUBLIC" to version "18 - agent knowledge capability"
2026-10-07T18:03:03.000+08:00 INFO  [main] [requestId=] o.f.core.internal.command.DbMigrate - Migrating schema "PUBLIC" to version "19 - agent workflow mcp capabilities"
2026-10-07T18:03:03.161+08:00 INFO  [main] [requestId=] o.f.core.internal.command.DbMigrate - Migrating schema "PUBLIC" to version "20 - mcp encrypted credentials"
2026-10-07T18:03:03.376+08:00 INFO  [main] [requestId=] o.f.core.internal.command.DbMigrate - Successfully applied 20 migrations to schema "PUBLIC", now at version v20 (execution time 00:07.828s)
2026-10-07T18:03:24.615+08:00 INFO  [main] [requestId=] org.flywaydb.core.FlywayExecutor - Database: jdbc:h2:mem:workflow-upgrade-d2a85cb0-7841-4f5c-84a8-7b53b0324f58 (H2 2.3)
2026-10-07T18:03:24.697+08:00 WARN  [main] [requestId=] o.f.c.i.database.base.Database - Flyway upgrade recommended: H2 2.3.232 is newer than this version of Flyway and support has not been tested. The latest supported version of H2 is 2.2.224.
2026-10-07T18:03:27.706+08:00 INFO  [main] [requestId=] o.f.core.internal.command.DbValidate - Successfully validated 24 migrations (execution time 00:02.963s)
2026-10-07T18:03:27.744+08:00 INFO  [main] [requestId=] o.f.core.internal.command.DbMigrate - Current version of schema "PUBLIC": 20
2026-10-07T18:03:27.803+08:00 INFO  [main] [requestId=] o.f.core.internal.command.DbMigrate - Migrating schema "PUBLIC" to version "21 - workflow control terminal states"
2026-10-07T18:03:28.313+08:00 INFO  [main] [requestId=] o.f.core.internal.command.DbMigrate - Migrating schema "PUBLIC" to version "22 - workflow interrupted state"
2026-10-07T18:03:29.272+08:00 INFO  [main] [requestId=] o.f.core.internal.command.DbMigrate - Migrating schema "PUBLIC" to version "23 - history operation recovery"
2026-10-07T18:03:30.236+08:00 INFO  [main] [requestId=] o.f.core.internal.command.DbMigrate - Migrating schema "PUBLIC" to version "24 - semantic embedding profiles"
2026-10-07T18:03:30.803+08:00 INFO  [main] [requestId=] o.f.core.internal.command.DbMigrate - Successfully applied 4 migrations to schema "PUBLIC", now at version v24 (execution time 00:02.018s)
[INFO] Tests run: 1, Failures: 0, Errors: 0, Skipped: 0, Time elapsed: 63.67 s -- in com.hify.api.WorkflowTerminalMigrationTest
[INFO] Running com.hify.api.KnowledgeMemoryPostgresTest
2026-10-07T18:03:42.190+08:00 INFO  [main] [requestId=] o.s.t.c.s.AnnotationConfigContextLoaderUtils - Could not detect default configuration classes for test class [com.hify.api.KnowledgeMemoryPostgresTest]: KnowledgeMemoryPostgresTest does not declare any static, non-private, non-final, nested classes annotated with @Configuration.
2026-10-07T18:03:43.546+08:00 INFO  [main] [requestId=] o.s.b.t.c.SpringBootTestContextBootstrapper - Found @SpringBootConfiguration com.hify.HifyApplication for test class com.hify.api.KnowledgeMemoryPostgresTest
2026-10-07T18:03:44.024+08:00 INFO  [main] [requestId=] tc.pgvector/pgvector:pg16 - Creating container for image: pgvector/pgvector:pg16
2026-10-07T18:03:46.093+08:00 INFO  [main] [requestId=] tc.pgvector/pgvector:pg16 - Container pgvector/pgvector:pg16 is starting: 697cc3a5e1715788bce9d770a36531ebcf728649fd377005a0ed8a7535bfc0bc
2026-10-07T18:03:51.134+08:00 INFO  [main] [requestId=] tc.pgvector/pgvector:pg16 - Container pgvector/pgvector:pg16 started in PT7.087036S
2026-10-07T18:03:51.315+08:00 INFO  [main] [requestId=] tc.pgvector/pgvector:pg16 - Container is started (JDBC URL: jdbc:postgresql://127.0.0.1:32780/knowledge_memory?loggerLevel=OFF)

  .   ____          _            __ _ _
 /\\ / ___'_ __ _ _(_)_ __  __ _ \ \ \ \
( ( )\___ | '_ | '_| | '_ \/ _` | \ \ \ \
 \\/  ___)| |_)| | | | | || (_| |  ) ) ) )
  '  |____| .__|_| |_|_| |_\__, | / / / /
 =========|_|==============|___/=/_/_/_/

 :: Spring Boot ::                (v3.4.5)

2026-10-07T18:03:59.432+08:00 INFO  [main] [requestId=] c.h.api.KnowledgeMemoryPostgresTest - Starting KnowledgeMemoryPostgresTest using Java 17.0.19 with PID 11524 (started by weberzhao in /private/tmp/hify-course-20261006.hhEhwt/retrieval-worktree/backend/hify-app)
2026-10-07T18:03:59.433+08:00 INFO  [main] [requestId=] c.h.api.KnowledgeMemoryPostgresTest - No active profile set, falling back to 1 default profile: "default"
2026-10-07T18:04:43.786+08:00 INFO  [main] [requestId=] o.s.d.r.c.RepositoryConfigurationDelegate - Multiple Spring Data modules found, entering strict repository configuration mode
2026-10-07T18:04:43.806+08:00 INFO  [main] [requestId=] o.s.d.r.c.RepositoryConfigurationDelegate - Bootstrapping Spring Data JPA repositories in DEFAULT mode.
2026-10-07T18:04:44.536+08:00 INFO  [main] [requestId=] o.s.d.r.c.RepositoryConfigurationDelegate - Finished Spring Data repository scanning in 713 ms. Found 34 JPA repository interfaces.
2026-10-07T18:04:57.201+08:00 INFO  [main] [requestId=] com.zaxxer.hikari.HikariDataSource - HikariPool-19 - Starting...
2026-10-07T18:05:00.803+08:00 INFO  [main] [requestId=] com.zaxxer.hikari.pool.HikariPool - HikariPool-19 - Added connection org.postgresql.jdbc.PgConnection@13373048
2026-10-07T18:05:00.813+08:00 INFO  [main] [requestId=] com.zaxxer.hikari.HikariDataSource - HikariPool-19 - Start completed.
2026-10-07T18:05:01.023+08:00 INFO  [main] [requestId=] org.flywaydb.core.FlywayExecutor - Database: jdbc:postgresql://127.0.0.1:32780/knowledge_memory?loggerLevel=OFF (PostgreSQL 16.15)
2026-10-07T18:05:01.653+08:00 INFO  [main] [requestId=] o.f.c.i.s.JdbcTableSchemaHistory - Schema history table "public"."flyway_schema_history" does not exist yet
2026-10-07T18:05:01.655+08:00 INFO  [main] [requestId=] o.f.core.internal.command.DbValidate - Successfully validated 24 migrations (execution time 00:00.442s)
2026-10-07T18:05:01.694+08:00 INFO  [main] [requestId=] o.f.c.i.s.JdbcTableSchemaHistory - Creating Schema History table "public"."flyway_schema_history" ...
2026-10-07T18:05:01.760+08:00 INFO  [main] [requestId=] o.f.core.internal.command.DbMigrate - Current version of schema "public": << Empty Schema >>
2026-10-07T18:05:01.792+08:00 INFO  [main] [requestId=] o.f.core.internal.command.DbMigrate - Migrating schema "public" to version "1 - baseline"
2026-10-07T18:05:02.064+08:00 INFO  [main] [requestId=] o.f.core.internal.command.DbMigrate - Migrating schema "public" to version "2 - demo item"
2026-10-07T18:05:02.082+08:00 INFO  [main] [requestId=] o.f.core.internal.command.DbMigrate - Migrating schema "public" to version "3 - run replan control"
2026-10-07T18:05:02.104+08:00 INFO  [main] [requestId=] o.f.core.internal.command.DbMigrate - Migrating schema "public" to version "4 - run context state"
2026-10-07T18:05:02.130+08:00 INFO  [main] [requestId=] o.f.core.internal.command.DbMigrate - Migrating schema "public" to version "5 - provider catalog"
2026-10-07T18:05:02.191+08:00 INFO  [main] [requestId=] o.f.core.internal.command.DbMigrate - Migrating schema "public" to version "6 - agent publishing"
2026-10-07T18:05:02.237+08:00 INFO  [main] [requestId=] o.f.core.internal.command.DbMigrate - Migrating schema "public" to version "7 - agent archive and tool bindings"
2026-10-07T18:05:02.252+08:00 INFO  [main] [requestId=] o.f.core.internal.command.DbMigrate - Migrating schema "public" to version "8 - backfill agent tool bindings"
2026-10-07T18:05:02.287+08:00 INFO  [main] [requestId=] o.f.core.internal.command.DbMigrate - Migrating schema "public" to version "9 - runtime capability and history"
2026-10-07T18:05:02.337+08:00 INFO  [main] [requestId=] o.f.core.internal.command.DbMigrate - Migrating schema "public" to version "10 - child agent task protocol"
2026-10-07T18:05:02.382+08:00 INFO  [main] [requestId=] o.f.core.internal.command.DbMigrate - Migrating schema "public" to version "11 - context memory catalog"
2026-10-07T18:05:02.444+08:00 INFO  [main] [requestId=] o.f.core.internal.command.DbMigrate - Migrating schema "public" to version "12 - history full text index"
2026-10-07T18:05:02.496+08:00 INFO  [main] [requestId=] o.f.core.internal.command.DbMigrate - Migrating schema "public" to version "13 - history vector index"
2026-10-07T18:05:02.640+08:00 INFO  [main] [requestId=] o.f.core.internal.command.DbMigrate - Migrating schema "public" to version "14 - knowledge catalog"
2026-10-07T18:05:02.707+08:00 INFO  [main] [requestId=] o.f.core.internal.command.DbMigrate - Migrating schema "public" to version "15 - knowledge search indexes"
2026-10-07T18:05:02.820+08:00 INFO  [main] [requestId=] o.f.core.internal.command.DbMigrate - Migrating schema "public" to version "16 - workflow runtime"
2026-10-07T18:05:02.907+08:00 INFO  [main] [requestId=] o.f.core.internal.command.DbMigrate - Migrating schema "public" to version "17 - mcp server registry"
2026-10-07T18:05:02.940+08:00 INFO  [main] [requestId=] o.f.core.internal.command.DbMigrate - Migrating schema "public" to version "18 - agent knowledge capability"
2026-10-07T18:05:02.978+08:00 INFO  [main] [requestId=] o.f.core.internal.command.DbMigrate - Migrating schema "public" to version "19 - agent workflow mcp capabilities"
2026-10-07T18:05:02.996+08:00 INFO  [main] [requestId=] o.f.core.internal.command.DbMigrate - Migrating schema "public" to version "20 - mcp encrypted credentials"
2026-10-07T18:05:03.014+08:00 INFO  [main] [requestId=] o.f.core.internal.command.DbMigrate - Migrating schema "public" to version "21 - workflow control terminal states"
2026-10-07T18:05:03.026+08:00 INFO  [main] [requestId=] o.f.core.internal.command.DbMigrate - Migrating schema "public" to version "22 - workflow interrupted state"
2026-10-07T18:05:03.046+08:00 INFO  [main] [requestId=] o.f.core.internal.command.DbMigrate - Migrating schema "public" to version "23 - history operation recovery"
2026-10-07T18:05:03.060+08:00 INFO  [main] [requestId=] o.f.core.internal.command.DbMigrate - Migrating schema "public" to version "24 - semantic embedding profiles"
2026-10-07T18:05:03.154+08:00 INFO  [main] [requestId=] o.f.core.internal.command.DbMigrate - Successfully applied 24 migrations to schema "public", now at version v24 (execution time 00:00.933s)
2026-10-07T18:05:04.336+08:00 INFO  [main] [requestId=] o.h.jpa.internal.util.LogHelper - HHH000204: Processing PersistenceUnitInfo [name: default]
2026-10-07T18:05:04.652+08:00 INFO  [main] [requestId=] o.h.c.i.RegionFactoryInitiator - HHH000026: Second-level cache disabled
2026-10-07T18:05:05.312+08:00 INFO  [main] [requestId=] o.s.o.j.p.SpringPersistenceUnitInfo - No LoadTimeWeaver setup: ignoring JPA class transformer
2026-10-07T18:05:05.723+08:00 INFO  [main] [requestId=] o.hibernate.orm.connections.pooling - HHH10001005: Database info:
	Database JDBC URL [Connecting through datasource 'HikariDataSource (HikariPool-19)']
	Database driver: undefined/unknown
	Database version: 16.15
	Autocommit mode: undefined/unknown
	Isolation level: undefined/unknown
	Minimum pool size: undefined/unknown
	Maximum pool size: undefined/unknown
2026-10-07T18:05:11.242+08:00 INFO  [main] [requestId=] o.h.e.t.j.p.i.JtaPlatformInitiator - HHH000489: No JTA platform available (set 'hibernate.transaction.jta.platform' to enable JTA platform integration)
2026-10-07T18:05:11.572+08:00 INFO  [main] [requestId=] o.s.o.j.LocalContainerEntityManagerFactoryBean - Initialized JPA EntityManagerFactory for persistence unit 'default'
2026-10-07T18:05:53.104+08:00 INFO  [main] [requestId=] c.b.m.s.MybatisPlusApplicationContextAware - Register ApplicationContext instances org.springframework.web.context.support.GenericWebApplicationContext@7ad1ec67
2026-10-07T18:06:06.025+08:00 INFO  [main] [requestId=] o.s.b.t.m.w.SpringBootMockServletContext - Initializing Spring TestDispatcherServlet ''
2026-10-07T18:06:06.027+08:00 INFO  [main] [requestId=] o.s.t.w.s.TestDispatcherServlet - Initializing Servlet ''
2026-10-07T18:06:06.036+08:00 INFO  [main] [requestId=] o.s.b.a.e.web.EndpointLinksResolver - Exposing 2 endpoints beneath base path '/actuator'
2026-10-07T18:06:06.066+08:00 INFO  [main] [requestId=] o.s.t.w.s.TestDispatcherServlet - Completed initialization in 39 ms
2026-10-07T18:06:06.999+08:00 INFO  [main] [requestId=] c.h.api.KnowledgeMemoryPostgresTest - Started KnowledgeMemoryPostgresTest in 131.848 seconds (process running for 1113.186)
2026-10-07T18:06:11.074+08:00 INFO  [main] [requestId=] o.s.o.j.LocalContainerEntityManagerFactoryBean - Closing JPA EntityManagerFactory for persistence unit 'default'
2026-10-07T18:06:11.315+08:00 INFO  [main] [requestId=] com.zaxxer.hikari.HikariDataSource - HikariPool-17 - Shutdown initiated...
2026-10-07T18:06:12.456+08:00 INFO  [main] [requestId=] com.zaxxer.hikari.HikariDataSource - HikariPool-17 - Shutdown completed.
2026-10-07T18:06:58.008+08:00 INFO  [main] [requestId=dd80b8ef-23d9-43fd-8117-95f1274d7e90] c.hify.common.RequestLoggingFilter - http.request method=POST path=/api/v1/knowledge-bases status=201 latencyMs=18372
2026-10-07T18:06:59.198+08:00 INFO  [main] [requestId=06c20f0a-d0ce-4ddb-b2a0-1edfe7cf608c] c.hify.common.RequestLoggingFilter - http.request method=POST path=/api/v1/knowledge-bases status=201 latencyMs=146
2026-10-07T18:07:06.275+08:00 INFO  [main] [requestId=2872f4f4-4d7e-42c4-bfc9-9c14e2b14bd9] c.hify.common.RequestLoggingFilter - http.request method=POST path=/api/v1/workflows status=201 latencyMs=7059
2026-10-07T18:07:08.327+08:00 INFO  [main] [requestId=9b58aea0-f3e4-49d1-9365-e7854d3a7e96] c.hify.common.RequestLoggingFilter - http.request method=POST path=/api/v1/workflows status=400 latencyMs=1905
2026-10-07T18:07:25.822+08:00 INFO  [main] [requestId=6aec0319-2750-4b44-bc58-9aa891571dff] c.hify.common.RequestLoggingFilter - http.request method=PUT path=/api/v1/workflows/6363f60d-af97-4263-9cb7-5d2b3a3cbfe7 status=400 latencyMs=17183
2026-10-07T18:07:48.723+08:00 INFO  [main] [requestId=1d619eda-3ba4-474a-9cde-8b27cd914013] c.hify.common.RequestLoggingFilter - http.request method=POST path=/api/v1/workflow-versions/b9896db8-9087-4f15-8e54-49d87c3416b2/runs status=409 latencyMs=12801
2026-10-07T18:07:55.985+08:00 INFO  [main] [requestId=4b6ed24c-6e10-4a64-b4e9-cba8d6a349a4] c.hify.common.RequestLoggingFilter - http.request method=POST path=/api/v1/knowledge-bases status=201 latencyMs=208
2026-10-07T18:07:56.742+08:00 INFO  [main] [requestId=549b5177-8fd7-4e98-bf18-cb2f9389b3b5] c.hify.common.RequestLoggingFilter - http.request method=POST path=/api/v1/knowledge-bases/3fbbefbc-2a77-4055-ac42-4e55f494c272/documents status=202 latencyMs=722
2026-10-07T18:07:57.098+08:00 INFO  [main] [requestId=d05af431-f7e3-4245-be69-cfdf7db4ad1e] c.hify.common.RequestLoggingFilter - http.request method=GET path=/api/v1/documents/f55802b3-dc65-4187-a6f1-180af775b329 status=200 latencyMs=327
2026-10-07T18:07:57.384+08:00 INFO  [main] [requestId=b1b20a81-0212-42a8-8e43-e3d0e14b8b61] c.hify.common.RequestLoggingFilter - http.request method=GET path=/api/v1/documents/f55802b3-dc65-4187-a6f1-180af775b329 status=200 latencyMs=61
2026-10-07T18:07:57.513+08:00 INFO  [main] [requestId=c88f7f7c-614c-4131-a904-cb492f9e9e99] c.hify.common.RequestLoggingFilter - http.request method=GET path=/api/v1/documents/f55802b3-dc65-4187-a6f1-180af775b329/chunks status=200 latencyMs=112
2026-10-07T18:07:57.562+08:00 INFO  [main] [requestId=745a4c43-9621-41ae-8ab6-a8c96010459f] c.hify.common.RequestLoggingFilter - http.request method=DELETE path=/api/v1/documents/f55802b3-dc65-4187-a6f1-180af775b329 status=200 latencyMs=45
2026-10-07T18:07:57.706+08:00 INFO  [main] [requestId=6de53e37-75fd-48af-9973-418542119c8d] c.hify.common.RequestLoggingFilter - http.request method=POST path=/api/v1/knowledge-bases status=201 latencyMs=8
2026-10-07T18:07:57.723+08:00 INFO  [main] [requestId=8e8eecd7-4845-48e8-aa03-4941713ea90d] c.hify.common.RequestLoggingFilter - http.request method=POST path=/api/v1/knowledge-bases/244197c8-f106-484e-81a9-792125075110/documents status=202 latencyMs=14
2026-10-07T18:07:57.727+08:00 INFO  [main] [requestId=dab19cac-56c5-4d82-a1f1-10979762610b] c.hify.common.RequestLoggingFilter - http.request method=GET path=/api/v1/documents/05848ebf-ff9c-4a9a-94dc-241b37c3d716 status=200 latencyMs=2
2026-10-07T18:07:57.921+08:00 INFO  [main] [requestId=53e5b3a5-69a0-4f90-bd24-5bdcc0f976ce] c.hify.common.RequestLoggingFilter - http.request method=GET path=/api/v1/documents/05848ebf-ff9c-4a9a-94dc-241b37c3d716 status=200 latencyMs=7
2026-10-07T18:07:58.038+08:00 INFO  [main] [requestId=1756b339-f94f-4f1a-8240-393bf3386542] c.hify.common.RequestLoggingFilter - http.request method=POST path=/api/v1/workflows status=201 latencyMs=110
2026-10-07T18:07:58.143+08:00 INFO  [main] [requestId=8288d90b-145e-40d1-8b32-56175699b4fa] c.hify.common.RequestLoggingFilter - http.request method=POST path=/api/v1/workflows/2e0d14bb-017e-4155-aa7a-38a6685c2a37/versions status=200 latencyMs=104
2026-10-07T18:08:02.511+08:00 INFO  [main] [requestId=0cb28a4e-5808-420d-a984-3fcc9c48ca57] c.hify.common.RequestLoggingFilter - http.request method=POST path=/api/v1/agents status=201 latencyMs=4361
2026-10-07T18:08:02.763+08:00 INFO  [main] [requestId=e8e78026-a698-4f61-becb-5d2955b86e1e] c.hify.common.RequestLoggingFilter - http.request method=PUT path=/api/v1/agents/c7afb24d-7f56-4022-aea4-961603962c99/workflow-binding status=200 latencyMs=175
2026-10-07T18:08:03.209+08:00 INFO  [main] [requestId=628bdfe2-b645-4284-bf42-7d2685a9de30] c.hify.common.RequestLoggingFilter - http.request method=POST path=/api/v1/agents/c7afb24d-7f56-4022-aea4-961603962c99/publications status=200 latencyMs=445
2026-10-07T18:08:03.582+08:00 INFO  [main] [requestId=fa5b09c0-cee8-4aaa-ae28-69c2a69f3be2] c.hify.common.RequestLoggingFilter - http.request method=POST path=/api/v1/conversations status=201 latencyMs=362
2026-10-07T18:08:05.926+08:00 INFO  [main] [requestId=ca7cd830-6529-412b-bb8b-481022d25b9a] c.hify.common.RequestLoggingFilter - http.request method=POST path=/api/v1/workflow-versions/1f16eced-5c4a-4181-aa94-7c9ac2d17453/runs status=202 latencyMs=2340
2026-10-07T18:08:06.110+08:00 INFO  [main] [requestId=de6b2cc8-f26e-4be9-be94-81c216f8e370] c.hify.common.RequestLoggingFilter - http.request method=DELETE path=/api/v1/documents/05848ebf-ff9c-4a9a-94dc-241b37c3d716 status=200 latencyMs=171
2026-10-07T18:08:06.183+08:00 INFO  [main] [requestId=f31dffb2-4ef2-41b1-bb28-4cff31c97396] c.hify.common.RequestLoggingFilter - http.request method=POST path=/api/v1/knowledge-bases/244197c8-f106-484e-81a9-792125075110/documents status=202 latencyMs=67
2026-10-07T18:08:06.199+08:00 INFO  [main] [requestId=4b217c10-7fd5-40a1-a33e-3d1f821abf04] c.hify.common.RequestLoggingFilter - http.request method=GET path=/api/v1/documents/a2e7758d-6b86-44d6-ae13-3c4ff37898ff status=200 latencyMs=11
2026-10-07T18:08:06.412+08:00 INFO  [main] [requestId=f758f9df-2db1-45af-b1bb-b376bb7b8139] c.hify.common.RequestLoggingFilter - http.request method=GET path=/api/v1/documents/a2e7758d-6b86-44d6-ae13-3c4ff37898ff status=200 latencyMs=40
2026-10-07T18:08:06.784+08:00 INFO  [main] [requestId=cd8ea316-208d-4262-89ec-fe7cc25e78d2] c.hify.common.RequestLoggingFilter - http.request method=POST path=/api/v1/workflow-versions/1f16eced-5c4a-4181-aa94-7c9ac2d17453/runs status=202 latencyMs=344
2026-10-07T18:08:06.886+08:00 INFO  [main] [requestId=9ca8695a-03fc-423d-b1a8-115e44bd7dd8] c.hify.common.RequestLoggingFilter - http.request method=POST path=/api/v1/workflows/2e0d14bb-017e-4155-aa7a-38a6685c2a37/versions status=200 latencyMs=45
2026-10-07T18:08:06.953+08:00 INFO  [main] [requestId=9e567092-df76-439e-8c29-ca018219bccf] c.hify.common.RequestLoggingFilter - http.request method=POST path=/api/v1/workflow-versions/3fb11b5a-2ca3-4bfc-9565-bf68d6f084e9/runs status=202 latencyMs=51
2026-10-07T18:08:07.466+08:00 INFO  [main] [requestId=29b07c91-bdaf-4db4-b38c-776d65d9cfc6] c.hify.common.RequestLoggingFilter - http.request method=POST path=/api/v1/agents/c7afb24d-7f56-4022-aea4-961603962c99/publications status=200 latencyMs=511
2026-10-07T18:08:07.992+08:00 INFO  [main] [requestId=074f7484-8c64-4bc4-a815-409f86b6d85d] c.hify.common.RequestLoggingFilter - http.request method=POST path=/api/v1/conversations/89256d46-15d6-4dec-9853-8167833ad093/runs status=202 latencyMs=504
2026-10-07T18:08:08.018+08:00 INFO  [main] [requestId=83fb24cf-d5f0-4d70-b29a-76ad76e8e7f3] c.hify.common.RequestLoggingFilter - http.request method=GET path=/api/v1/runs/b7eb7ea1-3cd4-4845-9bac-71e791d93f79 status=200 latencyMs=9
2026-10-07T18:08:08.245+08:00 INFO  [main] [requestId=6d609978-0422-4738-8a74-6be36ee2ccb7] c.hify.common.RequestLoggingFilter - http.request method=GET path=/api/v1/runs/b7eb7ea1-3cd4-4845-9bac-71e791d93f79 status=200 latencyMs=25
2026-10-07T18:08:08.539+08:00 INFO  [main] [requestId=f315087d-b015-4930-8189-118393f8da08] c.hify.common.RequestLoggingFilter - http.request method=GET path=/api/v1/runs/b7eb7ea1-3cd4-4845-9bac-71e791d93f79 status=200 latencyMs=53
2026-10-07T18:08:08.756+08:00 INFO  [main] [requestId=5408867a-fba9-4e7b-a238-d3b24553e8b9] c.hify.common.RequestLoggingFilter - http.request method=GET path=/api/v1/runs/b7eb7ea1-3cd4-4845-9bac-71e791d93f79 status=200 latencyMs=14
2026-10-07T18:08:08.909+08:00 INFO  [main] [requestId=b9ed1d53-4b08-43c3-8704-ef64c2b2dbe3] c.hify.common.RequestLoggingFilter - http.request method=GET path=/api/v1/runs/b7eb7ea1-3cd4-4845-9bac-71e791d93f79 status=200 latencyMs=2
2026-10-07T18:08:09.237+08:00 INFO  [main] [requestId=be37948d-025b-4410-95e8-d958a5380eff] c.hify.common.RequestLoggingFilter - http.request method=POST path=/api/v1/conversations status=201 latencyMs=71
2026-10-07T18:08:09.703+08:00 INFO  [main] [requestId=09c76ded-70dd-4682-9adb-e45e12584a27] c.hify.common.RequestLoggingFilter - http.request method=POST path=/api/v1/conversations/9368aa6d-f397-4889-bf88-66577cb1766e/runs status=202 latencyMs=464
2026-10-07T18:08:09.748+08:00 INFO  [main] [requestId=85f91211-ad2d-403c-ae97-dfe1745969d8] c.hify.common.RequestLoggingFilter - http.request method=GET path=/api/v1/runs/c6981066-bc36-4d3b-be7b-f146de44adfe status=200 latencyMs=5
2026-10-07T18:08:09.906+08:00 INFO  [main] [requestId=b8775d19-f98f-45c0-b4a7-4c9ead4ac243] c.hify.common.RequestLoggingFilter - http.request method=GET path=/api/v1/runs/c6981066-bc36-4d3b-be7b-f146de44adfe status=200 latencyMs=8
2026-10-07T18:08:10.111+08:00 INFO  [main] [requestId=b5d95ef2-cc15-4832-b7ea-958192ece9df] c.hify.common.RequestLoggingFilter - http.request method=GET path=/api/v1/runs/c6981066-bc36-4d3b-be7b-f146de44adfe status=200 latencyMs=37
2026-10-07T18:08:10.360+08:00 INFO  [main] [requestId=26fe72cc-ce9a-4e96-9922-93aaae697ebe] c.hify.common.RequestLoggingFilter - http.request method=GET path=/api/v1/runs/c6981066-bc36-4d3b-be7b-f146de44adfe status=200 latencyMs=36
2026-10-07T18:08:10.550+08:00 INFO  [main] [requestId=ae61c569-4f73-4d1e-9d17-77ee0190797e] c.hify.common.RequestLoggingFilter - http.request method=GET path=/api/v1/workflows/2e0d14bb-017e-4155-aa7a-38a6685c2a37 status=200 latencyMs=156
2026-10-07T18:08:10.735+08:00 INFO  [main] [requestId=7d326269-b640-4eb9-a974-eca7696fcd1d] c.hify.common.RequestLoggingFilter - http.request method=DELETE path=/api/v1/knowledge-bases/244197c8-f106-484e-81a9-792125075110 status=200 latencyMs=177
2026-10-07T18:08:10.969+08:00 INFO  [main] [requestId=d8214666-9ebd-4d7d-952f-4ada048f2ca8] c.hify.common.RequestLoggingFilter - http.request method=POST path=/api/v1/workflow-versions/1f16eced-5c4a-4181-aa94-7c9ac2d17453/runs status=202 latencyMs=212
2026-10-07T18:08:11.075+08:00 INFO  [main] [requestId=7fd1d6da-95f9-469a-9228-e694ed363f84] c.hify.common.RequestLoggingFilter - http.request method=POST path=/api/v1/workflows/2e0d14bb-017e-4155-aa7a-38a6685c2a37/versions status=404 latencyMs=87
2026-10-07T18:08:11.209+08:00 INFO  [main] [requestId=21b755ad-a5f6-4894-b5f1-d723096a6406] c.hify.common.RequestLoggingFilter - http.request method=POST path=/api/v1/knowledge-bases status=201 latencyMs=24
2026-10-07T18:08:11.304+08:00 INFO  [main] [requestId=fccfdb3a-a519-4fe9-a4ea-c38b9e12f4d3] c.hify.common.RequestLoggingFilter - http.request method=POST path=/api/v1/knowledge-bases/dc636f46-e38b-4693-ae83-452f24057021/documents status=202 latencyMs=93
2026-10-07T18:08:11.341+08:00 INFO  [main] [requestId=214b576e-7723-4414-9553-9d8ed3200214] c.hify.common.RequestLoggingFilter - http.request method=GET path=/api/v1/documents/a382c200-e564-4c4e-a7f5-c6c77baabfc2 status=200 latencyMs=5
2026-10-07T18:08:11.514+08:00 INFO  [main] [requestId=be570a8e-4b4e-41bd-8949-ee38b678194b] c.hify.common.RequestLoggingFilter - http.request method=GET path=/api/v1/documents/a382c200-e564-4c4e-a7f5-c6c77baabfc2 status=200 latencyMs=20
2026-10-07T18:08:11.584+08:00 INFO  [main] [requestId=96142df7-d929-4dec-b01e-347b4e366111] c.hify.common.RequestLoggingFilter - http.request method=POST path=/api/v1/workflows status=201 latencyMs=59
2026-10-07T18:08:11.716+08:00 INFO  [main] [requestId=e791b94b-5944-4e30-9039-544a2593d8bd] c.hify.common.RequestLoggingFilter - http.request method=POST path=/api/v1/workflows/dc30bae6-7f17-4276-b803-c797d8ae25df/versions status=200 latencyMs=75
2026-10-07T18:08:11.788+08:00 INFO  [main] [requestId=fdea25ed-096a-494d-9fd2-cbe6fa35f8e8] c.hify.common.RequestLoggingFilter - http.request method=POST path=/api/v1/workflow-versions/cfef9ddf-6e63-48e3-9d72-9d229de1d679/runs status=202 latencyMs=68
2026-10-07T18:08:11.893+08:00 INFO  [main] [requestId=dd2d6336-d140-4965-b315-008be8018bff] c.hify.common.RequestLoggingFilter - http.request method=POST path=/api/v1/knowledge-bases status=201 latencyMs=24
2026-10-07T18:08:13.710+08:00 INFO  [main] [requestId=775ea151-fcc0-4ef1-9ad1-9455a4dc87e8] c.hify.common.RequestLoggingFilter - http.request method=POST path=/api/v1/knowledge-bases/b8279a43-3eaf-40c8-8198-0435e980cfb8/documents status=202 latencyMs=132
2026-10-07T18:08:13.718+08:00 INFO  [main] [requestId=5d887f21-b2e4-457d-84f7-fecb2005d27d] c.hify.common.RequestLoggingFilter - http.request method=GET path=/api/v1/documents/42bf318b-6019-460e-a49b-d2b63547932a status=200 latencyMs=6
2026-10-07T18:08:13.919+08:00 INFO  [main] [requestId=90d47a3f-bd52-4dee-bf06-81bdd750a50e] c.hify.common.RequestLoggingFilter - http.request method=GET path=/api/v1/documents/42bf318b-6019-460e-a49b-d2b63547932a status=200 latencyMs=30
2026-10-07T18:08:14.017+08:00 INFO  [main] [requestId=5802ca95-45ef-4bbc-9621-c2a2fe24f52a] c.hify.common.RequestLoggingFilter - http.request method=POST path=/api/v1/workflows status=201 latencyMs=97
2026-10-07T18:08:14.284+08:00 INFO  [main] [requestId=9aee4f0a-bb2b-47ff-a49f-8738d65c8ce0] c.hify.common.RequestLoggingFilter - http.request method=POST path=/api/v1/workflows/aa65e7f3-e202-4b0f-9964-d9ae8344f0ee/versions status=200 latencyMs=264
2026-10-07T18:08:14.490+08:00 INFO  [main] [requestId=65096c2c-fded-41b7-a9ee-b9d073f292a2] c.hify.common.RequestLoggingFilter - http.request method=POST path=/api/v1/workflow-versions/5aae76ce-91b0-4070-a4ec-caeb95e9670c/runs status=202 latencyMs=202
2026-10-07T18:08:14.838+08:00 INFO  [main] [requestId=df3ad127-c109-40ac-a53d-5c952510e576] c.hify.common.RequestLoggingFilter - http.request method=POST path=/api/v1/knowledge-bases status=201 latencyMs=168
2026-10-07T18:08:15.127+08:00 INFO  [main] [requestId=89933d0b-43a4-407c-a578-903ecedeca8f] c.hify.common.RequestLoggingFilter - http.request method=POST path=/api/v1/knowledge-bases/d9b888cf-2654-4e7e-83d9-ae1ba6ca7bd7/documents status=202 latencyMs=213
2026-10-07T18:08:15.249+08:00 INFO  [main] [requestId=1be7c068-8c6c-42d8-b18a-d2e40f671279] c.hify.common.RequestLoggingFilter - http.request method=GET path=/api/v1/documents/c35e3891-c931-4224-a33c-eaf689d65254 status=200 latencyMs=62
2026-10-07T18:08:15.319+08:00 INFO  [main] [requestId=51d7000a-6204-4c2e-9c3a-f5521511ea37] c.hify.common.RequestLoggingFilter - http.request method=POST path=/api/v1/workflows status=201 latencyMs=69
2026-10-07T18:08:15.675+08:00 INFO  [main] [requestId=3a1449e4-3a5b-459e-8e1b-fab1341a338b] c.hify.common.RequestLoggingFilter - http.request method=POST path=/api/v1/workflows/4607857e-74bf-4164-9b11-ca7d7b186304/versions status=200 latencyMs=320
2026-10-07T18:08:16.032+08:00 INFO  [main] [requestId=671017bc-57d8-4abc-ad26-2c95d7eb2e6e] c.hify.common.RequestLoggingFilter - http.request method=POST path=/api/v1/workflow-versions/25fe3e2f-a0d7-4cfd-8e74-cb6321c89ce7/runs status=202 latencyMs=294
2026-10-07T18:08:16.387+08:00 INFO  [main] [requestId=7e11ca0d-1cec-4c5e-94ff-c037618828bd] c.hify.common.RequestLoggingFilter - http.request method=POST path=/api/v1/knowledge-bases status=201 latencyMs=57
2026-10-07T18:08:16.426+08:00 INFO  [main] [requestId=e1f76714-25ab-4d48-ae71-b27456667df1] c.hify.common.RequestLoggingFilter - http.request method=POST path=/api/v1/knowledge-bases/71710c7b-7ecd-4af5-91ed-926939e58568/documents status=202 latencyMs=7
2026-10-07T18:08:16.544+08:00 INFO  [main] [requestId=706d3b07-f651-4156-9cb8-e2c688164534] c.hify.common.RequestLoggingFilter - http.request method=GET path=/api/v1/documents/f6b94892-8732-41ab-8828-4b95a7245d13 status=200 latencyMs=117
2026-10-07T18:08:16.722+08:00 INFO  [main] [requestId=be3b7336-4fd0-49e9-9b40-b7d92634cc44] c.hify.common.RequestLoggingFilter - http.request method=GET path=/api/v1/documents/f6b94892-8732-41ab-8828-4b95a7245d13 status=200 latencyMs=3
2026-10-07T18:08:16.743+08:00 INFO  [main] [requestId=dd37a89e-5725-411d-8d92-cfa980138b8f] c.hify.common.RequestLoggingFilter - http.request method=POST path=/api/v1/workflows status=201 latencyMs=20
2026-10-07T18:08:16.814+08:00 INFO  [main] [requestId=35e9d84d-e8ab-471b-808c-185f15de6a4b] c.hify.common.RequestLoggingFilter - http.request method=POST path=/api/v1/workflows/ca6c37b0-0c2d-4f94-807e-e108647758a2/versions status=200 latencyMs=69
2026-10-07T18:08:16.888+08:00 INFO  [main] [requestId=bdec1631-0cc9-465b-83de-e37d817e41e4] c.hify.common.RequestLoggingFilter - http.request method=POST path=/api/v1/knowledge-bases status=201 latencyMs=72
2026-10-07T18:08:17.021+08:00 INFO  [main] [requestId=2612b050-1585-46e9-ac48-7416b4ed9386] c.hify.common.RequestLoggingFilter - http.request method=POST path=/api/v1/workflow-versions/de8f458b-4a92-42bf-a31a-808f237d7fef/runs status=202 latencyMs=126
2026-10-07T18:08:17.155+08:00 INFO  [main] [requestId=81494f73-2f55-4572-9d7a-a6e0cbbe32b2] c.hify.common.RequestLoggingFilter - http.request method=POST path=/api/v1/knowledge-bases status=201 latencyMs=12
2026-10-07T18:08:17.164+08:00 INFO  [main] [requestId=9ca135a1-42c5-4baa-b8d9-6d9c5f63e07e] c.hify.common.RequestLoggingFilter - http.request method=POST path=/api/v1/knowledge-bases/7c87737e-c3f3-473b-b36c-0362e6e3b878/documents status=202 latencyMs=7
2026-10-07T18:08:17.168+08:00 INFO  [main] [requestId=46f10c08-c23d-4b84-8964-3945500b859e] c.hify.common.RequestLoggingFilter - http.request method=GET path=/api/v1/documents/3c9ff68d-6c94-4b8a-853c-436276392759 status=200 latencyMs=3
2026-10-07T18:08:17.247+08:00 INFO  [main] [requestId=fc444b70-9406-4264-ba1e-bc749e1e9fd5] c.hify.common.RequestLoggingFilter - http.request method=GET path=/api/v1/documents/3c9ff68d-6c94-4b8a-853c-436276392759 status=200 latencyMs=4
2026-10-07T18:08:18.842+08:00 INFO  [main] [requestId=711eb412-d5c1-402a-9b70-eb5b07ef31ff] c.hify.common.RequestLoggingFilter - http.request method=POST path=/api/v1/workflows status=201 latencyMs=1594
2026-10-07T18:08:22.748+08:00 INFO  [main] [requestId=e1104d03-b99e-4b08-814f-0d05fc94e36d] c.hify.common.RequestLoggingFilter - http.request method=POST path=/api/v1/workflows/99a3af39-c359-4999-b070-e3dd1fbbddd2/versions status=404 latencyMs=3895
2026-10-07T18:08:30.055+08:00 INFO  [main] [requestId=34b4cfdd-55e4-443d-a6db-69c8282b6c90] c.hify.common.RequestLoggingFilter - http.request method=POST path=/api/v1/knowledge-bases status=201 latencyMs=2320
2026-10-07T18:08:30.468+08:00 INFO  [main] [requestId=f43aa184-0c8f-4af4-ac7b-87ec75392a56] c.hify.common.RequestLoggingFilter - http.request method=POST path=/api/v1/knowledge-bases/c95de9f2-c53c-48d1-ace7-8607f92b6dad/documents status=202 latencyMs=253
2026-10-07T18:08:30.475+08:00 INFO  [main] [requestId=8df1e210-4f35-4007-aa2a-cbc28f218d6a] c.hify.common.RequestLoggingFilter - http.request method=GET path=/api/v1/documents/4ad5226c-3b6f-4c5e-90f3-de0c93715ae0 status=200 latencyMs=5
2026-10-07T18:08:30.670+08:00 INFO  [main] [requestId=d652be85-a70a-4066-b435-2dc498d585e1] c.hify.common.RequestLoggingFilter - http.request method=GET path=/api/v1/documents/4ad5226c-3b6f-4c5e-90f3-de0c93715ae0 status=200 latencyMs=33
2026-10-07T18:08:30.899+08:00 INFO  [main] [requestId=af0d1532-3a49-4223-ac1d-4f99c4159f53] c.hify.common.RequestLoggingFilter - http.request method=GET path=/api/v1/documents/4ad5226c-3b6f-4c5e-90f3-de0c93715ae0 status=200 latencyMs=53
2026-10-07T18:08:32.345+08:00 INFO  [main] [requestId=79bd8d67-deed-44de-8f6f-5d43c9acd201] c.hify.common.RequestLoggingFilter - http.request method=POST path=/api/v1/workflows status=201 latencyMs=1419
2026-10-07T18:08:33.060+08:00 INFO  [main] [requestId=64743535-5f07-4b69-ae14-3865fdc47ad7] c.hify.common.RequestLoggingFilter - http.request method=POST path=/api/v1/workflows/56dadbc8-ef12-451b-9bcf-8f8e16b30dd6/versions status=200 latencyMs=668
2026-10-07T18:08:35.450+08:00 INFO  [main] [requestId=4e47043b-88cc-4ef4-b04d-b08f637d30e9] c.hify.common.RequestLoggingFilter - http.request method=POST path=/api/v1/workflow-versions/1664ca85-cfed-4d35-9304-53a9bf4ba4c2/runs status=202 latencyMs=2385
2026-10-07T18:08:35.873+08:00 INFO  [main] [requestId=52814a7c-c6c4-490b-b679-956ff86383ac] c.hify.common.RequestLoggingFilter - http.request method=POST path=/api/v1/workflow-versions/1664ca85-cfed-4d35-9304-53a9bf4ba4c2/runs status=202 latencyMs=257
2026-10-07T18:08:37.887+08:00 INFO  [main] [requestId=cc77e891-3f43-4dd8-9fe8-97512dc7969c] c.hify.common.RequestLoggingFilter - http.request method=POST path=/api/v1/knowledge-bases status=201 latencyMs=218
2026-10-07T18:08:37.985+08:00 INFO  [main] [requestId=e36c842f-a996-42d5-9344-4c4a7796c0b0] c.hify.common.RequestLoggingFilter - http.request method=POST path=/api/v1/knowledge-bases/1ffd8827-f459-4036-8150-267c026aff2b/documents status=202 latencyMs=58
2026-10-07T18:08:37.994+08:00 INFO  [main] [requestId=6ecc8214-a953-40a5-8f5b-6be6a45bb921] c.hify.common.RequestLoggingFilter - http.request method=GET path=/api/v1/documents/5b48a889-868f-4c38-89de-e7d2fff87f34 status=200 latencyMs=2
2026-10-07T18:08:38.185+08:00 INFO  [main] [requestId=b239f16e-97cb-4631-b5d7-af71ad0339f6] c.hify.common.RequestLoggingFilter - http.request method=GET path=/api/v1/documents/5b48a889-868f-4c38-89de-e7d2fff87f34 status=200 latencyMs=113
2026-10-07T18:08:38.340+08:00 INFO  [main] [requestId=adda97d8-9d1e-4247-99a1-d9d9205279a0] c.hify.common.RequestLoggingFilter - http.request method=GET path=/api/v1/documents/5b48a889-868f-4c38-89de-e7d2fff87f34 status=200 latencyMs=7

MockHttpServletRequest:
      HTTP Method = POST
      Request URI = /api/v1/knowledge-bases
       Parameters = {}
          Headers = [Content-Type:"application/json;charset=UTF-8", Content-Length:"88"]
             Body = {"name":"frozen-ee881534-8b3c-4044-80ac-e4f7c4420ff0","chunkOverlap":16,"chunkSize":256}
    Session Attrs = {}

Handler:
             Type = com.hify.knowledge.api.KnowledgeController
           Method = com.hify.knowledge.api.KnowledgeController#create(KnowledgeBaseRequest)

Async:
    Async started = false
     Async result = null

Resolved Exception:
             Type = null

ModelAndView:
        View name = null
             View = null
            Model = null

FlashMap:
       Attributes = null

MockHttpServletResponse:
           Status = 201
    Error message = null
          Headers = [X-Request-Id:"cc77e891-3f43-4dd8-9fe8-97512dc7969c", Vary:"Origin", "Access-Control-Request-Method", "Access-Control-Request-Headers", Content-Type:"application/json"]
     Content type = application/json
             Body = {"code":200,"message":"success","data":"1ffd8827-f459-4036-8150-267c026aff2b"}
    Forwarded URL = null
   Redirected URL = null
          Cookies = []

MockHttpServletRequest:
      HTTP Method = POST
      Request URI = /api/v1/knowledge-bases/1ffd8827-f459-4036-8150-267c026aff2b/documents
       Parameters = {}
          Headers = [Content-Type:"multipart/form-data;charset=UTF-8"]
             Body = null
    Session Attrs = {}

Handler:
             Type = com.hify.knowledge.api.KnowledgeController
           Method = com.hify.knowledge.api.KnowledgeController#upload(String, MultipartFile)

Async:
    Async started = false
     Async result = null

Resolved Exception:
             Type = null

ModelAndView:
        View name = null
             View = null
            Model = null

FlashMap:
       Attributes = null

MockHttpServletResponse:
           Status = 202
    Error message = null
          Headers = [X-Request-Id:"e36c842f-a996-42d5-9344-4c4a7796c0b0", Vary:"Origin", "Access-Control-Request-Method", "Access-Control-Request-Headers", Content-Type:"application/json"]
     Content type = application/json
             Body = {"code":200,"message":"success","data":"5b48a889-868f-4c38-89de-e7d2fff87f34"}
    Forwarded URL = null
   Redirected URL = null
          Cookies = []

MockHttpServletRequest:
      HTTP Method = GET
      Request URI = /api/v1/documents/5b48a889-868f-4c38-89de-e7d2fff87f34
       Parameters = {}
          Headers = []
             Body = null
    Session Attrs = {}

Handler:
             Type = com.hify.knowledge.api.KnowledgeController
           Method = com.hify.knowledge.api.KnowledgeController#document(String)

Async:
    Async started = false
     Async result = null

Resolved Exception:
             Type = null

ModelAndView:
        View name = null
             View = null
            Model = null

FlashMap:
       Attributes = null

MockHttpServletResponse:
           Status = 200
    Error message = null
          Headers = [X-Request-Id:"6ecc8214-a953-40a5-8f5b-6be6a45bb921", Vary:"Origin", "Access-Control-Request-Method", "Access-Control-Request-Headers", Content-Type:"application/json"]
     Content type = application/json
             Body = {"code":200,"message":"success","data":{"id":"5b48a889-868f-4c38-89de-e7d2fff87f34","knowledgeBaseId":"1ffd8827-f459-4036-8150-267c026aff2b","name":"policy.txt","mediaType":"text/plain","fileSize":24,"checksum":"27d984e09aefb12906bb2706ea4dbcbfe0c10e2bace787d438273a65d7c29fb2","documentVersion":1,"indexingState":"PENDING","errorMessage":null,"chunkCount":0,"createdAt":"2026-10-07T10:08:37.930722Z","updatedAt":"2026-10-07T10:08:37.930722Z"}}
    Forwarded URL = null
   Redirected URL = null
          Cookies = []

MockHttpServletRequest:
      HTTP Method = GET
      Request URI = /api/v1/documents/5b48a889-868f-4c38-89de-e7d2fff87f34
       Parameters = {}
          Headers = []
             Body = null
    Session Attrs = {}

Handler:
             Type = com.hify.knowledge.api.KnowledgeController
           Method = com.hify.knowledge.api.KnowledgeController#document(String)

Async:
    Async started = false
     Async result = null

Resolved Exception:
             Type = null

ModelAndView:
        View name = null
             View = null
            Model = null

FlashMap:
       Attributes = null

MockHttpServletResponse:
           Status = 200
    Error message = null
          Headers = [X-Request-Id:"b239f16e-97cb-4631-b5d7-af71ad0339f6", Vary:"Origin", "Access-Control-Request-Method", "Access-Control-Request-Headers", Content-Type:"application/json"]
     Content type = application/json
             Body = {"code":200,"message":"success","data":{"id":"5b48a889-868f-4c38-89de-e7d2fff87f34","knowledgeBaseId":"1ffd8827-f459-4036-8150-267c026aff2b","name":"policy.txt","mediaType":"text/plain","fileSize":24,"checksum":"27d984e09aefb12906bb2706ea4dbcbfe0c10e2bace787d438273a65d7c29fb2","documentVersion":1,"indexingState":"PENDING","errorMessage":null,"chunkCount":0,"createdAt":"2026-10-07T10:08:37.930722Z","updatedAt":"2026-10-07T10:08:37.930722Z"}}
    Forwarded URL = null
   Redirected URL = null
          Cookies = []

MockHttpServletRequest:
      HTTP Method = GET
      Request URI = /api/v1/documents/5b48a889-868f-4c38-89de-e7d2fff87f34
       Parameters = {}
          Headers = []
             Body = null
    Session Attrs = {}

Handler:
             Type = com.hify.knowledge.api.KnowledgeController
           Method = com.hify.knowledge.api.KnowledgeController#document(String)

Async:
    Async started = false
     Async result = null

Resolved Exception:
             Type = null

ModelAndView:
        View name = null
             View = null
            Model = null

FlashMap:
       Attributes = null

MockHttpServletResponse:
           Status = 200
    Error message = null
          Headers = [X-Request-Id:"adda97d8-9d1e-4247-99a1-d9d9205279a0", Vary:"Origin", "Access-Control-Request-Method", "Access-Control-Request-Headers", Content-Type:"application/json"]
     Content type = application/json
             Body = {"code":200,"message":"success","data":{"id":"5b48a889-868f-4c38-89de-e7d2fff87f34","knowledgeBaseId":"1ffd8827-f459-4036-8150-267c026aff2b","name":"policy.txt","mediaType":"text/plain","fileSize":24,"checksum":"27d984e09aefb12906bb2706ea4dbcbfe0c10e2bace787d438273a65d7c29fb2","documentVersion":1,"indexingState":"DONE","errorMessage":null,"chunkCount":1,"createdAt":"2026-10-07T10:08:37.930722Z","updatedAt":"2026-10-07T10:08:38.101026Z"}}
    Forwarded URL = null
   Redirected URL = null
          Cookies = []
2026-10-07T18:09:35.649+08:00 INFO  [main] [requestId=cc86f625-a88f-4f11-a2a4-599f668f2349] c.hify.common.RequestLoggingFilter - http.request method=POST path=/api/v1/knowledge-bases status=201 latencyMs=3749
2026-10-07T18:09:44.197+08:00 INFO  [main] [requestId=2dd9c897-2950-4b7b-8abf-902c04911ad8] c.hify.common.RequestLoggingFilter - http.request method=POST path=/api/v1/workflows status=201 latencyMs=2858
2026-10-07T18:09:46.134+08:00 INFO  [main] [requestId=662e388b-e09c-4ce7-aeac-d4a0fb1fb8e2] c.hify.common.RequestLoggingFilter - http.request method=POST path=/api/v1/workflows/234bc45c-6c1e-40c9-b8a6-9b606e2bb873/versions status=200 latencyMs=1881
2026-10-07T18:09:48.193+08:00 INFO  [main] [requestId=4191102a-93cc-4187-838f-c9c5a52c1e0b] c.hify.common.RequestLoggingFilter - http.request method=POST path=/api/v1/workflow-versions/45e6d80f-4352-4f1b-9c89-f69d90a5a46f/runs status=202 latencyMs=2046
2026-10-07T18:09:58.300+08:00 INFO  [main] [requestId=09c30008-8e9c-4618-9790-50097116d79d] c.hify.common.RequestLoggingFilter - http.request method=POST path=/api/v1/knowledge-bases status=201 latencyMs=1215
2026-10-07T18:09:59.910+08:00 INFO  [main] [requestId=e2ab310f-0cd7-4071-8af1-7ee09806668b] c.hify.common.RequestLoggingFilter - http.request method=POST path=/api/v1/knowledge-bases/8c97f6f8-8d84-4560-91af-2fe7ed317528/documents status=202 latencyMs=1484
2026-10-07T18:10:00.315+08:00 INFO  [main] [requestId=540f1280-aaf7-4cc9-8e12-c90b6b5515ed] c.hify.common.RequestLoggingFilter - http.request method=GET path=/api/v1/documents/6db7cf56-784b-42bc-815b-baf0aa853eea status=200 latencyMs=316
2026-10-07T18:10:02.166+08:00 INFO  [main] [requestId=f4383cf8-db78-4a00-b5d1-f060a06e851d] c.hify.common.RequestLoggingFilter - http.request method=GET path=/api/v1/documents/6db7cf56-784b-42bc-815b-baf0aa853eea status=200 latencyMs=1693
2026-10-07T18:10:07.414+08:00 INFO  [main] [requestId=61e7a55a-7342-445f-8c80-3496cc32574a] c.hify.common.RequestLoggingFilter - http.request method=GET path=/api/v1/documents/6db7cf56-784b-42bc-815b-baf0aa853eea status=200 latencyMs=5079
2026-10-07T18:10:07.750+08:00 INFO  [main] [requestId=489c3d3b-8def-4e8e-ae6f-865116532c93] c.hify.common.RequestLoggingFilter - http.request method=GET path=/api/v1/documents/6db7cf56-784b-42bc-815b-baf0aa853eea status=200 latencyMs=185
2026-10-07T18:10:27.215+08:00 INFO  [main] [requestId=9d234f74-1bd6-4a0c-b850-e6f32cf7cf40] c.hify.common.RequestLoggingFilter - http.request method=POST path=/api/v1/knowledge-bases status=201 latencyMs=49
2026-10-07T18:10:27.808+08:00 INFO  [main] [requestId=e6bcd9fb-0cb9-42b8-b782-21b10d423e51] c.hify.common.RequestLoggingFilter - http.request method=POST path=/api/v1/knowledge-bases status=201 latencyMs=8
2026-10-07T18:10:27.837+08:00 INFO  [main] [requestId=a2e3c662-8628-4ce4-adb0-7b822b464787] c.hify.common.RequestLoggingFilter - http.request method=POST path=/api/v1/knowledge-bases/35e775f8-019d-452d-bb92-58ae653d6fab/documents status=202 latencyMs=24
2026-10-07T18:10:27.841+08:00 INFO  [main] [requestId=813904ac-8150-4214-9087-ec636ba00d69] c.hify.common.RequestLoggingFilter - http.request method=GET path=/api/v1/documents/63a7337c-7a4e-4a4c-a11b-8e6d16178361 status=200 latencyMs=3
2026-10-07T18:10:28.004+08:00 INFO  [main] [requestId=a94aeeda-b172-4025-8632-ebe5087d5044] c.hify.common.RequestLoggingFilter - http.request method=GET path=/api/v1/documents/63a7337c-7a4e-4a4c-a11b-8e6d16178361 status=200 latencyMs=45
2026-10-07T18:10:28.605+08:00 INFO  [main] [requestId=681d9570-6eaa-4851-aca0-87232213ccbc] c.hify.common.RequestLoggingFilter - http.request method=POST path=/api/v1/knowledge-bases status=201 latencyMs=22
2026-10-07T18:10:28.615+08:00 INFO  [main] [requestId=a08d2ee3-1202-4412-83d6-d4b69a89df2c] c.hify.common.RequestLoggingFilter - http.request method=POST path=/api/v1/knowledge-bases/11874fa6-2909-4635-ac91-b480a626a511/documents status=202 latencyMs=5
2026-10-07T18:10:28.618+08:00 INFO  [main] [requestId=03c021ad-1928-48bc-9dae-d9f23ee79aae] c.hify.common.RequestLoggingFilter - http.request method=GET path=/api/v1/documents/dd29c35c-4115-4597-9507-1356ec8a239d status=200 latencyMs=1
2026-10-07T18:10:28.876+08:00 INFO  [main] [requestId=58336966-bc2e-4ead-b80c-a03ebfeb7426] c.hify.common.RequestLoggingFilter - http.request method=GET path=/api/v1/documents/dd29c35c-4115-4597-9507-1356ec8a239d status=200 latencyMs=123
2026-10-07T18:10:31.416+08:00 INFO  [main] [requestId=4cf6a8f6-adbb-4d73-99e2-071e619d6ba6] c.hify.common.RequestLoggingFilter - http.request method=POST path=/api/v1/knowledge-bases status=201 latencyMs=51
2026-10-07T18:10:31.428+08:00 INFO  [main] [requestId=d61385a2-71e8-4bf0-bd94-56f1ca06c258] c.hify.common.RequestLoggingFilter - http.request method=POST path=/api/v1/knowledge-bases status=201 latencyMs=8
2026-10-07T18:10:31.445+08:00 INFO  [main] [requestId=c6654321-3fc9-4aa2-a3f3-332af5bd776f] c.hify.common.RequestLoggingFilter - http.request method=POST path=/api/v1/knowledge-bases/09295b89-5480-4186-bc93-aa355969cfdc/documents status=202 latencyMs=15
2026-10-07T18:10:31.454+08:00 INFO  [main] [requestId=6a1aed15-1079-44c4-a27e-c9032b545661] c.hify.common.RequestLoggingFilter - http.request method=GET path=/api/v1/documents/ddfed947-b87a-4fd9-b56a-774efadcb8cd status=200 latencyMs=7
2026-10-07T18:10:31.534+08:00 INFO  [main] [requestId=8fe1cfa0-6a9c-4ba9-8e5c-9c7a04f6fabf] c.hify.common.RequestLoggingFilter - http.request method=GET path=/api/v1/documents/ddfed947-b87a-4fd9-b56a-774efadcb8cd status=200 latencyMs=11
2026-10-07T18:10:32.530+08:00 INFO  [main] [requestId=e8119387-90bc-40b8-8a60-c9994c6e6359] c.hify.common.RequestLoggingFilter - http.request method=POST path=/api/v1/knowledge-bases status=201 latencyMs=15
2026-10-07T18:10:32.595+08:00 INFO  [main] [requestId=678e32eb-4aac-4823-952a-92e75a7c1135] c.hify.common.RequestLoggingFilter - http.request method=POST path=/api/v1/knowledge-bases/c2a8a340-88ff-4f2f-a663-77f0e5e2648d/documents status=202 latencyMs=22
2026-10-07T18:10:32.606+08:00 INFO  [main] [requestId=ffd546dd-171f-4ab7-afe5-fec0fff8a5e2] c.hify.common.RequestLoggingFilter - http.request method=GET path=/api/v1/documents/33af9af4-a1b6-4d58-a8b4-f123d9330720 status=200 latencyMs=9
2026-10-07T18:10:32.774+08:00 INFO  [main] [requestId=0be4544d-de78-4535-bba6-696a467c6ba9] c.hify.common.RequestLoggingFilter - http.request method=GET path=/api/v1/documents/33af9af4-a1b6-4d58-a8b4-f123d9330720 status=200 latencyMs=5
2026-10-07T18:10:34.195+08:00 INFO  [main] [requestId=29580edd-a95e-40fe-b925-c9f328567733] c.hify.common.RequestLoggingFilter - http.request method=GET path=/api/v1/runs/e31eca45-d393-43ff-b618-58d74faa101b/memory status=200 latencyMs=939
2026-10-07T18:10:34.394+08:00 INFO  [main] [requestId=6f0beb8f-6740-489a-ba2f-3b3783989559] c.hify.common.RequestLoggingFilter - http.request method=POST path=/api/v1/runs/e31eca45-d393-43ff-b618-58d74faa101b/memory/search status=200 latencyMs=186
2026-10-07T18:10:34.421+08:00 INFO  [main] [requestId=b6ee9c74-564d-41bb-988b-d375e8140181] c.hify.common.RequestLoggingFilter - http.request method=GET path=/api/v1/runs/e31eca45-d393-43ff-b618-58d74faa101b/memory/details/legacy_c8431ce7-a53e-43b3-b6ab-68e7b5a80d4e status=409 latencyMs=25
2026-10-07T18:10:34.524+08:00 INFO  [main] [requestId=a1fac6e5-190c-4636-a13e-fb9e948a9503] c.hify.common.RequestLoggingFilter - http.request method=GET path=/api/v1/runs/e31eca45-d393-43ff-b618-58d74faa101b/memory status=200 latencyMs=8
2026-10-07T18:10:34.582+08:00 INFO  [main] [requestId=3751f294-c3d8-421c-834b-3c2bd7b605ec] c.hify.common.RequestLoggingFilter - http.request method=POST path=/api/v1/runs/e31eca45-d393-43ff-b618-58d74faa101b/memory/search status=200 latencyMs=56
2026-10-07T18:10:34.593+08:00 INFO  [main] [requestId=3ddfc737-a6d6-4a63-9111-c87a5b4f93d5] c.hify.common.RequestLoggingFilter - http.request method=GET path=/api/v1/runs/e31eca45-d393-43ff-b618-58d74faa101b/memory/details/legacy_c8431ce7-a53e-43b3-b6ab-68e7b5a80d4e status=409 latencyMs=4
2026-10-07T18:10:34.610+08:00 INFO  [main] [requestId=1da5ec4c-d96a-4e27-988b-29e584f5d3e3] c.hify.common.RequestLoggingFilter - http.request method=POST path=/api/v1/knowledge-bases status=201 latencyMs=2
2026-10-07T18:10:34.618+08:00 INFO  [main] [requestId=a22c95af-3f19-4031-920f-7e46a015da80] c.hify.common.RequestLoggingFilter - http.request method=POST path=/api/v1/knowledge-bases/0e4e7abd-5ea1-451b-8a47-3f6e4b88653c/documents status=202 latencyMs=6
2026-10-07T18:10:34.621+08:00 INFO  [main] [requestId=1b2c2b90-129d-42c1-b20b-52377dea3eca] c.hify.common.RequestLoggingFilter - http.request method=GET path=/api/v1/documents/9e40a2e3-2d5a-4fb2-8480-2b082bf4c176 status=200 latencyMs=1
2026-10-07T18:10:34.797+08:00 INFO  [main] [requestId=b89792ff-d89a-4729-89e3-68a6035fbf5c] c.hify.common.RequestLoggingFilter - http.request method=GET path=/api/v1/documents/9e40a2e3-2d5a-4fb2-8480-2b082bf4c176 status=200 latencyMs=3
2026-10-07T18:10:35.082+08:00 INFO  [main] [requestId=360b58c5-fe01-4bda-8714-efa8befd549d] c.hify.common.RequestLoggingFilter - http.request method=POST path=/api/v1/knowledge-bases status=201 latencyMs=15
2026-10-07T18:10:35.098+08:00 INFO  [main] [requestId=50c7d225-f256-443e-9a1c-0befee8bdccc] c.hify.common.RequestLoggingFilter - http.request method=POST path=/api/v1/knowledge-bases/9c807311-5e19-41a4-8147-d98d1505b210/documents status=202 latencyMs=14
2026-10-07T18:10:35.108+08:00 INFO  [main] [requestId=60475390-0e81-4927-a41a-1a7a0b2f8c5c] c.hify.common.RequestLoggingFilter - http.request method=GET path=/api/v1/documents/4cb94a77-7b2c-4d5c-b211-1485d097d632 status=200 latencyMs=9
2026-10-07T18:10:35.277+08:00 INFO  [main] [requestId=efcc1d7c-9a47-4775-8414-c666db4629ff] c.hify.common.RequestLoggingFilter - http.request method=GET path=/api/v1/documents/4cb94a77-7b2c-4d5c-b211-1485d097d632 status=200 latencyMs=2
2026-10-07T18:10:36.171+08:00 INFO  [main] [requestId=38be67b3-d55b-4cea-afc1-234964160aec] c.hify.common.RequestLoggingFilter - http.request method=GET path=/api/v1/runs/0e87f0ef-f8e8-474a-a2a6-b52a829015ea/memory status=200 latencyMs=10
2026-10-07T18:10:36.243+08:00 INFO  [main] [requestId=8841c3ae-306b-44d6-a01e-687a4016f71b] c.hify.common.RequestLoggingFilter - http.request method=POST path=/api/v1/runs/0e87f0ef-f8e8-474a-a2a6-b52a829015ea/memory/search status=200 latencyMs=71
2026-10-07T18:10:36.249+08:00 INFO  [main] [requestId=b91b3e98-794a-4b54-a28d-3a04fb19cae5] c.hify.common.RequestLoggingFilter - http.request method=GET path=/api/v1/runs/0e87f0ef-f8e8-474a-a2a6-b52a829015ea/memory/details/legacy_efdef530-0239-46c3-a276-8ea242db00d6 status=409 latencyMs=5
2026-10-07T18:10:36.258+08:00 INFO  [main] [requestId=9927f418-e00c-430e-ac2c-bb1d488e440b] c.hify.common.RequestLoggingFilter - http.request method=GET path=/api/v1/runs/0e87f0ef-f8e8-474a-a2a6-b52a829015ea/memory status=200 latencyMs=4
2026-10-07T18:10:36.266+08:00 INFO  [main] [requestId=c73496e2-fe02-40b7-8896-52b60556137d] c.hify.common.RequestLoggingFilter - http.request method=POST path=/api/v1/runs/0e87f0ef-f8e8-474a-a2a6-b52a829015ea/memory/search status=200 latencyMs=8
2026-10-07T18:10:36.365+08:00 INFO  [main] [requestId=7d9174b8-0a53-4885-aec7-7170aefe6f64] c.hify.common.RequestLoggingFilter - http.request method=GET path=/api/v1/runs/0e87f0ef-f8e8-474a-a2a6-b52a829015ea/memory/details/legacy_efdef530-0239-46c3-a276-8ea242db00d6 status=409 latencyMs=98
2026-10-07T18:10:36.447+08:00 INFO  [main] [requestId=e557662e-9d93-4f6e-a66f-dda8767f0859] c.hify.common.RequestLoggingFilter - http.request method=POST path=/api/v1/runs/08375055-d7ef-448b-85ec-4b185f24a0d5/memory/search status=200 latencyMs=19
2026-10-07T18:10:36.454+08:00 INFO  [main] [requestId=3c8e9f88-e807-4f76-bf0a-7757cf96f7ce] c.hify.common.RequestLoggingFilter - http.request method=GET path=/api/v1/runs/08375055-d7ef-448b-85ec-4b185f24a0d5/memory/details/legacy_efdef530-0239-46c3-a276-8ea242db00d6 status=409 latencyMs=5
[ERROR] Tests run: 21, Failures: 1, Errors: 0, Skipped: 0, Time elapsed: 422.3 s <<< FAILURE! -- in com.hify.api.KnowledgeMemoryPostgresTest
[ERROR] com.hify.api.KnowledgeMemoryPostgresTest.resumeKeepsFrozenKReferencesAfterArchiveAndDoesNotRetrieveAgain -- Time elapsed: 40.55 s <<< FAILURE!
java.lang.AssertionError: run timeout
	at com.hify.api.KnowledgeFinishIntegrationTest.await(KnowledgeFinishIntegrationTest.java:118)
	at com.hify.api.KnowledgeFinishIntegrationTest.chatWith(KnowledgeFinishIntegrationTest.java:106)
	at com.hify.api.KnowledgeFinishIntegrationTest.resumeKeepsFrozenKReferencesAfterArchiveAndDoesNotRetrieveAgain(KnowledgeFinishIntegrationTest.java:89)
	at java.base/java.lang.reflect.Method.invoke(Method.java:568)
	at java.base/java.util.ArrayList.forEach(ArrayList.java:1511)
	at java.base/java.util.ArrayList.forEach(ArrayList.java:1511)

[INFO] 
[INFO] Results:
[INFO] 
[ERROR] Failures: 
[ERROR]   KnowledgeMemoryPostgresTest>KnowledgeFinishIntegrationTest.resumeKeepsFrozenKReferencesAfterArchiveAndDoesNotRetrieveAgain:89->KnowledgeFinishIntegrationTest.chatWith:106->KnowledgeFinishIntegrationTest.await:118 run timeout
[INFO] 
[ERROR] Tests run: 126, Failures: 1, Errors: 0, Skipped: 0
[INFO] 
[INFO] ------------------------------------------------------------------------
[INFO] Reactor Summary for hify-parent 0.1.0-SNAPSHOT:
[INFO] 
[INFO] hify-parent ........................................ SUCCESS [  0.001 s]
[INFO] hify-common ........................................ SUCCESS [  2.487 s]
[INFO] hify-provider ...................................... SUCCESS [  0.059 s]
[INFO] hify-tool .......................................... SUCCESS [  0.021 s]
[INFO] hify-mcp ........................................... SUCCESS [  0.066 s]
[INFO] hify-knowledge ..................................... SUCCESS [  0.019 s]
[INFO] hify-workflow ...................................... SUCCESS [  0.029 s]
[INFO] hify-agent ......................................... SUCCESS [  0.040 s]
[INFO] hify-chat .......................................... SUCCESS [  0.127 s]
[INFO] hify-demo .......................................... SUCCESS [  0.041 s]
[INFO] hify-app ........................................... FAILURE [23:12 min]
[INFO] ------------------------------------------------------------------------
[INFO] BUILD FAILURE
[INFO] ------------------------------------------------------------------------
[INFO] Total time:  23:16 min
[INFO] Finished at: 2026-10-07T18:10:46+08:00
[INFO] ------------------------------------------------------------------------
[ERROR] Failed to execute goal org.apache.maven.plugins:maven-surefire-plugin:3.5.3:test (default-test) on project hify-app: There are test failures.
[ERROR] 
[ERROR] See /private/tmp/hify-course-20261006.hhEhwt/retrieval-worktree/harness/evidence/OBS-CORRELATION-001/OBS-CORRELATION-001-20261007T094455Z-55fb4156/migration-postgres-mez7d7hj/reports for the individual test results.
[ERROR] See dump files (if any exist) [date].dump, [date]-jvmRun[N].dump and [date].dumpstream.
[ERROR] -> [Help 1]
[ERROR] 
[ERROR] To see the full stack trace of the errors, re-run Maven with the -e switch.
[ERROR] Re-run Maven using the -X switch to enable full debug logging.
[ERROR] 
[ERROR] For more information about the errors and possible solutions, please read the following articles:
[ERROR] [Help 1] http://cwiki.apache.org/confluence/display/MAVEN/MojoFailureException
[ERROR] 
[ERROR] After correcting the problems, you can resume the build with the command
[ERROR]   mvn <args> -rf :hify-app
Maven evidence: failed
