[2026-10-07T18:12:04.513+0800][0.021s][info][gc] Using G1
[2026-10-07T18:12:04.513+0800][0.021s][info][gc,init] Version: 17.0.19+9-LTS-183 (release)
[2026-10-07T18:12:04.513+0800][0.021s][info][gc,init] CPUs: 10 total, 10 available
[2026-10-07T18:12:04.513+0800][0.021s][info][gc,init] Memory: 16384M
[2026-10-07T18:12:04.513+0800][0.021s][info][gc,init] Large Page Support: Disabled
[2026-10-07T18:12:04.513+0800][0.021s][info][gc,init] NUMA Support: Disabled
[2026-10-07T18:12:04.513+0800][0.021s][info][gc,init] Compressed Oops: Enabled (Zero based)
[2026-10-07T18:12:04.513+0800][0.021s][info][gc,init] Heap Region Size: 1M
[2026-10-07T18:12:04.513+0800][0.021s][info][gc,init] Heap Min Capacity: 8M
[2026-10-07T18:12:04.513+0800][0.021s][info][gc,init] Heap Initial Capacity: 256M
[2026-10-07T18:12:04.513+0800][0.021s][info][gc,init] Heap Max Capacity: 768M
[2026-10-07T18:12:04.513+0800][0.021s][info][gc,init] Pre-touch: Disabled
[2026-10-07T18:12:04.513+0800][0.021s][info][gc,init] Parallel Workers: 9
[2026-10-07T18:12:04.513+0800][0.021s][info][gc,init] Concurrent Workers: 2
[2026-10-07T18:12:04.513+0800][0.021s][info][gc,init] Concurrent Refinement Workers: 9
[2026-10-07T18:12:04.513+0800][0.021s][info][gc,init] Periodic GC: Disabled
[2026-10-07T18:12:04.517+0800][0.025s][info][gc,metaspace] CDS archive(s) mapped at: [0x000000b000000000-0x000000b000be8000-0x000000b000be8000), size 12484608, SharedBaseAddress: 0x000000b000000000, ArchiveRelocationMode: 1.
[2026-10-07T18:12:04.517+0800][0.025s][info][gc,metaspace] Compressed class space mapped at: 0x000000b001000000-0x000000b041000000, reserved size: 1073741824
[2026-10-07T18:12:04.517+0800][0.025s][info][gc,metaspace] Narrow klass base: 0x000000b000000000, Narrow klass shift: 0, Narrow klass range: 0x100000000
[2026-10-07T18:12:04.923+0800][0.431s][info][safepoint   ] Safepoint "ICBufferFull", Time since last: 403564375 ns, Reaching safepoint: 97250 ns, At safepoint: 1000 ns, Total: 98250 ns
[2026-10-07T18:12:05.169+0800][0.677s][info][gc,start    ] GC(0) Pause Young (Normal) (G1 Evacuation Pause)
[2026-10-07T18:12:05.170+0800][0.678s][info][gc,task     ] GC(0) Using 6 workers of 9 for evacuation
[2026-10-07T18:12:05.175+0800][0.683s][info][gc,phases   ] GC(0)   Pre Evacuate Collection Set: 0.4ms
[2026-10-07T18:12:05.175+0800][0.683s][info][gc,phases   ] GC(0)   Merge Heap Roots: 0.1ms
[2026-10-07T18:12:05.175+0800][0.683s][info][gc,phases   ] GC(0)   Evacuate Collection Set: 3.9ms
[2026-10-07T18:12:05.175+0800][0.683s][info][gc,phases   ] GC(0)   Post Evacuate Collection Set: 0.3ms
[2026-10-07T18:12:05.175+0800][0.683s][info][gc,phases   ] GC(0)   Other: 0.7ms
[2026-10-07T18:12:05.175+0800][0.683s][info][gc,heap     ] GC(0) Eden regions: 23->0(34)
[2026-10-07T18:12:05.175+0800][0.683s][info][gc,heap     ] GC(0) Survivor regions: 0->3(3)
[2026-10-07T18:12:05.175+0800][0.683s][info][gc,heap     ] GC(0) Old regions: 0->5
[2026-10-07T18:12:05.175+0800][0.683s][info][gc,heap     ] GC(0) Archive regions: 2->2
[2026-10-07T18:12:05.175+0800][0.683s][info][gc,heap     ] GC(0) Humongous regions: 4->4
[2026-10-07T18:12:05.175+0800][0.683s][info][gc,metaspace] GC(0) Metaspace: 3563K(3648K)->3563K(3648K) NonClass: 3157K(3200K)->3157K(3200K) Class: 406K(448K)->406K(448K)
[2026-10-07T18:12:05.175+0800][0.683s][info][gc          ] GC(0) Pause Young (Normal) (G1 Evacuation Pause) 27M->12M(258M) 5.408ms
[2026-10-07T18:12:05.175+0800][0.683s][info][gc,cpu      ] GC(0) User=0.00s Sys=0.00s Real=0.01s
[2026-10-07T18:12:05.175+0800][0.683s][info][safepoint   ] Safepoint "G1CollectForAllocation", Time since last: 246320416 ns, Reaching safepoint: 33250 ns, At safepoint: 5470500 ns, Total: 5503750 ns
[2026-10-07T18:12:05.921+0800][1.430s][info][safepoint   ] Safepoint "ICBufferFull", Time since last: 746578625 ns, Reaching safepoint: 200834 ns, At safepoint: 67708 ns, Total: 268542 ns
[2026-10-07T18:12:06.433+0800][1.942s][info][safepoint   ] Safepoint "ICBufferFull", Time since last: 511848625 ns, Reaching safepoint: 110458 ns, At safepoint: 11500 ns, Total: 121958 ns
[2026-10-07T18:12:06.759+0800][2.267s][info][safepoint   ] Safepoint "ICBufferFull", Time since last: 325231417 ns, Reaching safepoint: 126583 ns, At safepoint: 3959 ns, Total: 130542 ns
[2026-10-07T18:12:07.442+0800][2.950s][info][safepoint   ] Safepoint "ICBufferFull", Time since last: 682643875 ns, Reaching safepoint: 97750 ns, At safepoint: 61916 ns, Total: 159666 ns
[2026-10-07T18:12:07.592+0800][3.100s][info][gc,start    ] GC(1) Pause Young (Normal) (G1 Evacuation Pause)
[2026-10-07T18:12:07.592+0800][3.100s][info][gc,task     ] GC(1) Using 6 workers of 9 for evacuation
[2026-10-07T18:12:07.598+0800][3.106s][info][gc,phases   ] GC(1)   Pre Evacuate Collection Set: 0.0ms
[2026-10-07T18:12:07.599+0800][3.107s][info][gc,phases   ] GC(1)   Merge Heap Roots: 0.0ms
[2026-10-07T18:12:07.599+0800][3.107s][info][gc,phases   ] GC(1)   Evacuate Collection Set: 4.6ms
[2026-10-07T18:12:07.599+0800][3.107s][info][gc,phases   ] GC(1)   Post Evacuate Collection Set: 1.9ms
[2026-10-07T18:12:07.599+0800][3.107s][info][gc,phases   ] GC(1)   Other: 0.1ms
[2026-10-07T18:12:07.599+0800][3.107s][info][gc,heap     ] GC(1) Eden regions: 34->0(151)
[2026-10-07T18:12:07.599+0800][3.107s][info][gc,heap     ] GC(1) Survivor regions: 3->2(5)
[2026-10-07T18:12:07.599+0800][3.107s][info][gc,heap     ] GC(1) Old regions: 5->8
[2026-10-07T18:12:07.599+0800][3.107s][info][gc,heap     ] GC(1) Archive regions: 2->2
[2026-10-07T18:12:07.599+0800][3.107s][info][gc,heap     ] GC(1) Humongous regions: 4->4
[2026-10-07T18:12:07.599+0800][3.107s][info][gc,metaspace] GC(1) Metaspace: 7341K(7488K)->7341K(7488K) NonClass: 6572K(6656K)->6572K(6656K) Class: 769K(832K)->769K(832K)
[2026-10-07T18:12:07.599+0800][3.107s][info][gc          ] GC(1) Pause Young (Normal) (G1 Evacuation Pause) 46M->14M(258M) 7.269ms
[2026-10-07T18:12:07.599+0800][3.107s][info][gc,cpu      ] GC(1) User=0.01s Sys=0.01s Real=0.00s
[2026-10-07T18:12:07.599+0800][3.107s][info][safepoint   ] Safepoint "G1CollectForAllocation", Time since last: 149886292 ns, Reaching safepoint: 46208 ns, At safepoint: 7325125 ns, Total: 7371333 ns
[2026-10-07T18:12:07.847+0800][3.355s][info][safepoint   ] Safepoint "ICBufferFull", Time since last: 248203542 ns, Reaching safepoint: 59167 ns, At safepoint: 500 ns, Total: 59667 ns
[2026-10-07T18:12:08.230+0800][3.738s][info][safepoint   ] Safepoint "ICBufferFull", Time since last: 382672958 ns, Reaching safepoint: 141958 ns, At safepoint: 1625 ns, Total: 143583 ns
[2026-10-07T18:12:08.529+0800][4.038s][info][safepoint   ] Safepoint "ICBufferFull", Time since last: 299470167 ns, Reaching safepoint: 89500 ns, At safepoint: 583 ns, Total: 90083 ns
[2026-10-07T18:12:09.421+0800][4.930s][info][safepoint   ] Safepoint "ICBufferFull", Time since last: 891908625 ns, Reaching safepoint: 106417 ns, At safepoint: 1292 ns, Total: 107709 ns
[2026-10-07T18:12:09.796+0800][5.304s][info][safepoint   ] Safepoint "ICBufferFull", Time since last: 374681666 ns, Reaching safepoint: 159250 ns, At safepoint: 6667 ns, Total: 165917 ns
[2026-10-07T18:12:09.877+0800][5.385s][info][safepoint   ] Safepoint "ICBufferFull", Time since last: 80838958 ns, Reaching safepoint: 89500 ns, At safepoint: 20250 ns, Total: 109750 ns
[2026-10-07T18:12:10.038+0800][5.547s][info][gc,start    ] GC(2) Pause Young (Concurrent Start) (Metadata GC Threshold)
[2026-10-07T18:12:10.039+0800][5.547s][info][gc,task     ] GC(2) Using 6 workers of 9 for evacuation
[2026-10-07T18:12:10.056+0800][5.564s][info][gc,phases   ] GC(2)   Pre Evacuate Collection Set: 0.1ms
[2026-10-07T18:12:10.056+0800][5.564s][info][gc,phases   ] GC(2)   Merge Heap Roots: 0.1ms
[2026-10-07T18:12:10.056+0800][5.564s][info][gc,phases   ] GC(2)   Evacuate Collection Set: 15.0ms
[2026-10-07T18:12:10.056+0800][5.564s][info][gc,phases   ] GC(2)   Post Evacuate Collection Set: 1.8ms
[2026-10-07T18:12:10.056+0800][5.564s][info][gc,phases   ] GC(2)   Other: 0.4ms
[2026-10-07T18:12:10.056+0800][5.564s][info][gc,heap     ] GC(2) Eden regions: 94->0(147)
[2026-10-07T18:12:10.056+0800][5.564s][info][gc,heap     ] GC(2) Survivor regions: 2->6(20)
[2026-10-07T18:12:10.056+0800][5.564s][info][gc,heap     ] GC(2) Old regions: 8->8
[2026-10-07T18:12:10.056+0800][5.564s][info][gc,heap     ] GC(2) Archive regions: 2->2
[2026-10-07T18:12:10.056+0800][5.564s][info][gc,heap     ] GC(2) Humongous regions: 4->4
[2026-10-07T18:12:10.056+0800][5.564s][info][gc,metaspace] GC(2) Metaspace: 21189K(21504K)->21189K(21504K) NonClass: 18365K(18560K)->18365K(18560K) Class: 2824K(2944K)->2824K(2944K)
[2026-10-07T18:12:10.056+0800][5.564s][info][gc          ] GC(2) Pause Young (Concurrent Start) (Metadata GC Threshold) 107M->18M(258M) 17.645ms
[2026-10-07T18:12:10.056+0800][5.564s][info][gc,cpu      ] GC(2) User=0.02s Sys=0.05s Real=0.02s
[2026-10-07T18:12:10.056+0800][5.564s][info][gc          ] GC(3) Concurrent Mark Cycle
[2026-10-07T18:12:10.056+0800][5.564s][info][gc,marking  ] GC(3) Concurrent Clear Claimed Marks
[2026-10-07T18:12:10.056+0800][5.564s][info][gc,marking  ] GC(3) Concurrent Clear Claimed Marks 0.018ms
[2026-10-07T18:12:10.056+0800][5.564s][info][gc,marking  ] GC(3) Concurrent Scan Root Regions
[2026-10-07T18:12:10.056+0800][5.564s][info][safepoint   ] Safepoint "CollectForMetadataAllocation", Time since last: 161084542 ns, Reaching safepoint: 79583 ns, At safepoint: 17785292 ns, Total: 17864875 ns
[2026-10-07T18:12:10.059+0800][5.568s][info][gc,marking  ] GC(3) Concurrent Scan Root Regions 3.049ms
[2026-10-07T18:12:10.059+0800][5.568s][info][gc,marking  ] GC(3) Concurrent Mark
[2026-10-07T18:12:10.059+0800][5.568s][info][gc,marking  ] GC(3) Concurrent Mark From Roots
[2026-10-07T18:12:10.059+0800][5.568s][info][gc,task     ] GC(3) Using 2 workers of 2 for marking
[2026-10-07T18:12:10.063+0800][5.572s][info][gc,marking  ] GC(3) Concurrent Mark From Roots 4.023ms
[2026-10-07T18:12:10.063+0800][5.572s][info][gc,marking  ] GC(3) Concurrent Preclean
[2026-10-07T18:12:10.063+0800][5.572s][info][gc,marking  ] GC(3) Concurrent Preclean 0.036ms
[2026-10-07T18:12:10.064+0800][5.572s][info][gc,start    ] GC(3) Pause Remark
[2026-10-07T18:12:10.066+0800][5.574s][info][gc          ] GC(3) Pause Remark 18M->18M(70M) 1.879ms
[2026-10-07T18:12:10.066+0800][5.574s][info][gc,cpu      ] GC(3) User=0.00s Sys=0.00s Real=0.00s
[2026-10-07T18:12:10.066+0800][5.574s][info][safepoint   ] Safepoint "G1Concurrent", Time since last: 7350000 ns, Reaching safepoint: 174083 ns, At safepoint: 2078375 ns, Total: 2252458 ns
[2026-10-07T18:12:10.066+0800][5.575s][info][gc,marking  ] GC(3) Concurrent Mark 6.960ms
[2026-10-07T18:12:10.066+0800][5.575s][info][gc,marking  ] GC(3) Concurrent Rebuild Remembered Sets
[2026-10-07T18:12:10.068+0800][5.576s][info][gc,marking  ] GC(3) Concurrent Rebuild Remembered Sets 1.731ms
[2026-10-07T18:12:10.068+0800][5.577s][info][gc,start    ] GC(3) Pause Cleanup
[2026-10-07T18:12:10.069+0800][5.577s][info][gc          ] GC(3) Pause Cleanup 18M->18M(70M) 0.074ms
[2026-10-07T18:12:10.069+0800][5.577s][info][gc,cpu      ] GC(3) User=0.00s Sys=0.00s Real=0.00s
[2026-10-07T18:12:10.069+0800][5.577s][info][safepoint   ] Safepoint "G1Concurrent", Time since last: 2428584 ns, Reaching safepoint: 278666 ns, At safepoint: 292084 ns, Total: 570750 ns
[2026-10-07T18:12:10.069+0800][5.577s][info][gc,marking  ] GC(3) Concurrent Cleanup for Next Mark
[2026-10-07T18:12:10.070+0800][5.578s][info][gc,marking  ] GC(3) Concurrent Cleanup for Next Mark 0.588ms
[2026-10-07T18:12:10.070+0800][5.578s][info][gc          ] GC(3) Concurrent Mark Cycle 13.467ms
[2026-10-07T18:12:10.250+0800][5.758s][info][safepoint   ] Safepoint "ICBufferFull", Time since last: 181079041 ns, Reaching safepoint: 66209 ns, At safepoint: 3500 ns, Total: 69709 ns
[2026-10-07T18:12:10.258+0800][5.767s][info][gc,start    ] GC(4) Pause Young (Prepare Mixed) (G1 Preventive Collection)
[2026-10-07T18:12:10.258+0800][5.767s][info][gc,task     ] GC(4) Using 5 workers of 9 for evacuation
[2026-10-07T18:12:10.263+0800][5.771s][info][gc,phases   ] GC(4)   Pre Evacuate Collection Set: 0.0ms
[2026-10-07T18:12:10.263+0800][5.771s][info][gc,phases   ] GC(4)   Merge Heap Roots: 0.0ms
[2026-10-07T18:12:10.263+0800][5.771s][info][gc,phases   ] GC(4)   Evacuate Collection Set: 3.6ms
[2026-10-07T18:12:10.263+0800][5.771s][info][gc,phases   ] GC(4)   Post Evacuate Collection Set: 0.4ms
[2026-10-07T18:12:10.263+0800][5.771s][info][gc,phases   ] GC(4)   Other: 0.1ms
[2026-10-07T18:12:10.263+0800][5.771s][info][gc,heap     ] GC(4) Eden regions: 38->0(1)
[2026-10-07T18:12:10.263+0800][5.771s][info][gc,heap     ] GC(4) Survivor regions: 6->8(20)
[2026-10-07T18:12:10.263+0800][5.771s][info][gc,heap     ] GC(4) Old regions: 8->8
[2026-10-07T18:12:10.263+0800][5.771s][info][gc,heap     ] GC(4) Archive regions: 2->2
[2026-10-07T18:12:10.263+0800][5.771s][info][gc,heap     ] GC(4) Humongous regions: 4->4
[2026-10-07T18:12:10.263+0800][5.771s][info][gc,metaspace] GC(4) Metaspace: 25506K(25856K)->25506K(25856K) NonClass: 21950K(22144K)->21950K(22144K) Class: 3556K(3712K)->3556K(3712K)
[2026-10-07T18:12:10.263+0800][5.771s][info][gc          ] GC(4) Pause Young (Prepare Mixed) (G1 Preventive Collection) 56M->19M(70M) 4.318ms
[2026-10-07T18:12:10.263+0800][5.771s][info][gc,cpu      ] GC(4) User=0.02s Sys=0.01s Real=0.01s
[2026-10-07T18:12:10.263+0800][5.771s][info][safepoint   ] Safepoint "G1CollectForAllocation", Time since last: 8405250 ns, Reaching safepoint: 143458 ns, At safepoint: 4372083 ns, Total: 4515541 ns
[2026-10-07T18:12:10.268+0800][5.776s][info][gc,start    ] GC(5) Pause Young (Mixed) (G1 Evacuation Pause)
[2026-10-07T18:12:10.268+0800][5.776s][info][gc,task     ] GC(5) Using 4 workers of 9 for evacuation
[2026-10-07T18:12:10.273+0800][5.782s][info][gc,phases   ] GC(5)   Pre Evacuate Collection Set: 0.1ms
[2026-10-07T18:12:10.273+0800][5.782s][info][gc,phases   ] GC(5)   Merge Heap Roots: 0.0ms
[2026-10-07T18:12:10.273+0800][5.782s][info][gc,phases   ] GC(5)   Evacuate Collection Set: 4.6ms
[2026-10-07T18:12:10.273+0800][5.782s][info][gc,phases   ] GC(5)   Post Evacuate Collection Set: 0.6ms
[2026-10-07T18:12:10.273+0800][5.782s][info][gc,phases   ] GC(5)   Other: 0.1ms
[2026-10-07T18:12:10.273+0800][5.782s][info][gc,heap     ] GC(5) Eden regions: 1->0(28)
[2026-10-07T18:12:10.273+0800][5.782s][info][gc,heap     ] GC(5) Survivor regions: 8->1(2)
[2026-10-07T18:12:10.273+0800][5.782s][info][gc,heap     ] GC(5) Old regions: 8->15
[2026-10-07T18:12:10.273+0800][5.782s][info][gc,heap     ] GC(5) Archive regions: 2->2
[2026-10-07T18:12:10.273+0800][5.782s][info][gc,heap     ] GC(5) Humongous regions: 4->4
[2026-10-07T18:12:10.273+0800][5.782s][info][gc,metaspace] GC(5) Metaspace: 25555K(25920K)->25555K(25920K) NonClass: 21994K(22208K)->21994K(22208K) Class: 3561K(3712K)->3561K(3712K)
[2026-10-07T18:12:10.273+0800][5.782s][info][gc          ] GC(5) Pause Young (Mixed) (G1 Evacuation Pause) 20M->20M(70M) 5.594ms
[2026-10-07T18:12:10.274+0800][5.782s][info][gc,cpu      ] GC(5) User=0.01s Sys=0.00s Real=0.01s
[2026-10-07T18:12:10.274+0800][5.782s][info][safepoint   ] Safepoint "G1CollectForAllocation", Time since last: 4604709 ns, Reaching safepoint: 425791 ns, At safepoint: 5813125 ns, Total: 6238916 ns
[2026-10-07T18:12:10.523+0800][6.032s][info][safepoint   ] Safepoint "ICBufferFull", Time since last: 249425167 ns, Reaching safepoint: 187208 ns, At safepoint: 76625 ns, Total: 263833 ns
[2026-10-07T18:12:10.577+0800][6.085s][info][gc,start    ] GC(6) Pause Young (Normal) (G1 Evacuation Pause)
[2026-10-07T18:12:10.577+0800][6.085s][info][gc,task     ] GC(6) Using 4 workers of 9 for evacuation
[2026-10-07T18:12:10.580+0800][6.088s][info][gc,phases   ] GC(6)   Pre Evacuate Collection Set: 0.0ms
[2026-10-07T18:12:10.580+0800][6.088s][info][gc,phases   ] GC(6)   Merge Heap Roots: 0.0ms
[2026-10-07T18:12:10.580+0800][6.088s][info][gc,phases   ] GC(6)   Evacuate Collection Set: 2.0ms
[2026-10-07T18:12:10.580+0800][6.088s][info][gc,phases   ] GC(6)   Post Evacuate Collection Set: 0.8ms
[2026-10-07T18:12:10.580+0800][6.088s][info][gc,phases   ] GC(6)   Other: 0.1ms
[2026-10-07T18:12:10.580+0800][6.088s][info][gc,heap     ] GC(6) Eden regions: 28->0(28)
[2026-10-07T18:12:10.580+0800][6.088s][info][gc,heap     ] GC(6) Survivor regions: 1->3(4)
[2026-10-07T18:12:10.580+0800][6.089s][info][gc,heap     ] GC(6) Old regions: 15->15
[2026-10-07T18:12:10.580+0800][6.089s][info][gc,heap     ] GC(6) Archive regions: 2->2
[2026-10-07T18:12:10.580+0800][6.089s][info][gc,heap     ] GC(6) Humongous regions: 4->4
[2026-10-07T18:12:10.580+0800][6.089s][info][gc,metaspace] GC(6) Metaspace: 28528K(28864K)->28528K(28864K) NonClass: 24653K(24832K)->24653K(24832K) Class: 3874K(4032K)->3874K(4032K)
[2026-10-07T18:12:10.580+0800][6.089s][info][gc          ] GC(6) Pause Young (Normal) (G1 Evacuation Pause) 48M->21M(70M) 3.192ms
[2026-10-07T18:12:10.580+0800][6.089s][info][gc,cpu      ] GC(6) User=0.01s Sys=0.00s Real=0.01s
[2026-10-07T18:12:10.581+0800][6.089s][info][safepoint   ] Safepoint "G1CollectForAllocation", Time since last: 53052750 ns, Reaching safepoint: 695834 ns, At safepoint: 3729791 ns, Total: 4425625 ns
[2026-10-07T18:12:10.730+0800][6.238s][info][safepoint   ] Safepoint "ICBufferFull", Time since last: 148395125 ns, Reaching safepoint: 263084 ns, At safepoint: 611125 ns, Total: 874209 ns
[2026-10-07T18:12:10.836+0800][6.345s][info][gc,start    ] GC(7) Pause Young (Normal) (G1 Evacuation Pause)
[2026-10-07T18:12:10.837+0800][6.345s][info][gc,task     ] GC(7) Using 4 workers of 9 for evacuation
[2026-10-07T18:12:10.841+0800][6.349s][info][gc,phases   ] GC(7)   Pre Evacuate Collection Set: 0.1ms
[2026-10-07T18:12:10.841+0800][6.349s][info][gc,phases   ] GC(7)   Merge Heap Roots: 0.1ms
[2026-10-07T18:12:10.841+0800][6.349s][info][gc,phases   ] GC(7)   Evacuate Collection Set: 3.4ms
[2026-10-07T18:12:10.841+0800][6.349s][info][gc,phases   ] GC(7)   Post Evacuate Collection Set: 0.5ms
[2026-10-07T18:12:10.841+0800][6.349s][info][gc,phases   ] GC(7)   Other: 0.1ms
[2026-10-07T18:12:10.841+0800][6.349s][info][gc,heap     ] GC(7) Eden regions: 28->0(27)
[2026-10-07T18:12:10.841+0800][6.349s][info][gc,heap     ] GC(7) Survivor regions: 3->3(4)
[2026-10-07T18:12:10.841+0800][6.349s][info][gc,heap     ] GC(7) Old regions: 15->17
[2026-10-07T18:12:10.841+0800][6.349s][info][gc,heap     ] GC(7) Archive regions: 2->2
[2026-10-07T18:12:10.841+0800][6.349s][info][gc,heap     ] GC(7) Humongous regions: 4->4
[2026-10-07T18:12:10.841+0800][6.349s][info][gc,metaspace] GC(7) Metaspace: 30770K(31104K)->30770K(31104K) NonClass: 26573K(26752K)->26573K(26752K) Class: 4197K(4352K)->4197K(4352K)
[2026-10-07T18:12:10.841+0800][6.349s][info][gc          ] GC(7) Pause Young (Normal) (G1 Evacuation Pause) 49M->24M(70M) 4.396ms
[2026-10-07T18:12:10.841+0800][6.349s][info][gc,cpu      ] GC(7) User=0.01s Sys=0.00s Real=0.01s
[2026-10-07T18:12:10.841+0800][6.349s][info][safepoint   ] Safepoint "G1CollectForAllocation", Time since last: 86786375 ns, Reaching safepoint: 19564333 ns, At safepoint: 4622083 ns, Total: 24186416 ns
[2026-10-07T18:12:11.036+0800][6.545s][info][safepoint   ] Safepoint "ICBufferFull", Time since last: 195300250 ns, Reaching safepoint: 95500 ns, At safepoint: 4875 ns, Total: 100375 ns
[2026-10-07T18:12:11.070+0800][6.578s][info][gc,start    ] GC(8) Pause Young (Normal) (G1 Evacuation Pause)
[2026-10-07T18:12:11.070+0800][6.578s][info][gc,task     ] GC(8) Using 3 workers of 9 for evacuation
[2026-10-07T18:12:11.072+0800][6.580s][info][gc,phases   ] GC(8)   Pre Evacuate Collection Set: 0.0ms
[2026-10-07T18:12:11.072+0800][6.580s][info][gc,phases   ] GC(8)   Merge Heap Roots: 0.0ms
[2026-10-07T18:12:11.072+0800][6.580s][info][gc,phases   ] GC(8)   Evacuate Collection Set: 1.8ms
[2026-10-07T18:12:11.072+0800][6.580s][info][gc,phases   ] GC(8)   Post Evacuate Collection Set: 0.1ms
[2026-10-07T18:12:11.072+0800][6.580s][info][gc,phases   ] GC(8)   Other: 0.1ms
[2026-10-07T18:12:11.072+0800][6.580s][info][gc,heap     ] GC(8) Eden regions: 27->0(24)
[2026-10-07T18:12:11.072+0800][6.580s][info][gc,heap     ] GC(8) Survivor regions: 3->3(4)
[2026-10-07T18:12:11.072+0800][6.580s][info][gc,heap     ] GC(8) Old regions: 17->20
[2026-10-07T18:12:11.072+0800][6.580s][info][gc,heap     ] GC(8) Archive regions: 2->2
[2026-10-07T18:12:11.072+0800][6.580s][info][gc,heap     ] GC(8) Humongous regions: 4->4
[2026-10-07T18:12:11.072+0800][6.580s][info][gc,metaspace] GC(8) Metaspace: 33480K(33856K)->33480K(33856K) NonClass: 29031K(29248K)->29031K(29248K) Class: 4449K(4608K)->4449K(4608K)
[2026-10-07T18:12:11.072+0800][6.580s][info][gc          ] GC(8) Pause Young (Normal) (G1 Evacuation Pause) 51M->26M(70M) 2.119ms
[2026-10-07T18:12:11.072+0800][6.580s][info][gc,cpu      ] GC(8) User=0.01s Sys=0.00s Real=0.00s
[2026-10-07T18:12:11.072+0800][6.580s][info][safepoint   ] Safepoint "G1CollectForAllocation", Time since last: 32993625 ns, Reaching safepoint: 130792 ns, At safepoint: 2155708 ns, Total: 2286500 ns
[2026-10-07T18:12:11.225+0800][6.733s][info][safepoint   ] Safepoint "ICBufferFull", Time since last: 153383375 ns, Reaching safepoint: 75250 ns, At safepoint: 375 ns, Total: 75625 ns
[2026-10-07T18:12:11.252+0800][6.760s][info][gc,start    ] GC(9) Pause Young (Normal) (G1 Evacuation Pause)
[2026-10-07T18:12:11.252+0800][6.760s][info][gc,task     ] GC(9) Using 2 workers of 9 for evacuation
[2026-10-07T18:12:11.254+0800][6.763s][info][gc,phases   ] GC(9)   Pre Evacuate Collection Set: 0.0ms
[2026-10-07T18:12:11.254+0800][6.763s][info][gc,phases   ] GC(9)   Merge Heap Roots: 0.0ms
[2026-10-07T18:12:11.254+0800][6.763s][info][gc,phases   ] GC(9)   Evacuate Collection Set: 2.6ms
[2026-10-07T18:12:11.254+0800][6.763s][info][gc,phases   ] GC(9)   Post Evacuate Collection Set: 0.1ms
[2026-10-07T18:12:11.254+0800][6.763s][info][gc,phases   ] GC(9)   Other: 0.1ms
[2026-10-07T18:12:11.254+0800][6.763s][info][gc,heap     ] GC(9) Eden regions: 24->0(25)
[2026-10-07T18:12:11.254+0800][6.763s][info][gc,heap     ] GC(9) Survivor regions: 3->2(4)
[2026-10-07T18:12:11.254+0800][6.763s][info][gc,heap     ] GC(9) Old regions: 20->22
[2026-10-07T18:12:11.254+0800][6.763s][info][gc,heap     ] GC(9) Archive regions: 2->2
[2026-10-07T18:12:11.254+0800][6.763s][info][gc,heap     ] GC(9) Humongous regions: 4->4
[2026-10-07T18:12:11.254+0800][6.763s][info][gc,metaspace] GC(9) Metaspace: 34734K(35072K)->34734K(35072K) NonClass: 30129K(30336K)->30129K(30336K) Class: 4605K(4736K)->4605K(4736K)
[2026-10-07T18:12:11.254+0800][6.763s][info][gc          ] GC(9) Pause Young (Normal) (G1 Evacuation Pause) 50M->28M(70M) 2.864ms
[2026-10-07T18:12:11.254+0800][6.763s][info][gc,cpu      ] GC(9) User=0.01s Sys=0.00s Real=0.00s
[2026-10-07T18:12:11.254+0800][6.763s][info][safepoint   ] Safepoint "G1CollectForAllocation", Time since last: 26284334 ns, Reaching safepoint: 92958 ns, At safepoint: 2900542 ns, Total: 2993500 ns
[2026-10-07T18:12:11.423+0800][6.931s][info][safepoint   ] Safepoint "ICBufferFull", Time since last: 168045708 ns, Reaching safepoint: 138375 ns, At safepoint: 625 ns, Total: 139000 ns
[2026-10-07T18:12:11.448+0800][6.956s][info][gc,start    ] GC(10) Pause Young (Concurrent Start) (Metadata GC Threshold)
[2026-10-07T18:12:11.448+0800][6.956s][info][gc,task     ] GC(10) Using 2 workers of 9 for evacuation
[2026-10-07T18:12:11.451+0800][6.959s][info][gc,phases   ] GC(10)   Pre Evacuate Collection Set: 0.1ms
[2026-10-07T18:12:11.451+0800][6.959s][info][gc,phases   ] GC(10)   Merge Heap Roots: 0.1ms
[2026-10-07T18:12:11.451+0800][6.959s][info][gc,phases   ] GC(10)   Evacuate Collection Set: 2.4ms
[2026-10-07T18:12:11.451+0800][6.959s][info][gc,phases   ] GC(10)   Post Evacuate Collection Set: 0.2ms
[2026-10-07T18:12:11.451+0800][6.959s][info][gc,phases   ] GC(10)   Other: 0.3ms
[2026-10-07T18:12:11.451+0800][6.959s][info][gc,heap     ] GC(10) Eden regions: 18->0(78)
[2026-10-07T18:12:11.451+0800][6.959s][info][gc,heap     ] GC(10) Survivor regions: 2->3(4)
[2026-10-07T18:12:11.451+0800][6.959s][info][gc,heap     ] GC(10) Old regions: 22->22
[2026-10-07T18:12:11.451+0800][6.959s][info][gc,heap     ] GC(10) Archive regions: 2->2
[2026-10-07T18:12:11.451+0800][6.959s][info][gc,heap     ] GC(10) Humongous regions: 4->4
[2026-10-07T18:12:11.451+0800][6.959s][info][gc,metaspace] GC(10) Metaspace: 35743K(36096K)->35743K(36096K) NonClass: 30993K(31168K)->30993K(31168K) Class: 4750K(4928K)->4750K(4928K)
[2026-10-07T18:12:11.451+0800][6.959s][info][gc          ] GC(10) Pause Young (Concurrent Start) (Metadata GC Threshold) 46M->29M(144M) 3.160ms
[2026-10-07T18:12:11.451+0800][6.959s][info][gc,cpu      ] GC(10) User=0.01s Sys=0.01s Real=0.01s
[2026-10-07T18:12:11.451+0800][6.959s][info][safepoint   ] Safepoint "CollectForMetadataAllocation", Time since last: 25021417 ns, Reaching safepoint: 29083 ns, At safepoint: 3203167 ns, Total: 3232250 ns
[2026-10-07T18:12:11.451+0800][6.959s][info][gc          ] GC(11) Concurrent Mark Cycle
[2026-10-07T18:12:11.451+0800][6.959s][info][gc,marking  ] GC(11) Concurrent Clear Claimed Marks
[2026-10-07T18:12:11.451+0800][6.959s][info][gc,marking  ] GC(11) Concurrent Clear Claimed Marks 0.008ms
[2026-10-07T18:12:11.451+0800][6.959s][info][gc,marking  ] GC(11) Concurrent Scan Root Regions
[2026-10-07T18:12:11.452+0800][6.960s][info][gc,marking  ] GC(11) Concurrent Scan Root Regions 0.958ms
[2026-10-07T18:12:11.452+0800][6.960s][info][gc,marking  ] GC(11) Concurrent Mark
[2026-10-07T18:12:11.452+0800][6.960s][info][gc,marking  ] GC(11) Concurrent Mark From Roots
[2026-10-07T18:12:11.452+0800][6.960s][info][gc,task     ] GC(11) Using 2 workers of 2 for marking
[2026-10-07T18:12:11.462+0800][6.970s][info][gc,marking  ] GC(11) Concurrent Mark From Roots 9.636ms
[2026-10-07T18:12:11.462+0800][6.970s][info][gc,marking  ] GC(11) Concurrent Preclean
[2026-10-07T18:12:11.462+0800][6.970s][info][gc,marking  ] GC(11) Concurrent Preclean 0.041ms
[2026-10-07T18:12:11.462+0800][6.970s][info][gc,start    ] GC(11) Pause Remark
[2026-10-07T18:12:11.463+0800][6.972s][info][gc          ] GC(11) Pause Remark 30M->30M(107M) 1.753ms
[2026-10-07T18:12:11.463+0800][6.972s][info][gc,cpu      ] GC(11) User=0.00s Sys=0.00s Real=0.00s
[2026-10-07T18:12:11.463+0800][6.972s][info][safepoint   ] Safepoint "G1Concurrent", Time since last: 10744125 ns, Reaching safepoint: 16125 ns, At safepoint: 1784833 ns, Total: 1800958 ns
[2026-10-07T18:12:11.463+0800][6.972s][info][gc,marking  ] GC(11) Concurrent Mark 11.565ms
[2026-10-07T18:12:11.464+0800][6.972s][info][gc,marking  ] GC(11) Concurrent Rebuild Remembered Sets
[2026-10-07T18:12:11.468+0800][6.976s][info][gc,marking  ] GC(11) Concurrent Rebuild Remembered Sets 4.643ms
[2026-10-07T18:12:11.468+0800][6.976s][info][gc,start    ] GC(11) Pause Cleanup
[2026-10-07T18:12:11.468+0800][6.976s][info][gc          ] GC(11) Pause Cleanup 30M->30M(107M) 0.029ms
[2026-10-07T18:12:11.468+0800][6.976s][info][gc,cpu      ] GC(11) User=0.00s Sys=0.00s Real=0.00s
[2026-10-07T18:12:11.468+0800][6.976s][info][safepoint   ] Safepoint "G1Concurrent", Time since last: 4725750 ns, Reaching safepoint: 13708 ns, At safepoint: 45500 ns, Total: 59208 ns
[2026-10-07T18:12:11.468+0800][6.977s][info][gc,marking  ] GC(11) Concurrent Cleanup for Next Mark
[2026-10-07T18:12:11.469+0800][6.977s][info][gc,marking  ] GC(11) Concurrent Cleanup for Next Mark 0.409ms
[2026-10-07T18:12:11.469+0800][6.977s][info][gc          ] GC(11) Concurrent Mark Cycle 17.748ms
[2026-10-07T18:12:12.205+0800][7.713s][info][safepoint   ] Safepoint "ICBufferFull", Time since last: 736460000 ns, Reaching safepoint: 64959 ns, At safepoint: 6875 ns, Total: 71834 ns
[2026-10-07T18:12:13.017+0800][8.525s][info][safepoint   ] Safepoint "ICBufferFull", Time since last: 811838458 ns, Reaching safepoint: 103708 ns, At safepoint: 6417 ns, Total: 110125 ns
[2026-10-07T18:12:13.099+0800][8.607s][info][safepoint   ] Safepoint "ICBufferFull", Time since last: 81979250 ns, Reaching safepoint: 79375 ns, At safepoint: 792 ns, Total: 80167 ns
[2026-10-07T18:12:13.852+0800][9.360s][info][gc,start    ] GC(12) Pause Young (Normal) (G1 Evacuation Pause)
[2026-10-07T18:12:13.852+0800][9.360s][info][gc,task     ] GC(12) Using 2 workers of 9 for evacuation
[2026-10-07T18:12:13.869+0800][9.377s][info][gc,phases   ] GC(12)   Pre Evacuate Collection Set: 0.0ms
[2026-10-07T18:12:13.869+0800][9.377s][info][gc,phases   ] GC(12)   Merge Heap Roots: 0.1ms
[2026-10-07T18:12:13.869+0800][9.377s][info][gc,phases   ] GC(12)   Evacuate Collection Set: 16.1ms
[2026-10-07T18:12:13.869+0800][9.377s][info][gc,phases   ] GC(12)   Post Evacuate Collection Set: 0.2ms
[2026-10-07T18:12:13.869+0800][9.377s][info][gc,phases   ] GC(12)   Other: 0.2ms
[2026-10-07T18:12:13.869+0800][9.377s][info][gc,heap     ] GC(12) Eden regions: 61->0(50)
[2026-10-07T18:12:13.869+0800][9.377s][info][gc,heap     ] GC(12) Survivor regions: 3->6(8)
[2026-10-07T18:12:13.869+0800][9.377s][info][gc,heap     ] GC(12) Old regions: 22->22
[2026-10-07T18:12:13.869+0800][9.377s][info][gc,heap     ] GC(12) Archive regions: 2->2
[2026-10-07T18:12:13.869+0800][9.377s][info][gc,heap     ] GC(12) Humongous regions: 4->4
[2026-10-07T18:12:13.869+0800][9.377s][info][gc,metaspace] GC(12) Metaspace: 40790K(41152K)->40790K(41152K) NonClass: 35240K(35456K)->35240K(35456K) Class: 5550K(5696K)->5550K(5696K)
[2026-10-07T18:12:13.869+0800][9.377s][info][gc          ] GC(12) Pause Young (Normal) (G1 Evacuation Pause) 90M->32M(107M) 16.656ms
[2026-10-07T18:12:13.869+0800][9.377s][info][gc,cpu      ] GC(12) User=0.01s Sys=0.01s Real=0.01s
[2026-10-07T18:12:13.869+0800][9.377s][info][safepoint   ] Safepoint "G1CollectForAllocation", Time since last: 753150833 ns, Reaching safepoint: 60833 ns, At safepoint: 16779959 ns, Total: 16840792 ns
[2026-10-07T18:12:14.108+0800][9.616s][info][safepoint   ] Safepoint "ICBufferFull", Time since last: 238962583 ns, Reaching safepoint: 238833 ns, At safepoint: 9917 ns, Total: 248750 ns
[2026-10-07T18:12:14.159+0800][9.667s][info][safepoint   ] Safepoint "ICBufferFull", Time since last: 51085458 ns, Reaching safepoint: 136250 ns, At safepoint: 3375 ns, Total: 139625 ns
[2026-10-07T18:12:14.720+0800][10.228s][info][gc,start    ] GC(13) Pause Young (Normal) (G1 Evacuation Pause)
[2026-10-07T18:12:14.720+0800][10.228s][info][gc,task     ] GC(13) Using 2 workers of 9 for evacuation
[2026-10-07T18:12:14.737+0800][10.245s][info][gc,phases   ] GC(13)   Pre Evacuate Collection Set: 0.1ms
[2026-10-07T18:12:14.737+0800][10.245s][info][gc,phases   ] GC(13)   Merge Heap Roots: 0.1ms
[2026-10-07T18:12:14.737+0800][10.245s][info][gc,phases   ] GC(13)   Evacuate Collection Set: 16.3ms
[2026-10-07T18:12:14.737+0800][10.245s][info][gc,phases   ] GC(13)   Post Evacuate Collection Set: 0.2ms
[2026-10-07T18:12:14.737+0800][10.245s][info][gc,phases   ] GC(13)   Other: 0.1ms
[2026-10-07T18:12:14.737+0800][10.245s][info][gc,heap     ] GC(13) Eden regions: 50->0(48)
[2026-10-07T18:12:14.737+0800][10.245s][info][gc,heap     ] GC(13) Survivor regions: 6->6(7)
[2026-10-07T18:12:14.737+0800][10.245s][info][gc,heap     ] GC(13) Old regions: 22->25
[2026-10-07T18:12:14.737+0800][10.245s][info][gc,heap     ] GC(13) Archive regions: 2->2
[2026-10-07T18:12:14.737+0800][10.245s][info][gc,heap     ] GC(13) Humongous regions: 4->4
[2026-10-07T18:12:14.737+0800][10.245s][info][gc,metaspace] GC(13) Metaspace: 44525K(44992K)->44525K(44992K) NonClass: 38511K(38720K)->38511K(38720K) Class: 6014K(6272K)->6014K(6272K)
[2026-10-07T18:12:14.737+0800][10.245s][info][gc          ] GC(13) Pause Young (Normal) (G1 Evacuation Pause) 82M->35M(107M) 16.856ms
[2026-10-07T18:12:14.737+0800][10.245s][info][gc,cpu      ] GC(13) User=0.02s Sys=0.01s Real=0.01s
[2026-10-07T18:12:14.737+0800][10.245s][info][safepoint   ] Safepoint "G1CollectForAllocation", Time since last: 560464500 ns, Reaching safepoint: 194834 ns, At safepoint: 16897166 ns, Total: 17092000 ns
[2026-10-07T18:12:15.058+0800][10.567s][info][safepoint   ] Safepoint "ICBufferFull", Time since last: 321404709 ns, Reaching safepoint: 128416 ns, At safepoint: 1417 ns, Total: 129833 ns
[2026-10-07T18:12:15.108+0800][10.617s][info][safepoint   ] Safepoint "ICBufferFull", Time since last: 50229667 ns, Reaching safepoint: 53208 ns, At safepoint: 458 ns, Total: 53666 ns
[2026-10-07T18:12:15.237+0800][10.746s][info][safepoint   ] Safepoint "ICBufferFull", Time since last: 128723000 ns, Reaching safepoint: 142625 ns, At safepoint: 49459 ns, Total: 192084 ns
[2026-10-07T18:12:15.368+0800][10.876s][info][gc,start    ] GC(14) Pause Young (Normal) (G1 Evacuation Pause)
[2026-10-07T18:12:15.368+0800][10.876s][info][gc,task     ] GC(14) Using 2 workers of 9 for evacuation
[2026-10-07T18:12:15.383+0800][10.891s][info][gc,phases   ] GC(14)   Pre Evacuate Collection Set: 0.1ms
[2026-10-07T18:12:15.383+0800][10.891s][info][gc,phases   ] GC(14)   Merge Heap Roots: 0.1ms
[2026-10-07T18:12:15.383+0800][10.891s][info][gc,phases   ] GC(14)   Evacuate Collection Set: 14.5ms
[2026-10-07T18:12:15.383+0800][10.891s][info][gc,phases   ] GC(14)   Post Evacuate Collection Set: 0.2ms
[2026-10-07T18:12:15.383+0800][10.891s][info][gc,phases   ] GC(14)   Other: 0.2ms
[2026-10-07T18:12:15.383+0800][10.891s][info][gc,heap     ] GC(14) Eden regions: 48->0(47)
[2026-10-07T18:12:15.383+0800][10.891s][info][gc,heap     ] GC(14) Survivor regions: 6->6(7)
[2026-10-07T18:12:15.383+0800][10.891s][info][gc,heap     ] GC(14) Old regions: 25->27
[2026-10-07T18:12:15.383+0800][10.891s][info][gc,heap     ] GC(14) Archive regions: 2->2
[2026-10-07T18:12:15.383+0800][10.891s][info][gc,heap     ] GC(14) Humongous regions: 4->4
[2026-10-07T18:12:15.383+0800][10.891s][info][gc,metaspace] GC(14) Metaspace: 48361K(48832K)->48361K(48832K) NonClass: 41878K(42112K)->41878K(42112K) Class: 6483K(6720K)->6483K(6720K)
[2026-10-07T18:12:15.383+0800][10.891s][info][gc          ] GC(14) Pause Young (Normal) (G1 Evacuation Pause) 83M->37M(107M) 15.119ms
[2026-10-07T18:12:15.383+0800][10.891s][info][gc,cpu      ] GC(14) User=0.01s Sys=0.01s Real=0.02s
[2026-10-07T18:12:15.383+0800][10.891s][info][safepoint   ] Safepoint "G1CollectForAllocation", Time since last: 130108375 ns, Reaching safepoint: 160625 ns, At safepoint: 15204958 ns, Total: 15365583 ns
[2026-10-07T18:12:16.123+0800][11.631s][info][safepoint   ] Safepoint "ICBufferFull", Time since last: 740176458 ns, Reaching safepoint: 62959 ns, At safepoint: 583 ns, Total: 63542 ns
[2026-10-07T18:12:16.459+0800][11.967s][info][gc,start    ] GC(15) Pause Young (Normal) (G1 Evacuation Pause)
[2026-10-07T18:12:16.459+0800][11.967s][info][gc,task     ] GC(15) Using 2 workers of 9 for evacuation
[2026-10-07T18:12:16.478+0800][11.987s][info][gc,phases   ] GC(15)   Pre Evacuate Collection Set: 0.0ms
[2026-10-07T18:12:16.478+0800][11.987s][info][gc,phases   ] GC(15)   Merge Heap Roots: 0.0ms
[2026-10-07T18:12:16.479+0800][11.987s][info][gc,phases   ] GC(15)   Evacuate Collection Set: 19.0ms
[2026-10-07T18:12:16.479+0800][11.987s][info][gc,phases   ] GC(15)   Post Evacuate Collection Set: 0.4ms
[2026-10-07T18:12:16.479+0800][11.987s][info][gc,phases   ] GC(15)   Other: 0.1ms
[2026-10-07T18:12:16.479+0800][11.987s][info][gc,heap     ] GC(15) Eden regions: 47->0(47)
[2026-10-07T18:12:16.479+0800][11.987s][info][gc,heap     ] GC(15) Survivor regions: 6->4(7)
[2026-10-07T18:12:16.479+0800][11.987s][info][gc,heap     ] GC(15) Old regions: 27->30
[2026-10-07T18:12:16.479+0800][11.987s][info][gc,heap     ] GC(15) Archive regions: 2->2
[2026-10-07T18:12:16.479+0800][11.987s][info][gc,heap     ] GC(15) Humongous regions: 4->4
[2026-10-07T18:12:16.479+0800][11.987s][info][gc,metaspace] GC(15) Metaspace: 54658K(55104K)->54658K(55104K) NonClass: 47384K(47616K)->47384K(47616K) Class: 7274K(7488K)->7274K(7488K)
[2026-10-07T18:12:16.479+0800][11.987s][info][gc          ] GC(15) Pause Young (Normal) (G1 Evacuation Pause) 84M->38M(107M) 19.692ms
[2026-10-07T18:12:16.479+0800][11.987s][info][gc,cpu      ] GC(15) User=0.03s Sys=0.02s Real=0.02s
[2026-10-07T18:12:16.479+0800][11.987s][info][safepoint   ] Safepoint "G1CollectForAllocation", Time since last: 335690250 ns, Reaching safepoint: 95083 ns, At safepoint: 19725459 ns, Total: 19820542 ns
[2026-10-07T18:12:16.670+0800][12.179s][info][safepoint   ] Safepoint "ICBufferFull", Time since last: 191507000 ns, Reaching safepoint: 46166 ns, At safepoint: 7500 ns, Total: 53666 ns
[2026-10-07T18:12:16.702+0800][12.210s][info][safepoint   ] Safepoint "ICBufferFull", Time since last: 31428250 ns, Reaching safepoint: 41167 ns, At safepoint: 3542 ns, Total: 44709 ns
[2026-10-07T18:12:16.800+0800][12.309s][info][safepoint   ] Safepoint "ICBufferFull", Time since last: 98637333 ns, Reaching safepoint: 157042 ns, At safepoint: 1708 ns, Total: 158750 ns
[2026-10-07T18:12:16.838+0800][12.346s][info][safepoint   ] Safepoint "ICBufferFull", Time since last: 37438750 ns, Reaching safepoint: 232542 ns, At safepoint: 5291 ns, Total: 237833 ns
[2026-10-07T18:12:16.864+0800][12.372s][info][gc,start    ] GC(16) Pause Young (Normal) (G1 Evacuation Pause)
[2026-10-07T18:12:16.864+0800][12.372s][info][gc,task     ] GC(16) Using 2 workers of 9 for evacuation
[2026-10-07T18:12:16.869+0800][12.378s][info][gc,phases   ] GC(16)   Pre Evacuate Collection Set: 0.0ms
[2026-10-07T18:12:16.869+0800][12.378s][info][gc,phases   ] GC(16)   Merge Heap Roots: 0.0ms
[2026-10-07T18:12:16.869+0800][12.378s][info][gc,phases   ] GC(16)   Evacuate Collection Set: 5.4ms
[2026-10-07T18:12:16.869+0800][12.378s][info][gc,phases   ] GC(16)   Post Evacuate Collection Set: 0.2ms
[2026-10-07T18:12:16.869+0800][12.378s][info][gc,phases   ] GC(16)   Other: 0.1ms
[2026-10-07T18:12:16.869+0800][12.378s][info][gc,heap     ] GC(16) Eden regions: 47->0(46)
[2026-10-07T18:12:16.869+0800][12.378s][info][gc,heap     ] GC(16) Survivor regions: 4->4(7)
[2026-10-07T18:12:16.869+0800][12.378s][info][gc,heap     ] GC(16) Old regions: 30->32
[2026-10-07T18:12:16.869+0800][12.378s][info][gc,heap     ] GC(16) Archive regions: 2->2
[2026-10-07T18:12:16.869+0800][12.378s][info][gc,heap     ] GC(16) Humongous regions: 4->4
[2026-10-07T18:12:16.869+0800][12.378s][info][gc,metaspace] GC(16) Metaspace: 58219K(58816K)->58219K(58816K) NonClass: 50606K(50880K)->50606K(50880K) Class: 7612K(7936K)->7612K(7936K)
[2026-10-07T18:12:16.869+0800][12.378s][info][gc          ] GC(16) Pause Young (Normal) (G1 Evacuation Pause) 85M->40M(107M) 5.739ms
[2026-10-07T18:12:16.869+0800][12.378s][info][gc,cpu      ] GC(16) User=0.01s Sys=0.00s Real=0.00s
[2026-10-07T18:12:16.869+0800][12.378s][info][safepoint   ] Safepoint "G1CollectForAllocation", Time since last: 25585584 ns, Reaching safepoint: 40416 ns, At safepoint: 5770875 ns, Total: 5811291 ns
[2026-10-07T18:12:16.902+0800][12.410s][info][safepoint   ] Safepoint "ICBufferFull", Time since last: 32031750 ns, Reaching safepoint: 66667 ns, At safepoint: 417 ns, Total: 67084 ns
[2026-10-07T18:12:17.034+0800][12.542s][info][gc,start    ] GC(17) Pause Young (Concurrent Start) (Metadata GC Threshold)
[2026-10-07T18:12:17.034+0800][12.542s][info][gc,task     ] GC(17) Using 2 workers of 9 for evacuation
[2026-10-07T18:12:17.038+0800][12.546s][info][gc,phases   ] GC(17)   Pre Evacuate Collection Set: 0.1ms
[2026-10-07T18:12:17.038+0800][12.546s][info][gc,phases   ] GC(17)   Merge Heap Roots: 0.0ms
[2026-10-07T18:12:17.038+0800][12.546s][info][gc,phases   ] GC(17)   Evacuate Collection Set: 3.9ms
[2026-10-07T18:12:17.038+0800][12.546s][info][gc,phases   ] GC(17)   Post Evacuate Collection Set: 0.2ms
[2026-10-07T18:12:17.038+0800][12.546s][info][gc,phases   ] GC(17)   Other: 0.1ms
[2026-10-07T18:12:17.038+0800][12.546s][info][gc,heap     ] GC(17) Eden regions: 19->0(46)
[2026-10-07T18:12:17.038+0800][12.546s][info][gc,heap     ] GC(17) Survivor regions: 4->5(7)
[2026-10-07T18:12:17.038+0800][12.546s][info][gc,heap     ] GC(17) Old regions: 32->32
[2026-10-07T18:12:17.038+0800][12.546s][info][gc,heap     ] GC(17) Archive regions: 2->2
[2026-10-07T18:12:17.038+0800][12.546s][info][gc,heap     ] GC(17) Humongous regions: 4->4
[2026-10-07T18:12:17.038+0800][12.546s][info][gc,metaspace] GC(17) Metaspace: 59701K(60288K)->59701K(60288K) NonClass: 51904K(52160K)->51904K(52160K) Class: 7797K(8128K)->7797K(8128K)
[2026-10-07T18:12:17.038+0800][12.546s][info][gc          ] GC(17) Pause Young (Concurrent Start) (Metadata GC Threshold) 59M->41M(107M) 4.370ms
[2026-10-07T18:12:17.038+0800][12.546s][info][gc,cpu      ] GC(17) User=0.01s Sys=0.00s Real=0.00s
[2026-10-07T18:12:17.038+0800][12.546s][info][safepoint   ] Safepoint "CollectForMetadataAllocation", Time since last: 131878083 ns, Reaching safepoint: 44542 ns, At safepoint: 4433375 ns, Total: 4477917 ns
[2026-10-07T18:12:17.038+0800][12.546s][info][gc          ] GC(18) Concurrent Mark Cycle
[2026-10-07T18:12:17.038+0800][12.546s][info][gc,marking  ] GC(18) Concurrent Clear Claimed Marks
[2026-10-07T18:12:17.038+0800][12.546s][info][gc,marking  ] GC(18) Concurrent Clear Claimed Marks 0.021ms
[2026-10-07T18:12:17.038+0800][12.546s][info][gc,marking  ] GC(18) Concurrent Scan Root Regions
[2026-10-07T18:12:17.039+0800][12.548s][info][gc,marking  ] GC(18) Concurrent Scan Root Regions 1.135ms
[2026-10-07T18:12:17.039+0800][12.548s][info][gc,marking  ] GC(18) Concurrent Mark
[2026-10-07T18:12:17.039+0800][12.548s][info][gc,marking  ] GC(18) Concurrent Mark From Roots
[2026-10-07T18:12:17.039+0800][12.548s][info][gc,task     ] GC(18) Using 2 workers of 2 for marking
[2026-10-07T18:12:17.051+0800][12.559s][info][gc,marking  ] GC(18) Concurrent Mark From Roots 11.559ms
[2026-10-07T18:12:17.051+0800][12.559s][info][gc,marking  ] GC(18) Concurrent Preclean
[2026-10-07T18:12:17.051+0800][12.559s][info][gc,marking  ] GC(18) Concurrent Preclean 0.177ms
[2026-10-07T18:12:17.051+0800][12.559s][info][gc,start    ] GC(18) Pause Remark
[2026-10-07T18:12:17.055+0800][12.563s][info][gc          ] GC(18) Pause Remark 42M->42M(107M) 3.410ms
[2026-10-07T18:12:17.055+0800][12.563s][info][gc,cpu      ] GC(18) User=0.01s Sys=0.00s Real=0.00s
[2026-10-07T18:12:17.055+0800][12.563s][info][safepoint   ] Safepoint "G1Concurrent", Time since last: 13023083 ns, Reaching safepoint: 117458 ns, At safepoint: 3468542 ns, Total: 3586000 ns
[2026-10-07T18:12:17.055+0800][12.563s][info][gc,marking  ] GC(18) Concurrent Mark 15.411ms
[2026-10-07T18:12:17.055+0800][12.563s][info][gc,marking  ] GC(18) Concurrent Rebuild Remembered Sets
[2026-10-07T18:12:17.061+0800][12.570s][info][gc,marking  ] GC(18) Concurrent Rebuild Remembered Sets 6.893ms
[2026-10-07T18:12:17.062+0800][12.570s][info][gc,start    ] GC(18) Pause Cleanup
[2026-10-07T18:12:17.062+0800][12.570s][info][gc          ] GC(18) Pause Cleanup 42M->42M(107M) 0.129ms
[2026-10-07T18:12:17.062+0800][12.570s][info][gc,cpu      ] GC(18) User=0.00s Sys=0.00s Real=0.00s
[2026-10-07T18:12:17.062+0800][12.570s][info][safepoint   ] Safepoint "G1Concurrent", Time since last: 6978458 ns, Reaching safepoint: 43792 ns, At safepoint: 233917 ns, Total: 277709 ns
[2026-10-07T18:12:17.062+0800][12.570s][info][gc,marking  ] GC(18) Concurrent Cleanup for Next Mark
[2026-10-07T18:12:17.062+0800][12.571s][info][gc,marking  ] GC(18) Concurrent Cleanup for Next Mark 0.435ms
[2026-10-07T18:12:17.062+0800][12.571s][info][gc          ] GC(18) Concurrent Mark Cycle 24.380ms
[2026-10-07T18:12:17.442+0800][12.951s][info][gc,start    ] GC(19) Pause Young (Normal) (G1 Evacuation Pause)
[2026-10-07T18:12:17.442+0800][12.951s][info][gc,task     ] GC(19) Using 2 workers of 9 for evacuation
[2026-10-07T18:12:17.450+0800][12.958s][info][gc,phases   ] GC(19)   Pre Evacuate Collection Set: 0.0ms
[2026-10-07T18:12:17.450+0800][12.958s][info][gc,phases   ] GC(19)   Merge Heap Roots: 0.1ms
[2026-10-07T18:12:17.450+0800][12.958s][info][gc,phases   ] GC(19)   Evacuate Collection Set: 7.2ms
[2026-10-07T18:12:17.450+0800][12.958s][info][gc,phases   ] GC(19)   Post Evacuate Collection Set: 0.3ms
[2026-10-07T18:12:17.450+0800][12.958s][info][gc,phases   ] GC(19)   Other: 0.1ms
[2026-10-07T18:12:17.450+0800][12.958s][info][gc,heap     ] GC(19) Eden regions: 46->0(46)
[2026-10-07T18:12:17.450+0800][12.958s][info][gc,heap     ] GC(19) Survivor regions: 5->4(7)
[2026-10-07T18:12:17.450+0800][12.958s][info][gc,heap     ] GC(19) Old regions: 32->34
[2026-10-07T18:12:17.450+0800][12.958s][info][gc,heap     ] GC(19) Archive regions: 2->2
[2026-10-07T18:12:17.450+0800][12.958s][info][gc,heap     ] GC(19) Humongous regions: 4->4
[2026-10-07T18:12:17.450+0800][12.958s][info][gc,metaspace] GC(19) Metaspace: 66979K(67648K)->66979K(67648K) NonClass: 57968K(58304K)->57968K(58304K) Class: 9011K(9344K)->9011K(9344K)
[2026-10-07T18:12:17.450+0800][12.958s][info][gc          ] GC(19) Pause Young (Normal) (G1 Evacuation Pause) 87M->42M(107M) 7.797ms
[2026-10-07T18:12:17.450+0800][12.958s][info][gc,cpu      ] GC(19) User=0.02s Sys=0.00s Real=0.01s
[2026-10-07T18:12:17.450+0800][12.958s][info][safepoint   ] Safepoint "G1CollectForAllocation", Time since last: 380238916 ns, Reaching safepoint: 55792 ns, At safepoint: 7835750 ns, Total: 7891542 ns
[2026-10-07T18:12:17.570+0800][13.078s][info][safepoint   ] Safepoint "ICBufferFull", Time since last: 119806000 ns, Reaching safepoint: 91542 ns, At safepoint: 5750 ns, Total: 97292 ns
[2026-10-07T18:12:17.693+0800][13.202s][info][safepoint   ] Safepoint "ICBufferFull", Time since last: 123320375 ns, Reaching safepoint: 184500 ns, At safepoint: 22541 ns, Total: 207041 ns
[2026-10-07T18:12:17.895+0800][13.403s][info][gc,start    ] GC(20) Pause Young (Normal) (G1 Evacuation Pause)
[2026-10-07T18:12:17.921+0800][13.430s][info][gc,task     ] GC(20) Using 2 workers of 9 for evacuation
[2026-10-07T18:12:18.157+0800][13.665s][info][gc,mmu      ] GC(20) MMU target violated: 201.0ms (200.0ms/201.0ms)
[2026-10-07T18:12:18.157+0800][13.666s][info][gc,phases   ] GC(20)   Pre Evacuate Collection Set: 4.1ms
[2026-10-07T18:12:18.157+0800][13.666s][info][gc,phases   ] GC(20)   Merge Heap Roots: 3.8ms
[2026-10-07T18:12:18.157+0800][13.666s][info][gc,phases   ] GC(20)   Evacuate Collection Set: 203.3ms
[2026-10-07T18:12:18.157+0800][13.666s][info][gc,phases   ] GC(20)   Post Evacuate Collection Set: 2.8ms
[2026-10-07T18:12:18.157+0800][13.666s][info][gc,phases   ] GC(20)   Other: 48.2ms
[2026-10-07T18:12:18.157+0800][13.666s][info][gc,heap     ] GC(20) Eden regions: 46->0(44)
[2026-10-07T18:12:18.157+0800][13.666s][info][gc,heap     ] GC(20) Survivor regions: 4->6(7)
[2026-10-07T18:12:18.157+0800][13.666s][info][gc,heap     ] GC(20) Old regions: 34->34
[2026-10-07T18:12:18.157+0800][13.666s][info][gc,heap     ] GC(20) Archive regions: 2->2
[2026-10-07T18:12:18.157+0800][13.666s][info][gc,heap     ] GC(20) Humongous regions: 4->4
[2026-10-07T18:12:18.157+0800][13.666s][info][gc,metaspace] GC(20) Metaspace: 74710K(75328K)->74710K(75328K) NonClass: 64630K(64960K)->64630K(64960K) Class: 10079K(10368K)->10079K(10368K)
[2026-10-07T18:12:18.157+0800][13.666s][info][gc          ] GC(20) Pause Young (Normal) (G1 Evacuation Pause) 88M->44M(107M) 262.242ms
[2026-10-07T18:12:18.157+0800][13.666s][info][gc,cpu      ] GC(20) User=0.01s Sys=0.04s Real=0.26s
[2026-10-07T18:12:18.157+0800][13.666s][info][safepoint   ] Safepoint "G1CollectForAllocation", Time since last: 201476834 ns, Reaching safepoint: 214541 ns, At safepoint: 262410834 ns, Total: 262625375 ns
[2026-10-07T18:12:18.370+0800][13.879s][info][safepoint   ] Safepoint "ICBufferFull", Time since last: 212871000 ns, Reaching safepoint: 49458 ns, At safepoint: 13917 ns, Total: 63375 ns
[2026-10-07T18:12:18.529+0800][14.038s][info][safepoint   ] Safepoint "ICBufferFull", Time since last: 158850458 ns, Reaching safepoint: 147833 ns, At safepoint: 20000 ns, Total: 167833 ns
[2026-10-07T18:12:18.549+0800][14.058s][info][safepoint   ] Safepoint "ICBufferFull", Time since last: 19753209 ns, Reaching safepoint: 148541 ns, At safepoint: 6959 ns, Total: 155500 ns
[2026-10-07T18:12:18.569+0800][14.077s][info][safepoint   ] Safepoint "ICBufferFull", Time since last: 19629416 ns, Reaching safepoint: 135792 ns, At safepoint: 3750 ns, Total: 139542 ns
[2026-10-07T18:12:18.583+0800][14.091s][info][safepoint   ] Safepoint "ICBufferFull", Time since last: 13650417 ns, Reaching safepoint: 46208 ns, At safepoint: 3542 ns, Total: 49750 ns
[2026-10-07T18:12:18.595+0800][14.103s][info][safepoint   ] Safepoint "ICBufferFull", Time since last: 11703000 ns, Reaching safepoint: 41125 ns, At safepoint: 17291 ns, Total: 58416 ns
[2026-10-07T18:12:18.612+0800][14.120s][info][safepoint   ] Safepoint "ICBufferFull", Time since last: 17059292 ns, Reaching safepoint: 70292 ns, At safepoint: 5750 ns, Total: 76042 ns
[2026-10-07T18:12:18.617+0800][14.125s][info][gc,start    ] GC(21) Pause Young (Normal) (G1 Evacuation Pause)
[2026-10-07T18:12:18.617+0800][14.125s][info][gc,task     ] GC(21) Using 2 workers of 9 for evacuation
[2026-10-07T18:12:18.623+0800][14.131s][info][gc,phases   ] GC(21)   Pre Evacuate Collection Set: 0.0ms
[2026-10-07T18:12:18.623+0800][14.131s][info][gc,phases   ] GC(21)   Merge Heap Roots: 0.0ms
[2026-10-07T18:12:18.623+0800][14.131s][info][gc,phases   ] GC(21)   Evacuate Collection Set: 5.6ms
[2026-10-07T18:12:18.623+0800][14.131s][info][gc,phases   ] GC(21)   Post Evacuate Collection Set: 0.6ms
[2026-10-07T18:12:18.623+0800][14.131s][info][gc,phases   ] GC(21)   Other: 0.1ms
[2026-10-07T18:12:18.623+0800][14.131s][info][gc,heap     ] GC(21) Eden regions: 44->0(44)
[2026-10-07T18:12:18.623+0800][14.131s][info][gc,heap     ] GC(21) Survivor regions: 6->5(7)
[2026-10-07T18:12:18.623+0800][14.131s][info][gc,heap     ] GC(21) Old regions: 34->36
[2026-10-07T18:12:18.623+0800][14.131s][info][gc,heap     ] GC(21) Archive regions: 2->2
[2026-10-07T18:12:18.623+0800][14.132s][info][gc,heap     ] GC(21) Humongous regions: 4->4
[2026-10-07T18:12:18.623+0800][14.132s][info][gc,metaspace] GC(21) Metaspace: 77881K(78592K)->77881K(78592K) NonClass: 67276K(67648K)->67276K(67648K) Class: 10604K(10944K)->10604K(10944K)
[2026-10-07T18:12:18.623+0800][14.132s][info][gc          ] GC(21) Pause Young (Normal) (G1 Evacuation Pause) 88M->45M(107M) 6.362ms
[2026-10-07T18:12:18.623+0800][14.132s][info][gc,cpu      ] GC(21) User=0.01s Sys=0.01s Real=0.01s
[2026-10-07T18:12:18.623+0800][14.132s][info][safepoint   ] Safepoint "G1CollectForAllocation", Time since last: 5029125 ns, Reaching safepoint: 16000 ns, At safepoint: 6398500 ns, Total: 6414500 ns
[2026-10-07T18:12:18.660+0800][14.168s][info][safepoint   ] Safepoint "ICBufferFull", Time since last: 36402250 ns, Reaching safepoint: 167041 ns, At safepoint: 7084 ns, Total: 174125 ns
[2026-10-07T18:12:18.666+0800][14.175s][info][safepoint   ] Safepoint "ICBufferFull", Time since last: 6090916 ns, Reaching safepoint: 242917 ns, At safepoint: 79708 ns, Total: 322625 ns
[2026-10-07T18:12:18.671+0800][14.179s][info][safepoint   ] Safepoint "ICBufferFull", Time since last: 4585875 ns, Reaching safepoint: 207875 ns, At safepoint: 22459 ns, Total: 230334 ns
[2026-10-07T18:12:18.743+0800][14.251s][info][safepoint   ] Safepoint "ICBufferFull", Time since last: 71604791 ns, Reaching safepoint: 243334 ns, At safepoint: 51958 ns, Total: 295292 ns
[2026-10-07T18:12:18.774+0800][14.283s][info][safepoint   ] Safepoint "ICBufferFull", Time since last: 31371833 ns, Reaching safepoint: 78917 ns, At safepoint: 1250 ns, Total: 80167 ns
[2026-10-07T18:12:18.875+0800][14.383s][info][safepoint   ] Safepoint "ICBufferFull", Time since last: 100708292 ns, Reaching safepoint: 46333 ns, At safepoint: 3875 ns, Total: 50208 ns
[2026-10-07T18:12:18.946+0800][14.454s][info][gc,start    ] GC(22) Pause Young (Normal) (G1 Evacuation Pause)
[2026-10-07T18:12:18.946+0800][14.454s][info][gc,task     ] GC(22) Using 2 workers of 9 for evacuation
[2026-10-07T18:12:18.957+0800][14.465s][info][gc,phases   ] GC(22)   Pre Evacuate Collection Set: 0.0ms
[2026-10-07T18:12:18.957+0800][14.465s][info][gc,phases   ] GC(22)   Merge Heap Roots: 0.0ms
[2026-10-07T18:12:18.957+0800][14.465s][info][gc,phases   ] GC(22)   Evacuate Collection Set: 10.7ms
[2026-10-07T18:12:18.957+0800][14.465s][info][gc,phases   ] GC(22)   Post Evacuate Collection Set: 0.2ms
[2026-10-07T18:12:18.957+0800][14.465s][info][gc,phases   ] GC(22)   Other: 0.1ms
[2026-10-07T18:12:18.957+0800][14.465s][info][gc,heap     ] GC(22) Eden regions: 44->0(41)
[2026-10-07T18:12:18.957+0800][14.465s][info][gc,heap     ] GC(22) Survivor regions: 5->5(7)
[2026-10-07T18:12:18.957+0800][14.465s][info][gc,heap     ] GC(22) Old regions: 36->38
[2026-10-07T18:12:18.957+0800][14.465s][info][gc,heap     ] GC(22) Archive regions: 2->2
[2026-10-07T18:12:18.957+0800][14.465s][info][gc,heap     ] GC(22) Humongous regions: 4->4
[2026-10-07T18:12:18.957+0800][14.465s][info][gc,metaspace] GC(22) Metaspace: 81375K(82048K)->81375K(82048K) NonClass: 70250K(70592K)->70250K(70592K) Class: 11124K(11456K)->11124K(11456K)
[2026-10-07T18:12:18.957+0800][14.465s][info][gc          ] GC(22) Pause Young (Normal) (G1 Evacuation Pause) 89M->47M(107M) 11.080ms
[2026-10-07T18:12:18.957+0800][14.465s][info][gc,cpu      ] GC(22) User=0.01s Sys=0.01s Real=0.01s
[2026-10-07T18:12:18.957+0800][14.465s][info][safepoint   ] Safepoint "G1CollectForAllocation", Time since last: 70583792 ns, Reaching safepoint: 44291 ns, At safepoint: 11112625 ns, Total: 11156916 ns
[2026-10-07T18:12:19.084+0800][14.592s][info][safepoint   ] Safepoint "ICBufferFull", Time since last: 126870417 ns, Reaching safepoint: 153625 ns, At safepoint: 3667 ns, Total: 157292 ns
[2026-10-07T18:12:19.232+0800][14.740s][info][gc,start    ] GC(23) Pause Young (Normal) (G1 Evacuation Pause)
[2026-10-07T18:12:19.232+0800][14.740s][info][gc,task     ] GC(23) Using 2 workers of 9 for evacuation
[2026-10-07T18:12:19.245+0800][14.753s][info][gc,phases   ] GC(23)   Pre Evacuate Collection Set: 0.1ms
[2026-10-07T18:12:19.245+0800][14.753s][info][gc,phases   ] GC(23)   Merge Heap Roots: 0.1ms
[2026-10-07T18:12:19.245+0800][14.753s][info][gc,phases   ] GC(23)   Evacuate Collection Set: 12.2ms
[2026-10-07T18:12:19.245+0800][14.753s][info][gc,phases   ] GC(23)   Post Evacuate Collection Set: 0.6ms
[2026-10-07T18:12:19.245+0800][14.753s][info][gc,phases   ] GC(23)   Other: 0.2ms
[2026-10-07T18:12:19.245+0800][14.753s][info][gc,heap     ] GC(23) Eden regions: 41->0(38)
[2026-10-07T18:12:19.245+0800][14.753s][info][gc,heap     ] GC(23) Survivor regions: 5->6(6)
[2026-10-07T18:12:19.245+0800][14.753s][info][gc,heap     ] GC(23) Old regions: 38->40
[2026-10-07T18:12:19.245+0800][14.753s][info][gc,heap     ] GC(23) Archive regions: 2->2
[2026-10-07T18:12:19.245+0800][14.753s][info][gc,heap     ] GC(23) Humongous regions: 4->4
[2026-10-07T18:12:19.245+0800][14.753s][info][gc,metaspace] GC(23) Metaspace: 83592K(84288K)->83592K(84288K) NonClass: 72236K(72640K)->72236K(72640K) Class: 11355K(11648K)->11355K(11648K)
[2026-10-07T18:12:19.245+0800][14.753s][info][gc          ] GC(23) Pause Young (Normal) (G1 Evacuation Pause) 88M->49M(107M) 13.375ms
[2026-10-07T18:12:19.245+0800][14.753s][info][gc,cpu      ] GC(23) User=0.02s Sys=0.00s Real=0.01s
[2026-10-07T18:12:19.245+0800][14.753s][info][safepoint   ] Safepoint "G1CollectForAllocation", Time since last: 147659250 ns, Reaching safepoint: 70541 ns, At safepoint: 13499000 ns, Total: 13569541 ns
[2026-10-07T18:12:20.068+0800][15.576s][info][safepoint   ] Safepoint "ICBufferFull", Time since last: 822515250 ns, Reaching safepoint: 234750 ns, At safepoint: 65084 ns, Total: 299834 ns
[2026-10-07T18:12:21.082+0800][16.591s][info][safepoint   ] Safepoint "Cleanup", Time since last: 1014234291 ns, Reaching safepoint: 301709 ns, At safepoint: 33708 ns, Total: 335417 ns
[2026-10-07T18:12:21.094+0800][16.603s][info][gc,start    ] GC(24) Pause Young (Normal) (G1 Evacuation Pause)
[2026-10-07T18:12:21.094+0800][16.603s][info][gc,task     ] GC(24) Using 2 workers of 9 for evacuation
[2026-10-07T18:12:21.134+0800][16.643s][info][gc,phases   ] GC(24)   Pre Evacuate Collection Set: 0.0ms
[2026-10-07T18:12:21.134+0800][16.643s][info][gc,phases   ] GC(24)   Merge Heap Roots: 0.1ms
[2026-10-07T18:12:21.134+0800][16.643s][info][gc,phases   ] GC(24)   Evacuate Collection Set: 39.2ms
[2026-10-07T18:12:21.134+0800][16.643s][info][gc,phases   ] GC(24)   Post Evacuate Collection Set: 0.3ms
[2026-10-07T18:12:21.134+0800][16.643s][info][gc,phases   ] GC(24)   Other: 0.1ms
[2026-10-07T18:12:21.134+0800][16.643s][info][gc,heap     ] GC(24) Eden regions: 38->0(122)
[2026-10-07T18:12:21.134+0800][16.643s][info][gc,heap     ] GC(24) Survivor regions: 6->5(6)
[2026-10-07T18:12:21.134+0800][16.643s][info][gc,heap     ] GC(24) Old regions: 40->43
[2026-10-07T18:12:21.134+0800][16.643s][info][gc,heap     ] GC(24) Archive regions: 2->2
[2026-10-07T18:12:21.134+0800][16.643s][info][gc,heap     ] GC(24) Humongous regions: 4->4
[2026-10-07T18:12:21.134+0800][16.643s][info][gc,metaspace] GC(24) Metaspace: 87292K(88064K)->87292K(88064K) NonClass: 75218K(75648K)->75218K(75648K) Class: 12074K(12416K)->12074K(12416K)
[2026-10-07T18:12:21.134+0800][16.643s][info][gc          ] GC(24) Pause Young (Normal) (G1 Evacuation Pause) 87M->52M(214M) 39.811ms
[2026-10-07T18:12:21.134+0800][16.643s][info][gc,cpu      ] GC(24) User=0.02s Sys=0.03s Real=0.04s
[2026-10-07T18:12:21.134+0800][16.643s][info][safepoint   ] Safepoint "G1CollectForAllocation", Time since last: 12062333 ns, Reaching safepoint: 23834 ns, At safepoint: 39879250 ns, Total: 39903084 ns
[2026-10-07T18:12:21.170+0800][16.678s][info][safepoint   ] Safepoint "ICBufferFull", Time since last: 35634250 ns, Reaching safepoint: 55333 ns, At safepoint: 625 ns, Total: 55958 ns
[2026-10-07T18:12:21.390+0800][16.898s][info][safepoint   ] Safepoint "ICBufferFull", Time since last: 219466958 ns, Reaching safepoint: 47875 ns, At safepoint: 709 ns, Total: 48584 ns
[2026-10-07T18:12:21.708+0800][17.217s][info][safepoint   ] Safepoint "ICBufferFull", Time since last: 318779625 ns, Reaching safepoint: 59708 ns, At safepoint: 19125 ns, Total: 78833 ns
[2026-10-07T18:12:21.856+0800][17.364s][info][gc,start    ] GC(25) Pause Young (Normal) (G1 Evacuation Pause)
[2026-10-07T18:12:21.856+0800][17.364s][info][gc,task     ] GC(25) Using 5 workers of 9 for evacuation
[2026-10-07T18:12:21.875+0800][17.383s][info][gc,phases   ] GC(25)   Pre Evacuate Collection Set: 0.1ms
[2026-10-07T18:12:21.875+0800][17.384s][info][gc,phases   ] GC(25)   Merge Heap Roots: 0.1ms
[2026-10-07T18:12:21.875+0800][17.384s][info][gc,phases   ] GC(25)   Evacuate Collection Set: 18.1ms
[2026-10-07T18:12:21.875+0800][17.384s][info][gc,phases   ] GC(25)   Post Evacuate Collection Set: 0.9ms
[2026-10-07T18:12:21.875+0800][17.384s][info][gc,phases   ] GC(25)   Other: 0.1ms
[2026-10-07T18:12:21.875+0800][17.384s][info][gc,heap     ] GC(25) Eden regions: 122->0(119)
[2026-10-07T18:12:21.875+0800][17.384s][info][gc,heap     ] GC(25) Survivor regions: 5->8(16)
[2026-10-07T18:12:21.875+0800][17.384s][info][gc,heap     ] GC(25) Old regions: 43->43
[2026-10-07T18:12:21.875+0800][17.384s][info][gc,heap     ] GC(25) Archive regions: 2->2
[2026-10-07T18:12:21.875+0800][17.384s][info][gc,heap     ] GC(25) Humongous regions: 4->4
[2026-10-07T18:12:21.875+0800][17.384s][info][gc,metaspace] GC(25) Metaspace: 91034K(91776K)->91034K(91776K) NonClass: 78363K(78720K)->78363K(78720K) Class: 12671K(13056K)->12671K(13056K)
[2026-10-07T18:12:21.875+0800][17.384s][info][gc          ] GC(25) Pause Young (Normal) (G1 Evacuation Pause) 174M->55M(214M) 19.399ms
[2026-10-07T18:12:21.875+0800][17.384s][info][gc,cpu      ] GC(25) User=0.01s Sys=0.02s Real=0.02s
[2026-10-07T18:12:21.875+0800][17.384s][info][safepoint   ] Safepoint "G1CollectForAllocation", Time since last: 147225250 ns, Reaching safepoint: 106417 ns, At safepoint: 19467416 ns, Total: 19573833 ns
[2026-10-07T18:12:22.128+0800][17.637s][info][safepoint   ] Safepoint "ICBufferFull", Time since last: 252835167 ns, Reaching safepoint: 67667 ns, At safepoint: 2208 ns, Total: 69875 ns
[2026-10-07T18:12:23.262+0800][18.771s][info][safepoint   ] Safepoint "ICBufferFull", Time since last: 1134065167 ns, Reaching safepoint: 111625 ns, At safepoint: 708 ns, Total: 112333 ns
[2026-10-07T18:12:23.858+0800][19.367s][info][safepoint   ] Safepoint "ICBufferFull", Time since last: 595965333 ns, Reaching safepoint: 63500 ns, At safepoint: 2959 ns, Total: 66459 ns
[2026-10-07T18:12:24.230+0800][19.738s][info][safepoint   ] Safepoint "ICBufferFull", Time since last: 371379041 ns, Reaching safepoint: 185250 ns, At safepoint: 1417 ns, Total: 186667 ns
[2026-10-07T18:12:25.364+0800][20.872s][info][gc,start    ] GC(26) Pause Young (Normal) (G1 Evacuation Pause)
[2026-10-07T18:12:25.364+0800][20.872s][info][gc,task     ] GC(26) Using 5 workers of 9 for evacuation
[2026-10-07T18:12:25.739+0800][21.248s][info][gc,mmu      ] GC(26) MMU target violated: 201.0ms (200.0ms/201.0ms)
[2026-10-07T18:12:25.739+0800][21.248s][info][gc,phases   ] GC(26)   Pre Evacuate Collection Set: 0.3ms
[2026-10-07T18:12:25.739+0800][21.248s][info][gc,phases   ] GC(26)   Merge Heap Roots: 0.3ms
[2026-10-07T18:12:25.739+0800][21.248s][info][gc,phases   ] GC(26)   Evacuate Collection Set: 373.1ms
[2026-10-07T18:12:25.739+0800][21.248s][info][gc,phases   ] GC(26)   Post Evacuate Collection Set: 1.6ms
[2026-10-07T18:12:25.739+0800][21.248s][info][gc,phases   ] GC(26)   Other: 0.6ms
[2026-10-07T18:12:25.739+0800][21.248s][info][gc,heap     ] GC(26) Eden regions: 119->0(110)
[2026-10-07T18:12:25.739+0800][21.248s][info][gc,heap     ] GC(26) Survivor regions: 8->13(16)
[2026-10-07T18:12:25.740+0800][21.248s][info][gc,heap     ] GC(26) Old regions: 43->43
[2026-10-07T18:12:25.740+0800][21.248s][info][gc,heap     ] GC(26) Archive regions: 2->2
[2026-10-07T18:12:25.740+0800][21.248s][info][gc,heap     ] GC(26) Humongous regions: 5->5
[2026-10-07T18:12:25.740+0800][21.248s][info][gc,metaspace] GC(26) Metaspace: 99782K(100480K)->99782K(100480K) NonClass: 86162K(86528K)->86162K(86528K) Class: 13620K(13952K)->13620K(13952K)
[2026-10-07T18:12:25.740+0800][21.248s][info][gc          ] GC(26) Pause Young (Normal) (G1 Evacuation Pause) 175M->61M(214M) 376.039ms
[2026-10-07T18:12:25.740+0800][21.248s][info][gc,cpu      ] GC(26) User=0.03s Sys=0.07s Real=0.38s
[2026-10-07T18:12:25.740+0800][21.248s][info][safepoint   ] Safepoint "G1CollectForAllocation", Time since last: 1132349792 ns, Reaching safepoint: 1445208 ns, At safepoint: 376327958 ns, Total: 377773166 ns
[2026-10-07T18:12:26.648+0800][22.157s][info][gc,start    ] GC(27) Pause Young (Concurrent Start) (Metadata GC Threshold)
[2026-10-07T18:12:26.648+0800][22.157s][info][gc,task     ] GC(27) Using 5 workers of 9 for evacuation
[2026-10-07T18:12:26.853+0800][22.362s][info][gc,mmu      ] GC(27) MMU target violated: 201.0ms (200.0ms/201.0ms)
[2026-10-07T18:12:26.853+0800][22.362s][info][gc,phases   ] GC(27)   Pre Evacuate Collection Set: 0.3ms
[2026-10-07T18:12:26.853+0800][22.362s][info][gc,phases   ] GC(27)   Merge Heap Roots: 0.1ms
[2026-10-07T18:12:26.853+0800][22.362s][info][gc,phases   ] GC(27)   Evacuate Collection Set: 201.8ms
[2026-10-07T18:12:26.853+0800][22.362s][info][gc,phases   ] GC(27)   Post Evacuate Collection Set: 2.6ms
[2026-10-07T18:12:26.853+0800][22.362s][info][gc,phases   ] GC(27)   Other: 0.3ms
[2026-10-07T18:12:26.853+0800][22.362s][info][gc,heap     ] GC(27) Eden regions: 1->0(60)
[2026-10-07T18:12:26.853+0800][22.362s][info][gc,heap     ] GC(27) Survivor regions: 13->6(16)
[2026-10-07T18:12:26.853+0800][22.362s][info][gc,heap     ] GC(27) Old regions: 43->50
[2026-10-07T18:12:26.853+0800][22.362s][info][gc,heap     ] GC(27) Archive regions: 2->2
[2026-10-07T18:12:26.853+0800][22.362s][info][gc,heap     ] GC(27) Humongous regions: 5->4
[2026-10-07T18:12:26.853+0800][22.362s][info][gc,metaspace] GC(27) Metaspace: 100052K(100736K)->100052K(100736K) NonClass: 86426K(86784K)->86426K(86784K) Class: 13626K(13952K)->13626K(13952K)
[2026-10-07T18:12:26.853+0800][22.362s][info][gc          ] GC(27) Pause Young (Concurrent Start) (Metadata GC Threshold) 62M->60M(214M) 205.343ms
[2026-10-07T18:12:26.853+0800][22.362s][info][gc,cpu      ] GC(27) User=0.03s Sys=0.04s Real=0.21s
[2026-10-07T18:12:26.854+0800][22.362s][info][gc          ] GC(28) Concurrent Mark Cycle
[2026-10-07T18:12:26.854+0800][22.362s][info][gc,marking  ] GC(28) Concurrent Clear Claimed Marks
[2026-10-07T18:12:26.854+0800][22.363s][info][safepoint   ] Safepoint "CollectForMetadataAllocation", Time since last: 46938667 ns, Reaching safepoint: 860998708 ns, At safepoint: 206194959 ns, Total: 1067193667 ns
[2026-10-07T18:12:26.854+0800][22.363s][info][gc,marking  ] GC(28) Concurrent Clear Claimed Marks 0.472ms
[2026-10-07T18:12:26.854+0800][22.363s][info][gc,marking  ] GC(28) Concurrent Scan Root Regions
[2026-10-07T18:12:26.872+0800][22.381s][info][gc,marking  ] GC(28) Concurrent Scan Root Regions 18.228ms
[2026-10-07T18:12:26.872+0800][22.381s][info][gc,marking  ] GC(28) Concurrent Mark
[2026-10-07T18:12:26.872+0800][22.381s][info][gc,marking  ] GC(28) Concurrent Mark From Roots
[2026-10-07T18:12:26.872+0800][22.381s][info][gc,task     ] GC(28) Using 2 workers of 2 for marking
[2026-10-07T18:12:26.946+0800][22.455s][info][gc,marking  ] GC(28) Concurrent Mark From Roots 73.680ms
[2026-10-07T18:12:26.946+0800][22.455s][info][gc,marking  ] GC(28) Concurrent Preclean
[2026-10-07T18:12:26.946+0800][22.455s][info][gc,marking  ] GC(28) Concurrent Preclean 0.164ms
[2026-10-07T18:12:26.947+0800][22.455s][info][gc,start    ] GC(28) Pause Remark
[2026-10-07T18:12:27.021+0800][22.529s][info][gc          ] GC(28) Pause Remark 61M->61M(210M) 74.102ms
[2026-10-07T18:12:27.021+0800][22.529s][info][gc,cpu      ] GC(28) User=0.01s Sys=0.04s Real=0.08s
[2026-10-07T18:12:27.021+0800][22.530s][info][safepoint   ] Safepoint "G1Concurrent", Time since last: 92482041 ns, Reaching safepoint: 148792 ns, At safepoint: 74347208 ns, Total: 74496000 ns
[2026-10-07T18:12:27.021+0800][22.530s][info][gc,marking  ] GC(28) Concurrent Mark 148.633ms
[2026-10-07T18:12:27.021+0800][22.530s][info][gc,marking  ] GC(28) Concurrent Rebuild Remembered Sets
[2026-10-07T18:12:27.037+0800][22.546s][info][gc,marking  ] GC(28) Concurrent Rebuild Remembered Sets 16.333ms
[2026-10-07T18:12:27.038+0800][22.546s][info][gc,start    ] GC(28) Pause Cleanup
[2026-10-07T18:12:27.038+0800][22.546s][info][gc          ] GC(28) Pause Cleanup 62M->62M(210M) 0.043ms
[2026-10-07T18:12:27.038+0800][22.546s][info][gc,cpu      ] GC(28) User=0.00s Sys=0.00s Real=0.00s
[2026-10-07T18:12:27.038+0800][22.546s][info][safepoint   ] Safepoint "G1Concurrent", Time since last: 16471250 ns, Reaching safepoint: 118875 ns, At safepoint: 74667 ns, Total: 193542 ns
[2026-10-07T18:12:27.038+0800][22.546s][info][gc,marking  ] GC(28) Concurrent Cleanup for Next Mark
[2026-10-07T18:12:27.038+0800][22.546s][info][gc,marking  ] GC(28) Concurrent Cleanup for Next Mark 0.184ms
[2026-10-07T18:12:27.038+0800][22.546s][info][gc          ] GC(28) Concurrent Mark Cycle 184.218ms
[2026-10-07T18:12:27.210+0800][22.719s][info][safepoint   ] Safepoint "ICBufferFull", Time since last: 172622375 ns, Reaching safepoint: 60417 ns, At safepoint: 375 ns, Total: 60792 ns
[2026-10-07T18:12:27.334+0800][22.843s][info][safepoint   ] Safepoint "ICBufferFull", Time since last: 123499625 ns, Reaching safepoint: 231166 ns, At safepoint: 2042 ns, Total: 233208 ns
[2026-10-07T18:12:27.415+0800][22.924s][info][gc,start    ] GC(29) Pause Young (Normal) (G1 Evacuation Pause)
[2026-10-07T18:12:27.415+0800][22.924s][info][gc,task     ] GC(29) Using 5 workers of 9 for evacuation
[2026-10-07T18:12:27.435+0800][22.944s][info][gc,phases   ] GC(29)   Pre Evacuate Collection Set: 0.1ms
[2026-10-07T18:12:27.435+0800][22.944s][info][gc,phases   ] GC(29)   Merge Heap Roots: 0.4ms
[2026-10-07T18:12:27.435+0800][22.944s][info][gc,phases   ] GC(29)   Evacuate Collection Set: 18.3ms
[2026-10-07T18:12:27.435+0800][22.944s][info][gc,phases   ] GC(29)   Post Evacuate Collection Set: 0.8ms
[2026-10-07T18:12:27.435+0800][22.944s][info][gc,phases   ] GC(29)   Other: 0.2ms
[2026-10-07T18:12:27.435+0800][22.944s][info][gc,heap     ] GC(29) Eden regions: 72->0(104)
[2026-10-07T18:12:27.435+0800][22.944s][info][gc,heap     ] GC(29) Survivor regions: 6->3(10)
[2026-10-07T18:12:27.435+0800][22.944s][info][gc,heap     ] GC(29) Old regions: 50->55
[2026-10-07T18:12:27.435+0800][22.944s][info][gc,heap     ] GC(29) Archive regions: 2->2
[2026-10-07T18:12:27.435+0800][22.944s][info][gc,heap     ] GC(29) Humongous regions: 4->4
[2026-10-07T18:12:27.435+0800][22.944s][info][gc,metaspace] GC(29) Metaspace: 100959K(101760K)->100959K(101760K) NonClass: 87131K(87552K)->87131K(87552K) Class: 13828K(14208K)->13828K(14208K)
[2026-10-07T18:12:27.435+0800][22.944s][info][gc          ] GC(29) Pause Young (Normal) (G1 Evacuation Pause) 132M->62M(210M) 19.890ms
[2026-10-07T18:12:27.435+0800][22.944s][info][gc,cpu      ] GC(29) User=0.02s Sys=0.02s Real=0.02s
[2026-10-07T18:12:27.435+0800][22.944s][info][safepoint   ] Safepoint "G1CollectForAllocation", Time since last: 81008708 ns, Reaching safepoint: 62125 ns, At safepoint: 19967084 ns, Total: 20029209 ns
[2026-10-07T18:12:27.698+0800][23.207s][info][safepoint   ] Safepoint "ICBufferFull", Time since last: 263144083 ns, Reaching safepoint: 211125 ns, At safepoint: 14333 ns, Total: 225458 ns
[2026-10-07T18:12:28.186+0800][23.695s][info][gc,start    ] GC(30) Pause Young (Normal) (G1 Evacuation Pause)
[2026-10-07T18:12:28.187+0800][23.695s][info][gc,task     ] GC(30) Using 5 workers of 9 for evacuation
[2026-10-07T18:12:28.196+0800][23.705s][info][gc,phases   ] GC(30)   Pre Evacuate Collection Set: 0.1ms
[2026-10-07T18:12:28.196+0800][23.705s][info][gc,phases   ] GC(30)   Merge Heap Roots: 0.1ms
[2026-10-07T18:12:28.196+0800][23.705s][info][gc,phases   ] GC(30)   Evacuate Collection Set: 9.1ms
[2026-10-07T18:12:28.196+0800][23.705s][info][gc,phases   ] GC(30)   Post Evacuate Collection Set: 0.3ms
[2026-10-07T18:12:28.196+0800][23.705s][info][gc,phases   ] GC(30)   Other: 0.1ms
[2026-10-07T18:12:28.196+0800][23.705s][info][gc,heap     ] GC(30) Eden regions: 104->0(104)
[2026-10-07T18:12:28.196+0800][23.705s][info][gc,heap     ] GC(30) Survivor regions: 3->5(14)
[2026-10-07T18:12:28.196+0800][23.705s][info][gc,heap     ] GC(30) Old regions: 55->55
[2026-10-07T18:12:28.196+0800][23.705s][info][gc,heap     ] GC(30) Archive regions: 2->2
[2026-10-07T18:12:28.196+0800][23.705s][info][gc,heap     ] GC(30) Humongous regions: 5->4
[2026-10-07T18:12:28.196+0800][23.705s][info][gc,metaspace] GC(30) Metaspace: 104121K(104896K)->104121K(104896K) NonClass: 90112K(90496K)->90112K(90496K) Class: 14009K(14400K)->14009K(14400K)
[2026-10-07T18:12:28.196+0800][23.705s][info][gc          ] GC(30) Pause Young (Normal) (G1 Evacuation Pause) 167M->64M(210M) 9.629ms
[2026-10-07T18:12:28.196+0800][23.705s][info][gc,cpu      ] GC(30) User=0.02s Sys=0.01s Real=0.01s
[2026-10-07T18:12:28.196+0800][23.705s][info][safepoint   ] Safepoint "G1CollectForAllocation", Time since last: 487991834 ns, Reaching safepoint: 78666 ns, At safepoint: 9674167 ns, Total: 9752833 ns
[2026-10-07T18:12:28.697+0800][24.205s][info][safepoint   ] Safepoint "ICBufferFull", Time since last: 500299458 ns, Reaching safepoint: 92417 ns, At safepoint: 5583 ns, Total: 98000 ns
[2026-10-07T18:12:28.922+0800][24.431s][info][gc,start    ] GC(31) Pause Young (Normal) (G1 Evacuation Pause)
[2026-10-07T18:12:28.934+0800][24.442s][info][gc,task     ] GC(31) Using 5 workers of 9 for evacuation
[2026-10-07T18:12:28.951+0800][24.460s][info][gc,phases   ] GC(31)   Pre Evacuate Collection Set: 0.4ms
[2026-10-07T18:12:28.951+0800][24.460s][info][gc,phases   ] GC(31)   Merge Heap Roots: 0.4ms
[2026-10-07T18:12:28.951+0800][24.460s][info][gc,phases   ] GC(31)   Evacuate Collection Set: 15.9ms
[2026-10-07T18:12:28.951+0800][24.460s][info][gc,phases   ] GC(31)   Post Evacuate Collection Set: 0.6ms
[2026-10-07T18:12:28.951+0800][24.460s][info][gc,phases   ] GC(31)   Other: 11.5ms
[2026-10-07T18:12:28.951+0800][24.460s][info][gc,heap     ] GC(31) Eden regions: 104->0(103)
[2026-10-07T18:12:28.951+0800][24.460s][info][gc,heap     ] GC(31) Survivor regions: 5->9(14)
[2026-10-07T18:12:28.951+0800][24.460s][info][gc,heap     ] GC(31) Old regions: 55->55
[2026-10-07T18:12:28.951+0800][24.460s][info][gc,heap     ] GC(31) Archive regions: 2->2
[2026-10-07T18:12:28.951+0800][24.460s][info][gc,heap     ] GC(31) Humongous regions: 4->4
[2026-10-07T18:12:28.951+0800][24.460s][info][gc,metaspace] GC(31) Metaspace: 104955K(105728K)->104955K(105728K) NonClass: 90885K(91264K)->90885K(91264K) Class: 14069K(14464K)->14069K(14464K)
[2026-10-07T18:12:28.951+0800][24.460s][info][gc          ] GC(31) Pause Young (Normal) (G1 Evacuation Pause) 168M->68M(210M) 28.906ms
[2026-10-07T18:12:28.951+0800][24.460s][info][gc,cpu      ] GC(31) User=0.02s Sys=0.02s Real=0.03s
[2026-10-07T18:12:28.951+0800][24.460s][info][safepoint   ] Safepoint "G1CollectForAllocation", Time since last: 225548667 ns, Reaching safepoint: 229083 ns, At safepoint: 29067417 ns, Total: 29296500 ns
[2026-10-07T18:12:29.452+0800][24.961s][info][safepoint   ] Safepoint "ICBufferFull", Time since last: 500629375 ns, Reaching safepoint: 70917 ns, At safepoint: 541 ns, Total: 71458 ns
[2026-10-07T18:12:31.232+0800][26.740s][info][safepoint   ] Safepoint "Cleanup", Time since last: 1778242459 ns, Reaching safepoint: 1154958 ns, At safepoint: 327500 ns, Total: 1482458 ns
[2026-10-07T18:12:32.063+0800][27.571s][info][safepoint   ] Safepoint "ICBufferFull", Time since last: 830452667 ns, Reaching safepoint: 379291 ns, At safepoint: 24834 ns, Total: 404125 ns
[2026-10-07T18:12:32.191+0800][27.700s][info][gc,start    ] GC(32) Pause Young (Normal) (G1 Evacuation Pause)
[2026-10-07T18:12:32.191+0800][27.700s][info][gc,task     ] GC(32) Using 5 workers of 9 for evacuation
[2026-10-07T18:12:32.221+0800][27.730s][info][gc,phases   ] GC(32)   Pre Evacuate Collection Set: 0.1ms
[2026-10-07T18:12:32.221+0800][27.730s][info][gc,phases   ] GC(32)   Merge Heap Roots: 0.2ms
[2026-10-07T18:12:32.221+0800][27.730s][info][gc,phases   ] GC(32)   Evacuate Collection Set: 28.4ms
[2026-10-07T18:12:32.221+0800][27.730s][info][gc,phases   ] GC(32)   Post Evacuate Collection Set: 1.2ms
[2026-10-07T18:12:32.221+0800][27.730s][info][gc,phases   ] GC(32)   Other: 0.1ms
[2026-10-07T18:12:32.221+0800][27.730s][info][gc,heap     ] GC(32) Eden regions: 103->0(101)
[2026-10-07T18:12:32.221+0800][27.730s][info][gc,heap     ] GC(32) Survivor regions: 9->11(14)
[2026-10-07T18:12:32.221+0800][27.730s][info][gc,heap     ] GC(32) Old regions: 55->57
[2026-10-07T18:12:32.221+0800][27.730s][info][gc,heap     ] GC(32) Archive regions: 2->2
[2026-10-07T18:12:32.221+0800][27.730s][info][gc,heap     ] GC(32) Humongous regions: 4->4
[2026-10-07T18:12:32.221+0800][27.730s][info][gc,metaspace] GC(32) Metaspace: 106057K(106816K)->106057K(106816K) NonClass: 91900K(92288K)->91900K(92288K) Class: 14156K(14528K)->14156K(14528K)
[2026-10-07T18:12:32.221+0800][27.730s][info][gc          ] GC(32) Pause Young (Normal) (G1 Evacuation Pause) 171M->71M(210M) 30.042ms
[2026-10-07T18:12:32.221+0800][27.730s][info][gc,cpu      ] GC(32) User=0.02s Sys=0.04s Real=0.03s
[2026-10-07T18:12:32.221+0800][27.730s][info][safepoint   ] Safepoint "G1CollectForAllocation", Time since last: 128273500 ns, Reaching safepoint: 60250 ns, At safepoint: 30113875 ns, Total: 30174125 ns
[2026-10-07T18:12:32.770+0800][28.279s][info][safepoint   ] Safepoint "ICBufferFull", Time since last: 549064000 ns, Reaching safepoint: 129750 ns, At safepoint: 875 ns, Total: 130625 ns
[2026-10-07T18:12:33.261+0800][28.769s][info][gc,start    ] GC(33) Pause Young (Normal) (G1 Evacuation Pause)
[2026-10-07T18:12:33.261+0800][28.770s][info][gc,task     ] GC(33) Using 5 workers of 9 for evacuation
[2026-10-07T18:12:33.676+0800][29.185s][info][gc,mmu      ] GC(33) MMU target violated: 201.0ms (200.0ms/201.0ms)
[2026-10-07T18:12:33.676+0800][29.185s][info][gc,phases   ] GC(33)   Pre Evacuate Collection Set: 0.1ms
[2026-10-07T18:12:33.676+0800][29.185s][info][gc,phases   ] GC(33)   Merge Heap Roots: 0.2ms
[2026-10-07T18:12:33.676+0800][29.185s][info][gc,phases   ] GC(33)   Evacuate Collection Set: 412.8ms
[2026-10-07T18:12:33.676+0800][29.185s][info][gc,phases   ] GC(33)   Post Evacuate Collection Set: 2.2ms
[2026-10-07T18:12:33.676+0800][29.185s][info][gc,phases   ] GC(33)   Other: 0.3ms
[2026-10-07T18:12:33.676+0800][29.185s][info][gc,heap     ] GC(33) Eden regions: 101->0(64)
[2026-10-07T18:12:33.676+0800][29.185s][info][gc,heap     ] GC(33) Survivor regions: 11->8(14)
[2026-10-07T18:12:33.676+0800][29.185s][info][gc,heap     ] GC(33) Old regions: 57->64
[2026-10-07T18:12:33.676+0800][29.185s][info][gc,heap     ] GC(33) Archive regions: 2->2
[2026-10-07T18:12:33.676+0800][29.185s][info][gc,heap     ] GC(33) Humongous regions: 5->5
[2026-10-07T18:12:33.676+0800][29.185s][info][gc,metaspace] GC(33) Metaspace: 107870K(108672K)->107870K(108672K) NonClass: 93456K(93888K)->93456K(93888K) Class: 14413K(14784K)->14413K(14784K)
[2026-10-07T18:12:33.676+0800][29.185s][info][gc          ] GC(33) Pause Young (Normal) (G1 Evacuation Pause) 173M->76M(210M) 415.701ms
[2026-10-07T18:12:33.676+0800][29.185s][info][gc,cpu      ] GC(33) User=0.04s Sys=0.07s Real=0.41s
[2026-10-07T18:12:33.677+0800][29.185s][info][safepoint   ] Safepoint "G1CollectForAllocation", Time since last: 490373208 ns, Reaching safepoint: 86042 ns, At safepoint: 415882750 ns, Total: 415968792 ns
[2026-10-07T18:12:34.800+0800][30.308s][info][safepoint   ] Safepoint "Cleanup", Time since last: 1122911416 ns, Reaching safepoint: 131834 ns, At safepoint: 11791 ns, Total: 143625 ns
[2026-10-07T18:12:36.298+0800][31.807s][info][safepoint   ] Safepoint "Cleanup", Time since last: 1498756667 ns, Reaching safepoint: 77833 ns, At safepoint: 7125 ns, Total: 84958 ns
[2026-10-07T18:12:36.392+0800][31.901s][info][gc,start    ] GC(34) Pause Young (Normal) (G1 Evacuation Pause)
[2026-10-07T18:12:36.393+0800][31.901s][info][gc,task     ] GC(34) Using 5 workers of 9 for evacuation
[2026-10-07T18:12:36.435+0800][31.944s][info][gc,phases   ] GC(34)   Pre Evacuate Collection Set: 0.3ms
[2026-10-07T18:12:36.435+0800][31.944s][info][gc,phases   ] GC(34)   Merge Heap Roots: 0.2ms
[2026-10-07T18:12:36.435+0800][31.944s][info][gc,phases   ] GC(34)   Evacuate Collection Set: 40.8ms
[2026-10-07T18:12:36.435+0800][31.944s][info][gc,phases   ] GC(34)   Post Evacuate Collection Set: 0.7ms
[2026-10-07T18:12:36.435+0800][31.944s][info][gc,phases   ] GC(34)   Other: 0.2ms
[2026-10-07T18:12:36.435+0800][31.944s][info][gc,heap     ] GC(34) Eden regions: 62->0(97)
[2026-10-07T18:12:36.435+0800][31.944s][info][gc,heap     ] GC(34) Survivor regions: 8->6(9)
[2026-10-07T18:12:36.435+0800][31.944s][info][gc,heap     ] GC(34) Old regions: 64->67
[2026-10-07T18:12:36.435+0800][31.944s][info][gc,heap     ] GC(34) Archive regions: 2->2
[2026-10-07T18:12:36.435+0800][31.944s][info][gc,heap     ] GC(34) Humongous regions: 5->5
[2026-10-07T18:12:36.435+0800][31.944s][info][gc,metaspace] GC(34) Metaspace: 109096K(109888K)->109096K(109888K) NonClass: 94526K(94976K)->94526K(94976K) Class: 14570K(14912K)->14570K(14912K)
[2026-10-07T18:12:36.435+0800][31.944s][info][gc          ] GC(34) Pause Young (Normal) (G1 Evacuation Pause) 138M->78M(210M) 42.456ms
[2026-10-07T18:12:36.435+0800][31.944s][info][gc,cpu      ] GC(34) User=0.02s Sys=0.04s Real=0.04s
[2026-10-07T18:12:36.435+0800][31.944s][info][safepoint   ] Safepoint "G1CollectForAllocation", Time since last: 94010250 ns, Reaching safepoint: 75042 ns, At safepoint: 42540542 ns, Total: 42615584 ns
[2026-10-07T18:12:37.536+0800][33.045s][info][safepoint   ] Safepoint "Cleanup", Time since last: 1100820416 ns, Reaching safepoint: 90625 ns, At safepoint: 6792 ns, Total: 97417 ns
[2026-10-07T18:12:38.575+0800][34.084s][info][gc,start    ] GC(35) Pause Young (Normal) (G1 Evacuation Pause)
[2026-10-07T18:12:38.575+0800][34.084s][info][gc,task     ] GC(35) Using 5 workers of 9 for evacuation
[2026-10-07T18:12:38.615+0800][34.124s][info][gc,phases   ] GC(35)   Pre Evacuate Collection Set: 0.1ms
[2026-10-07T18:12:38.615+0800][34.124s][info][gc,phases   ] GC(35)   Merge Heap Roots: 0.1ms
[2026-10-07T18:12:38.615+0800][34.124s][info][gc,phases   ] GC(35)   Evacuate Collection Set: 38.8ms
[2026-10-07T18:12:38.615+0800][34.124s][info][gc,phases   ] GC(35)   Post Evacuate Collection Set: 0.7ms
[2026-10-07T18:12:38.615+0800][34.124s][info][gc,phases   ] GC(35)   Other: 0.1ms
[2026-10-07T18:12:38.615+0800][34.124s][info][gc,heap     ] GC(35) Eden regions: 97->0(95)
[2026-10-07T18:12:38.615+0800][34.124s][info][gc,heap     ] GC(35) Survivor regions: 6->9(13)
[2026-10-07T18:12:38.615+0800][34.124s][info][gc,heap     ] GC(35) Old regions: 67->67
[2026-10-07T18:12:38.615+0800][34.124s][info][gc,heap     ] GC(35) Archive regions: 2->2
[2026-10-07T18:12:38.615+0800][34.124s][info][gc,heap     ] GC(35) Humongous regions: 5->5
[2026-10-07T18:12:38.615+0800][34.124s][info][gc,metaspace] GC(35) Metaspace: 113537K(114368K)->113537K(114368K) NonClass: 98339K(98752K)->98339K(98752K) Class: 15197K(15616K)->15197K(15616K)
[2026-10-07T18:12:38.615+0800][34.124s][info][gc          ] GC(35) Pause Young (Normal) (G1 Evacuation Pause) 175M->81M(210M) 39.920ms
[2026-10-07T18:12:38.615+0800][34.124s][info][gc,cpu      ] GC(35) User=0.03s Sys=0.06s Real=0.04s
[2026-10-07T18:12:38.615+0800][34.124s][info][safepoint   ] Safepoint "G1CollectForAllocation", Time since last: 1039407042 ns, Reaching safepoint: 47083 ns, At safepoint: 40029208 ns, Total: 40076291 ns
[2026-10-07T18:12:39.010+0800][34.518s][info][safepoint   ] Safepoint "ICBufferFull", Time since last: 394152417 ns, Reaching safepoint: 80250 ns, At safepoint: 625 ns, Total: 80875 ns
[2026-10-07T18:12:40.091+0800][35.600s][info][safepoint   ] Safepoint "Cleanup", Time since last: 1080889792 ns, Reaching safepoint: 542416 ns, At safepoint: 36250 ns, Total: 578666 ns
[2026-10-07T18:12:40.320+0800][35.829s][info][gc,start    ] GC(36) Pause Young (Normal) (G1 Evacuation Pause)
[2026-10-07T18:12:40.320+0800][35.829s][info][gc,task     ] GC(36) Using 5 workers of 9 for evacuation
[2026-10-07T18:12:40.388+0800][35.897s][info][gc,phases   ] GC(36)   Pre Evacuate Collection Set: 0.1ms
[2026-10-07T18:12:40.388+0800][35.897s][info][gc,phases   ] GC(36)   Merge Heap Roots: 0.7ms
[2026-10-07T18:12:40.388+0800][35.897s][info][gc,phases   ] GC(36)   Evacuate Collection Set: 65.0ms
[2026-10-07T18:12:40.388+0800][35.897s][info][gc,phases   ] GC(36)   Post Evacuate Collection Set: 1.2ms
[2026-10-07T18:12:40.388+0800][35.897s][info][gc,phases   ] GC(36)   Other: 0.2ms
[2026-10-07T18:12:40.388+0800][35.897s][info][gc,heap     ] GC(36) Eden regions: 95->0(93)
[2026-10-07T18:12:40.388+0800][35.897s][info][gc,heap     ] GC(36) Survivor regions: 9->8(13)
[2026-10-07T18:12:40.388+0800][35.897s][info][gc,heap     ] GC(36) Old regions: 67->71
[2026-10-07T18:12:40.388+0800][35.897s][info][gc,heap     ] GC(36) Archive regions: 2->2
[2026-10-07T18:12:40.388+0800][35.897s][info][gc,heap     ] GC(36) Humongous regions: 5->5
[2026-10-07T18:12:40.388+0800][35.897s][info][gc,metaspace] GC(36) Metaspace: 114776K(115520K)->114776K(115520K) NonClass: 99396K(99776K)->99396K(99776K) Class: 15380K(15744K)->15380K(15744K)
[2026-10-07T18:12:40.388+0800][35.897s][info][gc          ] GC(36) Pause Young (Normal) (G1 Evacuation Pause) 176M->83M(210M) 67.520ms
[2026-10-07T18:12:40.388+0800][35.897s][info][gc,cpu      ] GC(36) User=0.03s Sys=0.06s Real=0.06s
[2026-10-07T18:12:40.388+0800][35.897s][info][safepoint   ] Safepoint "G1CollectForAllocation", Time since last: 229240500 ns, Reaching safepoint: 59375 ns, At safepoint: 67792000 ns, Total: 67851375 ns
[2026-10-07T18:12:40.995+0800][36.504s][info][safepoint   ] Safepoint "ICBufferFull", Time since last: 606321834 ns, Reaching safepoint: 268208 ns, At safepoint: 29000 ns, Total: 297208 ns
[2026-10-07T18:12:41.998+0800][37.507s][info][safepoint   ] Safepoint "Cleanup", Time since last: 1002829208 ns, Reaching safepoint: 253625 ns, At safepoint: 93250 ns, Total: 346875 ns
[2026-10-07T18:12:43.198+0800][38.707s][info][safepoint   ] Safepoint "Cleanup", Time since last: 1200281375 ns, Reaching safepoint: 204500 ns, At safepoint: 8625 ns, Total: 213125 ns
[2026-10-07T18:12:43.717+0800][39.226s][info][gc,start    ] GC(37) Pause Young (Normal) (G1 Evacuation Pause)
[2026-10-07T18:12:43.717+0800][39.226s][info][gc,task     ] GC(37) Using 5 workers of 9 for evacuation
[2026-10-07T18:12:43.822+0800][39.331s][info][gc,phases   ] GC(37)   Pre Evacuate Collection Set: 0.1ms
[2026-10-07T18:12:43.822+0800][39.331s][info][gc,phases   ] GC(37)   Merge Heap Roots: 0.2ms
[2026-10-07T18:12:43.822+0800][39.331s][info][gc,phases   ] GC(37)   Evacuate Collection Set: 104.0ms
[2026-10-07T18:12:43.822+0800][39.331s][info][gc,phases   ] GC(37)   Post Evacuate Collection Set: 0.6ms
[2026-10-07T18:12:43.822+0800][39.331s][info][gc,phases   ] GC(37)   Other: 0.1ms
[2026-10-07T18:12:43.822+0800][39.331s][info][gc,heap     ] GC(37) Eden regions: 93->0(93)
[2026-10-07T18:12:43.822+0800][39.331s][info][gc,heap     ] GC(37) Survivor regions: 8->7(13)
[2026-10-07T18:12:43.822+0800][39.331s][info][gc,heap     ] GC(37) Old regions: 71->72
[2026-10-07T18:12:43.822+0800][39.331s][info][gc,heap     ] GC(37) Archive regions: 2->2
[2026-10-07T18:12:43.822+0800][39.331s][info][gc,heap     ] GC(37) Humongous regions: 5->5
[2026-10-07T18:12:43.822+0800][39.331s][info][gc,metaspace] GC(37) Metaspace: 118833K(119744K)->118833K(119744K) NonClass: 102882K(103360K)->102882K(103360K) Class: 15951K(16384K)->15951K(16384K)
[2026-10-07T18:12:43.822+0800][39.331s][info][gc          ] GC(37) Pause Young (Normal) (G1 Evacuation Pause) 176M->84M(210M) 104.996ms
[2026-10-07T18:12:43.822+0800][39.331s][info][gc,cpu      ] GC(37) User=0.03s Sys=0.09s Real=0.11s
[2026-10-07T18:12:43.823+0800][39.332s][info][safepoint   ] Safepoint "G1CollectForAllocation", Time since last: 518954625 ns, Reaching safepoint: 78625 ns, At safepoint: 105191875 ns, Total: 105270500 ns
[2026-10-07T18:12:44.530+0800][40.039s][info][safepoint   ] Safepoint "ICBufferFull", Time since last: 706903125 ns, Reaching safepoint: 192792 ns, At safepoint: 65042 ns, Total: 257834 ns
[2026-10-07T18:12:44.854+0800][40.363s][info][safepoint   ] Safepoint "ICBufferFull", Time since last: 324313083 ns, Reaching safepoint: 222417 ns, At safepoint: 3583 ns, Total: 226000 ns
[2026-10-07T18:12:46.372+0800][41.881s][info][safepoint   ] Safepoint "Cleanup", Time since last: 1517667042 ns, Reaching safepoint: 230666 ns, At safepoint: 7167 ns, Total: 237833 ns
[2026-10-07T18:12:47.714+0800][43.223s][info][safepoint   ] Safepoint "Cleanup", Time since last: 1268211708 ns, Reaching safepoint: 73375167 ns, At safepoint: 75458 ns, Total: 73450625 ns
[2026-10-07T18:12:48.252+0800][43.761s][info][safepoint   ] Safepoint "ICBufferFull", Time since last: 536555292 ns, Reaching safepoint: 1810375 ns, At safepoint: 141917 ns, Total: 1952292 ns
[2026-10-07T18:12:48.899+0800][44.408s][info][safepoint   ] Safepoint "ICBufferFull", Time since last: 646660750 ns, Reaching safepoint: 232458 ns, At safepoint: 51083 ns, Total: 283541 ns
[2026-10-07T18:12:49.184+0800][44.693s][info][safepoint   ] Safepoint "ICBufferFull", Time since last: 284478709 ns, Reaching safepoint: 185000 ns, At safepoint: 40541 ns, Total: 225541 ns
[2026-10-07T18:12:49.376+0800][44.885s][info][safepoint   ] Safepoint "ICBufferFull", Time since last: 190099750 ns, Reaching safepoint: 1628042 ns, At safepoint: 4208 ns, Total: 1632250 ns
[2026-10-07T18:12:49.900+0800][45.409s][info][safepoint   ] Safepoint "ICBufferFull", Time since last: 523857417 ns, Reaching safepoint: 126667 ns, At safepoint: 21791 ns, Total: 148458 ns
[2026-10-07T18:12:50.117+0800][45.626s][info][safepoint   ] Safepoint "ICBufferFull", Time since last: 216882000 ns, Reaching safepoint: 134000 ns, At safepoint: 1042 ns, Total: 135042 ns
[2026-10-07T18:12:50.216+0800][45.726s][info][safepoint   ] Safepoint "ICBufferFull", Time since last: 99640875 ns, Reaching safepoint: 149458 ns, At safepoint: 19667 ns, Total: 169125 ns
[2026-10-07T18:12:50.614+0800][46.124s][info][safepoint   ] Safepoint "ICBufferFull", Time since last: 397905042 ns, Reaching safepoint: 131333 ns, At safepoint: 5083 ns, Total: 136416 ns
[2026-10-07T18:12:50.715+0800][46.225s][info][safepoint   ] Safepoint "ICBufferFull", Time since last: 100932750 ns, Reaching safepoint: 169250 ns, At safepoint: 6250 ns, Total: 175500 ns
[2026-10-07T18:12:50.744+0800][46.253s][info][gc,start    ] GC(38) Pause Young (Normal) (G1 Evacuation Pause)
[2026-10-07T18:12:50.744+0800][46.253s][info][gc,task     ] GC(38) Using 9 workers of 9 for evacuation
[2026-10-07T18:12:50.770+0800][46.279s][info][gc,phases   ] GC(38)   Pre Evacuate Collection Set: 0.1ms
[2026-10-07T18:12:50.770+0800][46.279s][info][gc,phases   ] GC(38)   Merge Heap Roots: 0.1ms
[2026-10-07T18:12:50.770+0800][46.279s][info][gc,phases   ] GC(38)   Evacuate Collection Set: 24.8ms
[2026-10-07T18:12:50.770+0800][46.279s][info][gc,phases   ] GC(38)   Post Evacuate Collection Set: 0.6ms
[2026-10-07T18:12:50.770+0800][46.279s][info][gc,phases   ] GC(38)   Other: 0.1ms
[2026-10-07T18:12:50.770+0800][46.279s][info][gc,heap     ] GC(38) Eden regions: 93->0(107)
[2026-10-07T18:12:50.770+0800][46.279s][info][gc,heap     ] GC(38) Survivor regions: 7->11(13)
[2026-10-07T18:12:50.770+0800][46.279s][info][gc,heap     ] GC(38) Old regions: 72->72
[2026-10-07T18:12:50.770+0800][46.279s][info][gc,heap     ] GC(38) Archive regions: 2->2
[2026-10-07T18:12:50.770+0800][46.279s][info][gc,heap     ] GC(38) Humongous regions: 5->5
[2026-10-07T18:12:50.770+0800][46.279s][info][gc,metaspace] GC(38) Metaspace: 127992K(128960K)->127992K(128960K) NonClass: 110658K(111168K)->110658K(111168K) Class: 17334K(17792K)->17334K(17792K)
[2026-10-07T18:12:50.770+0800][46.279s][info][gc          ] GC(38) Pause Young (Normal) (G1 Evacuation Pause) 177M->88M(233M) 25.746ms
[2026-10-07T18:12:50.770+0800][46.279s][info][gc,cpu      ] GC(38) User=0.03s Sys=0.06s Real=0.03s
[2026-10-07T18:12:50.770+0800][46.279s][info][safepoint   ] Safepoint "G1CollectForAllocation", Time since last: 28527459 ns, Reaching safepoint: 137583 ns, At safepoint: 25876250 ns, Total: 26013833 ns
[2026-10-07T18:12:51.026+0800][46.535s][info][safepoint   ] Safepoint "ICBufferFull", Time since last: 255835583 ns, Reaching safepoint: 61542 ns, At safepoint: 2458 ns, Total: 64000 ns
[2026-10-07T18:12:51.175+0800][46.684s][info][safepoint   ] Safepoint "ICBufferFull", Time since last: 148718750 ns, Reaching safepoint: 191167 ns, At safepoint: 63333 ns, Total: 254500 ns
[2026-10-07T18:12:51.402+0800][46.911s][info][safepoint   ] Safepoint "ICBufferFull", Time since last: 226627375 ns, Reaching safepoint: 195334 ns, At safepoint: 8208 ns, Total: 203542 ns
[2026-10-07T18:12:51.637+0800][47.146s][info][safepoint   ] Safepoint "ICBufferFull", Time since last: 235177250 ns, Reaching safepoint: 78708 ns, At safepoint: 67542 ns, Total: 146250 ns
[2026-10-07T18:12:52.100+0800][47.609s][info][safepoint   ] Safepoint "ICBufferFull", Time since last: 462557500 ns, Reaching safepoint: 75375 ns, At safepoint: 2083 ns, Total: 77458 ns
[2026-10-07T18:12:52.439+0800][47.948s][info][safepoint   ] Safepoint "ICBufferFull", Time since last: 318594459 ns, Reaching safepoint: 20639041 ns, At safepoint: 9000 ns, Total: 20648041 ns
[2026-10-07T18:12:53.032+0800][48.542s][info][safepoint   ] Safepoint "ICBufferFull", Time since last: 593339125 ns, Reaching safepoint: 232209 ns, At safepoint: 8208 ns, Total: 240417 ns
[2026-10-07T18:12:53.188+0800][48.698s][info][safepoint   ] Safepoint "ICBufferFull", Time since last: 155713167 ns, Reaching safepoint: 221750 ns, At safepoint: 8458 ns, Total: 230208 ns
[2026-10-07T18:12:54.816+0800][50.326s][info][safepoint   ] Safepoint "Cleanup", Time since last: 1626992750 ns, Reaching safepoint: 1081708 ns, At safepoint: 8334 ns, Total: 1090042 ns
[2026-10-07T18:12:55.916+0800][51.425s][info][safepoint   ] Safepoint "Cleanup", Time since last: 1097895000 ns, Reaching safepoint: 798125 ns, At safepoint: 760875 ns, Total: 1559000 ns
[2026-10-07T18:12:56.192+0800][51.701s][info][gc,start    ] GC(39) Pause Young (Normal) (G1 Evacuation Pause)
[2026-10-07T18:12:56.192+0800][51.701s][info][gc,task     ] GC(39) Using 9 workers of 9 for evacuation
[2026-10-07T18:12:56.285+0800][51.794s][info][gc,phases   ] GC(39)   Pre Evacuate Collection Set: 2.8ms
[2026-10-07T18:12:56.285+0800][51.794s][info][gc,phases   ] GC(39)   Merge Heap Roots: 4.4ms
[2026-10-07T18:12:56.285+0800][51.794s][info][gc,phases   ] GC(39)   Evacuate Collection Set: 80.9ms
[2026-10-07T18:12:56.285+0800][51.795s][info][gc,phases   ] GC(39)   Post Evacuate Collection Set: 5.1ms
[2026-10-07T18:12:56.285+0800][51.795s][info][gc,phases   ] GC(39)   Other: 0.3ms
[2026-10-07T18:12:56.285+0800][51.795s][info][gc,heap     ] GC(39) Eden regions: 107->0(98)
[2026-10-07T18:12:56.285+0800][51.795s][info][gc,heap     ] GC(39) Survivor regions: 11->14(15)
[2026-10-07T18:12:56.285+0800][51.795s][info][gc,heap     ] GC(39) Old regions: 72->76
[2026-10-07T18:12:56.285+0800][51.795s][info][gc,heap     ] GC(39) Archive regions: 2->2
[2026-10-07T18:12:56.285+0800][51.795s][info][gc,heap     ] GC(39) Humongous regions: 5->5
[2026-10-07T18:12:56.285+0800][51.795s][info][gc,metaspace] GC(39) Metaspace: 130029K(131008K)->130029K(131008K) NonClass: 112527K(113024K)->112527K(113024K) Class: 17501K(17984K)->17501K(17984K)
[2026-10-07T18:12:56.285+0800][51.795s][info][gc          ] GC(39) Pause Young (Normal) (G1 Evacuation Pause) 195M->94M(233M) 93.959ms
[2026-10-07T18:12:56.285+0800][51.795s][info][gc,cpu      ] GC(39) User=0.04s Sys=0.10s Real=0.09s
[2026-10-07T18:12:56.286+0800][51.795s][info][safepoint   ] Safepoint "G1CollectForAllocation", Time since last: 275003416 ns, Reaching safepoint: 611250 ns, At safepoint: 94378750 ns, Total: 94990000 ns
[2026-10-07T18:12:57.461+0800][52.971s][info][safepoint   ] Safepoint "Cleanup", Time since last: 1141658792 ns, Reaching safepoint: 33456667 ns, At safepoint: 198458 ns, Total: 33655125 ns
[2026-10-07T18:12:58.246+0800][53.756s][info][safepoint   ] Safepoint "ICBufferFull", Time since last: 784650292 ns, Reaching safepoint: 297416 ns, At safepoint: 69167 ns, Total: 366583 ns
[2026-10-07T18:12:58.663+0800][54.172s][info][safepoint   ] Safepoint "ICBufferFull", Time since last: 416552875 ns, Reaching safepoint: 163500 ns, At safepoint: 7833 ns, Total: 171333 ns
[2026-10-07T18:12:58.793+0800][54.302s][info][safepoint   ] Safepoint "ICBufferFull", Time since last: 129523459 ns, Reaching safepoint: 264250 ns, At safepoint: 82291 ns, Total: 346541 ns
[2026-10-07T18:12:58.873+0800][54.382s][info][gc,start    ] GC(40) Pause Young (Normal) (G1 Evacuation Pause)
[2026-10-07T18:12:58.873+0800][54.382s][info][gc,task     ] GC(40) Using 9 workers of 9 for evacuation
[2026-10-07T18:12:58.930+0800][54.439s][info][gc,phases   ] GC(40)   Pre Evacuate Collection Set: 0.9ms
[2026-10-07T18:12:58.930+0800][54.439s][info][gc,phases   ] GC(40)   Merge Heap Roots: 0.9ms
[2026-10-07T18:12:58.930+0800][54.439s][info][gc,phases   ] GC(40)   Evacuate Collection Set: 53.9ms
[2026-10-07T18:12:58.930+0800][54.439s][info][gc,phases   ] GC(40)   Post Evacuate Collection Set: 0.9ms
[2026-10-07T18:12:58.930+0800][54.439s][info][gc,phases   ] GC(40)   Other: 0.4ms
[2026-10-07T18:12:58.930+0800][54.439s][info][gc,heap     ] GC(40) Eden regions: 98->0(94)
[2026-10-07T18:12:58.930+0800][54.439s][info][gc,heap     ] GC(40) Survivor regions: 14->13(14)
[2026-10-07T18:12:58.930+0800][54.439s][info][gc,heap     ] GC(40) Old regions: 76->82
[2026-10-07T18:12:58.930+0800][54.439s][info][gc,heap     ] GC(40) Archive regions: 2->2
[2026-10-07T18:12:58.930+0800][54.439s][info][gc,heap     ] GC(40) Humongous regions: 5->5
[2026-10-07T18:12:58.930+0800][54.439s][info][gc,metaspace] GC(40) Metaspace: 130283K(131328K)->130283K(131328K) NonClass: 112780K(113344K)->112780K(113344K) Class: 17503K(17984K)->17503K(17984K)
[2026-10-07T18:12:58.930+0800][54.439s][info][gc          ] GC(40) Pause Young (Normal) (G1 Evacuation Pause) 192M->100M(233M) 57.012ms
[2026-10-07T18:12:58.930+0800][54.439s][info][gc,cpu      ] GC(40) User=0.04s Sys=0.07s Real=0.06s
[2026-10-07T18:12:58.931+0800][54.440s][info][safepoint   ] Safepoint "G1CollectForAllocation", Time since last: 79715042 ns, Reaching safepoint: 159167 ns, At safepoint: 57981333 ns, Total: 58140500 ns
[2026-10-07T18:12:59.047+0800][54.557s][info][safepoint   ] Safepoint "ICBufferFull", Time since last: 116562000 ns, Reaching safepoint: 179333 ns, At safepoint: 10459 ns, Total: 189792 ns
[2026-10-07T18:12:59.109+0800][54.619s][info][safepoint   ] Safepoint "ICBufferFull", Time since last: 61816500 ns, Reaching safepoint: 100166 ns, At safepoint: 8709 ns, Total: 108875 ns
[2026-10-07T18:12:59.250+0800][54.760s][info][safepoint   ] Safepoint "ICBufferFull", Time since last: 140808125 ns, Reaching safepoint: 225791 ns, At safepoint: 66334 ns, Total: 292125 ns
[2026-10-07T18:12:59.521+0800][55.030s][info][safepoint   ] Safepoint "ICBufferFull", Time since last: 270152208 ns, Reaching safepoint: 131583 ns, At safepoint: 69625 ns, Total: 201208 ns
[2026-10-07T18:12:59.880+0800][55.390s][info][gc,start    ] GC(41) Pause Young (Normal) (G1 Evacuation Pause)
[2026-10-07T18:12:59.880+0800][55.390s][info][gc,task     ] GC(41) Using 9 workers of 9 for evacuation
[2026-10-07T18:12:59.933+0800][55.443s][info][gc,phases   ] GC(41)   Pre Evacuate Collection Set: 0.1ms
[2026-10-07T18:12:59.933+0800][55.443s][info][gc,phases   ] GC(41)   Merge Heap Roots: 0.1ms
[2026-10-07T18:12:59.933+0800][55.443s][info][gc,phases   ] GC(41)   Evacuate Collection Set: 51.7ms
[2026-10-07T18:12:59.933+0800][55.443s][info][gc,phases   ] GC(41)   Post Evacuate Collection Set: 0.7ms
[2026-10-07T18:12:59.933+0800][55.443s][info][gc,phases   ] GC(41)   Other: 0.4ms
[2026-10-07T18:12:59.933+0800][55.443s][info][gc,heap     ] GC(41) Eden regions: 94->0(90)
[2026-10-07T18:12:59.933+0800][55.443s][info][gc,heap     ] GC(41) Survivor regions: 13->10(14)
[2026-10-07T18:12:59.933+0800][55.443s][info][gc,heap     ] GC(41) Old regions: 82->89
[2026-10-07T18:12:59.933+0800][55.443s][info][gc,heap     ] GC(41) Archive regions: 2->2
[2026-10-07T18:12:59.933+0800][55.443s][info][gc,heap     ] GC(41) Humongous regions: 5->5
[2026-10-07T18:12:59.933+0800][55.443s][info][gc,metaspace] GC(41) Metaspace: 130742K(131776K)->130742K(131776K) NonClass: 113231K(113792K)->113231K(113792K) Class: 17511K(17984K)->17511K(17984K)
[2026-10-07T18:12:59.933+0800][55.443s][info][gc          ] GC(41) Pause Young (Normal) (G1 Evacuation Pause) 194M->104M(233M) 53.158ms
[2026-10-07T18:12:59.933+0800][55.443s][info][gc,cpu      ] GC(41) User=0.04s Sys=0.05s Real=0.05s
[2026-10-07T18:12:59.933+0800][55.443s][info][safepoint   ] Safepoint "G1CollectForAllocation", Time since last: 359304000 ns, Reaching safepoint: 199834 ns, At safepoint: 53288291 ns, Total: 53488125 ns
[2026-10-07T18:13:00.621+0800][56.130s][info][safepoint   ] Safepoint "ICBufferFull", Time since last: 687318334 ns, Reaching safepoint: 144541 ns, At safepoint: 7959 ns, Total: 152500 ns
[2026-10-07T18:13:00.750+0800][56.259s][info][gc,start    ] GC(42) Pause Young (Normal) (G1 Evacuation Pause)
[2026-10-07T18:13:00.750+0800][56.260s][info][gc,task     ] GC(42) Using 9 workers of 9 for evacuation
[2026-10-07T18:13:00.780+0800][56.289s][info][gc,phases   ] GC(42)   Pre Evacuate Collection Set: 0.1ms
[2026-10-07T18:13:00.780+0800][56.289s][info][gc,phases   ] GC(42)   Merge Heap Roots: 0.1ms
[2026-10-07T18:13:00.780+0800][56.289s][info][gc,phases   ] GC(42)   Evacuate Collection Set: 28.5ms
[2026-10-07T18:13:00.780+0800][56.289s][info][gc,phases   ] GC(42)   Post Evacuate Collection Set: 0.6ms
[2026-10-07T18:13:00.780+0800][56.289s][info][gc,phases   ] GC(42)   Other: 0.1ms
[2026-10-07T18:13:00.780+0800][56.289s][info][gc,heap     ] GC(42) Eden regions: 90->0(88)
[2026-10-07T18:13:00.780+0800][56.289s][info][gc,heap     ] GC(42) Survivor regions: 10->8(13)
[2026-10-07T18:13:00.780+0800][56.289s][info][gc,heap     ] GC(42) Old regions: 89->94
[2026-10-07T18:13:00.780+0800][56.289s][info][gc,heap     ] GC(42) Archive regions: 2->2
[2026-10-07T18:13:00.780+0800][56.289s][info][gc,heap     ] GC(42) Humongous regions: 5->5
[2026-10-07T18:13:00.780+0800][56.289s][info][gc,metaspace] GC(42) Metaspace: 130806K(131776K)->130806K(131776K) NonClass: 113294K(113792K)->113294K(113792K) Class: 17511K(17984K)->17511K(17984K)
[2026-10-07T18:13:00.780+0800][56.289s][info][gc          ] GC(42) Pause Young (Normal) (G1 Evacuation Pause) 194M->106M(233M) 29.705ms
[2026-10-07T18:13:00.780+0800][56.289s][info][gc,cpu      ] GC(42) User=0.02s Sys=0.03s Real=0.03s
[2026-10-07T18:13:00.780+0800][56.289s][info][safepoint   ] Safepoint "G1CollectForAllocation", Time since last: 129024000 ns, Reaching safepoint: 44708 ns, At safepoint: 29822167 ns, Total: 29866875 ns
[2026-10-07T18:13:01.066+0800][56.575s][info][safepoint   ] Safepoint "ICBufferFull", Time since last: 285556416 ns, Reaching safepoint: 138084 ns, At safepoint: 66083 ns, Total: 204167 ns
[2026-10-07T18:13:01.069+0800][56.578s][info][gc,start    ] GC(43) Pause Young (Normal) (G1 Evacuation Pause)
[2026-10-07T18:13:01.069+0800][56.578s][info][gc,task     ] GC(43) Using 9 workers of 9 for evacuation
[2026-10-07T18:13:01.077+0800][56.586s][info][gc,phases   ] GC(43)   Pre Evacuate Collection Set: 0.0ms
[2026-10-07T18:13:01.077+0800][56.586s][info][gc,phases   ] GC(43)   Merge Heap Roots: 0.0ms
[2026-10-07T18:13:01.077+0800][56.586s][info][gc,phases   ] GC(43)   Evacuate Collection Set: 7.6ms
[2026-10-07T18:13:01.077+0800][56.586s][info][gc,phases   ] GC(43)   Post Evacuate Collection Set: 0.6ms
[2026-10-07T18:13:01.077+0800][56.586s][info][gc,phases   ] GC(43)   Other: 0.1ms
[2026-10-07T18:13:01.077+0800][56.586s][info][gc,heap     ] GC(43) Eden regions: 88->0(86)
[2026-10-07T18:13:01.077+0800][56.587s][info][gc,heap     ] GC(43) Survivor regions: 8->6(12)
[2026-10-07T18:13:01.077+0800][56.587s][info][gc,heap     ] GC(43) Old regions: 94->99
[2026-10-07T18:13:01.077+0800][56.587s][info][gc,heap     ] GC(43) Archive regions: 2->2
[2026-10-07T18:13:01.077+0800][56.587s][info][gc,heap     ] GC(43) Humongous regions: 5->5
[2026-10-07T18:13:01.077+0800][56.587s][info][gc,metaspace] GC(43) Metaspace: 130840K(131840K)->130840K(131840K) NonClass: 113329K(113856K)->113329K(113856K) Class: 17511K(17984K)->17511K(17984K)
[2026-10-07T18:13:01.077+0800][56.587s][info][gc          ] GC(43) Pause Young (Normal) (G1 Evacuation Pause) 194M->109M(233M) 8.710ms
[2026-10-07T18:13:01.077+0800][56.587s][info][gc,cpu      ] GC(43) User=0.02s Sys=0.01s Real=0.01s
[2026-10-07T18:13:01.077+0800][56.587s][info][safepoint   ] Safepoint "G1CollectForAllocation", Time since last: 2532875 ns, Reaching safepoint: 408417 ns, At safepoint: 8790500 ns, Total: 9198917 ns
[2026-10-07T18:13:01.326+0800][56.835s][info][gc,start    ] GC(44) Pause Young (Concurrent Start) (G1 Evacuation Pause)
[2026-10-07T18:13:01.326+0800][56.835s][info][gc,task     ] GC(44) Using 9 workers of 9 for evacuation
[2026-10-07T18:13:01.334+0800][56.843s][info][gc,phases   ] GC(44)   Pre Evacuate Collection Set: 0.3ms
[2026-10-07T18:13:01.334+0800][56.843s][info][gc,phases   ] GC(44)   Merge Heap Roots: 0.1ms
[2026-10-07T18:13:01.334+0800][56.843s][info][gc,phases   ] GC(44)   Evacuate Collection Set: 6.6ms
[2026-10-07T18:13:01.334+0800][56.843s][info][gc,phases   ] GC(44)   Post Evacuate Collection Set: 0.8ms
[2026-10-07T18:13:01.334+0800][56.843s][info][gc,phases   ] GC(44)   Other: 0.1ms
[2026-10-07T18:13:01.334+0800][56.843s][info][gc,heap     ] GC(44) Eden regions: 86->0(85)
[2026-10-07T18:13:01.334+0800][56.843s][info][gc,heap     ] GC(44) Survivor regions: 6->8(12)
[2026-10-07T18:13:01.334+0800][56.843s][info][gc,heap     ] GC(44) Old regions: 99->99
[2026-10-07T18:13:01.334+0800][56.843s][info][gc,heap     ] GC(44) Archive regions: 2->2
[2026-10-07T18:13:01.334+0800][56.843s][info][gc,heap     ] GC(44) Humongous regions: 5->5
[2026-10-07T18:13:01.334+0800][56.843s][info][gc,metaspace] GC(44) Metaspace: 131178K(132224K)->131178K(132224K) NonClass: 113666K(114240K)->113666K(114240K) Class: 17511K(17984K)->17511K(17984K)
[2026-10-07T18:13:01.334+0800][56.843s][info][gc          ] GC(44) Pause Young (Concurrent Start) (G1 Evacuation Pause) 195M->111M(233M) 7.963ms
[2026-10-07T18:13:01.334+0800][56.843s][info][gc,cpu      ] GC(44) User=0.01s Sys=0.01s Real=0.01s
[2026-10-07T18:13:01.334+0800][56.844s][info][safepoint   ] Safepoint "G1CollectForAllocation", Time since last: 248515500 ns, Reaching safepoint: 178833 ns, At safepoint: 8086000 ns, Total: 8264833 ns
[2026-10-07T18:13:01.334+0800][56.844s][info][gc          ] GC(45) Concurrent Mark Cycle
[2026-10-07T18:13:01.334+0800][56.844s][info][gc,marking  ] GC(45) Concurrent Clear Claimed Marks
[2026-10-07T18:13:01.334+0800][56.844s][info][gc,marking  ] GC(45) Concurrent Clear Claimed Marks 0.156ms
[2026-10-07T18:13:01.334+0800][56.844s][info][gc,marking  ] GC(45) Concurrent Scan Root Regions
[2026-10-07T18:13:01.351+0800][56.861s][info][gc,marking  ] GC(45) Concurrent Scan Root Regions 16.834ms
[2026-10-07T18:13:01.351+0800][56.861s][info][gc,marking  ] GC(45) Concurrent Mark
[2026-10-07T18:13:01.351+0800][56.861s][info][gc,marking  ] GC(45) Concurrent Mark From Roots
[2026-10-07T18:13:01.351+0800][56.861s][info][gc,task     ] GC(45) Using 2 workers of 2 for marking
[2026-10-07T18:13:01.450+0800][56.959s][info][gc,marking  ] GC(45) Concurrent Mark From Roots 98.784ms
[2026-10-07T18:13:01.450+0800][56.960s][info][gc,marking  ] GC(45) Concurrent Preclean
[2026-10-07T18:13:01.450+0800][56.960s][info][gc,marking  ] GC(45) Concurrent Preclean 0.060ms
[2026-10-07T18:13:01.450+0800][56.960s][info][gc,start    ] GC(45) Pause Remark
[2026-10-07T18:13:01.522+0800][57.032s][info][gc          ] GC(45) Pause Remark 152M->151M(257M) 71.973ms
[2026-10-07T18:13:01.522+0800][57.032s][info][gc,cpu      ] GC(45) User=0.04s Sys=0.07s Real=0.07s
[2026-10-07T18:13:01.522+0800][57.032s][info][safepoint   ] Safepoint "G1Concurrent", Time since last: 116074792 ns, Reaching safepoint: 154916 ns, At safepoint: 72162542 ns, Total: 72317458 ns
[2026-10-07T18:13:01.523+0800][57.032s][info][gc,marking  ] GC(45) Concurrent Mark 171.284ms
[2026-10-07T18:13:01.523+0800][57.032s][info][gc,marking  ] GC(45) Concurrent Rebuild Remembered Sets
[2026-10-07T18:13:01.552+0800][57.061s][info][gc,marking  ] GC(45) Concurrent Rebuild Remembered Sets 29.293ms
[2026-10-07T18:13:01.559+0800][57.069s][info][gc,start    ] GC(45) Pause Cleanup
[2026-10-07T18:13:01.559+0800][57.069s][info][gc          ] GC(45) Pause Cleanup 168M->168M(257M) 0.102ms
[2026-10-07T18:13:01.559+0800][57.069s][info][gc,cpu      ] GC(45) User=0.00s Sys=0.00s Real=0.00s
[2026-10-07T18:13:01.559+0800][57.069s][info][safepoint   ] Safepoint "G1Concurrent", Time since last: 29454667 ns, Reaching safepoint: 7205833 ns, At safepoint: 156917 ns, Total: 7362750 ns
[2026-10-07T18:13:01.559+0800][57.069s][info][gc,marking  ] GC(45) Concurrent Cleanup for Next Mark
[2026-10-07T18:13:01.560+0800][57.069s][info][gc,marking  ] GC(45) Concurrent Cleanup for Next Mark 0.635ms
[2026-10-07T18:13:01.560+0800][57.069s][info][gc          ] GC(45) Concurrent Mark Cycle 225.797ms
[2026-10-07T18:13:01.643+0800][57.152s][info][gc,start    ] GC(46) Pause Young (Prepare Mixed) (G1 Evacuation Pause)
[2026-10-07T18:13:01.643+0800][57.152s][info][gc,task     ] GC(46) Using 9 workers of 9 for evacuation
[2026-10-07T18:13:01.648+0800][57.158s][info][gc,phases   ] GC(46)   Pre Evacuate Collection Set: 0.0ms
[2026-10-07T18:13:01.648+0800][57.158s][info][gc,phases   ] GC(46)   Merge Heap Roots: 0.2ms
[2026-10-07T18:13:01.648+0800][57.158s][info][gc,phases   ] GC(46)   Evacuate Collection Set: 4.6ms
[2026-10-07T18:13:01.648+0800][57.158s][info][gc,phases   ] GC(46)   Post Evacuate Collection Set: 0.6ms
[2026-10-07T18:13:01.649+0800][57.158s][info][gc,phases   ] GC(46)   Other: 0.1ms
[2026-10-07T18:13:01.649+0800][57.158s][info][gc,heap     ] GC(46) Eden regions: 85->0(4)
[2026-10-07T18:13:01.649+0800][57.158s][info][gc,heap     ] GC(46) Survivor regions: 8->8(12)
[2026-10-07T18:13:01.649+0800][57.158s][info][gc,heap     ] GC(46) Old regions: 98->100
[2026-10-07T18:13:01.649+0800][57.158s][info][gc,heap     ] GC(46) Archive regions: 2->2
[2026-10-07T18:13:01.649+0800][57.158s][info][gc,heap     ] GC(46) Humongous regions: 5->5
[2026-10-07T18:13:01.649+0800][57.158s][info][gc,metaspace] GC(46) Metaspace: 131208K(132224K)->131208K(132224K) NonClass: 113694K(114240K)->113694K(114240K) Class: 17513K(17984K)->17513K(17984K)
[2026-10-07T18:13:01.649+0800][57.158s][info][gc          ] GC(46) Pause Young (Prepare Mixed) (G1 Evacuation Pause) 196M->113M(257M) 5.714ms
[2026-10-07T18:13:01.649+0800][57.158s][info][gc,cpu      ] GC(46) User=0.02s Sys=0.01s Real=0.00s
[2026-10-07T18:13:01.649+0800][57.158s][info][safepoint   ] Safepoint "G1CollectForAllocation", Time since last: 68894333 ns, Reaching safepoint: 14664333 ns, At safepoint: 5841417 ns, Total: 20505750 ns
[2026-10-07T18:13:01.663+0800][57.172s][info][gc,start    ] GC(47) Pause Young (Mixed) (G1 Evacuation Pause)
[2026-10-07T18:13:01.663+0800][57.172s][info][gc,task     ] GC(47) Using 9 workers of 9 for evacuation
[2026-10-07T18:13:01.666+0800][57.176s][info][gc,phases   ] GC(47)   Pre Evacuate Collection Set: 0.0ms
[2026-10-07T18:13:01.666+0800][57.176s][info][gc,phases   ] GC(47)   Merge Heap Roots: 0.1ms
[2026-10-07T18:13:01.666+0800][57.176s][info][gc,phases   ] GC(47)   Evacuate Collection Set: 3.3ms
[2026-10-07T18:13:01.666+0800][57.176s][info][gc,phases   ] GC(47)   Post Evacuate Collection Set: 0.2ms
[2026-10-07T18:13:01.666+0800][57.176s][info][gc,phases   ] GC(47)   Other: 0.1ms
[2026-10-07T18:13:01.666+0800][57.176s][info][gc,heap     ] GC(47) Eden regions: 4->0(114)
[2026-10-07T18:13:01.666+0800][57.176s][info][gc,heap     ] GC(47) Survivor regions: 8->2(2)
[2026-10-07T18:13:01.666+0800][57.176s][info][gc,heap     ] GC(47) Old regions: 100->97
[2026-10-07T18:13:01.667+0800][57.176s][info][gc,heap     ] GC(47) Archive regions: 2->2
[2026-10-07T18:13:01.667+0800][57.176s][info][gc,heap     ] GC(47) Humongous regions: 5->5
[2026-10-07T18:13:01.667+0800][57.176s][info][gc,metaspace] GC(47) Metaspace: 131211K(132224K)->131211K(132224K) NonClass: 113697K(114240K)->113697K(114240K) Class: 17513K(17984K)->17513K(17984K)
[2026-10-07T18:13:01.667+0800][57.176s][info][gc          ] GC(47) Pause Young (Mixed) (G1 Evacuation Pause) 117M->104M(257M) 3.660ms
[2026-10-07T18:13:01.667+0800][57.176s][info][gc,cpu      ] GC(47) User=0.02s Sys=0.01s Real=0.00s
[2026-10-07T18:13:01.667+0800][57.176s][info][safepoint   ] Safepoint "G1CollectForAllocation", Time since last: 5816708 ns, Reaching safepoint: 8358625 ns, At safepoint: 3708917 ns, Total: 12067542 ns
[2026-10-07T18:13:02.241+0800][57.751s][info][gc,start    ] GC(48) Pause Young (Normal) (G1 Evacuation Pause)
[2026-10-07T18:13:02.241+0800][57.751s][info][gc,task     ] GC(48) Using 9 workers of 9 for evacuation
[2026-10-07T18:13:02.267+0800][57.776s][info][gc,phases   ] GC(48)   Pre Evacuate Collection Set: 0.2ms
[2026-10-07T18:13:02.267+0800][57.776s][info][gc,phases   ] GC(48)   Merge Heap Roots: 0.1ms
[2026-10-07T18:13:02.267+0800][57.776s][info][gc,phases   ] GC(48)   Evacuate Collection Set: 24.5ms
[2026-10-07T18:13:02.267+0800][57.776s][info][gc,phases   ] GC(48)   Post Evacuate Collection Set: 0.6ms
[2026-10-07T18:13:02.267+0800][57.776s][info][gc,phases   ] GC(48)   Other: 0.4ms
[2026-10-07T18:13:02.267+0800][57.776s][info][gc,heap     ] GC(48) Eden regions: 114->0(113)
[2026-10-07T18:13:02.267+0800][57.776s][info][gc,heap     ] GC(48) Survivor regions: 2->4(15)
[2026-10-07T18:13:02.267+0800][57.776s][info][gc,heap     ] GC(48) Old regions: 97->97
[2026-10-07T18:13:02.267+0800][57.776s][info][gc,heap     ] GC(48) Archive regions: 2->2
[2026-10-07T18:13:02.267+0800][57.776s][info][gc,heap     ] GC(48) Humongous regions: 5->5
[2026-10-07T18:13:02.267+0800][57.776s][info][gc,metaspace] GC(48) Metaspace: 131260K(132288K)->131260K(132288K) NonClass: 113743K(114304K)->113743K(114304K) Class: 17517K(17984K)->17517K(17984K)
[2026-10-07T18:13:02.267+0800][57.776s][info][gc          ] GC(48) Pause Young (Normal) (G1 Evacuation Pause) 218M->106M(257M) 25.779ms
[2026-10-07T18:13:02.267+0800][57.777s][info][gc,cpu      ] GC(48) User=0.03s Sys=0.03s Real=0.02s
[2026-10-07T18:13:02.267+0800][57.777s][info][safepoint   ] Safepoint "G1CollectForAllocation", Time since last: 574007000 ns, Reaching safepoint: 581125 ns, At safepoint: 25954833 ns, Total: 26535958 ns
[2026-10-07T18:13:02.835+0800][58.345s][info][gc,start    ] GC(49) Pause Young (Normal) (G1 Evacuation Pause)
[2026-10-07T18:13:02.835+0800][58.345s][info][gc,task     ] GC(49) Using 9 workers of 9 for evacuation
[2026-10-07T18:13:02.838+0800][58.347s][info][gc,phases   ] GC(49)   Pre Evacuate Collection Set: 0.1ms
[2026-10-07T18:13:02.838+0800][58.347s][info][gc,phases   ] GC(49)   Merge Heap Roots: 0.1ms
[2026-10-07T18:13:02.838+0800][58.347s][info][gc,phases   ] GC(49)   Evacuate Collection Set: 2.0ms
[2026-10-07T18:13:02.838+0800][58.347s][info][gc,phases   ] GC(49)   Post Evacuate Collection Set: 0.3ms
[2026-10-07T18:13:02.838+0800][58.347s][info][gc,phases   ] GC(49)   Other: 0.1ms
[2026-10-07T18:13:02.838+0800][58.347s][info][gc,heap     ] GC(49) Eden regions: 113->0(111)
[2026-10-07T18:13:02.838+0800][58.347s][info][gc,heap     ] GC(49) Survivor regions: 4->6(15)
[2026-10-07T18:13:02.838+0800][58.347s][info][gc,heap     ] GC(49) Old regions: 97->97
[2026-10-07T18:13:02.838+0800][58.347s][info][gc,heap     ] GC(49) Archive regions: 2->2
[2026-10-07T18:13:02.838+0800][58.347s][info][gc,heap     ] GC(49) Humongous regions: 5->5
[2026-10-07T18:13:02.838+0800][58.347s][info][gc,metaspace] GC(49) Metaspace: 131270K(132352K)->131270K(132352K) NonClass: 113752K(114304K)->113752K(114304K) Class: 17518K(18048K)->17518K(18048K)
[2026-10-07T18:13:02.838+0800][58.347s][info][gc          ] GC(49) Pause Young (Normal) (G1 Evacuation Pause) 219M->108M(257M) 2.548ms
[2026-10-07T18:13:02.838+0800][58.347s][info][gc,cpu      ] GC(49) User=0.02s Sys=0.01s Real=0.00s
[2026-10-07T18:13:02.838+0800][58.347s][info][safepoint   ] Safepoint "G1CollectForAllocation", Time since last: 567900542 ns, Reaching safepoint: 72500 ns, At safepoint: 2593875 ns, Total: 2666375 ns
[2026-10-07T18:13:03.044+0800][58.554s][info][gc,start    ] GC(50) Pause Young (Normal) (G1 Evacuation Pause)
[2026-10-07T18:13:03.044+0800][58.554s][info][gc,task     ] GC(50) Using 9 workers of 9 for evacuation
[2026-10-07T18:13:03.047+0800][58.557s][info][gc,phases   ] GC(50)   Pre Evacuate Collection Set: 0.0ms
[2026-10-07T18:13:03.047+0800][58.557s][info][gc,phases   ] GC(50)   Merge Heap Roots: 0.1ms
[2026-10-07T18:13:03.047+0800][58.557s][info][gc,phases   ] GC(50)   Evacuate Collection Set: 2.7ms
[2026-10-07T18:13:03.047+0800][58.557s][info][gc,phases   ] GC(50)   Post Evacuate Collection Set: 0.4ms
[2026-10-07T18:13:03.047+0800][58.557s][info][gc,phases   ] GC(50)   Other: 0.1ms
[2026-10-07T18:13:03.047+0800][58.557s][info][gc,heap     ] GC(50) Eden regions: 111->0(110)
[2026-10-07T18:13:03.047+0800][58.557s][info][gc,heap     ] GC(50) Survivor regions: 6->8(15)
[2026-10-07T18:13:03.047+0800][58.557s][info][gc,heap     ] GC(50) Old regions: 97->97
[2026-10-07T18:13:03.048+0800][58.557s][info][gc,heap     ] GC(50) Archive regions: 2->2
[2026-10-07T18:13:03.048+0800][58.557s][info][gc,heap     ] GC(50) Humongous regions: 5->5
[2026-10-07T18:13:03.048+0800][58.557s][info][gc,metaspace] GC(50) Metaspace: 131276K(132352K)->131276K(132352K) NonClass: 113758K(114304K)->113758K(114304K) Class: 17518K(18048K)->17518K(18048K)
[2026-10-07T18:13:03.048+0800][58.557s][info][gc          ] GC(50) Pause Young (Normal) (G1 Evacuation Pause) 219M->110M(257M) 3.420ms
[2026-10-07T18:13:03.048+0800][58.557s][info][gc,cpu      ] GC(50) User=0.02s Sys=0.01s Real=0.00s
[2026-10-07T18:13:03.048+0800][58.557s][info][safepoint   ] Safepoint "G1CollectForAllocation", Time since last: 206424333 ns, Reaching safepoint: 38375 ns, At safepoint: 3487250 ns, Total: 3525625 ns
[2026-10-07T18:13:03.828+0800][59.337s][info][safepoint   ] Safepoint "ICBufferFull", Time since last: 743253000 ns, Reaching safepoint: 36845459 ns, At safepoint: 76375 ns, Total: 36921834 ns
[2026-10-07T18:13:03.882+0800][59.391s][info][safepoint   ] Safepoint "ICBufferFull", Time since last: 54113416 ns, Reaching safepoint: 89250 ns, At safepoint: 1042 ns, Total: 90292 ns
[2026-10-07T18:13:03.941+0800][59.450s][info][safepoint   ] Safepoint "ICBufferFull", Time since last: 58854708 ns, Reaching safepoint: 84292 ns, At safepoint: 6917 ns, Total: 91209 ns
[2026-10-07T18:13:03.941+0800][59.451s][info][safepoint   ] Safepoint "ICBufferFull", Time since last: 64250 ns, Reaching safepoint: 38916 ns, At safepoint: 7459 ns, Total: 46375 ns
[2026-10-07T18:13:04.272+0800][59.781s][info][gc,start    ] GC(51) Pause Young (Normal) (G1 Evacuation Pause)
[2026-10-07T18:13:04.272+0800][59.781s][info][gc,task     ] GC(51) Using 9 workers of 9 for evacuation
[2026-10-07T18:13:04.302+0800][59.812s][info][gc,phases   ] GC(51)   Pre Evacuate Collection Set: 0.1ms
[2026-10-07T18:13:04.302+0800][59.812s][info][gc,phases   ] GC(51)   Merge Heap Roots: 1.5ms
[2026-10-07T18:13:04.302+0800][59.812s][info][gc,phases   ] GC(51)   Evacuate Collection Set: 26.6ms
[2026-10-07T18:13:04.302+0800][59.812s][info][gc,phases   ] GC(51)   Post Evacuate Collection Set: 2.4ms
[2026-10-07T18:13:04.302+0800][59.812s][info][gc,phases   ] GC(51)   Other: 0.2ms
[2026-10-07T18:13:04.302+0800][59.812s][info][gc,heap     ] GC(51) Eden regions: 110->0(112)
[2026-10-07T18:13:04.302+0800][59.812s][info][gc,heap     ] GC(51) Survivor regions: 8->6(15)
[2026-10-07T18:13:04.302+0800][59.812s][info][gc,heap     ] GC(51) Old regions: 97->97
[2026-10-07T18:13:04.302+0800][59.812s][info][gc,heap     ] GC(51) Archive regions: 2->2
[2026-10-07T18:13:04.303+0800][59.812s][info][gc,heap     ] GC(51) Humongous regions: 5->5
[2026-10-07T18:13:04.303+0800][59.812s][info][gc,metaspace] GC(51) Metaspace: 131631K(132672K)->131631K(132672K) NonClass: 114096K(114624K)->114096K(114624K) Class: 17534K(18048K)->17534K(18048K)
[2026-10-07T18:13:04.303+0800][59.812s][info][gc          ] GC(51) Pause Young (Normal) (G1 Evacuation Pause) 220M->108M(257M) 30.873ms
[2026-10-07T18:13:04.303+0800][59.812s][info][gc,cpu      ] GC(51) User=0.02s Sys=0.05s Real=0.03s
[2026-10-07T18:13:04.303+0800][59.812s][info][safepoint   ] Safepoint "G1CollectForAllocation", Time since last: 330633041 ns, Reaching safepoint: 118459 ns, At safepoint: 31207500 ns, Total: 31325959 ns
[2026-10-07T18:13:05.211+0800][60.721s][info][safepoint   ] Safepoint "ICBufferFull", Time since last: 908112875 ns, Reaching safepoint: 126500 ns, At safepoint: 625 ns, Total: 127125 ns
[2026-10-07T18:13:05.237+0800][60.747s][info][gc,start    ] GC(52) Pause Young (Normal) (G1 Evacuation Pause)
[2026-10-07T18:13:05.237+0800][60.747s][info][gc,task     ] GC(52) Using 9 workers of 9 for evacuation
[2026-10-07T18:13:05.252+0800][60.762s][info][gc,phases   ] GC(52)   Pre Evacuate Collection Set: 0.1ms
[2026-10-07T18:13:05.252+0800][60.762s][info][gc,phases   ] GC(52)   Merge Heap Roots: 0.2ms
[2026-10-07T18:13:05.252+0800][60.762s][info][gc,phases   ] GC(52)   Evacuate Collection Set: 13.7ms
[2026-10-07T18:13:05.252+0800][60.762s][info][gc,phases   ] GC(52)   Post Evacuate Collection Set: 0.8ms
[2026-10-07T18:13:05.252+0800][60.762s][info][gc,phases   ] GC(52)   Other: 0.2ms
[2026-10-07T18:13:05.252+0800][60.762s][info][gc,heap     ] GC(52) Eden regions: 112->0(99)
[2026-10-07T18:13:05.252+0800][60.762s][info][gc,heap     ] GC(52) Survivor regions: 6->14(15)
[2026-10-07T18:13:05.253+0800][60.762s][info][gc,heap     ] GC(52) Old regions: 97->97
[2026-10-07T18:13:05.253+0800][60.762s][info][gc,heap     ] GC(52) Archive regions: 2->2
[2026-10-07T18:13:05.253+0800][60.762s][info][gc,heap     ] GC(52) Humongous regions: 5->5
[2026-10-07T18:13:05.253+0800][60.762s][info][gc,metaspace] GC(52) Metaspace: 131709K(132736K)->131709K(132736K) NonClass: 114172K(114688K)->114172K(114688K) Class: 17537K(18048K)->17537K(18048K)
[2026-10-07T18:13:05.253+0800][60.762s][info][gc          ] GC(52) Pause Young (Normal) (G1 Evacuation Pause) 220M->116M(257M) 15.424ms
[2026-10-07T18:13:05.253+0800][60.762s][info][gc,cpu      ] GC(52) User=0.03s Sys=0.05s Real=0.02s
[2026-10-07T18:13:05.253+0800][60.762s][info][safepoint   ] Safepoint "G1CollectForAllocation", Time since last: 26101666 ns, Reaching safepoint: 65542 ns, At safepoint: 15529375 ns, Total: 15594917 ns
[2026-10-07T18:13:05.532+0800][61.041s][info][safepoint   ] Safepoint "ICBufferFull", Time since last: 278591875 ns, Reaching safepoint: 266583 ns, At safepoint: 70959 ns, Total: 337542 ns
[2026-10-07T18:13:05.826+0800][61.336s][info][safepoint   ] Safepoint "ICBufferFull", Time since last: 293848000 ns, Reaching safepoint: 263708 ns, At safepoint: 68583 ns, Total: 332291 ns
[2026-10-07T18:13:05.854+0800][61.364s][info][gc,start    ] GC(53) Pause Young (Normal) (G1 Evacuation Pause)
[2026-10-07T18:13:05.854+0800][61.364s][info][gc,task     ] GC(53) Using 9 workers of 9 for evacuation
[2026-10-07T18:13:06.022+0800][61.531s][info][gc,phases   ] GC(53)   Pre Evacuate Collection Set: 0.1ms
[2026-10-07T18:13:06.022+0800][61.531s][info][gc,phases   ] GC(53)   Merge Heap Roots: 0.2ms
[2026-10-07T18:13:06.022+0800][61.531s][info][gc,phases   ] GC(53)   Evacuate Collection Set: 166.4ms
[2026-10-07T18:13:06.022+0800][61.531s][info][gc,phases   ] GC(53)   Post Evacuate Collection Set: 0.9ms
[2026-10-07T18:13:06.022+0800][61.531s][info][gc,phases   ] GC(53)   Other: 0.1ms
[2026-10-07T18:13:06.022+0800][61.531s][info][gc,heap     ] GC(53) Eden regions: 99->0(96)
[2026-10-07T18:13:06.022+0800][61.531s][info][gc,heap     ] GC(53) Survivor regions: 14->6(15)
[2026-10-07T18:13:06.022+0800][61.531s][info][gc,heap     ] GC(53) Old regions: 97->110
[2026-10-07T18:13:06.022+0800][61.531s][info][gc,heap     ] GC(53) Archive regions: 2->2
[2026-10-07T18:13:06.022+0800][61.532s][info][gc,heap     ] GC(53) Humongous regions: 5->5
[2026-10-07T18:13:06.022+0800][61.532s][info][gc,metaspace] GC(53) Metaspace: 131977K(133056K)->131977K(133056K) NonClass: 114437K(115008K)->114437K(115008K) Class: 17539K(18048K)->17539K(18048K)
[2026-10-07T18:13:06.022+0800][61.532s][info][gc          ] GC(53) Pause Young (Normal) (G1 Evacuation Pause) 215M->121M(257M) 167.964ms
[2026-10-07T18:13:06.022+0800][61.532s][info][gc,cpu      ] GC(53) User=0.03s Sys=0.06s Real=0.17s
[2026-10-07T18:13:06.022+0800][61.532s][info][safepoint   ] Safepoint "G1CollectForAllocation", Time since last: 27988292 ns, Reaching safepoint: 49125 ns, At safepoint: 168216667 ns, Total: 168265792 ns
[2026-10-07T18:13:06.417+0800][61.926s][info][gc,start    ] GC(54) Pause Young (Concurrent Start) (G1 Evacuation Pause)
[2026-10-07T18:13:06.417+0800][61.927s][info][gc,task     ] GC(54) Using 9 workers of 9 for evacuation
[2026-10-07T18:13:06.422+0800][61.932s][info][gc,phases   ] GC(54)   Pre Evacuate Collection Set: 0.2ms
[2026-10-07T18:13:06.422+0800][61.932s][info][gc,phases   ] GC(54)   Merge Heap Roots: 0.0ms
[2026-10-07T18:13:06.422+0800][61.932s][info][gc,phases   ] GC(54)   Evacuate Collection Set: 4.5ms
[2026-10-07T18:13:06.422+0800][61.932s][info][gc,phases   ] GC(54)   Post Evacuate Collection Set: 0.7ms
[2026-10-07T18:13:06.422+0800][61.932s][info][gc,phases   ] GC(54)   Other: 0.5ms
[2026-10-07T18:13:06.422+0800][61.932s][info][gc,heap     ] GC(54) Eden regions: 96->0(93)
[2026-10-07T18:13:06.422+0800][61.932s][info][gc,heap     ] GC(54) Survivor regions: 6->9(13)
[2026-10-07T18:13:06.422+0800][61.932s][info][gc,heap     ] GC(54) Old regions: 110->110
[2026-10-07T18:13:06.422+0800][61.932s][info][gc,heap     ] GC(54) Archive regions: 2->2
[2026-10-07T18:13:06.422+0800][61.932s][info][gc,heap     ] GC(54) Humongous regions: 5->5
[2026-10-07T18:13:06.422+0800][61.932s][info][gc,metaspace] GC(54) Metaspace: 132056K(133120K)->132056K(133120K) NonClass: 114517K(115072K)->114517K(115072K) Class: 17539K(18048K)->17539K(18048K)
[2026-10-07T18:13:06.422+0800][61.932s][info][gc          ] GC(54) Pause Young (Concurrent Start) (G1 Evacuation Pause) 217M->124M(257M) 5.920ms
[2026-10-07T18:13:06.422+0800][61.932s][info][gc,cpu      ] GC(54) User=0.02s Sys=0.01s Real=0.01s
[2026-10-07T18:13:06.423+0800][61.932s][info][gc          ] GC(55) Concurrent Mark Cycle
[2026-10-07T18:13:06.423+0800][61.932s][info][gc,marking  ] GC(55) Concurrent Clear Claimed Marks
[2026-10-07T18:13:06.423+0800][61.932s][info][gc,marking  ] GC(55) Concurrent Clear Claimed Marks 0.099ms
[2026-10-07T18:13:06.423+0800][61.932s][info][gc,marking  ] GC(55) Concurrent Scan Root Regions
[2026-10-07T18:13:06.424+0800][61.933s][info][safepoint   ] Safepoint "G1CollectForAllocation", Time since last: 394153500 ns, Reaching safepoint: 181750 ns, At safepoint: 7027458 ns, Total: 7209208 ns
[2026-10-07T18:13:06.430+0800][61.939s][info][gc,marking  ] GC(55) Concurrent Scan Root Regions 7.092ms
[2026-10-07T18:13:06.430+0800][61.939s][info][gc,marking  ] GC(55) Concurrent Mark
[2026-10-07T18:13:06.430+0800][61.939s][info][gc,marking  ] GC(55) Concurrent Mark From Roots
[2026-10-07T18:13:06.430+0800][61.939s][info][gc,task     ] GC(55) Using 2 workers of 2 for marking
[2026-10-07T18:13:06.521+0800][62.031s][info][gc,marking  ] GC(55) Concurrent Mark From Roots 91.399ms
[2026-10-07T18:13:06.521+0800][62.031s][info][gc,marking  ] GC(55) Concurrent Preclean
[2026-10-07T18:13:06.521+0800][62.031s][info][gc,marking  ] GC(55) Concurrent Preclean 0.109ms
[2026-10-07T18:13:06.521+0800][62.031s][info][gc,start    ] GC(55) Pause Remark
[2026-10-07T18:13:06.527+0800][62.036s][info][gc          ] GC(55) Pause Remark 158M->158M(267M) 5.140ms
[2026-10-07T18:13:06.527+0800][62.036s][info][gc,cpu      ] GC(55) User=0.02s Sys=0.00s Real=0.00s
[2026-10-07T18:13:06.527+0800][62.036s][info][safepoint   ] Safepoint "G1Concurrent", Time since last: 97872792 ns, Reaching safepoint: 58458 ns, At safepoint: 5225833 ns, Total: 5284291 ns
[2026-10-07T18:13:06.527+0800][62.036s][info][gc,marking  ] GC(55) Concurrent Mark 96.905ms
[2026-10-07T18:13:06.527+0800][62.036s][info][gc,marking  ] GC(55) Concurrent Rebuild Remembered Sets
[2026-10-07T18:13:06.565+0800][62.074s][info][gc,marking  ] GC(55) Concurrent Rebuild Remembered Sets 37.938ms
[2026-10-07T18:13:06.565+0800][62.074s][info][gc,start    ] GC(55) Pause Cleanup
[2026-10-07T18:13:06.565+0800][62.075s][info][gc          ] GC(55) Pause Cleanup 177M->177M(267M) 0.143ms
[2026-10-07T18:13:06.565+0800][62.075s][info][gc,cpu      ] GC(55) User=0.00s Sys=0.00s Real=0.00s
[2026-10-07T18:13:06.565+0800][62.075s][info][safepoint   ] Safepoint "G1Concurrent", Time since last: 38047959 ns, Reaching safepoint: 123375 ns, At safepoint: 206125 ns, Total: 329500 ns
[2026-10-07T18:13:06.565+0800][62.075s][info][gc,marking  ] GC(55) Concurrent Cleanup for Next Mark
[2026-10-07T18:13:06.566+0800][62.076s][info][gc,marking  ] GC(55) Concurrent Cleanup for Next Mark 1.228ms
[2026-10-07T18:13:06.566+0800][62.076s][info][gc          ] GC(55) Concurrent Mark Cycle 143.865ms
[2026-10-07T18:13:06.656+0800][62.166s][info][gc,start    ] GC(56) Pause Young (Prepare Mixed) (G1 Evacuation Pause)
[2026-10-07T18:13:06.656+0800][62.166s][info][gc,task     ] GC(56) Using 9 workers of 9 for evacuation
[2026-10-07T18:13:06.703+0800][62.213s][info][gc,phases   ] GC(56)   Pre Evacuate Collection Set: 0.0ms
[2026-10-07T18:13:06.703+0800][62.213s][info][gc,phases   ] GC(56)   Merge Heap Roots: 0.1ms
[2026-10-07T18:13:06.703+0800][62.213s][info][gc,phases   ] GC(56)   Evacuate Collection Set: 46.0ms
[2026-10-07T18:13:06.703+0800][62.213s][info][gc,phases   ] GC(56)   Post Evacuate Collection Set: 0.8ms
[2026-10-07T18:13:06.703+0800][62.213s][info][gc,phases   ] GC(56)   Other: 0.1ms
[2026-10-07T18:13:06.703+0800][62.213s][info][gc,heap     ] GC(56) Eden regions: 93->0(6)
[2026-10-07T18:13:06.703+0800][62.213s][info][gc,heap     ] GC(56) Survivor regions: 9->7(13)
[2026-10-07T18:13:06.703+0800][62.213s][info][gc,heap     ] GC(56) Old regions: 110->115
[2026-10-07T18:13:06.703+0800][62.213s][info][gc,heap     ] GC(56) Archive regions: 2->2
[2026-10-07T18:13:06.703+0800][62.213s][info][gc,heap     ] GC(56) Humongous regions: 5->5
[2026-10-07T18:13:06.703+0800][62.213s][info][gc,metaspace] GC(56) Metaspace: 132110K(133120K)->132110K(133120K) NonClass: 114569K(115072K)->114569K(115072K) Class: 17541K(18048K)->17541K(18048K)
[2026-10-07T18:13:06.703+0800][62.213s][info][gc          ] GC(56) Pause Young (Prepare Mixed) (G1 Evacuation Pause) 217M->127M(267M) 47.179ms
[2026-10-07T18:13:06.703+0800][62.213s][info][gc,cpu      ] GC(56) User=0.03s Sys=0.01s Real=0.05s
[2026-10-07T18:13:06.704+0800][62.213s][info][safepoint   ] Safepoint "G1CollectForAllocation", Time since last: 90923375 ns, Reaching safepoint: 30125 ns, At safepoint: 47482958 ns, Total: 47513083 ns
[2026-10-07T18:13:06.762+0800][62.272s][info][gc,start    ] GC(57) Pause Young (Mixed) (G1 Evacuation Pause)
[2026-10-07T18:13:06.762+0800][62.272s][info][gc,task     ] GC(57) Using 9 workers of 9 for evacuation
[2026-10-07T18:13:06.783+0800][62.293s][info][gc,phases   ] GC(57)   Pre Evacuate Collection Set: 0.0ms
[2026-10-07T18:13:06.783+0800][62.293s][info][gc,phases   ] GC(57)   Merge Heap Roots: 0.1ms
[2026-10-07T18:13:06.783+0800][62.293s][info][gc,phases   ] GC(57)   Evacuate Collection Set: 15.3ms
[2026-10-07T18:13:06.783+0800][62.293s][info][gc,phases   ] GC(57)   Post Evacuate Collection Set: 5.1ms
[2026-10-07T18:13:06.783+0800][62.293s][info][gc,phases   ] GC(57)   Other: 0.3ms
[2026-10-07T18:13:06.783+0800][62.293s][info][gc,heap     ] GC(57) Eden regions: 6->0(112)
[2026-10-07T18:13:06.783+0800][62.293s][info][gc,heap     ] GC(57) Survivor regions: 7->2(2)
[2026-10-07T18:13:06.783+0800][62.293s][info][gc,heap     ] GC(57) Old regions: 115->107
[2026-10-07T18:13:06.783+0800][62.293s][info][gc,heap     ] GC(57) Archive regions: 2->2
[2026-10-07T18:13:06.783+0800][62.293s][info][gc,heap     ] GC(57) Humongous regions: 5->5
[2026-10-07T18:13:06.783+0800][62.293s][info][gc,metaspace] GC(57) Metaspace: 132111K(133120K)->132111K(133120K) NonClass: 114570K(115072K)->114570K(115072K) Class: 17541K(18048K)->17541K(18048K)
[2026-10-07T18:13:06.783+0800][62.293s][info][gc          ] GC(57) Pause Young (Mixed) (G1 Evacuation Pause) 133M->114M(267M) 20.957ms
[2026-10-07T18:13:06.783+0800][62.293s][info][gc,cpu      ] GC(57) User=0.03s Sys=0.02s Real=0.02s
[2026-10-07T18:13:06.783+0800][62.293s][info][safepoint   ] Safepoint "G1CollectForAllocation", Time since last: 58791958 ns, Reaching safepoint: 37417 ns, At safepoint: 21105625 ns, Total: 21143042 ns
[2026-10-07T18:13:07.112+0800][62.622s][info][safepoint   ] Safepoint "ICBufferFull", Time since last: 328883333 ns, Reaching safepoint: 165667 ns, At safepoint: 9792 ns, Total: 175459 ns
[2026-10-07T18:13:07.148+0800][62.657s][info][safepoint   ] Safepoint "ICBufferFull", Time since last: 34796166 ns, Reaching safepoint: 165542 ns, At safepoint: 86750 ns, Total: 252292 ns
[2026-10-07T18:13:07.184+0800][62.693s][info][safepoint   ] Safepoint "ICBufferFull", Time since last: 35842833 ns, Reaching safepoint: 194542 ns, At safepoint: 2083 ns, Total: 196625 ns
[2026-10-07T18:13:07.433+0800][62.942s][info][safepoint   ] Safepoint "RedefineClasses", Time since last: 41061292 ns, Reaching safepoint: 549958 ns, At safepoint: 207652625 ns, Total: 208202583 ns
[2026-10-07T18:13:07.434+0800][62.944s][info][safepoint   ] Safepoint "ICBufferFull", Time since last: 1015167 ns, Reaching safepoint: 177333 ns, At safepoint: 72584 ns, Total: 249917 ns
[2026-10-07T18:13:07.436+0800][62.946s][info][safepoint   ] Safepoint "ICBufferFull", Time since last: 2041625 ns, Reaching safepoint: 228625 ns, At safepoint: 28416 ns, Total: 257041 ns
[2026-10-07T18:13:07.442+0800][62.951s][info][safepoint   ] Safepoint "ICBufferFull", Time since last: 4635292 ns, Reaching safepoint: 373500 ns, At safepoint: 246333 ns, Total: 619833 ns
[2026-10-07T18:13:07.443+0800][62.953s][info][safepoint   ] Safepoint "ICBufferFull", Time since last: 1528917 ns, Reaching safepoint: 115000 ns, At safepoint: 24375 ns, Total: 139375 ns
[2026-10-07T18:13:07.445+0800][62.955s][info][safepoint   ] Safepoint "ICBufferFull", Time since last: 1605667 ns, Reaching safepoint: 91041 ns, At safepoint: 179209 ns, Total: 270250 ns
[2026-10-07T18:13:07.447+0800][62.957s][info][safepoint   ] Safepoint "ICBufferFull", Time since last: 1536041 ns, Reaching safepoint: 157000 ns, At safepoint: 132917 ns, Total: 289917 ns
[2026-10-07T18:13:07.450+0800][62.959s][info][safepoint   ] Safepoint "ICBufferFull", Time since last: 2500583 ns, Reaching safepoint: 188917 ns, At safepoint: 68000 ns, Total: 256917 ns
[2026-10-07T18:13:07.451+0800][62.961s][info][safepoint   ] Safepoint "ICBufferFull", Time since last: 1152958 ns, Reaching safepoint: 189625 ns, At safepoint: 70250 ns, Total: 259875 ns
[2026-10-07T18:13:07.453+0800][62.962s][info][safepoint   ] Safepoint "ICBufferFull", Time since last: 1378375 ns, Reaching safepoint: 157209 ns, At safepoint: 78666 ns, Total: 235875 ns
[2026-10-07T18:13:07.455+0800][62.964s][info][safepoint   ] Safepoint "ICBufferFull", Time since last: 1511792 ns, Reaching safepoint: 233042 ns, At safepoint: 138083 ns, Total: 371125 ns
[2026-10-07T18:13:07.459+0800][62.969s][info][safepoint   ] Safepoint "ICBufferFull", Time since last: 3426208 ns, Reaching safepoint: 994209 ns, At safepoint: 76375 ns, Total: 1070584 ns
[2026-10-07T18:13:07.461+0800][62.970s][info][safepoint   ] Safepoint "ICBufferFull", Time since last: 1280041 ns, Reaching safepoint: 221875 ns, At safepoint: 34417 ns, Total: 256292 ns
[2026-10-07T18:13:07.463+0800][62.973s][info][safepoint   ] Safepoint "ICBufferFull", Time since last: 1825625 ns, Reaching safepoint: 380667 ns, At safepoint: 69041 ns, Total: 449708 ns
[2026-10-07T18:13:07.465+0800][62.975s][info][safepoint   ] Safepoint "ICBufferFull", Time since last: 1947750 ns, Reaching safepoint: 326625 ns, At safepoint: 61917 ns, Total: 388542 ns
[2026-10-07T18:13:07.471+0800][62.980s][info][safepoint   ] Safepoint "ICBufferFull", Time since last: 2744417 ns, Reaching safepoint: 735708 ns, At safepoint: 1923500 ns, Total: 2659208 ns
[2026-10-07T18:13:07.478+0800][62.988s][info][safepoint   ] Safepoint "ICBufferFull", Time since last: 4481625 ns, Reaching safepoint: 2460292 ns, At safepoint: 530541 ns, Total: 2990833 ns
[2026-10-07T18:13:07.480+0800][62.989s][info][safepoint   ] Safepoint "ICBufferFull", Time since last: 780750 ns, Reaching safepoint: 407042 ns, At safepoint: 150375 ns, Total: 557417 ns
[2026-10-07T18:13:07.484+0800][62.994s][info][safepoint   ] Safepoint "ICBufferFull", Time since last: 4111375 ns, Reaching safepoint: 250125 ns, At safepoint: 34792 ns, Total: 284917 ns
[2026-10-07T18:13:07.486+0800][62.996s][info][safepoint   ] Safepoint "ICBufferFull", Time since last: 896583 ns, Reaching safepoint: 621083 ns, At safepoint: 992459 ns, Total: 1613542 ns
[2026-10-07T18:13:07.491+0800][63.001s][info][safepoint   ] Safepoint "ICBufferFull", Time since last: 3529875 ns, Reaching safepoint: 630916 ns, At safepoint: 405417 ns, Total: 1036333 ns
[2026-10-07T18:13:07.494+0800][63.004s][info][safepoint   ] Safepoint "ICBufferFull", Time since last: 2618167 ns, Reaching safepoint: 288041 ns, At safepoint: 12417 ns, Total: 300458 ns
[2026-10-07T18:13:07.496+0800][63.006s][info][safepoint   ] Safepoint "ICBufferFull", Time since last: 1932917 ns, Reaching safepoint: 250083 ns, At safepoint: 86833 ns, Total: 336916 ns
[2026-10-07T18:13:07.498+0800][63.008s][info][safepoint   ] Safepoint "ICBufferFull", Time since last: 1891709 ns, Reaching safepoint: 140166 ns, At safepoint: 8667 ns, Total: 148833 ns
[2026-10-07T18:13:07.501+0800][63.011s][info][safepoint   ] Safepoint "ICBufferFull", Time since last: 2701083 ns, Reaching safepoint: 241625 ns, At safepoint: 69959 ns, Total: 311584 ns
[2026-10-07T18:13:07.502+0800][63.012s][info][safepoint   ] Safepoint "ICBufferFull", Time since last: 792833 ns, Reaching safepoint: 239042 ns, At safepoint: 8583 ns, Total: 247625 ns
[2026-10-07T18:13:07.503+0800][63.013s][info][safepoint   ] Safepoint "ICBufferFull", Time since last: 910833 ns, Reaching safepoint: 127542 ns, At safepoint: 70042 ns, Total: 197584 ns
[2026-10-07T18:13:07.505+0800][63.014s][info][safepoint   ] Safepoint "ICBufferFull", Time since last: 975083 ns, Reaching safepoint: 205167 ns, At safepoint: 71125 ns, Total: 276292 ns
[2026-10-07T18:13:07.506+0800][63.015s][info][safepoint   ] Safepoint "ICBufferFull", Time since last: 818875 ns, Reaching safepoint: 302625 ns, At safepoint: 48916 ns, Total: 351541 ns
[2026-10-07T18:13:07.508+0800][63.018s][info][safepoint   ] Safepoint "ICBufferFull", Time since last: 1916375 ns, Reaching safepoint: 81209 ns, At safepoint: 76375 ns, Total: 157584 ns
[2026-10-07T18:13:07.511+0800][63.020s][info][safepoint   ] Safepoint "ICBufferFull", Time since last: 2607000 ns, Reaching safepoint: 147208 ns, At safepoint: 20250 ns, Total: 167458 ns
[2026-10-07T18:13:07.512+0800][63.022s][info][safepoint   ] Safepoint "ICBufferFull", Time since last: 1514458 ns, Reaching safepoint: 68792 ns, At safepoint: 500 ns, Total: 69292 ns
[2026-10-07T18:13:07.514+0800][63.024s][info][safepoint   ] Safepoint "ICBufferFull", Time since last: 1853375 ns, Reaching safepoint: 119583 ns, At safepoint: 11667 ns, Total: 131250 ns
[2026-10-07T18:13:07.518+0800][63.028s][info][safepoint   ] Safepoint "ICBufferFull", Time since last: 3540958 ns, Reaching safepoint: 238084 ns, At safepoint: 74208 ns, Total: 312292 ns
[2026-10-07T18:13:07.521+0800][63.030s][info][safepoint   ] Safepoint "ICBufferFull", Time since last: 2032583 ns, Reaching safepoint: 210500 ns, At safepoint: 201292 ns, Total: 411792 ns
[2026-10-07T18:13:07.525+0800][63.034s][info][safepoint   ] Safepoint "ICBufferFull", Time since last: 3861792 ns, Reaching safepoint: 148166 ns, At safepoint: 179167 ns, Total: 327333 ns
[2026-10-07T18:13:07.527+0800][63.037s][info][safepoint   ] Safepoint "ICBufferFull", Time since last: 386292 ns, Reaching safepoint: 1013500 ns, At safepoint: 800958 ns, Total: 1814458 ns
[2026-10-07T18:13:07.528+0800][63.038s][info][safepoint   ] Safepoint "ICBufferFull", Time since last: 570042 ns, Reaching safepoint: 283750 ns, At safepoint: 121166 ns, Total: 404916 ns
[2026-10-07T18:13:07.529+0800][63.039s][info][safepoint   ] Safepoint "ICBufferFull", Time since last: 831084 ns, Reaching safepoint: 104750 ns, At safepoint: 69541 ns, Total: 174291 ns
[2026-10-07T18:13:07.530+0800][63.040s][info][safepoint   ] Safepoint "ICBufferFull", Time since last: 938459 ns, Reaching safepoint: 216750 ns, At safepoint: 2291 ns, Total: 219041 ns
[2026-10-07T18:13:07.532+0800][63.042s][info][safepoint   ] Safepoint "ICBufferFull", Time since last: 1930000 ns, Reaching safepoint: 220542 ns, At safepoint: 7250 ns, Total: 227792 ns
[2026-10-07T18:13:07.534+0800][63.044s][info][safepoint   ] Safepoint "ICBufferFull", Time since last: 1621458 ns, Reaching safepoint: 258334 ns, At safepoint: 41750 ns, Total: 300084 ns
[2026-10-07T18:13:07.535+0800][63.045s][info][safepoint   ] Safepoint "ICBufferFull", Time since last: 1051375 ns, Reaching safepoint: 170958 ns, At safepoint: 34500 ns, Total: 205458 ns
[2026-10-07T18:13:07.539+0800][63.048s][info][safepoint   ] Safepoint "ICBufferFull", Time since last: 3118292 ns, Reaching safepoint: 301166 ns, At safepoint: 9292 ns, Total: 310458 ns
[2026-10-07T18:13:07.540+0800][63.050s][info][safepoint   ] Safepoint "ICBufferFull", Time since last: 897083 ns, Reaching safepoint: 674750 ns, At safepoint: 584 ns, Total: 675334 ns
[2026-10-07T18:13:07.542+0800][63.051s][info][safepoint   ] Safepoint "ICBufferFull", Time since last: 1211541 ns, Reaching safepoint: 98500 ns, At safepoint: 542 ns, Total: 99042 ns
[2026-10-07T18:13:07.544+0800][63.053s][info][safepoint   ] Safepoint "ICBufferFull", Time since last: 1708750 ns, Reaching safepoint: 135875 ns, At safepoint: 1958 ns, Total: 137833 ns
[2026-10-07T18:13:07.545+0800][63.054s][info][safepoint   ] Safepoint "ICBufferFull", Time since last: 1202875 ns, Reaching safepoint: 99625 ns, At safepoint: 1292 ns, Total: 100917 ns
[2026-10-07T18:13:07.549+0800][63.058s][info][safepoint   ] Safepoint "ICBufferFull", Time since last: 3371042 ns, Reaching safepoint: 431750 ns, At safepoint: 2833 ns, Total: 434583 ns
[2026-10-07T18:13:07.550+0800][63.059s][info][safepoint   ] Safepoint "ICBufferFull", Time since last: 1003875 ns, Reaching safepoint: 82375 ns, At safepoint: 1250 ns, Total: 83625 ns
[2026-10-07T18:13:07.551+0800][63.061s][info][safepoint   ] Safepoint "ICBufferFull", Time since last: 989625 ns, Reaching safepoint: 305458 ns, At safepoint: 83417 ns, Total: 388875 ns
[2026-10-07T18:13:07.553+0800][63.063s][info][safepoint   ] Safepoint "ICBufferFull", Time since last: 1917875 ns, Reaching safepoint: 271000 ns, At safepoint: 74375 ns, Total: 345375 ns
[2026-10-07T18:13:07.555+0800][63.065s][info][safepoint   ] Safepoint "ICBufferFull", Time since last: 1632458 ns, Reaching safepoint: 306792 ns, At safepoint: 3125 ns, Total: 309917 ns
[2026-10-07T18:13:07.556+0800][63.066s][info][safepoint   ] Safepoint "ICBufferFull", Time since last: 826000 ns, Reaching safepoint: 60750 ns, At safepoint: 292 ns, Total: 61042 ns
[2026-10-07T18:13:07.556+0800][63.066s][info][safepoint   ] Safepoint "ICBufferFull", Time since last: 163458 ns, Reaching safepoint: 12958 ns, At safepoint: 2417 ns, Total: 15375 ns
[2026-10-07T18:13:07.558+0800][63.067s][info][safepoint   ] Safepoint "ICBufferFull", Time since last: 998083 ns, Reaching safepoint: 157375 ns, At safepoint: 79959 ns, Total: 237334 ns
[2026-10-07T18:13:07.559+0800][63.069s][info][safepoint   ] Safepoint "ICBufferFull", Time since last: 1293250 ns, Reaching safepoint: 108166 ns, At safepoint: 12500 ns, Total: 120666 ns
[2026-10-07T18:13:07.560+0800][63.069s][info][safepoint   ] Safepoint "ICBufferFull", Time since last: 515667 ns, Reaching safepoint: 126417 ns, At safepoint: 2250 ns, Total: 128667 ns
[2026-10-07T18:13:07.561+0800][63.070s][info][safepoint   ] Safepoint "ICBufferFull", Time since last: 727791 ns, Reaching safepoint: 126125 ns, At safepoint: 1209 ns, Total: 127334 ns
[2026-10-07T18:13:07.561+0800][63.071s][info][safepoint   ] Safepoint "ICBufferFull", Time since last: 643000 ns, Reaching safepoint: 90416 ns, At safepoint: 1167 ns, Total: 91583 ns
[2026-10-07T18:13:07.562+0800][63.072s][info][safepoint   ] Safepoint "ICBufferFull", Time since last: 561792 ns, Reaching safepoint: 57875 ns, At safepoint: 708 ns, Total: 58583 ns
[2026-10-07T18:13:07.565+0800][63.074s][info][safepoint   ] Safepoint "ICBufferFull", Time since last: 2522750 ns, Reaching safepoint: 91417 ns, At safepoint: 1625 ns, Total: 93042 ns
[2026-10-07T18:13:07.566+0800][63.075s][info][safepoint   ] Safepoint "ICBufferFull", Time since last: 881916 ns, Reaching safepoint: 114875 ns, At safepoint: 1042 ns, Total: 115917 ns
[2026-10-07T18:13:07.566+0800][63.076s][info][safepoint   ] Safepoint "ICBufferFull", Time since last: 420917 ns, Reaching safepoint: 104833 ns, At safepoint: 1292 ns, Total: 106125 ns
[2026-10-07T18:13:07.567+0800][63.077s][info][safepoint   ] Safepoint "ICBufferFull", Time since last: 1192666 ns, Reaching safepoint: 132584 ns, At safepoint: 833 ns, Total: 133417 ns
[2026-10-07T18:13:07.570+0800][63.079s][info][safepoint   ] Safepoint "ICBufferFull", Time since last: 2030625 ns, Reaching safepoint: 337833 ns, At safepoint: 1084 ns, Total: 338917 ns
[2026-10-07T18:13:07.575+0800][63.085s][info][safepoint   ] Safepoint "ICBufferFull", Time since last: 4787416 ns, Reaching safepoint: 453750 ns, At safepoint: 215792 ns, Total: 669542 ns
[2026-10-07T18:13:07.578+0800][63.088s][info][safepoint   ] Safepoint "ICBufferFull", Time since last: 2252833 ns, Reaching safepoint: 388875 ns, At safepoint: 95584 ns, Total: 484459 ns
[2026-10-07T18:13:07.580+0800][63.089s][info][safepoint   ] Safepoint "ICBufferFull", Time since last: 804250 ns, Reaching safepoint: 697125 ns, At safepoint: 42708 ns, Total: 739833 ns
[2026-10-07T18:13:07.582+0800][63.092s][info][safepoint   ] Safepoint "ICBufferFull", Time since last: 2074958 ns, Reaching safepoint: 139709 ns, At safepoint: 168291 ns, Total: 308000 ns
[2026-10-07T18:13:07.628+0800][63.137s][info][safepoint   ] Safepoint "ICBufferFull", Time since last: 45557042 ns, Reaching safepoint: 122125 ns, At safepoint: 21542 ns, Total: 143667 ns
[2026-10-07T18:13:07.688+0800][63.197s][info][safepoint   ] Safepoint "ICBufferFull", Time since last: 59760958 ns, Reaching safepoint: 181792 ns, At safepoint: 65000 ns, Total: 246792 ns
[2026-10-07T18:13:07.767+0800][63.276s][info][gc,start    ] GC(58) Pause Young (Normal) (G1 Evacuation Pause)
[2026-10-07T18:13:07.767+0800][63.276s][info][gc,task     ] GC(58) Using 9 workers of 9 for evacuation
[2026-10-07T18:13:07.839+0800][63.349s][info][gc,phases   ] GC(58)   Pre Evacuate Collection Set: 0.2ms
[2026-10-07T18:13:07.840+0800][63.349s][info][gc,phases   ] GC(58)   Merge Heap Roots: 0.1ms
[2026-10-07T18:13:07.840+0800][63.349s][info][gc,phases   ] GC(58)   Evacuate Collection Set: 69.9ms
[2026-10-07T18:13:07.840+0800][63.349s][info][gc,phases   ] GC(58)   Post Evacuate Collection Set: 2.3ms
[2026-10-07T18:13:07.840+0800][63.349s][info][gc,phases   ] GC(58)   Other: 0.1ms
[2026-10-07T18:13:07.840+0800][63.349s][info][gc,heap     ] GC(58) Eden regions: 112->0(110)
[2026-10-07T18:13:07.840+0800][63.349s][info][gc,heap     ] GC(58) Survivor regions: 2->4(15)
[2026-10-07T18:13:07.840+0800][63.349s][info][gc,heap     ] GC(58) Old regions: 107->107
[2026-10-07T18:13:07.840+0800][63.349s][info][gc,heap     ] GC(58) Archive regions: 2->2
[2026-10-07T18:13:07.840+0800][63.349s][info][gc,heap     ] GC(58) Humongous regions: 5->5
[2026-10-07T18:13:07.840+0800][63.349s][info][gc,metaspace] GC(58) Metaspace: 132956K(134016K)->132956K(134016K) NonClass: 115322K(115904K)->115322K(115904K) Class: 17634K(18112K)->17634K(18112K)
[2026-10-07T18:13:07.840+0800][63.349s][info][gc          ] GC(58) Pause Young (Normal) (G1 Evacuation Pause) 226M->116M(267M) 73.202ms
[2026-10-07T18:13:07.840+0800][63.349s][info][gc,cpu      ] GC(58) User=0.01s Sys=0.05s Real=0.08s
[2026-10-07T18:13:07.843+0800][63.352s][info][safepoint   ] Safepoint "G1CollectForAllocation", Time since last: 78845541 ns, Reaching safepoint: 64750 ns, At safepoint: 76154667 ns, Total: 76219417 ns
[2026-10-07T18:13:07.935+0800][63.445s][info][safepoint   ] Safepoint "ICBufferFull", Time since last: 92260208 ns, Reaching safepoint: 110625 ns, At safepoint: 4959 ns, Total: 115584 ns
[2026-10-07T18:13:07.960+0800][63.470s][info][safepoint   ] Safepoint "ICBufferFull", Time since last: 23770750 ns, Reaching safepoint: 1373958 ns, At safepoint: 30542 ns, Total: 1404500 ns
[2026-10-07T18:13:08.012+0800][63.521s][info][safepoint   ] Safepoint "ICBufferFull", Time since last: 51299833 ns, Reaching safepoint: 104000 ns, At safepoint: 63833 ns, Total: 167833 ns
[2026-10-07T18:13:08.028+0800][63.537s][info][safepoint   ] Safepoint "ICBufferFull", Time since last: 15938084 ns, Reaching safepoint: 62333 ns, At safepoint: 12000 ns, Total: 74333 ns
[2026-10-07T18:13:08.070+0800][63.579s][info][safepoint   ] Safepoint "ICBufferFull", Time since last: 41997583 ns, Reaching safepoint: 74042 ns, At safepoint: 10917 ns, Total: 84959 ns
[2026-10-07T18:13:08.111+0800][63.621s][info][safepoint   ] Safepoint "ICBufferFull", Time since last: 41353958 ns, Reaching safepoint: 88333 ns, At safepoint: 60167 ns, Total: 148500 ns
[2026-10-07T18:13:08.133+0800][63.643s][info][safepoint   ] Safepoint "ICBufferFull", Time since last: 21575875 ns, Reaching safepoint: 68583 ns, At safepoint: 12250 ns, Total: 80833 ns
[2026-10-07T18:13:08.212+0800][63.721s][info][safepoint   ] Safepoint "ICBufferFull", Time since last: 78858959 ns, Reaching safepoint: 87875 ns, At safepoint: 1375 ns, Total: 89250 ns
[2026-10-07T18:13:08.276+0800][63.786s][info][safepoint   ] Safepoint "ICBufferFull", Time since last: 64314791 ns, Reaching safepoint: 222209 ns, At safepoint: 9333 ns, Total: 231542 ns
[2026-10-07T18:13:08.391+0800][63.900s][info][safepoint   ] Safepoint "ICBufferFull", Time since last: 114339458 ns, Reaching safepoint: 98000 ns, At safepoint: 4542 ns, Total: 102542 ns
[2026-10-07T18:13:08.420+0800][63.929s][info][safepoint   ] Safepoint "ICBufferFull", Time since last: 28789833 ns, Reaching safepoint: 54584 ns, At safepoint: 4833 ns, Total: 59417 ns
[2026-10-07T18:13:08.548+0800][64.057s][info][safepoint   ] Safepoint "RedefineClasses", Time since last: 17602958 ns, Reaching safepoint: 82584 ns, At safepoint: 110246000 ns, Total: 110328584 ns
[2026-10-07T18:13:08.728+0800][64.238s][info][safepoint   ] Safepoint "ICBufferFull", Time since last: 179423375 ns, Reaching safepoint: 705666 ns, At safepoint: 182875 ns, Total: 888541 ns
[2026-10-07T18:13:08.889+0800][64.399s][info][safepoint   ] Safepoint "ICBufferFull", Time since last: 161205167 ns, Reaching safepoint: 63958 ns, At safepoint: 1084 ns, Total: 65042 ns
[2026-10-07T18:13:09.246+0800][64.755s][info][safepoint   ] Safepoint "ICBufferFull", Time since last: 356145666 ns, Reaching safepoint: 194000 ns, At safepoint: 24625 ns, Total: 218625 ns
[2026-10-07T18:13:09.698+0800][65.208s][info][gc,start    ] GC(59) Pause Young (Normal) (G1 Evacuation Pause)
[2026-10-07T18:13:09.698+0800][65.208s][info][gc,task     ] GC(59) Using 9 workers of 9 for evacuation
[2026-10-07T18:13:09.722+0800][65.231s][info][gc,phases   ] GC(59)   Pre Evacuate Collection Set: 0.1ms
[2026-10-07T18:13:09.722+0800][65.231s][info][gc,phases   ] GC(59)   Merge Heap Roots: 0.1ms
[2026-10-07T18:13:09.722+0800][65.231s][info][gc,phases   ] GC(59)   Evacuate Collection Set: 20.0ms
[2026-10-07T18:13:09.722+0800][65.231s][info][gc,phases   ] GC(59)   Post Evacuate Collection Set: 3.4ms
[2026-10-07T18:13:09.722+0800][65.231s][info][gc,phases   ] GC(59)   Other: 0.2ms
[2026-10-07T18:13:09.722+0800][65.232s][info][gc,heap     ] GC(59) Eden regions: 110->0(222)
[2026-10-07T18:13:09.722+0800][65.232s][info][gc,heap     ] GC(59) Survivor regions: 4->7(15)
[2026-10-07T18:13:09.722+0800][65.232s][info][gc,heap     ] GC(59) Old regions: 107->107
[2026-10-07T18:13:09.722+0800][65.232s][info][gc,heap     ] GC(59) Archive regions: 2->2
[2026-10-07T18:13:09.722+0800][65.232s][info][gc,heap     ] GC(59) Humongous regions: 5->5
[2026-10-07T18:13:09.722+0800][65.232s][info][gc,metaspace] GC(59) Metaspace: 133059K(134144K)->133059K(134144K) NonClass: 115414K(115968K)->115414K(115968K) Class: 17645K(18176K)->17645K(18176K)
[2026-10-07T18:13:09.722+0800][65.232s][info][gc          ] GC(59) Pause Young (Normal) (G1 Evacuation Pause) 226M->119M(402M) 24.143ms
[2026-10-07T18:13:09.722+0800][65.232s][info][gc,cpu      ] GC(59) User=0.02s Sys=0.06s Real=0.03s
[2026-10-07T18:13:09.724+0800][65.234s][info][safepoint   ] Safepoint "G1CollectForAllocation", Time since last: 451909750 ns, Reaching safepoint: 409667 ns, At safepoint: 26264917 ns, Total: 26674584 ns
[2026-10-07T18:13:09.918+0800][65.428s][info][safepoint   ] Safepoint "ICBufferFull", Time since last: 193546125 ns, Reaching safepoint: 193125 ns, At safepoint: 41500 ns, Total: 234625 ns
[2026-10-07T18:13:10.099+0800][65.609s][info][safepoint   ] Safepoint "ICBufferFull", Time since last: 181012833 ns, Reaching safepoint: 181333 ns, At safepoint: 8625 ns, Total: 189958 ns
[2026-10-07T18:13:10.340+0800][65.850s][info][safepoint   ] Safepoint "ICBufferFull", Time since last: 239536125 ns, Reaching safepoint: 531250 ns, At safepoint: 791667 ns, Total: 1322917 ns
[2026-10-07T18:13:10.721+0800][66.231s][info][safepoint   ] Safepoint "ICBufferFull", Time since last: 380350917 ns, Reaching safepoint: 605791 ns, At safepoint: 2209 ns, Total: 608000 ns
[2026-10-07T18:13:11.151+0800][66.661s][info][safepoint   ] Safepoint "ICBufferFull", Time since last: 429866875 ns, Reaching safepoint: 137166 ns, At safepoint: 1042 ns, Total: 138208 ns
[2026-10-07T18:13:11.346+0800][66.856s][info][safepoint   ] Safepoint "ICBufferFull", Time since last: 193683792 ns, Reaching safepoint: 857708 ns, At safepoint: 767667 ns, Total: 1625375 ns
[2026-10-07T18:13:11.763+0800][67.273s][info][gc,start    ] GC(60) Pause Young (Normal) (G1 Evacuation Pause)
[2026-10-07T18:13:11.763+0800][67.273s][info][gc,task     ] GC(60) Using 9 workers of 9 for evacuation
[2026-10-07T18:13:11.805+0800][67.315s][info][gc,phases   ] GC(60)   Pre Evacuate Collection Set: 0.1ms
[2026-10-07T18:13:11.805+0800][67.315s][info][gc,phases   ] GC(60)   Merge Heap Roots: 0.2ms
[2026-10-07T18:13:11.805+0800][67.315s][info][gc,phases   ] GC(60)   Evacuate Collection Set: 40.7ms
[2026-10-07T18:13:11.805+0800][67.315s][info][gc,phases   ] GC(60)   Post Evacuate Collection Set: 1.0ms
[2026-10-07T18:13:11.805+0800][67.315s][info][gc,phases   ] GC(60)   Other: 0.2ms
[2026-10-07T18:13:11.805+0800][67.315s][info][gc,heap     ] GC(60) Eden regions: 222->0(211)
[2026-10-07T18:13:11.805+0800][67.315s][info][gc,heap     ] GC(60) Survivor regions: 7->13(29)
[2026-10-07T18:13:11.805+0800][67.315s][info][gc,heap     ] GC(60) Old regions: 107->107
[2026-10-07T18:13:11.805+0800][67.315s][info][gc,heap     ] GC(60) Archive regions: 2->2
[2026-10-07T18:13:11.805+0800][67.315s][info][gc,heap     ] GC(60) Humongous regions: 5->5
[2026-10-07T18:13:11.805+0800][67.315s][info][gc,metaspace] GC(60) Metaspace: 133172K(134272K)->133172K(134272K) NonClass: 115518K(116096K)->115518K(116096K) Class: 17653K(18176K)->17653K(18176K)
[2026-10-07T18:13:11.805+0800][67.315s][info][gc          ] GC(60) Pause Young (Normal) (G1 Evacuation Pause) 341M->125M(402M) 42.438ms
[2026-10-07T18:13:11.806+0800][67.315s][info][gc,cpu      ] GC(60) User=0.06s Sys=0.10s Real=0.04s
[2026-10-07T18:13:11.806+0800][67.315s][info][safepoint   ] Safepoint "G1CollectForAllocation", Time since last: 416665666 ns, Reaching safepoint: 141000 ns, At safepoint: 42550917 ns, Total: 42691917 ns
[2026-10-07T18:13:12.346+0800][67.856s][info][safepoint   ] Safepoint "ICBufferFull", Time since last: 540115167 ns, Reaching safepoint: 253333 ns, At safepoint: 35792 ns, Total: 289125 ns
[2026-10-07T18:13:13.305+0800][68.814s][info][gc,start    ] GC(61) Pause Young (Normal) (G1 Evacuation Pause)
[2026-10-07T18:13:13.305+0800][68.814s][info][gc,task     ] GC(61) Using 9 workers of 9 for evacuation
[2026-10-07T18:13:13.334+0800][68.844s][info][gc,phases   ] GC(61)   Pre Evacuate Collection Set: 0.1ms
[2026-10-07T18:13:13.334+0800][68.844s][info][gc,phases   ] GC(61)   Merge Heap Roots: 0.2ms
[2026-10-07T18:13:13.334+0800][68.844s][info][gc,phases   ] GC(61)   Evacuate Collection Set: 25.0ms
[2026-10-07T18:13:13.334+0800][68.844s][info][gc,phases   ] GC(61)   Post Evacuate Collection Set: 3.7ms
[2026-10-07T18:13:13.334+0800][68.844s][info][gc,phases   ] GC(61)   Other: 0.2ms
[2026-10-07T18:13:13.334+0800][68.844s][info][gc,heap     ] GC(61) Eden regions: 211->0(209)
[2026-10-07T18:13:13.334+0800][68.844s][info][gc,heap     ] GC(61) Survivor regions: 13->18(28)
[2026-10-07T18:13:13.334+0800][68.844s][info][gc,heap     ] GC(61) Old regions: 107->107
[2026-10-07T18:13:13.334+0800][68.844s][info][gc,heap     ] GC(61) Archive regions: 2->2
[2026-10-07T18:13:13.334+0800][68.844s][info][gc,heap     ] GC(61) Humongous regions: 5->5
[2026-10-07T18:13:13.334+0800][68.844s][info][gc,metaspace] GC(61) Metaspace: 133222K(134272K)->133222K(134272K) NonClass: 115565K(116096K)->115565K(116096K) Class: 17656K(18176K)->17656K(18176K)
[2026-10-07T18:13:13.334+0800][68.844s][info][gc          ] GC(61) Pause Young (Normal) (G1 Evacuation Pause) 336M->130M(402M) 29.291ms
[2026-10-07T18:13:13.334+0800][68.844s][info][gc,cpu      ] GC(61) User=0.03s Sys=0.05s Real=0.03s
[2026-10-07T18:13:13.335+0800][68.844s][info][safepoint   ] Safepoint "G1CollectForAllocation", Time since last: 958492416 ns, Reaching safepoint: 161042 ns, At safepoint: 29992208 ns, Total: 30153250 ns
[2026-10-07T18:13:14.253+0800][69.763s][info][safepoint   ] Safepoint "ICBufferFull", Time since last: 918627959 ns, Reaching safepoint: 115166 ns, At safepoint: 7500 ns, Total: 122666 ns
[2026-10-07T18:13:14.577+0800][70.086s][info][safepoint   ] Safepoint "ICBufferFull", Time since last: 323009375 ns, Reaching safepoint: 226125 ns, At safepoint: 71917 ns, Total: 298042 ns
[2026-10-07T18:13:14.763+0800][70.272s][info][safepoint   ] Safepoint "ICBufferFull", Time since last: 179802417 ns, Reaching safepoint: 6108875 ns, At safepoint: 206166 ns, Total: 6315041 ns
[2026-10-07T18:13:14.805+0800][70.315s][info][safepoint   ] Safepoint "ICBufferFull", Time since last: 42455250 ns, Reaching safepoint: 59875 ns, At safepoint: 3167 ns, Total: 63042 ns
[2026-10-07T18:13:14.997+0800][70.507s][info][safepoint   ] Safepoint "ICBufferFull", Time since last: 191977958 ns, Reaching safepoint: 226542 ns, At safepoint: 74167 ns, Total: 300709 ns
[2026-10-07T18:13:15.744+0800][71.254s][info][safepoint   ] Safepoint "ICBufferFull", Time since last: 746678791 ns, Reaching safepoint: 267584 ns, At safepoint: 34916 ns, Total: 302500 ns
[2026-10-07T18:13:17.229+0800][72.739s][info][safepoint   ] Safepoint "Cleanup", Time since last: 1118162709 ns, Reaching safepoint: 366083791 ns, At safepoint: 26625 ns, Total: 366110416 ns
[2026-10-07T18:13:19.208+0800][74.718s][info][safepoint   ] Safepoint "ICBufferFull", Time since last: 1979039917 ns, Reaching safepoint: 201625 ns, At safepoint: 2083 ns, Total: 203708 ns
[2026-10-07T18:13:20.400+0800][75.910s][info][safepoint   ] Safepoint "Cleanup", Time since last: 1149531584 ns, Reaching safepoint: 42414625 ns, At safepoint: 75833 ns, Total: 42490458 ns
[2026-10-07T18:13:21.564+0800][77.074s][info][safepoint   ] Safepoint "Cleanup", Time since last: 1149137458 ns, Reaching safepoint: 14833084 ns, At safepoint: 78875 ns, Total: 14911959 ns
[2026-10-07T18:13:22.636+0800][78.146s][info][safepoint   ] Safepoint "Cleanup", Time since last: 1070081375 ns, Reaching safepoint: 1953500 ns, At safepoint: 215375 ns, Total: 2168875 ns
[2026-10-07T18:13:23.494+0800][79.004s][info][safepoint   ] Safepoint "ICBufferFull", Time since last: 781941333 ns, Reaching safepoint: 75685917 ns, At safepoint: 12791 ns, Total: 75698708 ns
[2026-10-07T18:13:24.684+0800][80.194s][info][safepoint   ] Safepoint "Cleanup", Time since last: 1144837750 ns, Reaching safepoint: 45261125 ns, At safepoint: 9334 ns, Total: 45270459 ns
[2026-10-07T18:13:25.803+0800][81.314s][info][safepoint   ] Safepoint "Cleanup", Time since last: 1117626291 ns, Reaching safepoint: 1890834 ns, At safepoint: 90083 ns, Total: 1980917 ns
[2026-10-07T18:13:27.019+0800][82.529s][info][safepoint   ] Safepoint "ICBufferFull", Time since last: 1215724000 ns, Reaching safepoint: 247667 ns, At safepoint: 17833 ns, Total: 265500 ns
[2026-10-07T18:13:28.167+0800][83.677s][info][safepoint   ] Safepoint "Cleanup", Time since last: 1141161792 ns, Reaching safepoint: 6125875 ns, At safepoint: 67458 ns, Total: 6193333 ns
[2026-10-07T18:13:29.323+0800][84.833s][info][safepoint   ] Safepoint "Cleanup", Time since last: 1147187667 ns, Reaching safepoint: 8996375 ns, At safepoint: 205583 ns, Total: 9201958 ns
[2026-10-07T18:13:30.519+0800][86.029s][info][safepoint   ] Safepoint "Cleanup", Time since last: 1147079375 ns, Reaching safepoint: 48579417 ns, At safepoint: 48041 ns, Total: 48627458 ns
[2026-10-07T18:13:31.196+0800][86.706s][info][safepoint   ] Safepoint "ICBufferFull", Time since last: 674919750 ns, Reaching safepoint: 2479834 ns, At safepoint: 39500 ns, Total: 2519334 ns
[2026-10-07T18:13:31.276+0800][86.786s][info][safepoint   ] Safepoint "ICBufferFull", Time since last: 78719375 ns, Reaching safepoint: 766875 ns, At safepoint: 2541 ns, Total: 769416 ns
[2026-10-07T18:13:31.335+0800][86.845s][info][safepoint   ] Safepoint "ICBufferFull", Time since last: 33181542 ns, Reaching safepoint: 25967917 ns, At safepoint: 8791 ns, Total: 25976708 ns
[2026-10-07T18:13:31.848+0800][87.359s][info][safepoint   ] Safepoint "ICBufferFull", Time since last: 486186334 ns, Reaching safepoint: 26464958 ns, At safepoint: 857250 ns, Total: 27322208 ns
[2026-10-07T18:13:33.161+0800][88.671s][info][safepoint   ] Safepoint "Cleanup", Time since last: 1282044292 ns, Reaching safepoint: 30164833 ns, At safepoint: 90208 ns, Total: 30255041 ns
[2026-10-07T18:13:35.606+0800][91.117s][info][safepoint   ] Safepoint "Cleanup", Time since last: 1039449042 ns, Reaching safepoint: 1405240833 ns, At safepoint: 1125625 ns, Total: 1406366458 ns
[2026-10-07T18:13:36.761+0800][92.271s][info][safepoint   ] Safepoint "Cleanup", Time since last: 1137939667 ns, Reaching safepoint: 16397083 ns, At safepoint: 17667 ns, Total: 16414750 ns
[2026-10-07T18:13:37.911+0800][93.421s][info][safepoint   ] Safepoint "Cleanup", Time since last: 1131354708 ns, Reaching safepoint: 18513584 ns, At safepoint: 57333 ns, Total: 18570917 ns
[2026-10-07T18:13:39.404+0800][94.915s][info][safepoint   ] Safepoint "Cleanup", Time since last: 1464738333 ns, Reaching safepoint: 28836917 ns, At safepoint: 73500 ns, Total: 28910417 ns
[2026-10-07T18:13:41.790+0800][97.300s][info][safepoint   ] Safepoint "Cleanup", Time since last: 2189766875 ns, Reaching safepoint: 193750000 ns, At safepoint: 2348375 ns, Total: 196098375 ns
[2026-10-07T18:13:42.972+0800][98.482s][info][safepoint   ] Safepoint "Cleanup", Time since last: 1151771792 ns, Reaching safepoint: 29748125 ns, At safepoint: 87125 ns, Total: 29835250 ns
[2026-10-07T18:13:44.139+0800][99.650s][info][safepoint   ] Safepoint "Cleanup", Time since last: 1121477500 ns, Reaching safepoint: 45656583 ns, At safepoint: 407458 ns, Total: 46064041 ns
[2026-10-07T18:13:45.192+0800][100.703s][info][safepoint   ] Safepoint "Cleanup", Time since last: 1009034584 ns, Reaching safepoint: 41956083 ns, At safepoint: 2032417 ns, Total: 43988500 ns
[2026-10-07T18:13:46.252+0800][101.762s][info][safepoint   ] Safepoint "Cleanup", Time since last: 1049690125 ns, Reaching safepoint: 9493041 ns, At safepoint: 639625 ns, Total: 10132666 ns
[2026-10-07T18:13:47.478+0800][102.989s][info][safepoint   ] Safepoint "Cleanup", Time since last: 1162075667 ns, Reaching safepoint: 62108708 ns, At safepoint: 1999375 ns, Total: 64108083 ns
[2026-10-07T18:13:53.053+0800][108.564s][info][safepoint   ] Safepoint "Cleanup", Time since last: 5497338875 ns, Reaching safepoint: 77662750 ns, At safepoint: 80959 ns, Total: 77743709 ns
[2026-10-07T18:13:54.239+0800][109.749s][info][safepoint   ] Safepoint "Cleanup", Time since last: 1136675291 ns, Reaching safepoint: 49094375 ns, At safepoint: 10334 ns, Total: 49104709 ns
[2026-10-07T18:13:55.449+0800][110.960s][info][safepoint   ] Safepoint "Cleanup", Time since last: 1124542958 ns, Reaching safepoint: 86003250 ns, At safepoint: 116958 ns, Total: 86120208 ns
[2026-10-07T18:13:56.509+0800][112.020s][info][safepoint   ] Safepoint "Cleanup", Time since last: 1046081667 ns, Reaching safepoint: 13786292 ns, At safepoint: 56791 ns, Total: 13843083 ns
[2026-10-07T18:13:56.767+0800][112.278s][info][safepoint   ] Safepoint "ICBufferFull", Time since last: 243240917 ns, Reaching safepoint: 14478292 ns, At safepoint: 73583 ns, Total: 14551875 ns
[2026-10-07T18:13:56.789+0800][112.300s][info][safepoint   ] Safepoint "ICBufferFull", Time since last: 16850125 ns, Reaching safepoint: 5232250 ns, At safepoint: 306625 ns, Total: 5538875 ns
[2026-10-07T18:13:57.946+0800][113.457s][info][safepoint   ] Safepoint "Cleanup", Time since last: 1134958083 ns, Reaching safepoint: 22027500 ns, At safepoint: 8875 ns, Total: 22036375 ns
[2026-10-07T18:13:59.097+0800][114.608s][info][safepoint   ] Safepoint "Cleanup", Time since last: 1141422250 ns, Reaching safepoint: 9222459 ns, At safepoint: 16666 ns, Total: 9239125 ns
[2026-10-07T18:14:00.283+0800][115.794s][info][safepoint   ] Safepoint "Cleanup", Time since last: 1140132417 ns, Reaching safepoint: 45964625 ns, At safepoint: 6125 ns, Total: 45970750 ns
[2026-10-07T18:14:01.199+0800][116.710s][info][safepoint   ] Safepoint "ICBufferFull", Time since last: 915222833 ns, Reaching safepoint: 369000 ns, At safepoint: 8000 ns, Total: 377000 ns
[2026-10-07T18:14:02.350+0800][117.860s][info][safepoint   ] Safepoint "Cleanup", Time since last: 1148614459 ns, Reaching safepoint: 2048500 ns, At safepoint: 228750 ns, Total: 2277250 ns
[2026-10-07T18:14:03.453+0800][118.964s][info][safepoint   ] Safepoint "ICBufferFull", Time since last: 1098174708 ns, Reaching safepoint: 5373958 ns, At safepoint: 7250 ns, Total: 5381208 ns
[2026-10-07T18:14:04.572+0800][120.083s][info][safepoint   ] Safepoint "Cleanup", Time since last: 1077032334 ns, Reaching safepoint: 41447708 ns, At safepoint: 18250 ns, Total: 41465958 ns
[2026-10-07T18:14:05.994+0800][121.505s][info][safepoint   ] Safepoint "Cleanup", Time since last: 1386148792 ns, Reaching safepoint: 36350875 ns, At safepoint: 74958 ns, Total: 36425833 ns
[2026-10-07T18:14:07.070+0800][122.581s][info][safepoint   ] Safepoint "Cleanup", Time since last: 1065033208 ns, Reaching safepoint: 10835875 ns, At safepoint: 396375 ns, Total: 11232250 ns
[2026-10-07T18:14:08.085+0800][123.596s][info][safepoint   ] Safepoint "Cleanup", Time since last: 1010366292 ns, Reaching safepoint: 4107250 ns, At safepoint: 318667 ns, Total: 4425917 ns
[2026-10-07T18:14:08.504+0800][124.016s][info][safepoint   ] Safepoint "ICBufferFull", Time since last: 362155666 ns, Reaching safepoint: 57200750 ns, At safepoint: 45875 ns, Total: 57246625 ns
[2026-10-07T18:14:08.567+0800][124.078s][info][safepoint   ] Safepoint "ICBufferFull", Time since last: 61476667 ns, Reaching safepoint: 641375 ns, At safepoint: 49125 ns, Total: 690500 ns
[2026-10-07T18:14:08.648+0800][124.159s][info][safepoint   ] Safepoint "ICBufferFull", Time since last: 60450083 ns, Reaching safepoint: 20275292 ns, At safepoint: 272000 ns, Total: 20547292 ns
[2026-10-07T18:14:09.047+0800][124.558s][info][safepoint   ] Safepoint "ICBufferFull", Time since last: 398462042 ns, Reaching safepoint: 1023875 ns, At safepoint: 6250 ns, Total: 1030125 ns
[2026-10-07T18:14:09.048+0800][124.559s][info][safepoint   ] Safepoint "ICBufferFull", Time since last: 99041 ns, Reaching safepoint: 131292 ns, At safepoint: 422417 ns, Total: 553709 ns
[2026-10-07T18:14:10.210+0800][125.721s][info][safepoint   ] Safepoint "Cleanup", Time since last: 1146917708 ns, Reaching safepoint: 15152042 ns, At safepoint: 53625 ns, Total: 15205667 ns
[2026-10-07T18:14:11.314+0800][126.825s][info][safepoint   ] Safepoint "ICBufferFull", Time since last: 1103309958 ns, Reaching safepoint: 843458 ns, At safepoint: 1625 ns, Total: 845083 ns
[2026-10-07T18:14:12.096+0800][127.607s][info][safepoint   ] Safepoint "ICBufferFull", Time since last: 679263334 ns, Reaching safepoint: 102717583 ns, At safepoint: 65625 ns, Total: 102783208 ns
[2026-10-07T18:14:13.267+0800][128.778s][info][safepoint   ] Safepoint "Cleanup", Time since last: 1135818500 ns, Reaching safepoint: 34887667 ns, At safepoint: 29708 ns, Total: 34917375 ns
[2026-10-07T18:14:14.451+0800][129.962s][info][safepoint   ] Safepoint "Cleanup", Time since last: 1129531417 ns, Reaching safepoint: 49813000 ns, At safepoint: 4500125 ns, Total: 54313125 ns
[2026-10-07T18:14:15.565+0800][131.076s][info][safepoint   ] Safepoint "Cleanup", Time since last: 1110012208 ns, Reaching safepoint: 4267792 ns, At safepoint: 146041 ns, Total: 4413833 ns
[2026-10-07T18:14:16.758+0800][132.269s][info][safepoint   ] Safepoint "Cleanup", Time since last: 1156175792 ns, Reaching safepoint: 36300292 ns, At safepoint: 128750 ns, Total: 36429042 ns
[2026-10-07T18:14:18.097+0800][133.608s][info][safepoint   ] Safepoint "Cleanup", Time since last: 1337983916 ns, Reaching safepoint: 1100000 ns, At safepoint: 457125 ns, Total: 1557125 ns
[2026-10-07T18:14:19.011+0800][134.522s][info][safepoint   ] Safepoint "ICBufferFull", Time since last: 913453250 ns, Reaching safepoint: 192625 ns, At safepoint: 1084 ns, Total: 193709 ns
[2026-10-07T18:14:19.239+0800][134.750s][info][safepoint   ] Safepoint "ICBufferFull", Time since last: 227157666 ns, Reaching safepoint: 752375 ns, At safepoint: 278209 ns, Total: 1030584 ns
[2026-10-07T18:14:19.862+0800][135.374s][info][safepoint   ] Safepoint "ICBufferFull", Time since last: 622284458 ns, Reaching safepoint: 1043500 ns, At safepoint: 41292 ns, Total: 1084792 ns
[2026-10-07T18:14:20.191+0800][135.703s][info][safepoint   ] Safepoint "ICBufferFull", Time since last: 329084375 ns, Reaching safepoint: 175625 ns, At safepoint: 2666 ns, Total: 178291 ns
[2026-10-07T18:14:21.317+0800][136.828s][info][safepoint   ] Safepoint "Cleanup", Time since last: 1121858709 ns, Reaching safepoint: 3498958 ns, At safepoint: 119292 ns, Total: 3618250 ns
[2026-10-07T18:14:22.451+0800][137.963s][info][safepoint   ] Safepoint "Cleanup", Time since last: 1083807083 ns, Reaching safepoint: 50592667 ns, At safepoint: 77958 ns, Total: 50670625 ns
[2026-10-07T18:14:23.404+0800][138.915s][info][safepoint   ] Safepoint "ICBufferFull", Time since last: 951176500 ns, Reaching safepoint: 1100125 ns, At safepoint: 114750 ns, Total: 1214875 ns
[2026-10-07T18:14:24.494+0800][140.005s][info][safepoint   ] Safepoint "Cleanup", Time since last: 1086408000 ns, Reaching safepoint: 2954375 ns, At safepoint: 674542 ns, Total: 3628917 ns
[2026-10-07T18:14:25.668+0800][141.180s][info][safepoint   ] Safepoint "Cleanup", Time since last: 1147545166 ns, Reaching safepoint: 27133875 ns, At safepoint: 18959 ns, Total: 27152834 ns
[2026-10-07T18:14:26.834+0800][142.346s][info][safepoint   ] Safepoint "Cleanup", Time since last: 1144287583 ns, Reaching safepoint: 21640250 ns, At safepoint: 74333 ns, Total: 21714583 ns
[2026-10-07T18:14:28.031+0800][143.542s][info][safepoint   ] Safepoint "Cleanup", Time since last: 1149923500 ns, Reaching safepoint: 46225584 ns, At safepoint: 171666 ns, Total: 46397250 ns
[2026-10-07T18:14:29.299+0800][144.811s][info][safepoint   ] Safepoint "Cleanup", Time since last: 1220035375 ns, Reaching safepoint: 48177084 ns, At safepoint: 495500 ns, Total: 48672584 ns
[2026-10-07T18:14:30.468+0800][145.980s][info][safepoint   ] Safepoint "Cleanup", Time since last: 1131121166 ns, Reaching safepoint: 37084125 ns, At safepoint: 541209 ns, Total: 37625334 ns
[2026-10-07T18:14:31.102+0800][146.614s][info][safepoint   ] Safepoint "ICBufferFull", Time since last: 632833750 ns, Reaching safepoint: 655250 ns, At safepoint: 520166 ns, Total: 1175416 ns
[2026-10-07T18:14:31.106+0800][146.617s][info][safepoint   ] Safepoint "ICBufferFull", Time since last: 2327334 ns, Reaching safepoint: 1103125 ns, At safepoint: 94291 ns, Total: 1197416 ns
[2026-10-07T18:14:31.319+0800][146.831s][info][safepoint   ] Safepoint "ICBufferFull", Time since last: 213336834 ns, Reaching safepoint: 233750 ns, At safepoint: 61083 ns, Total: 294833 ns
[2026-10-07T18:14:32.433+0800][147.945s][info][safepoint   ] Safepoint "Cleanup", Time since last: 1099257250 ns, Reaching safepoint: 13267708 ns, At safepoint: 1503209 ns, Total: 14770917 ns
[2026-10-07T18:14:33.486+0800][148.997s][info][safepoint   ] Safepoint "Cleanup", Time since last: 1041187708 ns, Reaching safepoint: 2140083 ns, At safepoint: 9030209 ns, Total: 11170292 ns
[2026-10-07T18:14:34.047+0800][149.559s][info][safepoint   ] Safepoint "ICBufferFull", Time since last: 561819666 ns, Reaching safepoint: 102084 ns, At safepoint: 4000 ns, Total: 106084 ns
[2026-10-07T18:14:35.187+0800][150.699s][info][safepoint   ] Safepoint "Cleanup", Time since last: 1139099458 ns, Reaching safepoint: 418875 ns, At safepoint: 63458 ns, Total: 482333 ns
[2026-10-07T18:14:35.760+0800][151.272s][info][safepoint   ] Safepoint "ICBufferFull", Time since last: 571935042 ns, Reaching safepoint: 1162792 ns, At safepoint: 40208 ns, Total: 1203000 ns
[2026-10-07T18:14:37.013+0800][152.525s][info][safepoint   ] Safepoint "Cleanup", Time since last: 1148675083 ns, Reaching safepoint: 104002042 ns, At safepoint: 220500 ns, Total: 104222542 ns
[2026-10-07T18:14:38.162+0800][153.674s][info][safepoint   ] Safepoint "Cleanup", Time since last: 1115814333 ns, Reaching safepoint: 33034542 ns, At safepoint: 60833 ns, Total: 33095375 ns
[2026-10-07T18:14:39.848+0800][155.360s][info][safepoint   ] Safepoint "ICBufferFull", Time since last: 1685938334 ns, Reaching safepoint: 299583 ns, At safepoint: 24792 ns, Total: 324375 ns
[2026-10-07T18:14:41.050+0800][156.562s][info][safepoint   ] Safepoint "Cleanup", Time since last: 1147396333 ns, Reaching safepoint: 54213875 ns, At safepoint: 39958 ns, Total: 54253833 ns
[2026-10-07T18:14:42.216+0800][157.728s][info][safepoint   ] Safepoint "Cleanup", Time since last: 1138810667 ns, Reaching safepoint: 25994917 ns, At safepoint: 1330708 ns, Total: 27325625 ns
[2026-10-07T18:14:43.829+0800][159.340s][info][safepoint   ] Safepoint "Cleanup", Time since last: 1590463500 ns, Reaching safepoint: 22179792 ns, At safepoint: 112125 ns, Total: 22291917 ns
[2026-10-07T18:14:44.958+0800][160.470s][info][safepoint   ] Safepoint "Cleanup", Time since last: 1127744708 ns, Reaching safepoint: 1435167 ns, At safepoint: 92375 ns, Total: 1527542 ns
[2026-10-07T18:14:46.132+0800][161.644s][info][safepoint   ] Safepoint "Cleanup", Time since last: 1139203250 ns, Reaching safepoint: 34532666 ns, At safepoint: 438000 ns, Total: 34970666 ns
[2026-10-07T18:14:47.204+0800][162.716s][info][safepoint   ] Safepoint "Cleanup", Time since last: 1067381625 ns, Reaching safepoint: 4986375 ns, At safepoint: 36500 ns, Total: 5022875 ns
[2026-10-07T18:14:48.335+0800][163.847s][info][safepoint   ] Safepoint "Cleanup", Time since last: 1112478709 ns, Reaching safepoint: 17828375 ns, At safepoint: 42416 ns, Total: 17870791 ns
[2026-10-07T18:14:49.460+0800][164.972s][info][safepoint   ] Safepoint "Cleanup", Time since last: 1119820250 ns, Reaching safepoint: 5221584 ns, At safepoint: 344291 ns, Total: 5565875 ns
[2026-10-07T18:14:50.613+0800][166.125s][info][safepoint   ] Safepoint "Cleanup", Time since last: 1141476125 ns, Reaching safepoint: 11290584 ns, At safepoint: 324125 ns, Total: 11614709 ns
[2026-10-07T18:14:52.463+0800][167.976s][info][safepoint   ] Safepoint "Cleanup", Time since last: 1838149333 ns, Reaching safepoint: 12001208 ns, At safepoint: 195584 ns, Total: 12196792 ns
[2026-10-07T18:14:53.627+0800][169.139s][info][safepoint   ] Safepoint "Cleanup", Time since last: 1153692708 ns, Reaching safepoint: 10149458 ns, At safepoint: 25250 ns, Total: 10174708 ns
[2026-10-07T18:14:56.788+0800][172.300s][info][safepoint   ] Safepoint "Cleanup", Time since last: 3124777209 ns, Reaching safepoint: 33908458 ns, At safepoint: 1876292 ns, Total: 35784750 ns
[2026-10-07T18:14:57.953+0800][173.465s][info][safepoint   ] Safepoint "Cleanup", Time since last: 1143186083 ns, Reaching safepoint: 21940875 ns, At safepoint: 194167 ns, Total: 22135042 ns
[2026-10-07T18:14:59.027+0800][174.540s][info][safepoint   ] Safepoint "ICBufferFull", Time since last: 1073487958 ns, Reaching safepoint: 965333 ns, At safepoint: 47500 ns, Total: 1012833 ns
[2026-10-07T18:15:00.236+0800][175.748s][info][safepoint   ] Safepoint "Cleanup", Time since last: 1207394375 ns, Reaching safepoint: 721709 ns, At safepoint: 255875 ns, Total: 977584 ns
[2026-10-07T18:15:01.396+0800][176.909s][info][safepoint   ] Safepoint "Cleanup", Time since last: 1085306833 ns, Reaching safepoint: 74985125 ns, At safepoint: 321125 ns, Total: 75306250 ns
[2026-10-07T18:15:02.740+0800][178.252s][info][safepoint   ] Safepoint "ICBufferFull", Time since last: 1341340708 ns, Reaching safepoint: 2269375 ns, At safepoint: 16959 ns, Total: 2286334 ns
[2026-10-07T18:15:03.320+0800][178.832s][info][safepoint   ] Safepoint "ICBufferFull", Time since last: 579483333 ns, Reaching safepoint: 411042 ns, At safepoint: 9375 ns, Total: 420417 ns
[2026-10-07T18:15:04.480+0800][179.993s][info][safepoint   ] Safepoint "Cleanup", Time since last: 1140508791 ns, Reaching safepoint: 19327792 ns, At safepoint: 448667 ns, Total: 19776459 ns
[2026-10-07T18:15:06.370+0800][181.882s][info][safepoint   ] Safepoint "Cleanup", Time since last: 1870691208 ns, Reaching safepoint: 18285500 ns, At safepoint: 951625 ns, Total: 19237125 ns
[2026-10-07T18:15:07.545+0800][183.057s][info][safepoint   ] Safepoint "Cleanup", Time since last: 1172077875 ns, Reaching safepoint: 2666125 ns, At safepoint: 11042 ns, Total: 2677167 ns
[2026-10-07T18:15:08.699+0800][184.211s][info][safepoint   ] Safepoint "Cleanup", Time since last: 1130376208 ns, Reaching safepoint: 22163208 ns, At safepoint: 1377542 ns, Total: 23540750 ns
[2026-10-07T18:15:09.830+0800][185.343s][info][safepoint   ] Safepoint "Cleanup", Time since last: 1121567125 ns, Reaching safepoint: 9921833 ns, At safepoint: 10417 ns, Total: 9932250 ns
[2026-10-07T18:15:10.144+0800][185.656s][info][safepoint   ] Safepoint "ICBufferFull", Time since last: 304814000 ns, Reaching safepoint: 8778208 ns, At safepoint: 73709 ns, Total: 8851917 ns
[2026-10-07T18:15:36.716+0800][212.229s][info][safepoint   ] Safepoint "RedefineClasses", Time since last: 45238500 ns, Reaching safepoint: 6191083 ns, At safepoint: 26517169125 ns, Total: 26523360208 ns
[2026-10-07T18:15:37.977+0800][213.491s][info][safepoint   ] Safepoint "Cleanup", Time since last: 1200472542 ns, Reaching safepoint: 65137791 ns, At safepoint: 30500 ns, Total: 65168291 ns
[2026-10-07T18:15:48.513+0800][224.026s][info][safepoint   ] Safepoint "Cleanup", Time since last: 10209275584 ns, Reaching safepoint: 245950958 ns, At safepoint: 25556917 ns, Total: 271507875 ns
[2026-10-07T18:15:52.293+0800][227.807s][info][safepoint   ] Safepoint "Cleanup", Time since last: 3561938708 ns, Reaching safepoint: 273560458 ns, At safepoint: 232084 ns, Total: 273792542 ns
[2026-10-07T18:15:54.558+0800][230.072s][info][safepoint   ] Safepoint "Cleanup", Time since last: 2240201833 ns, Reaching safepoint: 24398750 ns, At safepoint: 11667 ns, Total: 24410417 ns
[2026-10-07T18:15:55.749+0800][231.263s][info][safepoint   ] Safepoint "Cleanup", Time since last: 1140858875 ns, Reaching safepoint: 50463916 ns, At safepoint: 65250 ns, Total: 50529166 ns
[2026-10-07T18:15:57.986+0800][233.499s][info][safepoint   ] Safepoint "Cleanup", Time since last: 2228490875 ns, Reaching safepoint: 7544959 ns, At safepoint: 130916 ns, Total: 7675875 ns
[2026-10-07T18:15:59.174+0800][234.688s][info][safepoint   ] Safepoint "Cleanup", Time since last: 1149877292 ns, Reaching safepoint: 38487250 ns, At safepoint: 54292 ns, Total: 38541542 ns
[2026-10-07T18:16:00.293+0800][235.806s][info][safepoint   ] Safepoint "Cleanup", Time since last: 1109961000 ns, Reaching safepoint: 8551583 ns, At safepoint: 179167 ns, Total: 8730750 ns
[2026-10-07T18:16:01.312+0800][236.826s][info][safepoint   ] Safepoint "Cleanup", Time since last: 1002602875 ns, Reaching safepoint: 14776625 ns, At safepoint: 2479375 ns, Total: 17256000 ns
[2026-10-07T18:16:02.452+0800][237.966s][info][safepoint   ] Safepoint "Cleanup", Time since last: 1122393416 ns, Reaching safepoint: 17308167 ns, At safepoint: 105708 ns, Total: 17413875 ns
[2026-10-07T18:16:03.623+0800][239.137s][info][safepoint   ] Safepoint "Cleanup", Time since last: 1096438917 ns, Reaching safepoint: 74296000 ns, At safepoint: 166417 ns, Total: 74462417 ns
[2026-10-07T18:16:10.840+0800][246.354s][info][safepoint   ] Safepoint "Cleanup", Time since last: 7148288791 ns, Reaching safepoint: 18973584 ns, At safepoint: 64000 ns, Total: 19037584 ns
[2026-10-07T18:16:12.020+0800][247.534s][info][safepoint   ] Safepoint "Cleanup", Time since last: 1211638208 ns, Reaching safepoint: 17702708 ns, At safepoint: 67000 ns, Total: 17769708 ns
[2026-10-07T18:16:12.922+0800][248.436s][info][safepoint   ] Safepoint "ICBufferFull", Time since last: 901756459 ns, Reaching safepoint: 827333 ns, At safepoint: 98458 ns, Total: 925791 ns
[2026-10-07T18:16:13.389+0800][248.903s][info][safepoint   ] Safepoint "ICBufferFull", Time since last: 465287417 ns, Reaching safepoint: 1526042 ns, At safepoint: 2791 ns, Total: 1528833 ns
[2026-10-07T18:16:14.640+0800][250.154s][info][gc,start    ] GC(62) Pause Young (Normal) (G1 Evacuation Pause)
[2026-10-07T18:16:14.684+0800][250.199s][info][gc,task     ] GC(62) Using 9 workers of 9 for evacuation
[2026-10-07T18:16:24.275+0800][259.789s][info][gc,mmu      ] GC(62) MMU target violated: 201.0ms (200.0ms/201.0ms)
[2026-10-07T18:16:24.394+0800][259.908s][info][gc,phases   ] GC(62)   Pre Evacuate Collection Set: 216.0ms
[2026-10-07T18:16:24.394+0800][259.908s][info][gc,phases   ] GC(62)   Merge Heap Roots: 258.1ms
[2026-10-07T18:16:24.394+0800][259.908s][info][gc,phases   ] GC(62)   Evacuate Collection Set: 8891.6ms
[2026-10-07T18:16:24.394+0800][259.908s][info][gc,phases   ] GC(62)   Post Evacuate Collection Set: 66.3ms
[2026-10-07T18:16:24.425+0800][259.939s][info][gc,phases   ] GC(62)   Other: 394.4ms
[2026-10-07T18:16:24.448+0800][259.962s][info][gc,heap     ] GC(62) Eden regions: 209->0(7)
[2026-10-07T18:16:24.448+0800][259.962s][info][gc,heap     ] GC(62) Survivor regions: 18->13(29)
[2026-10-07T18:16:24.448+0800][259.962s][info][gc,heap     ] GC(62) Old regions: 107->109
[2026-10-07T18:16:24.448+0800][259.962s][info][gc,heap     ] GC(62) Archive regions: 2->2
[2026-10-07T18:16:24.448+0800][259.962s][info][gc,heap     ] GC(62) Humongous regions: 5->5
[2026-10-07T18:16:24.479+0800][259.993s][info][gc,metaspace] GC(62) Metaspace: 136586K(137856K)->136586K(137856K) NonClass: 118673K(119360K)->118673K(119360K) Class: 17913K(18496K)->17913K(18496K)
[2026-10-07T18:16:24.542+0800][260.057s][info][gc          ] GC(62) Pause Young (Normal) (G1 Evacuation Pause) 339M->126M(402M) 9923.622ms
[2026-10-07T18:16:24.543+0800][260.057s][info][gc,cpu      ] GC(62) User=0.13s Sys=0.47s Real=9.93s
[2026-10-07T18:16:24.545+0800][260.060s][info][safepoint   ] Safepoint "G1CollectForAllocation", Time since last: 1025346625 ns, Reaching safepoint: 122716417 ns, At safepoint: 10007716958 ns, Total: 10130433375 ns
[2026-10-07T18:16:25.727+0800][261.241s][info][safepoint   ] Safepoint "Cleanup", Time since last: 1167355125 ns, Reaching safepoint: 14870084 ns, At safepoint: 59000 ns, Total: 14929084 ns
[2026-10-07T18:16:26.884+0800][262.398s][info][safepoint   ] Safepoint "Cleanup", Time since last: 1136868916 ns, Reaching safepoint: 19915417 ns, At safepoint: 162458 ns, Total: 20077875 ns
[2026-10-07T18:16:27.970+0800][263.484s][info][safepoint   ] Safepoint "Cleanup", Time since last: 1084254792 ns, Reaching safepoint: 862000 ns, At safepoint: 1004667 ns, Total: 1866667 ns
[2026-10-07T18:16:28.812+0800][264.326s][info][gc,start    ] GC(63) Pause Young (Normal) (G1 Evacuation Pause)
[2026-10-07T18:16:28.812+0800][264.327s][info][gc,task     ] GC(63) Using 9 workers of 9 for evacuation
[2026-10-07T18:16:29.155+0800][264.669s][info][gc,mmu      ] GC(63) MMU target violated: 201.0ms (200.0ms/201.0ms)
[2026-10-07T18:16:29.155+0800][264.670s][info][gc,phases   ] GC(63)   Pre Evacuate Collection Set: 0.2ms
[2026-10-07T18:16:29.155+0800][264.670s][info][gc,phases   ] GC(63)   Merge Heap Roots: 0.2ms
[2026-10-07T18:16:29.155+0800][264.670s][info][gc,phases   ] GC(63)   Evacuate Collection Set: 338.5ms
[2026-10-07T18:16:29.155+0800][264.670s][info][gc,phases   ] GC(63)   Post Evacuate Collection Set: 3.4ms
[2026-10-07T18:16:29.155+0800][264.670s][info][gc,phases   ] GC(63)   Other: 1.5ms
[2026-10-07T18:16:29.155+0800][264.670s][info][gc,heap     ] GC(63) Eden regions: 7->0(17)
[2026-10-07T18:16:29.155+0800][264.670s][info][gc,heap     ] GC(63) Survivor regions: 13->3(3)
[2026-10-07T18:16:29.155+0800][264.670s][info][gc,heap     ] GC(63) Old regions: 109->120
[2026-10-07T18:16:29.155+0800][264.670s][info][gc,heap     ] GC(63) Archive regions: 2->2
[2026-10-07T18:16:29.155+0800][264.670s][info][gc,heap     ] GC(63) Humongous regions: 5->5
[2026-10-07T18:16:29.155+0800][264.670s][info][gc,metaspace] GC(63) Metaspace: 136736K(137984K)->136736K(137984K) NonClass: 118800K(119424K)->118800K(119424K) Class: 17935K(18560K)->17935K(18560K)
[2026-10-07T18:16:29.155+0800][264.670s][info][gc          ] GC(63) Pause Young (Normal) (G1 Evacuation Pause) 133M->127M(402M) 343.766ms
[2026-10-07T18:16:29.155+0800][264.670s][info][gc,cpu      ] GC(63) User=0.04s Sys=0.08s Real=0.34s
[2026-10-07T18:16:29.156+0800][264.670s][info][safepoint   ] Safepoint "G1CollectForAllocation", Time since last: 841371416 ns, Reaching safepoint: 123584 ns, At safepoint: 344376000 ns, Total: 344499584 ns
[2026-10-07T18:16:30.314+0800][265.828s][info][safepoint   ] Safepoint "Cleanup", Time since last: 1147721333 ns, Reaching safepoint: 10106292 ns, At safepoint: 458875 ns, Total: 10565167 ns
[2026-10-07T18:16:31.196+0800][266.710s][info][safepoint   ] Safepoint "ICBufferFull", Time since last: 881824083 ns, Reaching safepoint: 146208 ns, At safepoint: 42584 ns, Total: 188792 ns
[2026-10-07T18:16:31.772+0800][267.286s][info][safepoint   ] Safepoint "ICBufferFull", Time since last: 575724916 ns, Reaching safepoint: 162167 ns, At safepoint: 667 ns, Total: 162834 ns
[2026-10-07T18:16:31.789+0800][267.303s][info][gc,start    ] GC(64) Pause Young (Normal) (G1 Evacuation Pause)
[2026-10-07T18:16:31.789+0800][267.303s][info][gc,task     ] GC(64) Using 9 workers of 9 for evacuation
[2026-10-07T18:16:31.809+0800][267.323s][info][gc,phases   ] GC(64)   Pre Evacuate Collection Set: 0.2ms
[2026-10-07T18:16:31.809+0800][267.323s][info][gc,phases   ] GC(64)   Merge Heap Roots: 0.1ms
[2026-10-07T18:16:31.809+0800][267.323s][info][gc,phases   ] GC(64)   Evacuate Collection Set: 19.3ms
[2026-10-07T18:16:31.809+0800][267.323s][info][gc,phases   ] GC(64)   Post Evacuate Collection Set: 0.3ms
[2026-10-07T18:16:31.809+0800][267.323s][info][gc,phases   ] GC(64)   Other: 0.2ms
[2026-10-07T18:16:31.809+0800][267.323s][info][gc,heap     ] GC(64) Eden regions: 17->0(18)
[2026-10-07T18:16:31.809+0800][267.323s][info][gc,heap     ] GC(64) Survivor regions: 3->2(3)
[2026-10-07T18:16:31.809+0800][267.323s][info][gc,heap     ] GC(64) Old regions: 120->120
[2026-10-07T18:16:31.809+0800][267.323s][info][gc,heap     ] GC(64) Archive regions: 2->2
[2026-10-07T18:16:31.809+0800][267.323s][info][gc,heap     ] GC(64) Humongous regions: 5->5
[2026-10-07T18:16:31.809+0800][267.323s][info][gc,metaspace] GC(64) Metaspace: 136821K(138176K)->136821K(138176K) NonClass: 118874K(119552K)->118874K(119552K) Class: 17947K(18624K)->17947K(18624K)
[2026-10-07T18:16:31.809+0800][267.323s][info][gc          ] GC(64) Pause Young (Normal) (G1 Evacuation Pause) 144M->127M(402M) 20.083ms
[2026-10-07T18:16:31.809+0800][267.323s][info][gc,cpu      ] GC(64) User=0.01s Sys=0.02s Real=0.02s
[2026-10-07T18:16:31.809+0800][267.323s][info][safepoint   ] Safepoint "G1CollectForAllocation", Time since last: 16657958 ns, Reaching safepoint: 38750 ns, At safepoint: 20194583 ns, Total: 20233333 ns
[2026-10-07T18:16:32.913+0800][268.428s][info][gc,start    ] GC(65) Pause Young (Normal) (G1 Evacuation Pause)
[2026-10-07T18:16:32.914+0800][268.428s][info][gc,task     ] GC(65) Using 9 workers of 9 for evacuation
[2026-10-07T18:16:32.971+0800][268.486s][info][gc,phases   ] GC(65)   Pre Evacuate Collection Set: 0.3ms
[2026-10-07T18:16:32.971+0800][268.486s][info][gc,phases   ] GC(65)   Merge Heap Roots: 0.1ms
[2026-10-07T18:16:32.971+0800][268.486s][info][gc,phases   ] GC(65)   Evacuate Collection Set: 41.0ms
[2026-10-07T18:16:32.971+0800][268.486s][info][gc,phases   ] GC(65)   Post Evacuate Collection Set: 11.1ms
[2026-10-07T18:16:32.971+0800][268.486s][info][gc,phases   ] GC(65)   Other: 6.4ms
[2026-10-07T18:16:32.971+0800][268.486s][info][gc,heap     ] GC(65) Eden regions: 18->0(17)
[2026-10-07T18:16:32.971+0800][268.486s][info][gc,heap     ] GC(65) Survivor regions: 2->3(3)
[2026-10-07T18:16:32.971+0800][268.486s][info][gc,heap     ] GC(65) Old regions: 120->122
[2026-10-07T18:16:32.971+0800][268.486s][info][gc,heap     ] GC(65) Archive regions: 2->2
[2026-10-07T18:16:32.971+0800][268.486s][info][gc,heap     ] GC(65) Humongous regions: 5->5
[2026-10-07T18:16:32.971+0800][268.486s][info][gc,metaspace] GC(65) Metaspace: 136822K(138176K)->136822K(138176K) NonClass: 118875K(119552K)->118875K(119552K) Class: 17947K(18624K)->17947K(18624K)
[2026-10-07T18:16:32.971+0800][268.486s][info][gc          ] GC(65) Pause Young (Normal) (G1 Evacuation Pause) 145M->129M(402M) 57.866ms
[2026-10-07T18:16:32.971+0800][268.486s][info][gc,cpu      ] GC(65) User=0.03s Sys=0.02s Real=0.06s
[2026-10-07T18:16:32.972+0800][268.487s][info][safepoint   ] Safepoint "G1CollectForAllocation", Time since last: 1092892084 ns, Reaching safepoint: 10610291 ns, At safepoint: 60137250 ns, Total: 70747541 ns
[2026-10-07T18:16:34.153+0800][269.668s][info][safepoint   ] Safepoint "Cleanup", Time since last: 1149097084 ns, Reaching safepoint: 31935208 ns, At safepoint: 79417 ns, Total: 32014625 ns
[2026-10-07T18:16:34.719+0800][270.233s][info][gc,start    ] GC(66) Pause Young (Normal) (G1 Evacuation Pause)
[2026-10-07T18:16:34.723+0800][270.238s][info][gc,task     ] GC(66) Using 9 workers of 9 for evacuation
[2026-10-07T18:16:34.992+0800][270.506s][info][gc,mmu      ] GC(66) MMU target violated: 201.0ms (200.0ms/201.0ms)
[2026-10-07T18:16:34.992+0800][270.507s][info][gc,phases   ] GC(66)   Pre Evacuate Collection Set: 0.2ms
[2026-10-07T18:16:34.992+0800][270.507s][info][gc,phases   ] GC(66)   Merge Heap Roots: 0.1ms
[2026-10-07T18:16:34.992+0800][270.507s][info][gc,phases   ] GC(66)   Evacuate Collection Set: 264.3ms
[2026-10-07T18:16:34.992+0800][270.507s][info][gc,phases   ] GC(66)   Post Evacuate Collection Set: 3.9ms
[2026-10-07T18:16:34.992+0800][270.507s][info][gc,phases   ] GC(66)   Other: 4.7ms
[2026-10-07T18:16:34.992+0800][270.507s][info][gc,heap     ] GC(66) Eden regions: 17->0(17)
[2026-10-07T18:16:34.992+0800][270.507s][info][gc,heap     ] GC(66) Survivor regions: 3->3(3)
[2026-10-07T18:16:34.992+0800][270.507s][info][gc,heap     ] GC(66) Old regions: 122->124
[2026-10-07T18:16:34.992+0800][270.507s][info][gc,heap     ] GC(66) Archive regions: 2->2
[2026-10-07T18:16:34.992+0800][270.507s][info][gc,heap     ] GC(66) Humongous regions: 5->5
[2026-10-07T18:16:34.992+0800][270.507s][info][gc,metaspace] GC(66) Metaspace: 136823K(138176K)->136823K(138176K) NonClass: 118876K(119552K)->118876K(119552K) Class: 17947K(18624K)->17947K(18624K)
[2026-10-07T18:16:34.992+0800][270.507s][info][gc          ] GC(66) Pause Young (Normal) (G1 Evacuation Pause) 146M->132M(402M) 273.374ms
[2026-10-07T18:16:34.992+0800][270.507s][info][gc,cpu      ] GC(66) User=0.03s Sys=0.03s Real=0.28s
[2026-10-07T18:16:34.992+0800][270.507s][info][safepoint   ] Safepoint "G1CollectForAllocation", Time since last: 542799250 ns, Reaching safepoint: 22579958 ns, At safepoint: 273564917 ns, Total: 296144875 ns
[2026-10-07T18:16:36.125+0800][271.640s][info][safepoint   ] Safepoint "Cleanup", Time since last: 1129651083 ns, Reaching safepoint: 3331000 ns, At safepoint: 184667 ns, Total: 3515667 ns
[2026-10-07T18:16:36.586+0800][272.100s][info][gc,start    ] GC(67) Pause Young (Normal) (G1 Evacuation Pause)
[2026-10-07T18:16:36.586+0800][272.100s][info][gc,task     ] GC(67) Using 9 workers of 9 for evacuation
[2026-10-07T18:16:36.599+0800][272.113s][info][gc,phases   ] GC(67)   Pre Evacuate Collection Set: 0.2ms
[2026-10-07T18:16:36.599+0800][272.113s][info][gc,phases   ] GC(67)   Merge Heap Roots: 0.1ms
[2026-10-07T18:16:36.599+0800][272.113s][info][gc,phases   ] GC(67)   Evacuate Collection Set: 9.6ms
[2026-10-07T18:16:36.599+0800][272.113s][info][gc,phases   ] GC(67)   Post Evacuate Collection Set: 1.5ms
[2026-10-07T18:16:36.599+0800][272.113s][info][gc,phases   ] GC(67)   Other: 1.9ms
[2026-10-07T18:16:36.599+0800][272.113s][info][gc,heap     ] GC(67) Eden regions: 17->0(18)
[2026-10-07T18:16:36.599+0800][272.113s][info][gc,heap     ] GC(67) Survivor regions: 3->2(3)
[2026-10-07T18:16:36.599+0800][272.113s][info][gc,heap     ] GC(67) Old regions: 124->127
[2026-10-07T18:16:36.599+0800][272.113s][info][gc,heap     ] GC(67) Archive regions: 2->2
[2026-10-07T18:16:36.599+0800][272.113s][info][gc,heap     ] GC(67) Humongous regions: 5->5
[2026-10-07T18:16:36.599+0800][272.113s][info][gc,metaspace] GC(67) Metaspace: 136847K(138240K)->136847K(138240K) NonClass: 118897K(119616K)->118897K(119616K) Class: 17949K(18624K)->17949K(18624K)
[2026-10-07T18:16:36.599+0800][272.113s][info][gc          ] GC(67) Pause Young (Normal) (G1 Evacuation Pause) 149M->133M(402M) 13.297ms
[2026-10-07T18:16:36.599+0800][272.113s][info][gc,cpu      ] GC(67) User=0.01s Sys=0.01s Real=0.01s
[2026-10-07T18:16:36.599+0800][272.114s][info][safepoint   ] Safepoint "G1CollectForAllocation", Time since last: 459781708 ns, Reaching safepoint: 173500 ns, At safepoint: 13551167 ns, Total: 13724667 ns
[2026-10-07T18:16:37.462+0800][272.977s][info][safepoint   ] Safepoint "ICBufferFull", Time since last: 829183625 ns, Reaching safepoint: 34063000 ns, At safepoint: 19833 ns, Total: 34082833 ns
[2026-10-07T18:16:37.922+0800][273.437s][info][gc,start    ] GC(68) Pause Young (Normal) (G1 Evacuation Pause)
[2026-10-07T18:16:37.932+0800][273.447s][info][gc,task     ] GC(68) Using 9 workers of 9 for evacuation
[2026-10-07T18:16:37.984+0800][273.499s][info][gc,phases   ] GC(68)   Pre Evacuate Collection Set: 0.2ms
[2026-10-07T18:16:37.984+0800][273.499s][info][gc,phases   ] GC(68)   Merge Heap Roots: 0.1ms
[2026-10-07T18:16:37.984+0800][273.499s][info][gc,phases   ] GC(68)   Evacuate Collection Set: 50.4ms
[2026-10-07T18:16:37.984+0800][273.499s][info][gc,phases   ] GC(68)   Post Evacuate Collection Set: 1.9ms
[2026-10-07T18:16:37.985+0800][273.499s][info][gc,phases   ] GC(68)   Other: 9.4ms
[2026-10-07T18:16:37.985+0800][273.499s][info][gc,heap     ] GC(68) Eden regions: 18->0(17)
[2026-10-07T18:16:37.985+0800][273.499s][info][gc,heap     ] GC(68) Survivor regions: 2->3(3)
[2026-10-07T18:16:37.985+0800][273.499s][info][gc,heap     ] GC(68) Old regions: 127->127
[2026-10-07T18:16:37.985+0800][273.499s][info][gc,heap     ] GC(68) Archive regions: 2->2
[2026-10-07T18:16:37.985+0800][273.499s][info][gc,heap     ] GC(68) Humongous regions: 5->5
[2026-10-07T18:16:37.985+0800][273.499s][info][gc,metaspace] GC(68) Metaspace: 136867K(138240K)->136867K(138240K) NonClass: 118915K(119616K)->118915K(119616K) Class: 17951K(18624K)->17951K(18624K)
[2026-10-07T18:16:37.985+0800][273.499s][info][gc          ] GC(68) Pause Young (Normal) (G1 Evacuation Pause) 151M->135M(402M) 62.110ms
[2026-10-07T18:16:37.985+0800][273.499s][info][gc,cpu      ] GC(68) User=0.01s Sys=0.01s Real=0.06s
[2026-10-07T18:16:37.986+0800][273.500s][info][safepoint   ] Safepoint "G1CollectForAllocation", Time since last: 460173958 ns, Reaching safepoint: 84334 ns, At safepoint: 63214666 ns, Total: 63299000 ns
[2026-10-07T18:16:39.141+0800][274.656s][info][safepoint   ] Safepoint "Cleanup", Time since last: 1142324209 ns, Reaching safepoint: 12870666 ns, At safepoint: 20459 ns, Total: 12891125 ns
[2026-10-07T18:16:40.305+0800][275.820s][info][safepoint   ] Safepoint "Cleanup", Time since last: 1127288500 ns, Reaching safepoint: 35904208 ns, At safepoint: 1148625 ns, Total: 37052833 ns
[2026-10-07T18:16:41.471+0800][276.985s][info][safepoint   ] Safepoint "Cleanup", Time since last: 1144127792 ns, Reaching safepoint: 20747041 ns, At safepoint: 702500 ns, Total: 21449541 ns
[2026-10-07T18:16:41.643+0800][277.158s][info][gc,start    ] GC(69) Pause Young (Normal) (G1 Evacuation Pause)
[2026-10-07T18:16:41.643+0800][277.158s][info][gc,task     ] GC(69) Using 9 workers of 9 for evacuation
[2026-10-07T18:16:41.699+0800][277.214s][info][gc,phases   ] GC(69)   Pre Evacuate Collection Set: 1.0ms
[2026-10-07T18:16:41.699+0800][277.214s][info][gc,phases   ] GC(69)   Merge Heap Roots: 0.6ms
[2026-10-07T18:16:41.699+0800][277.214s][info][gc,phases   ] GC(69)   Evacuate Collection Set: 45.3ms
[2026-10-07T18:16:41.699+0800][277.214s][info][gc,phases   ] GC(69)   Post Evacuate Collection Set: 8.8ms
[2026-10-07T18:16:41.699+0800][277.214s][info][gc,phases   ] GC(69)   Other: 0.5ms
[2026-10-07T18:16:41.699+0800][277.214s][info][gc,heap     ] GC(69) Eden regions: 17->0(17)
[2026-10-07T18:16:41.699+0800][277.214s][info][gc,heap     ] GC(69) Survivor regions: 3->3(3)
[2026-10-07T18:16:41.699+0800][277.214s][info][gc,heap     ] GC(69) Old regions: 127->128
[2026-10-07T18:16:41.699+0800][277.214s][info][gc,heap     ] GC(69) Archive regions: 2->2
[2026-10-07T18:16:41.699+0800][277.214s][info][gc,heap     ] GC(69) Humongous regions: 5->5
[2026-10-07T18:16:41.700+0800][277.214s][info][gc,metaspace] GC(69) Metaspace: 136873K(138240K)->136873K(138240K) NonClass: 118921K(119616K)->118921K(119616K) Class: 17951K(18624K)->17951K(18624K)
[2026-10-07T18:16:41.700+0800][277.214s][info][gc          ] GC(69) Pause Young (Normal) (G1 Evacuation Pause) 152M->136M(402M) 56.273ms
[2026-10-07T18:16:41.700+0800][277.214s][info][gc,cpu      ] GC(69) User=0.01s Sys=0.03s Real=0.06s
[2026-10-07T18:16:41.700+0800][277.215s][info][safepoint   ] Safepoint "G1CollectForAllocation", Time since last: 172078375 ns, Reaching safepoint: 147500 ns, At safepoint: 57162959 ns, Total: 57310459 ns
[2026-10-07T18:16:42.826+0800][278.341s][info][safepoint   ] Safepoint "Cleanup", Time since last: 1115991291 ns, Reaching safepoint: 10307792 ns, At safepoint: 48042 ns, Total: 10355834 ns
[2026-10-07T18:16:53.850+0800][289.365s][info][safepoint   ] Safepoint "RedefineClasses", Time since last: 419091125 ns, Reaching safepoint: 6586708 ns, At safepoint: 10597521083 ns, Total: 10604107791 ns
[2026-10-07T18:16:54.008+0800][289.523s][info][safepoint   ] Safepoint "ICBufferFull", Time since last: 157963542 ns, Reaching safepoint: 220042 ns, At safepoint: 2041 ns, Total: 222083 ns
[2026-10-07T18:16:54.026+0800][289.541s][info][gc,start    ] GC(70) Pause Young (Normal) (G1 Evacuation Pause)
[2026-10-07T18:16:54.026+0800][289.541s][info][gc,task     ] GC(70) Using 9 workers of 9 for evacuation
[2026-10-07T18:16:54.061+0800][289.576s][info][gc,phases   ] GC(70)   Pre Evacuate Collection Set: 0.9ms
[2026-10-07T18:16:54.061+0800][289.576s][info][gc,phases   ] GC(70)   Merge Heap Roots: 0.7ms
[2026-10-07T18:16:54.061+0800][289.576s][info][gc,phases   ] GC(70)   Evacuate Collection Set: 29.7ms
[2026-10-07T18:16:54.061+0800][289.576s][info][gc,phases   ] GC(70)   Post Evacuate Collection Set: 2.9ms
[2026-10-07T18:16:54.061+0800][289.576s][info][gc,phases   ] GC(70)   Other: 1.3ms
[2026-10-07T18:16:54.061+0800][289.576s][info][gc,heap     ] GC(70) Eden regions: 17->0(17)
[2026-10-07T18:16:54.061+0800][289.576s][info][gc,heap     ] GC(70) Survivor regions: 3->3(3)
[2026-10-07T18:16:54.061+0800][289.576s][info][gc,heap     ] GC(70) Old regions: 128->129
[2026-10-07T18:16:54.061+0800][289.576s][info][gc,heap     ] GC(70) Archive regions: 2->2
[2026-10-07T18:16:54.061+0800][289.576s][info][gc,heap     ] GC(70) Humongous regions: 5->5
[2026-10-07T18:16:54.061+0800][289.576s][info][gc,metaspace] GC(70) Metaspace: 136916K(138304K)->136916K(138304K) NonClass: 118960K(119680K)->118960K(119680K) Class: 17956K(18624K)->17956K(18624K)
[2026-10-07T18:16:54.061+0800][289.576s][info][gc          ] GC(70) Pause Young (Normal) (G1 Evacuation Pause) 153M->137M(402M) 35.115ms
[2026-10-07T18:16:54.061+0800][289.576s][info][gc,cpu      ] GC(70) User=0.01s Sys=0.02s Real=0.04s
[2026-10-07T18:16:54.061+0800][289.576s][info][safepoint   ] Safepoint "G1CollectForAllocation", Time since last: 14814000 ns, Reaching safepoint: 45750 ns, At safepoint: 38971750 ns, Total: 39017500 ns
[2026-10-07T18:16:54.355+0800][289.871s][info][gc,start    ] GC(71) Pause Young (Normal) (G1 Evacuation Pause)
[2026-10-07T18:16:54.356+0800][289.871s][info][gc,task     ] GC(71) Using 9 workers of 9 for evacuation
[2026-10-07T18:16:54.381+0800][289.896s][info][gc,phases   ] GC(71)   Pre Evacuate Collection Set: 0.1ms
[2026-10-07T18:16:54.381+0800][289.896s][info][gc,phases   ] GC(71)   Merge Heap Roots: 0.1ms
[2026-10-07T18:16:54.381+0800][289.896s][info][gc,phases   ] GC(71)   Evacuate Collection Set: 24.5ms
[2026-10-07T18:16:54.381+0800][289.896s][info][gc,phases   ] GC(71)   Post Evacuate Collection Set: 0.7ms
[2026-10-07T18:16:54.381+0800][289.896s][info][gc,phases   ] GC(71)   Other: 0.3ms
[2026-10-07T18:16:54.381+0800][289.896s][info][gc,heap     ] GC(71) Eden regions: 17->0(36)
[2026-10-07T18:16:54.381+0800][289.896s][info][gc,heap     ] GC(71) Survivor regions: 3->1(3)
[2026-10-07T18:16:54.381+0800][289.896s][info][gc,heap     ] GC(71) Old regions: 129->132
[2026-10-07T18:16:54.381+0800][289.896s][info][gc,heap     ] GC(71) Archive regions: 2->2
[2026-10-07T18:16:54.381+0800][289.896s][info][gc,heap     ] GC(71) Humongous regions: 5->5
[2026-10-07T18:16:54.381+0800][289.896s][info][gc,metaspace] GC(71) Metaspace: 136921K(138304K)->136921K(138304K) NonClass: 118964K(119680K)->118964K(119680K) Class: 17956K(18624K)->17956K(18624K)
[2026-10-07T18:16:54.381+0800][289.896s][info][gc          ] GC(71) Pause Young (Normal) (G1 Evacuation Pause) 154M->138M(402M) 25.795ms
[2026-10-07T18:16:54.381+0800][289.896s][info][gc,cpu      ] GC(71) User=0.01s Sys=0.01s Real=0.03s
[2026-10-07T18:16:54.381+0800][289.896s][info][safepoint   ] Safepoint "G1CollectForAllocation", Time since last: 293525500 ns, Reaching safepoint: 572125 ns, At safepoint: 25844834 ns, Total: 26416959 ns
[2026-10-07T18:16:54.694+0800][290.209s][info][safepoint   ] Safepoint "ICBufferFull", Time since last: 312599666 ns, Reaching safepoint: 129459 ns, At safepoint: 2083 ns, Total: 131542 ns
[2026-10-07T18:16:55.656+0800][291.171s][info][safepoint   ] Safepoint "ICBufferFull", Time since last: 960403542 ns, Reaching safepoint: 1241791 ns, At safepoint: 454834 ns, Total: 1696625 ns
[2026-10-07T18:16:56.277+0800][291.792s][info][safepoint   ] Safepoint "ICBufferFull", Time since last: 620541250 ns, Reaching safepoint: 158250 ns, At safepoint: 8708 ns, Total: 166958 ns
[2026-10-07T18:16:56.416+0800][291.931s][info][gc,start    ] GC(72) Pause Young (Normal) (G1 Evacuation Pause)
[2026-10-07T18:16:56.416+0800][291.931s][info][gc,task     ] GC(72) Using 9 workers of 9 for evacuation
[2026-10-07T18:16:56.450+0800][291.965s][info][gc,phases   ] GC(72)   Pre Evacuate Collection Set: 0.2ms
[2026-10-07T18:16:56.450+0800][291.965s][info][gc,phases   ] GC(72)   Merge Heap Roots: 0.1ms
[2026-10-07T18:16:56.450+0800][291.965s][info][gc,phases   ] GC(72)   Evacuate Collection Set: 33.0ms
[2026-10-07T18:16:56.450+0800][291.965s][info][gc,phases   ] GC(72)   Post Evacuate Collection Set: 0.6ms
[2026-10-07T18:16:56.450+0800][291.965s][info][gc,phases   ] GC(72)   Other: 0.2ms
[2026-10-07T18:16:56.450+0800][291.965s][info][gc,heap     ] GC(72) Eden regions: 36->0(29)
[2026-10-07T18:16:56.450+0800][291.965s][info][gc,heap     ] GC(72) Survivor regions: 1->3(5)
[2026-10-07T18:16:56.450+0800][291.965s][info][gc,heap     ] GC(72) Old regions: 132->132
[2026-10-07T18:16:56.450+0800][291.965s][info][gc,heap     ] GC(72) Archive regions: 2->2
[2026-10-07T18:16:56.450+0800][291.965s][info][gc,heap     ] GC(72) Humongous regions: 5->5
[2026-10-07T18:16:56.450+0800][291.965s][info][gc,metaspace] GC(72) Metaspace: 136942K(138304K)->136942K(138304K) NonClass: 118985K(119680K)->118985K(119680K) Class: 17956K(18624K)->17956K(18624K)
[2026-10-07T18:16:56.450+0800][291.965s][info][gc          ] GC(72) Pause Young (Normal) (G1 Evacuation Pause) 174M->140M(402M) 34.228ms
[2026-10-07T18:16:56.450+0800][291.965s][info][gc,cpu      ] GC(72) User=0.03s Sys=0.02s Real=0.04s
[2026-10-07T18:16:56.450+0800][291.965s][info][safepoint   ] Safepoint "G1CollectForAllocation", Time since last: 138815792 ns, Reaching safepoint: 60625 ns, At safepoint: 34326000 ns, Total: 34386625 ns
[2026-10-07T18:16:56.697+0800][292.212s][info][safepoint   ] Safepoint "ICBufferFull", Time since last: 245933458 ns, Reaching safepoint: 979375 ns, At safepoint: 183417 ns, Total: 1162792 ns
[2026-10-07T18:16:56.781+0800][292.296s][info][gc,start    ] GC(73) Pause Young (Normal) (G1 Evacuation Pause)
[2026-10-07T18:16:56.781+0800][292.296s][info][gc,task     ] GC(73) Using 9 workers of 9 for evacuation
[2026-10-07T18:16:56.787+0800][292.302s][info][gc,phases   ] GC(73)   Pre Evacuate Collection Set: 0.1ms
[2026-10-07T18:16:56.787+0800][292.302s][info][gc,phases   ] GC(73)   Merge Heap Roots: 0.1ms
[2026-10-07T18:16:56.787+0800][292.302s][info][gc,phases   ] GC(73)   Evacuate Collection Set: 5.2ms
[2026-10-07T18:16:56.787+0800][292.302s][info][gc,phases   ] GC(73)   Post Evacuate Collection Set: 0.2ms
[2026-10-07T18:16:56.787+0800][292.302s][info][gc,phases   ] GC(73)   Other: 0.1ms
[2026-10-07T18:16:56.787+0800][292.302s][info][gc,heap     ] GC(73) Eden regions: 29->0(58)
[2026-10-07T18:16:56.787+0800][292.302s][info][gc,heap     ] GC(73) Survivor regions: 3->3(4)
[2026-10-07T18:16:56.787+0800][292.302s][info][gc,heap     ] GC(73) Old regions: 132->133
[2026-10-07T18:16:56.787+0800][292.302s][info][gc,heap     ] GC(73) Archive regions: 2->2
[2026-10-07T18:16:56.787+0800][292.302s][info][gc,heap     ] GC(73) Humongous regions: 5->5
[2026-10-07T18:16:56.787+0800][292.302s][info][gc,metaspace] GC(73) Metaspace: 136958K(138304K)->136958K(138304K) NonClass: 119001K(119680K)->119001K(119680K) Class: 17956K(18624K)->17956K(18624K)
[2026-10-07T18:16:56.787+0800][292.302s][info][gc          ] GC(73) Pause Young (Normal) (G1 Evacuation Pause) 169M->140M(402M) 5.676ms
[2026-10-07T18:16:56.787+0800][292.302s][info][gc,cpu      ] GC(73) User=0.01s Sys=0.00s Real=0.00s
[2026-10-07T18:16:56.787+0800][292.302s][info][safepoint   ] Safepoint "G1CollectForAllocation", Time since last: 83989833 ns, Reaching safepoint: 64167 ns, At safepoint: 5781458 ns, Total: 5845625 ns
[2026-10-07T18:16:56.907+0800][292.422s][info][safepoint   ] Safepoint "ICBufferFull", Time since last: 120015583 ns, Reaching safepoint: 125000 ns, At safepoint: 10292 ns, Total: 135292 ns
[2026-10-07T18:16:57.222+0800][292.738s][info][safepoint   ] Safepoint "ICBufferFull", Time since last: 314943500 ns, Reaching safepoint: 301000 ns, At safepoint: 141167 ns, Total: 442167 ns
[2026-10-07T18:16:57.444+0800][292.959s][info][safepoint   ] Safepoint "ICBufferFull", Time since last: 220658291 ns, Reaching safepoint: 986084 ns, At safepoint: 3333 ns, Total: 989417 ns
[2026-10-07T18:16:57.531+0800][293.047s][info][safepoint   ] Safepoint "ICBufferFull", Time since last: 87351458 ns, Reaching safepoint: 49334 ns, At safepoint: 14500 ns, Total: 63834 ns
[2026-10-07T18:16:58.797+0800][294.312s][info][safepoint   ] Safepoint "Cleanup", Time since last: 1142819416 ns, Reaching safepoint: 122793667 ns, At safepoint: 78917 ns, Total: 122872584 ns
[2026-10-07T18:16:59.935+0800][295.450s][info][safepoint   ] Safepoint "Cleanup", Time since last: 1110071875 ns, Reaching safepoint: 27918208 ns, At safepoint: 12750 ns, Total: 27930958 ns
[2026-10-07T18:17:01.067+0800][296.582s][info][safepoint   ] Safepoint "Cleanup", Time since last: 1090174833 ns, Reaching safepoint: 41114459 ns, At safepoint: 819791 ns, Total: 41934250 ns
[2026-10-07T18:17:02.221+0800][297.736s][info][safepoint   ] Safepoint "Cleanup", Time since last: 1144323500 ns, Reaching safepoint: 9520667 ns, At safepoint: 69958 ns, Total: 9590625 ns
[2026-10-07T18:17:02.422+0800][297.938s][info][gc,start    ] GC(74) Pause Young (Normal) (G1 Evacuation Pause)
[2026-10-07T18:17:02.423+0800][297.938s][info][gc,task     ] GC(74) Using 9 workers of 9 for evacuation
[2026-10-07T18:17:02.736+0800][298.252s][info][gc,mmu      ] GC(74) MMU target violated: 201.0ms (200.0ms/201.0ms)
[2026-10-07T18:17:02.736+0800][298.252s][info][gc,phases   ] GC(74)   Pre Evacuate Collection Set: 4.1ms
[2026-10-07T18:17:02.736+0800][298.252s][info][gc,phases   ] GC(74)   Merge Heap Roots: 3.3ms
[2026-10-07T18:17:02.737+0800][298.252s][info][gc,phases   ] GC(74)   Evacuate Collection Set: 292.1ms
[2026-10-07T18:17:02.737+0800][298.252s][info][gc,phases   ] GC(74)   Post Evacuate Collection Set: 12.2ms
[2026-10-07T18:17:02.737+0800][298.252s][info][gc,phases   ] GC(74)   Other: 2.3ms
[2026-10-07T18:17:02.737+0800][298.252s][info][gc,heap     ] GC(74) Eden regions: 58->0(13)
[2026-10-07T18:17:02.737+0800][298.252s][info][gc,heap     ] GC(74) Survivor regions: 3->7(8)
[2026-10-07T18:17:02.737+0800][298.252s][info][gc,heap     ] GC(74) Old regions: 133->133
[2026-10-07T18:17:02.737+0800][298.252s][info][gc,heap     ] GC(74) Archive regions: 2->2
[2026-10-07T18:17:02.737+0800][298.252s][info][gc,heap     ] GC(74) Humongous regions: 5->5
[2026-10-07T18:17:02.737+0800][298.252s][info][gc,metaspace] GC(74) Metaspace: 137071K(138432K)->137071K(138432K) NonClass: 119111K(119808K)->119111K(119808K) Class: 17960K(18624K)->17960K(18624K)
[2026-10-07T18:17:02.737+0800][298.252s][info][gc          ] GC(74) Pause Young (Normal) (G1 Evacuation Pause) 198M->144M(402M) 314.294ms
[2026-10-07T18:17:02.737+0800][298.252s][info][gc,cpu      ] GC(74) User=0.02s Sys=0.08s Real=0.31s
[2026-10-07T18:17:02.738+0800][298.253s][info][safepoint   ] Safepoint "G1CollectForAllocation", Time since last: 200709917 ns, Reaching safepoint: 586125 ns, At safepoint: 315682000 ns, Total: 316268125 ns
[2026-10-07T18:17:05.002+0800][300.517s][info][safepoint   ] Safepoint "Cleanup", Time since last: 2253696875 ns, Reaching safepoint: 10148333 ns, At safepoint: 25500 ns, Total: 10173833 ns
[2026-10-07T18:17:06.011+0800][301.526s][info][gc,start    ] GC(75) Pause Young (Normal) (G1 Evacuation Pause)
[2026-10-07T18:17:06.011+0800][301.526s][info][gc,task     ] GC(75) Using 9 workers of 9 for evacuation
[2026-10-07T18:17:07.351+0800][302.866s][info][gc,mmu      ] GC(75) MMU target violated: 201.0ms (200.0ms/201.0ms)
[2026-10-07T18:17:07.351+0800][302.867s][info][gc,phases   ] GC(75)   Pre Evacuate Collection Set: 0.9ms
[2026-10-07T18:17:07.351+0800][302.867s][info][gc,phases   ] GC(75)   Merge Heap Roots: 0.3ms
[2026-10-07T18:17:07.351+0800][302.867s][info][gc,phases   ] GC(75)   Evacuate Collection Set: 1318.3ms
[2026-10-07T18:17:07.351+0800][302.867s][info][gc,phases   ] GC(75)   Post Evacuate Collection Set: 20.2ms
[2026-10-07T18:17:07.351+0800][302.867s][info][gc,phases   ] GC(75)   Other: 1.1ms
[2026-10-07T18:17:07.351+0800][302.867s][info][gc,heap     ] GC(75) Eden regions: 13->0(19)
[2026-10-07T18:17:07.351+0800][302.867s][info][gc,heap     ] GC(75) Survivor regions: 7->1(3)
[2026-10-07T18:17:07.351+0800][302.867s][info][gc,heap     ] GC(75) Old regions: 133->139
[2026-10-07T18:17:07.351+0800][302.867s][info][gc,heap     ] GC(75) Archive regions: 2->2
[2026-10-07T18:17:07.351+0800][302.867s][info][gc,heap     ] GC(75) Humongous regions: 5->5
[2026-10-07T18:17:07.351+0800][302.867s][info][gc,metaspace] GC(75) Metaspace: 137074K(138432K)->137074K(138432K) NonClass: 119113K(119808K)->119113K(119808K) Class: 17960K(18624K)->17960K(18624K)
[2026-10-07T18:17:07.351+0800][302.867s][info][gc          ] GC(75) Pause Young (Normal) (G1 Evacuation Pause) 157M->145M(402M) 1340.939ms
[2026-10-07T18:17:07.351+0800][302.867s][info][gc,cpu      ] GC(75) User=0.02s Sys=0.06s Real=1.34s
[2026-10-07T18:17:07.353+0800][302.868s][info][safepoint   ] Safepoint "G1CollectForAllocation", Time since last: 1007062500 ns, Reaching safepoint: 1575625 ns, At safepoint: 1342260542 ns, Total: 1343836167 ns
[2026-10-07T18:17:08.392+0800][303.907s][info][gc,start    ] GC(76) Pause Young (Normal) (G1 Evacuation Pause)
[2026-10-07T18:17:08.392+0800][303.907s][info][gc,task     ] GC(76) Using 9 workers of 9 for evacuation
[2026-10-07T18:17:08.511+0800][304.027s][info][gc,phases   ] GC(76)   Pre Evacuate Collection Set: 2.5ms
[2026-10-07T18:17:08.511+0800][304.027s][info][gc,phases   ] GC(76)   Merge Heap Roots: 1.0ms
[2026-10-07T18:17:08.511+0800][304.027s][info][gc,phases   ] GC(76)   Evacuate Collection Set: 47.4ms
[2026-10-07T18:17:08.511+0800][304.027s][info][gc,phases   ] GC(76)   Post Evacuate Collection Set: 67.5ms
[2026-10-07T18:17:08.511+0800][304.027s][info][gc,phases   ] GC(76)   Other: 1.4ms
[2026-10-07T18:17:08.511+0800][304.027s][info][gc,heap     ] GC(76) Eden regions: 19->0(18)
[2026-10-07T18:17:08.511+0800][304.027s][info][gc,heap     ] GC(76) Survivor regions: 1->2(3)
[2026-10-07T18:17:08.511+0800][304.027s][info][gc,heap     ] GC(76) Old regions: 139->139
[2026-10-07T18:17:08.511+0800][304.027s][info][gc,heap     ] GC(76) Archive regions: 2->2
[2026-10-07T18:17:08.511+0800][304.027s][info][gc,heap     ] GC(76) Humongous regions: 5->5
[2026-10-07T18:17:08.511+0800][304.027s][info][gc,metaspace] GC(76) Metaspace: 137085K(138432K)->137085K(138432K) NonClass: 119124K(119808K)->119124K(119808K) Class: 17960K(18624K)->17960K(18624K)
[2026-10-07T18:17:08.511+0800][304.027s][info][gc          ] GC(76) Pause Young (Normal) (G1 Evacuation Pause) 164M->145M(402M) 119.781ms
[2026-10-07T18:17:08.512+0800][304.027s][info][gc,cpu      ] GC(76) User=0.03s Sys=0.01s Real=0.12s
[2026-10-07T18:17:08.512+0800][304.027s][info][safepoint   ] Safepoint "G1CollectForAllocation", Time since last: 1038676583 ns, Reaching safepoint: 256042 ns, At safepoint: 120359333 ns, Total: 120615375 ns
[2026-10-07T18:17:09.072+0800][304.587s][info][safepoint   ] Safepoint "ICBufferFull", Time since last: 557928375 ns, Reaching safepoint: 1653709 ns, At safepoint: 350583 ns, Total: 2004292 ns
[2026-10-07T18:17:09.147+0800][304.662s][info][gc,start    ] GC(77) Pause Young (Normal) (G1 Evacuation Pause)
[2026-10-07T18:17:09.147+0800][304.663s][info][gc,task     ] GC(77) Using 9 workers of 9 for evacuation
[2026-10-07T18:17:09.157+0800][304.672s][info][gc,phases   ] GC(77)   Pre Evacuate Collection Set: 0.8ms
[2026-10-07T18:17:09.157+0800][304.672s][info][gc,phases   ] GC(77)   Merge Heap Roots: 1.4ms
[2026-10-07T18:17:09.157+0800][304.672s][info][gc,phases   ] GC(77)   Evacuate Collection Set: 4.1ms
[2026-10-07T18:17:09.157+0800][304.672s][info][gc,phases   ] GC(77)   Post Evacuate Collection Set: 2.9ms
[2026-10-07T18:17:09.157+0800][304.672s][info][gc,phases   ] GC(77)   Other: 0.9ms
[2026-10-07T18:17:09.157+0800][304.672s][info][gc,heap     ] GC(77) Eden regions: 18->0(18)
[2026-10-07T18:17:09.157+0800][304.672s][info][gc,heap     ] GC(77) Survivor regions: 2->2(3)
[2026-10-07T18:17:09.157+0800][304.672s][info][gc,heap     ] GC(77) Old regions: 139->139
[2026-10-07T18:17:09.157+0800][304.672s][info][gc,heap     ] GC(77) Archive regions: 2->2
[2026-10-07T18:17:09.157+0800][304.672s][info][gc,heap     ] GC(77) Humongous regions: 5->5
[2026-10-07T18:17:09.157+0800][304.672s][info][gc,metaspace] GC(77) Metaspace: 137087K(138432K)->137087K(138432K) NonClass: 119127K(119808K)->119127K(119808K) Class: 17960K(18624K)->17960K(18624K)
[2026-10-07T18:17:09.157+0800][304.672s][info][gc          ] GC(77) Pause Young (Normal) (G1 Evacuation Pause) 163M->146M(417M) 10.248ms
[2026-10-07T18:17:09.157+0800][304.672s][info][gc,cpu      ] GC(77) User=0.01s Sys=0.00s Real=0.01s
[2026-10-07T18:17:09.157+0800][304.672s][info][safepoint   ] Safepoint "G1CollectForAllocation", Time since last: 74486667 ns, Reaching safepoint: 143333 ns, At safepoint: 10452500 ns, Total: 10595833 ns
[2026-10-07T18:17:09.223+0800][304.738s][info][gc,start    ] GC(78) Pause Young (Normal) (G1 Evacuation Pause)
[2026-10-07T18:17:09.223+0800][304.738s][info][gc,task     ] GC(78) Using 9 workers of 9 for evacuation
[2026-10-07T18:17:09.243+0800][304.758s][info][gc,phases   ] GC(78)   Pre Evacuate Collection Set: 0.4ms
[2026-10-07T18:17:09.243+0800][304.758s][info][gc,phases   ] GC(78)   Merge Heap Roots: 0.7ms
[2026-10-07T18:17:09.243+0800][304.758s][info][gc,phases   ] GC(78)   Evacuate Collection Set: 16.5ms
[2026-10-07T18:17:09.243+0800][304.758s][info][gc,phases   ] GC(78)   Post Evacuate Collection Set: 0.8ms
[2026-10-07T18:17:09.243+0800][304.758s][info][gc,phases   ] GC(78)   Other: 1.8ms
[2026-10-07T18:17:09.243+0800][304.758s][info][gc,heap     ] GC(78) Eden regions: 18->0(27)
[2026-10-07T18:17:09.243+0800][304.758s][info][gc,heap     ] GC(78) Survivor regions: 2->2(3)
[2026-10-07T18:17:09.243+0800][304.758s][info][gc,heap     ] GC(78) Old regions: 139->139
[2026-10-07T18:17:09.243+0800][304.758s][info][gc,heap     ] GC(78) Archive regions: 2->2
[2026-10-07T18:17:09.243+0800][304.758s][info][gc,heap     ] GC(78) Humongous regions: 5->5
[2026-10-07T18:17:09.243+0800][304.758s][info][gc,metaspace] GC(78) Metaspace: 137090K(138432K)->137090K(138432K) NonClass: 119130K(119808K)->119130K(119808K) Class: 17960K(18624K)->17960K(18624K)
[2026-10-07T18:17:09.243+0800][304.758s][info][gc          ] GC(78) Pause Young (Normal) (G1 Evacuation Pause) 164M->146M(417M) 20.403ms
[2026-10-07T18:17:09.243+0800][304.758s][info][gc,cpu      ] GC(78) User=0.01s Sys=0.00s Real=0.02s
[2026-10-07T18:17:09.243+0800][304.759s][info][safepoint   ] Safepoint "G1CollectForAllocation", Time since last: 64517583 ns, Reaching safepoint: 957292 ns, At safepoint: 20846375 ns, Total: 21803667 ns
[2026-10-07T18:17:09.636+0800][305.151s][info][gc,start    ] GC(79) Pause Young (Normal) (G1 Evacuation Pause)
[2026-10-07T18:17:09.636+0800][305.151s][info][gc,task     ] GC(79) Using 9 workers of 9 for evacuation
[2026-10-07T18:17:09.647+0800][305.162s][info][gc,phases   ] GC(79)   Pre Evacuate Collection Set: 1.4ms
[2026-10-07T18:17:09.647+0800][305.162s][info][gc,phases   ] GC(79)   Merge Heap Roots: 0.5ms
[2026-10-07T18:17:09.647+0800][305.162s][info][gc,phases   ] GC(79)   Evacuate Collection Set: 6.9ms
[2026-10-07T18:17:09.647+0800][305.162s][info][gc,phases   ] GC(79)   Post Evacuate Collection Set: 1.8ms
[2026-10-07T18:17:09.647+0800][305.162s][info][gc,phases   ] GC(79)   Other: 0.3ms
[2026-10-07T18:17:09.647+0800][305.162s][info][gc,heap     ] GC(79) Eden regions: 27->0(29)
[2026-10-07T18:17:09.647+0800][305.162s][info][gc,heap     ] GC(79) Survivor regions: 2->3(4)
[2026-10-07T18:17:09.647+0800][305.162s][info][gc,heap     ] GC(79) Old regions: 139->139
[2026-10-07T18:17:09.647+0800][305.162s][info][gc,heap     ] GC(79) Archive regions: 2->2
[2026-10-07T18:17:09.647+0800][305.162s][info][gc,heap     ] GC(79) Humongous regions: 5->5
[2026-10-07T18:17:09.647+0800][305.162s][info][gc,metaspace] GC(79) Metaspace: 137095K(138432K)->137095K(138432K) NonClass: 119134K(119808K)->119134K(119808K) Class: 17960K(18624K)->17960K(18624K)
[2026-10-07T18:17:09.647+0800][305.162s][info][gc          ] GC(79) Pause Young (Normal) (G1 Evacuation Pause) 173M->147M(417M) 10.970ms
[2026-10-07T18:17:09.647+0800][305.162s][info][gc,cpu      ] GC(79) User=0.01s Sys=0.00s Real=0.01s
[2026-10-07T18:17:09.647+0800][305.162s][info][safepoint   ] Safepoint "G1CollectForAllocation", Time since last: 391361000 ns, Reaching safepoint: 1025167 ns, At safepoint: 11177375 ns, Total: 12202542 ns
[2026-10-07T18:17:10.797+0800][306.313s][info][safepoint   ] Safepoint "Cleanup", Time since last: 1150127541 ns, Reaching safepoint: 306834 ns, At safepoint: 7083 ns, Total: 313917 ns
[2026-10-07T18:17:11.627+0800][307.142s][info][gc,start    ] GC(80) Pause Young (Normal) (G1 Evacuation Pause)
[2026-10-07T18:17:11.627+0800][307.143s][info][gc,task     ] GC(80) Using 9 workers of 9 for evacuation
[2026-10-07T18:17:11.692+0800][307.207s][info][gc,phases   ] GC(80)   Pre Evacuate Collection Set: 12.0ms
[2026-10-07T18:17:11.692+0800][307.207s][info][gc,phases   ] GC(80)   Merge Heap Roots: 0.9ms
[2026-10-07T18:17:11.692+0800][307.207s][info][gc,phases   ] GC(80)   Evacuate Collection Set: 50.4ms
[2026-10-07T18:17:11.692+0800][307.207s][info][gc,phases   ] GC(80)   Post Evacuate Collection Set: 0.7ms
[2026-10-07T18:17:11.692+0800][307.207s][info][gc,phases   ] GC(80)   Other: 0.8ms
[2026-10-07T18:17:11.692+0800][307.207s][info][gc,heap     ] GC(80) Eden regions: 29->0(45)
[2026-10-07T18:17:11.692+0800][307.207s][info][gc,heap     ] GC(80) Survivor regions: 3->3(4)
[2026-10-07T18:17:11.692+0800][307.207s][info][gc,heap     ] GC(80) Old regions: 139->140
[2026-10-07T18:17:11.692+0800][307.207s][info][gc,heap     ] GC(80) Archive regions: 2->2
[2026-10-07T18:17:11.692+0800][307.207s][info][gc,heap     ] GC(80) Humongous regions: 5->5
[2026-10-07T18:17:11.692+0800][307.207s][info][gc,metaspace] GC(80) Metaspace: 137111K(138432K)->137111K(138432K) NonClass: 119150K(119808K)->119150K(119808K) Class: 17961K(18624K)->17961K(18624K)
[2026-10-07T18:17:11.692+0800][307.207s][info][gc          ] GC(80) Pause Young (Normal) (G1 Evacuation Pause) 176M->148M(417M) 64.654ms
[2026-10-07T18:17:11.692+0800][307.207s][info][gc,cpu      ] GC(80) User=0.01s Sys=0.02s Real=0.07s
[2026-10-07T18:17:11.692+0800][307.207s][info][safepoint   ] Safepoint "G1CollectForAllocation", Time since last: 809997042 ns, Reaching safepoint: 19575333 ns, At safepoint: 64925708 ns, Total: 84501041 ns
[2026-10-07T18:17:12.927+0800][308.443s][info][safepoint   ] Safepoint "Cleanup", Time since last: 1139832792 ns, Reaching safepoint: 95367083 ns, At safepoint: 144250 ns, Total: 95511333 ns
[2026-10-07T18:17:14.061+0800][309.577s][info][safepoint   ] Safepoint "Cleanup", Time since last: 1133234250 ns, Reaching safepoint: 947417 ns, At safepoint: 49667 ns, Total: 997084 ns
[2026-10-07T18:17:14.133+0800][309.649s][info][gc,start    ] GC(81) Pause Young (Normal) (G1 Evacuation Pause)
[2026-10-07T18:17:14.134+0800][309.649s][info][gc,task     ] GC(81) Using 9 workers of 9 for evacuation
[2026-10-07T18:17:14.149+0800][309.665s][info][gc,phases   ] GC(81)   Pre Evacuate Collection Set: 1.0ms
[2026-10-07T18:17:14.150+0800][309.665s][info][gc,phases   ] GC(81)   Merge Heap Roots: 0.7ms
[2026-10-07T18:17:14.150+0800][309.665s][info][gc,phases   ] GC(81)   Evacuate Collection Set: 11.6ms
[2026-10-07T18:17:14.150+0800][309.665s][info][gc,phases   ] GC(81)   Post Evacuate Collection Set: 2.3ms
[2026-10-07T18:17:14.150+0800][309.665s][info][gc,phases   ] GC(81)   Other: 0.4ms
[2026-10-07T18:17:14.150+0800][309.665s][info][gc,heap     ] GC(81) Eden regions: 45->0(37)
[2026-10-07T18:17:14.150+0800][309.665s][info][gc,heap     ] GC(81) Survivor regions: 3->5(6)
[2026-10-07T18:17:14.150+0800][309.665s][info][gc,heap     ] GC(81) Old regions: 140->140
[2026-10-07T18:17:14.150+0800][309.665s][info][gc,heap     ] GC(81) Archive regions: 2->2
[2026-10-07T18:17:14.150+0800][309.665s][info][gc,heap     ] GC(81) Humongous regions: 5->5
[2026-10-07T18:17:14.150+0800][309.665s][info][gc,metaspace] GC(81) Metaspace: 137145K(138496K)->137145K(138496K) NonClass: 119183K(119872K)->119183K(119872K) Class: 17961K(18624K)->17961K(18624K)
[2026-10-07T18:17:14.150+0800][309.665s][info][gc          ] GC(81) Pause Young (Normal) (G1 Evacuation Pause) 193M->149M(417M) 16.303ms
[2026-10-07T18:17:14.150+0800][309.665s][info][gc,cpu      ] GC(81) User=0.01s Sys=0.02s Real=0.02s
[2026-10-07T18:17:14.150+0800][309.665s][info][safepoint   ] Safepoint "G1CollectForAllocation", Time since last: 72077708 ns, Reaching safepoint: 34833 ns, At safepoint: 16410209 ns, Total: 16445042 ns
[2026-10-07T18:17:15.118+0800][310.634s][info][gc,start    ] GC(82) Pause Young (Normal) (G1 Evacuation Pause)
[2026-10-07T18:17:15.119+0800][310.634s][info][gc,task     ] GC(82) Using 9 workers of 9 for evacuation
[2026-10-07T18:17:15.258+0800][310.774s][info][gc,phases   ] GC(82)   Pre Evacuate Collection Set: 0.2ms
[2026-10-07T18:17:15.259+0800][310.774s][info][gc,phases   ] GC(82)   Merge Heap Roots: 0.1ms
[2026-10-07T18:17:15.259+0800][310.774s][info][gc,phases   ] GC(82)   Evacuate Collection Set: 134.3ms
[2026-10-07T18:17:15.259+0800][310.774s][info][gc,phases   ] GC(82)   Post Evacuate Collection Set: 5.0ms
[2026-10-07T18:17:15.259+0800][310.774s][info][gc,phases   ] GC(82)   Other: 0.3ms
[2026-10-07T18:17:15.259+0800][310.774s][info][gc,heap     ] GC(82) Eden regions: 37->0(53)
[2026-10-07T18:17:15.259+0800][310.774s][info][gc,heap     ] GC(82) Survivor regions: 5->4(6)
[2026-10-07T18:17:15.259+0800][310.774s][info][gc,heap     ] GC(82) Old regions: 140->141
[2026-10-07T18:17:15.259+0800][310.774s][info][gc,heap     ] GC(82) Archive regions: 2->2
[2026-10-07T18:17:15.259+0800][310.774s][info][gc,heap     ] GC(82) Humongous regions: 5->5
[2026-10-07T18:17:15.259+0800][310.774s][info][gc,metaspace] GC(82) Metaspace: 137147K(138496K)->137147K(138496K) NonClass: 119186K(119872K)->119186K(119872K) Class: 17961K(18624K)->17961K(18624K)
[2026-10-07T18:17:15.259+0800][310.775s][info][gc          ] GC(82) Pause Young (Normal) (G1 Evacuation Pause) 186M->150M(417M) 140.464ms
[2026-10-07T18:17:15.259+0800][310.775s][info][gc,cpu      ] GC(82) User=0.02s Sys=0.02s Real=0.14s
[2026-10-07T18:17:15.259+0800][310.775s][info][safepoint   ] Safepoint "G1CollectForAllocation", Time since last: 967243625 ns, Reaching safepoint: 1410500 ns, At safepoint: 140827458 ns, Total: 142237958 ns
[2026-10-07T18:17:16.430+0800][311.946s][info][safepoint   ] Safepoint "Cleanup", Time since last: 1145302583 ns, Reaching safepoint: 25438875 ns, At safepoint: 15167 ns, Total: 25454042 ns
[2026-10-07T18:17:17.874+0800][313.390s][info][safepoint   ] Safepoint "Cleanup", Time since last: 1122407208 ns, Reaching safepoint: 320678500 ns, At safepoint: 1125375 ns, Total: 321803875 ns
[2026-10-07T18:17:19.888+0800][315.404s][info][safepoint   ] Safepoint "RedefineClasses", Time since last: 7872250 ns, Reaching safepoint: 265500 ns, At safepoint: 2005740875 ns, Total: 2006006375 ns
[2026-10-07T18:17:21.142+0800][316.658s][info][safepoint   ] Safepoint "Cleanup", Time since last: 1167990459 ns, Reaching safepoint: 86020166 ns, At safepoint: 9375 ns, Total: 86029541 ns
[2026-10-07T18:17:25.870+0800][321.385s][info][safepoint   ] Safepoint "RedefineClasses", Time since last: 55459792 ns, Reaching safepoint: 35333 ns, At safepoint: 4646087917 ns, Total: 4646123250 ns
[2026-10-07T18:17:26.377+0800][321.893s][info][safepoint   ] Safepoint "ICBufferFull", Time since last: 533791417 ns, Reaching safepoint: 207000 ns, At safepoint: 50958 ns, Total: 257958 ns
[2026-10-07T18:17:27.557+0800][323.073s][info][safepoint   ] Safepoint "Cleanup", Time since last: 1154078792 ns, Reaching safepoint: 25143833 ns, At safepoint: 464833 ns, Total: 25608666 ns
[2026-10-07T18:17:28.691+0800][324.206s][info][safepoint   ] Safepoint "Cleanup", Time since last: 1116511875 ns, Reaching safepoint: 16890042 ns, At safepoint: 65875 ns, Total: 16955917 ns
[2026-10-07T18:17:29.840+0800][325.356s][info][safepoint   ] Safepoint "Cleanup", Time since last: 1149240625 ns, Reaching safepoint: 283792 ns, At safepoint: 44166 ns, Total: 327958 ns
[2026-10-07T18:17:30.947+0800][326.463s][info][safepoint   ] Safepoint "Cleanup", Time since last: 1097889625 ns, Reaching safepoint: 8803334 ns, At safepoint: 413791 ns, Total: 9217125 ns
[2026-10-07T18:17:32.099+0800][327.615s][info][safepoint   ] Safepoint "Cleanup", Time since last: 1148161834 ns, Reaching safepoint: 2477541 ns, At safepoint: 1696500 ns, Total: 4174041 ns
[2026-10-07T18:17:33.261+0800][328.777s][info][safepoint   ] Safepoint "Cleanup", Time since last: 1137075209 ns, Reaching safepoint: 24555291 ns, At safepoint: 259875 ns, Total: 24815166 ns
[2026-10-07T18:17:34.415+0800][329.932s][info][safepoint   ] Safepoint "Cleanup", Time since last: 1145312209 ns, Reaching safepoint: 8743791 ns, At safepoint: 80125 ns, Total: 8823916 ns
[2026-10-07T18:17:35.585+0800][331.101s][info][safepoint   ] Safepoint "Cleanup", Time since last: 1146532667 ns, Reaching safepoint: 22714042 ns, At safepoint: 27708 ns, Total: 22741750 ns
[2026-10-07T18:17:36.120+0800][331.637s][info][gc,start    ] GC(83) Pause Young (Normal) (G1 Evacuation Pause)
[2026-10-07T18:17:36.121+0800][331.637s][info][gc,task     ] GC(83) Using 9 workers of 9 for evacuation
[2026-10-07T18:17:36.317+0800][331.833s][info][gc,phases   ] GC(83)   Pre Evacuate Collection Set: 3.6ms
[2026-10-07T18:17:36.317+0800][331.833s][info][gc,phases   ] GC(83)   Merge Heap Roots: 3.2ms
[2026-10-07T18:17:36.317+0800][331.833s][info][gc,phases   ] GC(83)   Evacuate Collection Set: 161.7ms
[2026-10-07T18:17:36.317+0800][331.833s][info][gc,phases   ] GC(83)   Post Evacuate Collection Set: 26.5ms
[2026-10-07T18:17:36.317+0800][331.833s][info][gc,phases   ] GC(83)   Other: 3.1ms
[2026-10-07T18:17:36.317+0800][331.833s][info][gc,heap     ] GC(83) Eden regions: 53->0(14)
[2026-10-07T18:17:36.317+0800][331.833s][info][gc,heap     ] GC(83) Survivor regions: 4->6(8)
[2026-10-07T18:17:36.317+0800][331.833s][info][gc,heap     ] GC(83) Old regions: 141->141
[2026-10-07T18:17:36.317+0800][331.833s][info][gc,heap     ] GC(83) Archive regions: 2->2
[2026-10-07T18:17:36.317+0800][331.833s][info][gc,heap     ] GC(83) Humongous regions: 5->5
[2026-10-07T18:17:36.317+0800][331.833s][info][gc,metaspace] GC(83) Metaspace: 137483K(138880K)->137483K(138880K) NonClass: 119474K(120192K)->119474K(120192K) Class: 18008K(18688K)->18008K(18688K)
[2026-10-07T18:17:36.317+0800][331.833s][info][gc          ] GC(83) Pause Young (Normal) (G1 Evacuation Pause) 203M->152M(417M) 197.001ms
[2026-10-07T18:17:36.317+0800][331.833s][info][gc,cpu      ] GC(83) User=0.01s Sys=0.05s Real=0.19s
[2026-10-07T18:17:36.318+0800][331.834s][info][safepoint   ] Safepoint "G1CollectForAllocation", Time since last: 532448542 ns, Reaching safepoint: 732750 ns, At safepoint: 199872875 ns, Total: 200605625 ns
[2026-10-07T18:17:37.584+0800][333.100s][info][safepoint   ] Safepoint "Cleanup", Time since last: 1124807166 ns, Reaching safepoint: 140829042 ns, At safepoint: 924333 ns, Total: 141753375 ns
[2026-10-07T18:17:47.794+0800][343.310s][info][safepoint   ] Safepoint "Cleanup", Time since last: 10153902292 ns, Reaching safepoint: 50209542 ns, At safepoint: 4520250 ns, Total: 54729792 ns
[2026-10-07T18:17:49.948+0800][345.465s][info][gc,start    ] GC(84) Pause Young (Normal) (G1 Evacuation Pause)
[2026-10-07T18:17:49.949+0800][345.466s][info][gc,task     ] GC(84) Using 9 workers of 9 for evacuation
[2026-10-07T18:17:50.590+0800][346.107s][info][gc,mmu      ] GC(84) MMU target violated: 201.0ms (200.0ms/201.0ms)
[2026-10-07T18:17:50.591+0800][346.108s][info][gc,phases   ] GC(84)   Pre Evacuate Collection Set: 10.6ms
[2026-10-07T18:17:50.591+0800][346.108s][info][gc,phases   ] GC(84)   Merge Heap Roots: 12.5ms
[2026-10-07T18:17:50.591+0800][346.108s][info][gc,phases   ] GC(84)   Evacuate Collection Set: 593.8ms
[2026-10-07T18:17:50.591+0800][346.108s][info][gc,phases   ] GC(84)   Post Evacuate Collection Set: 22.2ms
[2026-10-07T18:17:50.591+0800][346.108s][info][gc,phases   ] GC(84)   Other: 46.4ms
[2026-10-07T18:17:50.591+0800][346.108s][info][gc,heap     ] GC(84) Eden regions: 14->0(63)
[2026-10-07T18:17:50.591+0800][346.108s][info][gc,heap     ] GC(84) Survivor regions: 6->1(3)
[2026-10-07T18:17:50.591+0800][346.108s][info][gc,heap     ] GC(84) Old regions: 141->146
[2026-10-07T18:17:50.591+0800][346.108s][info][gc,heap     ] GC(84) Archive regions: 2->2
[2026-10-07T18:17:50.591+0800][346.108s][info][gc,heap     ] GC(84) Humongous regions: 5->5
[2026-10-07T18:17:50.591+0800][346.108s][info][gc,metaspace] GC(84) Metaspace: 137495K(138880K)->137495K(138880K) NonClass: 119486K(120192K)->119486K(120192K) Class: 18008K(18688K)->18008K(18688K)
[2026-10-07T18:17:50.592+0800][346.108s][info][gc          ] GC(84) Pause Young (Normal) (G1 Evacuation Pause) 166M->152M(417M) 644.565ms
[2026-10-07T18:17:50.592+0800][346.108s][info][gc,cpu      ] GC(84) User=0.02s Sys=0.07s Real=0.65s
[2026-10-07T18:17:50.593+0800][346.109s][info][safepoint   ] Safepoint "G1CollectForAllocation", Time since last: 2105596583 ns, Reaching safepoint: 558542 ns, At safepoint: 693844041 ns, Total: 694402583 ns
[2026-10-07T18:17:51.773+0800][347.289s][info][safepoint   ] Safepoint "Cleanup", Time since last: 1147831459 ns, Reaching safepoint: 32367791 ns, At safepoint: 109209 ns, Total: 32477000 ns
[2026-10-07T18:17:56.549+0800][352.066s][info][safepoint   ] Safepoint "Cleanup", Time since last: 4521296458 ns, Reaching safepoint: 255139625 ns, At safepoint: 179917 ns, Total: 255319542 ns
[2026-10-07T18:17:58.815+0800][354.332s][info][safepoint   ] Safepoint "Cleanup", Time since last: 2243883666 ns, Reaching safepoint: 21711750 ns, At safepoint: 24250 ns, Total: 21736000 ns
[2026-10-07T18:18:11.324+0800][366.841s][info][safepoint   ] Safepoint "Cleanup", Time since last: 12479536042 ns, Reaching safepoint: 21584292 ns, At safepoint: 5612250 ns, Total: 27196542 ns
[2026-10-07T18:18:17.984+0800][373.501s][info][safepoint   ] Safepoint "Cleanup", Time since last: 6572825791 ns, Reaching safepoint: 67045834 ns, At safepoint: 143416 ns, Total: 67189250 ns
[2026-10-07T18:18:21.310+0800][376.827s][info][safepoint   ] Safepoint "Cleanup", Time since last: 3315274459 ns, Reaching safepoint: 33084083 ns, At safepoint: 131917 ns, Total: 33216000 ns
[2026-10-07T18:18:28.182+0800][383.699s][info][safepoint   ] Safepoint "Cleanup", Time since last: 6755166958 ns, Reaching safepoint: 116483292 ns, At safepoint: 406250 ns, Total: 116889542 ns
[2026-10-07T18:18:39.282+0800][394.799s][info][safepoint   ] Safepoint "Cleanup", Time since last: 11094205583 ns, Reaching safepoint: 2634292 ns, At safepoint: 3667125 ns, Total: 6301417 ns
[2026-10-07T18:18:40.459+0800][395.977s][info][safepoint   ] Safepoint "Cleanup", Time since last: 1147339916 ns, Reaching safepoint: 27494375 ns, At safepoint: 2755084 ns, Total: 30249459 ns
[2026-10-07T18:18:41.634+0800][397.151s][info][safepoint   ] Safepoint "Cleanup", Time since last: 1148677041 ns, Reaching safepoint: 25795667 ns, At safepoint: 8458 ns, Total: 25804125 ns
[2026-10-07T18:18:42.779+0800][398.297s][info][safepoint   ] Safepoint "Cleanup", Time since last: 1142049084 ns, Reaching safepoint: 3643416 ns, At safepoint: 42542 ns, Total: 3685958 ns
[2026-10-07T18:18:46.371+0800][401.888s][info][safepoint   ] Safepoint "Cleanup", Time since last: 3404665458 ns, Reaching safepoint: 186513959 ns, At safepoint: 82208 ns, Total: 186596167 ns
[2026-10-07T18:18:49.216+0800][404.734s][info][gc,start    ] GC(85) Pause Young (Normal) (G1 Evacuation Pause)
[2026-10-07T18:18:49.429+0800][404.947s][info][gc,task     ] GC(85) Using 9 workers of 9 for evacuation
[2026-10-07T18:18:51.804+0800][407.322s][info][gc,mmu      ] GC(85) MMU target violated: 201.0ms (200.0ms/201.0ms)
[2026-10-07T18:18:51.804+0800][407.322s][info][gc,phases   ] GC(85)   Pre Evacuate Collection Set: 174.7ms
[2026-10-07T18:18:51.805+0800][407.322s][info][gc,phases   ] GC(85)   Merge Heap Roots: 125.4ms
[2026-10-07T18:18:51.805+0800][407.322s][info][gc,phases   ] GC(85)   Evacuate Collection Set: 1129.5ms
[2026-10-07T18:18:51.805+0800][407.322s][info][gc,phases   ] GC(85)   Post Evacuate Collection Set: 372.3ms
[2026-10-07T18:18:51.826+0800][407.343s][info][gc,phases   ] GC(85)   Other: 845.6ms
[2026-10-07T18:18:51.826+0800][407.343s][info][gc,heap     ] GC(85) Eden regions: 63->0(17)
[2026-10-07T18:18:51.826+0800][407.343s][info][gc,heap     ] GC(85) Survivor regions: 1->3(8)
[2026-10-07T18:18:51.826+0800][407.343s][info][gc,heap     ] GC(85) Old regions: 146->146
[2026-10-07T18:18:51.826+0800][407.343s][info][gc,heap     ] GC(85) Archive regions: 2->2
[2026-10-07T18:18:51.826+0800][407.344s][info][gc,heap     ] GC(85) Humongous regions: 5->5
[2026-10-07T18:18:51.826+0800][407.344s][info][gc,metaspace] GC(85) Metaspace: 137521K(138880K)->137521K(138880K) NonClass: 119511K(120192K)->119511K(120192K) Class: 18009K(18688K)->18009K(18688K)
[2026-10-07T18:18:51.839+0800][407.357s][info][gc          ] GC(85) Pause Young (Normal) (G1 Evacuation Pause) 215M->154M(417M) 2629.588ms
[2026-10-07T18:18:51.839+0800][407.357s][info][gc,cpu      ] GC(85) User=0.05s Sys=0.09s Real=2.63s
[2026-10-07T18:18:51.841+0800][407.359s][info][safepoint   ] Safepoint "G1CollectForAllocation", Time since last: 2621292042 ns, Reaching safepoint: 71962625 ns, At safepoint: 2777214791 ns, Total: 2849177416 ns
[2026-10-07T18:18:52.973+0800][408.491s][info][safepoint   ] Safepoint "Cleanup", Time since last: 1128146959 ns, Reaching safepoint: 3376125 ns, At safepoint: 63916 ns, Total: 3440041 ns
[2026-10-07T18:18:53.179+0800][408.697s][info][gc,start    ] GC(86) Pause Young (Normal) (G1 Evacuation Pause)
[2026-10-07T18:18:53.179+0800][408.697s][info][gc,task     ] GC(86) Using 9 workers of 9 for evacuation
[2026-10-07T18:18:53.224+0800][408.742s][info][gc,phases   ] GC(86)   Pre Evacuate Collection Set: 1.7ms
[2026-10-07T18:18:53.224+0800][408.742s][info][gc,phases   ] GC(86)   Merge Heap Roots: 0.2ms
[2026-10-07T18:18:53.224+0800][408.742s][info][gc,phases   ] GC(86)   Evacuate Collection Set: 41.2ms
[2026-10-07T18:18:53.224+0800][408.742s][info][gc,phases   ] GC(86)   Post Evacuate Collection Set: 0.6ms
[2026-10-07T18:18:53.224+0800][408.742s][info][gc,phases   ] GC(86)   Other: 0.6ms
[2026-10-07T18:18:53.224+0800][408.742s][info][gc,heap     ] GC(86) Eden regions: 17->0(19)
[2026-10-07T18:18:53.224+0800][408.742s][info][gc,heap     ] GC(86) Survivor regions: 3->1(3)
[2026-10-07T18:18:53.224+0800][408.742s][info][gc,heap     ] GC(86) Old regions: 146->148
[2026-10-07T18:18:53.224+0800][408.742s][info][gc,heap     ] GC(86) Archive regions: 2->2
[2026-10-07T18:18:53.224+0800][408.742s][info][gc,heap     ] GC(86) Humongous regions: 5->5
[2026-10-07T18:18:53.224+0800][408.742s][info][gc,metaspace] GC(86) Metaspace: 137525K(138944K)->137525K(138944K) NonClass: 119516K(120256K)->119516K(120256K) Class: 18009K(18688K)->18009K(18688K)
[2026-10-07T18:18:53.224+0800][408.742s][info][gc          ] GC(86) Pause Young (Normal) (G1 Evacuation Pause) 171M->154M(417M) 44.462ms
[2026-10-07T18:18:53.224+0800][408.742s][info][gc,cpu      ] GC(86) User=0.01s Sys=0.02s Real=0.05s
[2026-10-07T18:18:53.224+0800][408.742s][info][safepoint   ] Safepoint "G1CollectForAllocation", Time since last: 206729042 ns, Reaching safepoint: 63208 ns, At safepoint: 44654750 ns, Total: 44717958 ns
[2026-10-07T18:18:54.391+0800][409.909s][info][safepoint   ] Safepoint "Cleanup", Time since last: 1146055334 ns, Reaching safepoint: 20885666 ns, At safepoint: 503542 ns, Total: 21389208 ns
[2026-10-07T18:18:55.500+0800][411.018s][info][gc,start    ] GC(87) Pause Young (Normal) (G1 Evacuation Pause)
[2026-10-07T18:18:55.500+0800][411.018s][info][gc,task     ] GC(87) Using 9 workers of 9 for evacuation
[2026-10-07T18:18:55.650+0800][411.168s][info][gc,phases   ] GC(87)   Pre Evacuate Collection Set: 0.3ms
[2026-10-07T18:18:55.650+0800][411.168s][info][gc,phases   ] GC(87)   Merge Heap Roots: 0.1ms
[2026-10-07T18:18:55.650+0800][411.168s][info][gc,phases   ] GC(87)   Evacuate Collection Set: 149.3ms
[2026-10-07T18:18:55.650+0800][411.168s][info][gc,phases   ] GC(87)   Post Evacuate Collection Set: 0.8ms
[2026-10-07T18:18:55.650+0800][411.168s][info][gc,phases   ] GC(87)   Other: 0.2ms
[2026-10-07T18:18:55.650+0800][411.168s][info][gc,heap     ] GC(87) Eden regions: 19->0(18)
[2026-10-07T18:18:55.650+0800][411.168s][info][gc,heap     ] GC(87) Survivor regions: 1->2(3)
[2026-10-07T18:18:55.650+0800][411.168s][info][gc,heap     ] GC(87) Old regions: 148->148
[2026-10-07T18:18:55.650+0800][411.168s][info][gc,heap     ] GC(87) Archive regions: 2->2
[2026-10-07T18:18:55.650+0800][411.168s][info][gc,heap     ] GC(87) Humongous regions: 5->5
[2026-10-07T18:18:55.650+0800][411.168s][info][gc,metaspace] GC(87) Metaspace: 137538K(138944K)->137538K(138944K) NonClass: 119527K(120256K)->119527K(120256K) Class: 18010K(18688K)->18010K(18688K)
[2026-10-07T18:18:55.677+0800][411.195s][info][gc          ] GC(87) Pause Young (Normal) (G1 Evacuation Pause) 173M->154M(417M) 176.944ms
[2026-10-07T18:18:55.677+0800][411.195s][info][gc,cpu      ] GC(87) User=0.05s Sys=0.02s Real=0.17s
[2026-10-07T18:18:55.677+0800][411.195s][info][safepoint   ] Safepoint "G1CollectForAllocation", Time since last: 1108043083 ns, Reaching safepoint: 194084 ns, At safepoint: 177182333 ns, Total: 177376417 ns
[2026-10-07T18:18:56.823+0800][412.342s][info][safepoint   ] Safepoint "Cleanup", Time since last: 1145668083 ns, Reaching safepoint: 989000 ns, At safepoint: 40834 ns, Total: 1029834 ns
[2026-10-07T18:18:58.006+0800][413.524s][info][safepoint   ] Safepoint "Cleanup", Time since last: 1132668208 ns, Reaching safepoint: 48838792 ns, At safepoint: 1222083 ns, Total: 50060875 ns
[2026-10-07T18:18:58.053+0800][413.572s][info][gc,start    ] GC(88) Pause Young (Normal) (G1 Evacuation Pause)
[2026-10-07T18:18:58.053+0800][413.572s][info][gc,task     ] GC(88) Using 9 workers of 9 for evacuation
[2026-10-07T18:18:58.066+0800][413.584s][info][gc,phases   ] GC(88)   Pre Evacuate Collection Set: 0.1ms
[2026-10-07T18:18:58.066+0800][413.584s][info][gc,phases   ] GC(88)   Merge Heap Roots: 0.1ms
[2026-10-07T18:18:58.066+0800][413.584s][info][gc,phases   ] GC(88)   Evacuate Collection Set: 11.6ms
[2026-10-07T18:18:58.066+0800][413.584s][info][gc,phases   ] GC(88)   Post Evacuate Collection Set: 0.4ms
[2026-10-07T18:18:58.066+0800][413.584s][info][gc,phases   ] GC(88)   Other: 0.1ms
[2026-10-07T18:18:58.066+0800][413.584s][info][gc,heap     ] GC(88) Eden regions: 18->0(18)
[2026-10-07T18:18:58.066+0800][413.584s][info][gc,heap     ] GC(88) Survivor regions: 2->2(3)
[2026-10-07T18:18:58.066+0800][413.584s][info][gc,heap     ] GC(88) Old regions: 148->148
[2026-10-07T18:18:58.066+0800][413.584s][info][gc,heap     ] GC(88) Archive regions: 2->2
[2026-10-07T18:18:58.066+0800][413.584s][info][gc,heap     ] GC(88) Humongous regions: 5->5
[2026-10-07T18:18:58.066+0800][413.584s][info][gc,metaspace] GC(88) Metaspace: 137573K(138944K)->137573K(138944K) NonClass: 119561K(120256K)->119561K(120256K) Class: 18011K(18688K)->18011K(18688K)
[2026-10-07T18:18:58.066+0800][413.584s][info][gc          ] GC(88) Pause Young (Normal) (G1 Evacuation Pause) 172M->155M(417M) 12.340ms
[2026-10-07T18:18:58.066+0800][413.584s][info][gc,cpu      ] GC(88) User=0.01s Sys=0.02s Real=0.01s
[2026-10-07T18:18:58.066+0800][413.584s][info][safepoint   ] Safepoint "G1CollectForAllocation", Time since last: 47213958 ns, Reaching safepoint: 37250 ns, At safepoint: 12396209 ns, Total: 12433459 ns
[2026-10-07T18:18:59.849+0800][415.367s][info][safepoint   ] Safepoint "Cleanup", Time since last: 1766993125 ns, Reaching safepoint: 15590375 ns, At safepoint: 270041 ns, Total: 15860416 ns
[2026-10-07T18:19:01.108+0800][416.626s][info][safepoint   ] Safepoint "Cleanup", Time since last: 1163109500 ns, Reaching safepoint: 96336375 ns, At safepoint: 134542 ns, Total: 96470917 ns
[2026-10-07T18:19:02.286+0800][417.804s][info][safepoint   ] Safepoint "Cleanup", Time since last: 1138027167 ns, Reaching safepoint: 39404375 ns, At safepoint: 18291 ns, Total: 39422666 ns
[2026-10-07T18:19:03.247+0800][418.765s][info][gc,start    ] GC(89) Pause Young (Normal) (G1 Evacuation Pause)
[2026-10-07T18:19:03.252+0800][418.770s][info][gc,task     ] GC(89) Using 9 workers of 9 for evacuation
[2026-10-07T18:19:03.807+0800][419.325s][info][gc,mmu      ] GC(89) MMU target violated: 201.0ms (200.0ms/201.0ms)
[2026-10-07T18:19:03.807+0800][419.325s][info][gc,phases   ] GC(89)   Pre Evacuate Collection Set: 1.5ms
[2026-10-07T18:19:03.807+0800][419.325s][info][gc,phases   ] GC(89)   Merge Heap Roots: 47.4ms
[2026-10-07T18:19:03.807+0800][419.325s][info][gc,phases   ] GC(89)   Evacuate Collection Set: 373.6ms
[2026-10-07T18:19:03.807+0800][419.325s][info][gc,phases   ] GC(89)   Post Evacuate Collection Set: 128.7ms
[2026-10-07T18:19:03.807+0800][419.325s][info][gc,phases   ] GC(89)   Other: 9.3ms
[2026-10-07T18:19:03.807+0800][419.325s][info][gc,heap     ] GC(89) Eden regions: 18->0(18)
[2026-10-07T18:19:03.807+0800][419.325s][info][gc,heap     ] GC(89) Survivor regions: 2->2(3)
[2026-10-07T18:19:03.807+0800][419.325s][info][gc,heap     ] GC(89) Old regions: 148->148
[2026-10-07T18:19:03.807+0800][419.325s][info][gc,heap     ] GC(89) Archive regions: 2->2
[2026-10-07T18:19:03.807+0800][419.325s][info][gc,heap     ] GC(89) Humongous regions: 5->5
[2026-10-07T18:19:03.807+0800][419.325s][info][gc,metaspace] GC(89) Metaspace: 137577K(138944K)->137577K(138944K) NonClass: 119565K(120256K)->119565K(120256K) Class: 18011K(18688K)->18011K(18688K)
[2026-10-07T18:19:03.830+0800][419.348s][info][gc          ] GC(89) Pause Young (Normal) (G1 Evacuation Pause) 173M->155M(417M) 582.892ms
[2026-10-07T18:19:03.830+0800][419.348s][info][gc,cpu      ] GC(89) User=0.08s Sys=0.04s Real=0.59s
[2026-10-07T18:19:03.831+0800][419.349s][info][safepoint   ] Safepoint "G1CollectForAllocation", Time since last: 957568834 ns, Reaching safepoint: 3639541 ns, At safepoint: 584069125 ns, Total: 587708666 ns
[2026-10-07T18:19:04.987+0800][420.505s][info][safepoint   ] Safepoint "Cleanup", Time since last: 1148820084 ns, Reaching safepoint: 6982625 ns, At safepoint: 66125 ns, Total: 7048750 ns
[2026-10-07T18:19:06.921+0800][422.439s][info][safepoint   ] Safepoint "Cleanup", Time since last: 1105569041 ns, Reaching safepoint: 827442959 ns, At safepoint: 1048333 ns, Total: 828491292 ns
[2026-10-07T18:19:09.163+0800][424.681s][info][gc,start    ] GC(90) Pause Young (Normal) (G1 Evacuation Pause)
[2026-10-07T18:19:09.163+0800][424.681s][info][gc,task     ] GC(90) Using 9 workers of 9 for evacuation
[2026-10-07T18:19:09.675+0800][425.193s][info][gc,mmu      ] GC(90) MMU target violated: 201.0ms (200.0ms/201.0ms)
[2026-10-07T18:19:09.675+0800][425.194s][info][gc,phases   ] GC(90)   Pre Evacuate Collection Set: 5.4ms
[2026-10-07T18:19:09.675+0800][425.194s][info][gc,phases   ] GC(90)   Merge Heap Roots: 2.9ms
[2026-10-07T18:19:09.675+0800][425.194s][info][gc,phases   ] GC(90)   Evacuate Collection Set: 472.5ms
[2026-10-07T18:19:09.675+0800][425.194s][info][gc,phases   ] GC(90)   Post Evacuate Collection Set: 30.8ms
[2026-10-07T18:19:09.675+0800][425.194s][info][gc,phases   ] GC(90)   Other: 1.3ms
[2026-10-07T18:19:09.675+0800][425.194s][info][gc,heap     ] GC(90) Eden regions: 18->0(18)
[2026-10-07T18:19:09.675+0800][425.194s][info][gc,heap     ] GC(90) Survivor regions: 2->2(3)
[2026-10-07T18:19:09.675+0800][425.194s][info][gc,heap     ] GC(90) Old regions: 148->149
[2026-10-07T18:19:09.675+0800][425.194s][info][gc,heap     ] GC(90) Archive regions: 2->2
[2026-10-07T18:19:09.675+0800][425.194s][info][gc,heap     ] GC(90) Humongous regions: 5->5
[2026-10-07T18:19:09.675+0800][425.194s][info][gc,metaspace] GC(90) Metaspace: 137614K(139008K)->137614K(139008K) NonClass: 119601K(120320K)->119601K(120320K) Class: 18013K(18688K)->18013K(18688K)
[2026-10-07T18:19:09.675+0800][425.194s][info][gc          ] GC(90) Pause Young (Normal) (G1 Evacuation Pause) 173M->156M(417M) 512.776ms
[2026-10-07T18:19:09.675+0800][425.194s][info][gc,cpu      ] GC(90) User=0.03s Sys=0.04s Real=0.51s
[2026-10-07T18:19:09.676+0800][425.194s][info][safepoint   ] Safepoint "G1CollectForAllocation", Time since last: 2217668708 ns, Reaching safepoint: 24013250 ns, At safepoint: 513355084 ns, Total: 537368334 ns
[2026-10-07T18:19:10.829+0800][426.347s][info][safepoint   ] Safepoint "Cleanup", Time since last: 1148667166 ns, Reaching safepoint: 4774542 ns, At safepoint: 11750 ns, Total: 4786292 ns
[2026-10-07T18:19:11.982+0800][427.500s][info][safepoint   ] Safepoint "Cleanup", Time since last: 1141126833 ns, Reaching safepoint: 11268542 ns, At safepoint: 193250 ns, Total: 11461792 ns
[2026-10-07T18:19:12.824+0800][428.342s][info][gc,start    ] GC(91) Pause Young (Normal) (G1 Evacuation Pause)
[2026-10-07T18:19:12.824+0800][428.343s][info][gc,task     ] GC(91) Using 9 workers of 9 for evacuation
[2026-10-07T18:19:13.028+0800][428.547s][info][gc,mmu      ] GC(91) MMU target violated: 201.0ms (200.0ms/201.0ms)
[2026-10-07T18:19:13.032+0800][428.550s][info][gc,phases   ] GC(91)   Pre Evacuate Collection Set: 74.0ms
[2026-10-07T18:19:13.032+0800][428.550s][info][gc,phases   ] GC(91)   Merge Heap Roots: 1.5ms
[2026-10-07T18:19:13.032+0800][428.550s][info][gc,phases   ] GC(91)   Evacuate Collection Set: 126.2ms
[2026-10-07T18:19:13.032+0800][428.550s][info][gc,phases   ] GC(91)   Post Evacuate Collection Set: 1.6ms
[2026-10-07T18:19:13.032+0800][428.550s][info][gc,phases   ] GC(91)   Other: 5.2ms
[2026-10-07T18:19:13.032+0800][428.550s][info][gc,heap     ] GC(91) Eden regions: 18->0(18)
[2026-10-07T18:19:13.032+0800][428.550s][info][gc,heap     ] GC(91) Survivor regions: 2->2(3)
[2026-10-07T18:19:13.032+0800][428.550s][info][gc,heap     ] GC(91) Old regions: 149->149
[2026-10-07T18:19:13.032+0800][428.550s][info][gc,heap     ] GC(91) Archive regions: 2->2
[2026-10-07T18:19:13.032+0800][428.550s][info][gc,heap     ] GC(91) Humongous regions: 5->5
[2026-10-07T18:19:13.032+0800][428.550s][info][gc,metaspace] GC(91) Metaspace: 137642K(139008K)->137642K(139008K) NonClass: 119627K(120320K)->119627K(120320K) Class: 18015K(18688K)->18015K(18688K)
[2026-10-07T18:19:13.032+0800][428.550s][info][gc          ] GC(91) Pause Young (Normal) (G1 Evacuation Pause) 174M->156M(417M) 208.311ms
[2026-10-07T18:19:13.032+0800][428.550s][info][gc,cpu      ] GC(91) User=0.01s Sys=0.02s Real=0.21s
[2026-10-07T18:19:13.032+0800][428.551s][info][safepoint   ] Safepoint "G1CollectForAllocation", Time since last: 839953708 ns, Reaching safepoint: 1504250 ns, At safepoint: 209052792 ns, Total: 210557042 ns
[2026-10-07T18:19:14.183+0800][429.701s][info][safepoint   ] Safepoint "Cleanup", Time since last: 1143403333 ns, Reaching safepoint: 7006792 ns, At safepoint: 99708 ns, Total: 7106500 ns
[2026-10-07T18:19:14.448+0800][429.967s][info][gc,start    ] GC(92) Pause Young (Normal) (G1 Evacuation Pause)
[2026-10-07T18:19:14.448+0800][429.967s][info][gc,task     ] GC(92) Using 9 workers of 9 for evacuation
[2026-10-07T18:19:14.757+0800][430.276s][info][gc,mmu      ] GC(92) MMU target violated: 201.0ms (200.0ms/201.0ms)
[2026-10-07T18:19:14.758+0800][430.276s][info][gc,phases   ] GC(92)   Pre Evacuate Collection Set: 0.3ms
[2026-10-07T18:19:14.758+0800][430.276s][info][gc,phases   ] GC(92)   Merge Heap Roots: 0.1ms
[2026-10-07T18:19:14.758+0800][430.276s][info][gc,phases   ] GC(92)   Evacuate Collection Set: 262.3ms
[2026-10-07T18:19:14.758+0800][430.276s][info][gc,phases   ] GC(92)   Post Evacuate Collection Set: 1.7ms
[2026-10-07T18:19:14.758+0800][430.276s][info][gc,phases   ] GC(92)   Other: 44.9ms
[2026-10-07T18:19:14.758+0800][430.276s][info][gc,heap     ] GC(92) Eden regions: 18->0(18)
[2026-10-07T18:19:14.758+0800][430.276s][info][gc,heap     ] GC(92) Survivor regions: 2->2(3)
[2026-10-07T18:19:14.758+0800][430.276s][info][gc,heap     ] GC(92) Old regions: 149->150
[2026-10-07T18:19:14.758+0800][430.276s][info][gc,heap     ] GC(92) Archive regions: 2->2
[2026-10-07T18:19:14.758+0800][430.276s][info][gc,heap     ] GC(92) Humongous regions: 5->5
[2026-10-07T18:19:14.758+0800][430.276s][info][gc,metaspace] GC(92) Metaspace: 137644K(139008K)->137644K(139008K) NonClass: 119629K(120320K)->119629K(120320K) Class: 18015K(18688K)->18015K(18688K)
[2026-10-07T18:19:14.758+0800][430.276s][info][gc          ] GC(92) Pause Young (Normal) (G1 Evacuation Pause) 174M->157M(417M) 309.354ms
[2026-10-07T18:19:14.758+0800][430.276s][info][gc,cpu      ] GC(92) User=0.04s Sys=0.03s Real=0.31s
[2026-10-07T18:19:14.758+0800][430.277s][info][safepoint   ] Safepoint "G1CollectForAllocation", Time since last: 238341042 ns, Reaching safepoint: 27252042 ns, At safepoint: 309930083 ns, Total: 337182125 ns
[2026-10-07T18:19:17.075+0800][432.594s][info][safepoint   ] Safepoint "Cleanup", Time since last: 2284817417 ns, Reaching safepoint: 32423333 ns, At safepoint: 74667 ns, Total: 32498000 ns
[2026-10-07T18:19:18.253+0800][433.771s][info][safepoint   ] Safepoint "Cleanup", Time since last: 1136716000 ns, Reaching safepoint: 40406458 ns, At safepoint: 62417 ns, Total: 40468875 ns
[2026-10-07T18:19:18.366+0800][433.884s][info][gc,start    ] GC(93) Pause Young (Normal) (G1 Evacuation Pause)
[2026-10-07T18:19:18.366+0800][433.884s][info][gc,task     ] GC(93) Using 9 workers of 9 for evacuation
[2026-10-07T18:19:18.596+0800][434.114s][info][gc,mmu      ] GC(93) MMU target violated: 201.0ms (200.0ms/201.0ms)
[2026-10-07T18:19:18.596+0800][434.115s][info][gc,phases   ] GC(93)   Pre Evacuate Collection Set: 2.8ms
[2026-10-07T18:19:18.596+0800][434.115s][info][gc,phases   ] GC(93)   Merge Heap Roots: 32.0ms
[2026-10-07T18:19:18.596+0800][434.115s][info][gc,phases   ] GC(93)   Evacuate Collection Set: 54.9ms
[2026-10-07T18:19:18.596+0800][434.115s][info][gc,phases   ] GC(93)   Post Evacuate Collection Set: 97.3ms
[2026-10-07T18:19:18.596+0800][434.115s][info][gc,phases   ] GC(93)   Other: 43.5ms
[2026-10-07T18:19:18.596+0800][434.115s][info][gc,heap     ] GC(93) Eden regions: 18->0(18)
[2026-10-07T18:19:18.596+0800][434.115s][info][gc,heap     ] GC(93) Survivor regions: 2->2(3)
[2026-10-07T18:19:18.596+0800][434.115s][info][gc,heap     ] GC(93) Old regions: 150->150
[2026-10-07T18:19:18.596+0800][434.115s][info][gc,heap     ] GC(93) Archive regions: 2->2
[2026-10-07T18:19:18.596+0800][434.115s][info][gc,heap     ] GC(93) Humongous regions: 5->5
[2026-10-07T18:19:18.596+0800][434.115s][info][gc,metaspace] GC(93) Metaspace: 137649K(139008K)->137649K(139008K) NonClass: 119634K(120320K)->119634K(120320K) Class: 18015K(18688K)->18015K(18688K)
[2026-10-07T18:19:18.596+0800][434.115s][info][gc          ] GC(93) Pause Young (Normal) (G1 Evacuation Pause) 175M->157M(417M) 230.484ms
[2026-10-07T18:19:18.596+0800][434.115s][info][gc,cpu      ] GC(93) User=0.02s Sys=0.02s Real=0.23s
[2026-10-07T18:19:18.596+0800][434.115s][info][safepoint   ] Safepoint "G1CollectForAllocation", Time since last: 84377833 ns, Reaching safepoint: 28632875 ns, At safepoint: 230673500 ns, Total: 259306375 ns
[2026-10-07T18:19:19.740+0800][435.259s][info][safepoint   ] Safepoint "Cleanup", Time since last: 1135488208 ns, Reaching safepoint: 7107417 ns, At safepoint: 1390167 ns, Total: 8497584 ns
[2026-10-07T18:19:20.896+0800][436.415s][info][safepoint   ] Safepoint "Cleanup", Time since last: 1147640375 ns, Reaching safepoint: 8215000 ns, At safepoint: 198625 ns, Total: 8413625 ns
[2026-10-07T18:19:22.210+0800][437.728s][info][safepoint   ] Safepoint "Cleanup", Time since last: 1149685125 ns, Reaching safepoint: 163681291 ns, At safepoint: 94709 ns, Total: 163776000 ns
[2026-10-07T18:19:23.187+0800][438.706s][info][gc,start    ] GC(94) Pause Young (Normal) (G1 Evacuation Pause)
[2026-10-07T18:19:23.188+0800][438.707s][info][gc,task     ] GC(94) Using 9 workers of 9 for evacuation
[2026-10-07T18:19:23.245+0800][438.764s][info][gc,phases   ] GC(94)   Pre Evacuate Collection Set: 2.4ms
[2026-10-07T18:19:23.245+0800][438.764s][info][gc,phases   ] GC(94)   Merge Heap Roots: 0.5ms
[2026-10-07T18:19:23.245+0800][438.764s][info][gc,phases   ] GC(94)   Evacuate Collection Set: 53.2ms
[2026-10-07T18:19:23.245+0800][438.764s][info][gc,phases   ] GC(94)   Post Evacuate Collection Set: 1.0ms
[2026-10-07T18:19:23.245+0800][438.764s][info][gc,phases   ] GC(94)   Other: 0.8ms
[2026-10-07T18:19:23.245+0800][438.764s][info][gc,heap     ] GC(94) Eden regions: 18->0(18)
[2026-10-07T18:19:23.245+0800][438.764s][info][gc,heap     ] GC(94) Survivor regions: 2->2(3)
[2026-10-07T18:19:23.245+0800][438.764s][info][gc,heap     ] GC(94) Old regions: 150->151
[2026-10-07T18:19:23.245+0800][438.764s][info][gc,heap     ] GC(94) Archive regions: 2->2
[2026-10-07T18:19:23.245+0800][438.764s][info][gc,heap     ] GC(94) Humongous regions: 5->5
[2026-10-07T18:19:23.245+0800][438.764s][info][gc,metaspace] GC(94) Metaspace: 137681K(139136K)->137681K(139136K) NonClass: 119664K(120384K)->119664K(120384K) Class: 18017K(18752K)->18017K(18752K)
[2026-10-07T18:19:23.245+0800][438.764s][info][gc          ] GC(94) Pause Young (Normal) (G1 Evacuation Pause) 175M->157M(417M) 57.796ms
[2026-10-07T18:19:23.245+0800][438.764s][info][gc,cpu      ] GC(94) User=0.00s Sys=0.03s Real=0.06s
[2026-10-07T18:19:23.245+0800][438.764s][info][safepoint   ] Safepoint "G1CollectForAllocation", Time since last: 976948791 ns, Reaching safepoint: 702709 ns, At safepoint: 58012833 ns, Total: 58715542 ns
[2026-10-07T18:19:24.454+0800][439.973s][info][safepoint   ] Safepoint "Cleanup", Time since last: 1144261167 ns, Reaching safepoint: 64624791 ns, At safepoint: 80667 ns, Total: 64705458 ns
[2026-10-07T18:19:30.250+0800][445.769s][info][safepoint   ] Safepoint "Cleanup", Time since last: 5544607667 ns, Reaching safepoint: 251498541 ns, At safepoint: 293834 ns, Total: 251792375 ns
[2026-10-07T18:19:31.986+0800][447.505s][info][safepoint   ] Safepoint "Cleanup", Time since last: 1102955083 ns, Reaching safepoint: 633003500 ns, At safepoint: 92625 ns, Total: 633096125 ns
[2026-10-07T18:19:33.183+0800][448.702s][info][safepoint   ] Safepoint "Cleanup", Time since last: 1148597375 ns, Reaching safepoint: 48404958 ns, At safepoint: 46917 ns, Total: 48451875 ns
[2026-10-07T18:19:34.355+0800][449.874s][info][safepoint   ] Safepoint "Cleanup", Time since last: 1144354667 ns, Reaching safepoint: 27088583 ns, At safepoint: 9583 ns, Total: 27098166 ns
[2026-10-07T18:19:36.595+0800][452.114s][info][safepoint   ] Safepoint "Cleanup", Time since last: 2230203959 ns, Reaching safepoint: 9625833 ns, At safepoint: 19542 ns, Total: 9645375 ns
[2026-10-07T18:19:37.865+0800][453.384s][info][gc,start    ] GC(95) Pause Young (Normal) (G1 Evacuation Pause)
[2026-10-07T18:19:37.872+0800][453.391s][info][gc,task     ] GC(95) Using 9 workers of 9 for evacuation
[2026-10-07T18:19:38.737+0800][454.256s][info][gc,mmu      ] GC(95) MMU target violated: 201.0ms (200.0ms/201.0ms)
[2026-10-07T18:19:38.738+0800][454.257s][info][gc,phases   ] GC(95)   Pre Evacuate Collection Set: 135.5ms
[2026-10-07T18:19:38.738+0800][454.257s][info][gc,phases   ] GC(95)   Merge Heap Roots: 24.8ms
[2026-10-07T18:19:38.738+0800][454.257s][info][gc,phases   ] GC(95)   Evacuate Collection Set: 540.6ms
[2026-10-07T18:19:38.738+0800][454.257s][info][gc,phases   ] GC(95)   Post Evacuate Collection Set: 162.8ms
[2026-10-07T18:19:38.739+0800][454.258s][info][gc,phases   ] GC(95)   Other: 12.1ms
[2026-10-07T18:19:38.739+0800][454.258s][info][gc,heap     ] GC(95) Eden regions: 18->0(18)
[2026-10-07T18:19:38.739+0800][454.258s][info][gc,heap     ] GC(95) Survivor regions: 2->2(3)
[2026-10-07T18:19:38.739+0800][454.258s][info][gc,heap     ] GC(95) Old regions: 151->151
[2026-10-07T18:19:38.739+0800][454.258s][info][gc,heap     ] GC(95) Archive regions: 2->2
[2026-10-07T18:19:38.739+0800][454.258s][info][gc,heap     ] GC(95) Humongous regions: 5->5
[2026-10-07T18:19:38.739+0800][454.258s][info][gc,metaspace] GC(95) Metaspace: 137682K(139136K)->137682K(139136K) NonClass: 119665K(120384K)->119665K(120384K) Class: 18017K(18752K)->18017K(18752K)
[2026-10-07T18:19:38.739+0800][454.258s][info][gc          ] GC(95) Pause Young (Normal) (G1 Evacuation Pause) 175M->158M(417M) 873.592ms
[2026-10-07T18:19:38.739+0800][454.258s][info][gc,cpu      ] GC(95) User=0.03s Sys=0.05s Real=0.87s
[2026-10-07T18:19:38.740+0800][454.259s][info][safepoint   ] Safepoint "G1CollectForAllocation", Time since last: 1253356291 ns, Reaching safepoint: 11291125 ns, At safepoint: 880571417 ns, Total: 891862542 ns
[2026-10-07T18:19:41.147+0800][456.666s][info][safepoint   ] Safepoint "Cleanup", Time since last: 2275117708 ns, Reaching safepoint: 131817125 ns, At safepoint: 55709 ns, Total: 131872834 ns
[2026-10-07T18:19:42.255+0800][457.774s][info][safepoint   ] Safepoint "Cleanup", Time since last: 1078529333 ns, Reaching safepoint: 29399458 ns, At safepoint: 71875 ns, Total: 29471333 ns
[2026-10-07T18:19:45.599+0800][461.118s][info][gc,start    ] GC(96) Pause Young (Normal) (G1 Evacuation Pause)
[2026-10-07T18:19:47.782+0800][463.301s][info][gc,task     ] GC(96) Using 9 workers of 9 for evacuation
[2026-10-07T18:19:51.806+0800][467.326s][info][gc,mmu      ] GC(96) MMU target violated: 201.0ms (200.0ms/201.0ms)
[2026-10-07T18:19:51.987+0800][467.507s][info][gc,phases   ] GC(96)   Pre Evacuate Collection Set: 282.2ms
[2026-10-07T18:19:51.987+0800][467.507s][info][gc,phases   ] GC(96)   Merge Heap Roots: 269.9ms
[2026-10-07T18:19:51.987+0800][467.507s][info][gc,phases   ] GC(96)   Evacuate Collection Set: 2963.6ms
[2026-10-07T18:19:51.987+0800][467.507s][info][gc,phases   ] GC(96)   Post Evacuate Collection Set: 304.4ms
[2026-10-07T18:19:51.987+0800][467.507s][info][gc,phases   ] GC(96)   Other: 2574.6ms
[2026-10-07T18:19:51.987+0800][467.507s][info][gc,heap     ] GC(96) Eden regions: 18->0(18)
[2026-10-07T18:19:51.987+0800][467.507s][info][gc,heap     ] GC(96) Survivor regions: 2->2(3)
[2026-10-07T18:19:51.987+0800][467.507s][info][gc,heap     ] GC(96) Old regions: 151->151
[2026-10-07T18:19:51.987+0800][467.507s][info][gc,heap     ] GC(96) Archive regions: 2->2
[2026-10-07T18:19:51.987+0800][467.507s][info][gc,heap     ] GC(96) Humongous regions: 5->5
[2026-10-07T18:19:52.009+0800][467.529s][info][gc,metaspace] GC(96) Metaspace: 137682K(139136K)->137682K(139136K) NonClass: 119665K(120384K)->119665K(120384K) Class: 18017K(18752K)->18017K(18752K)
[2026-10-07T18:19:52.063+0800][467.583s][info][gc          ] GC(96) Pause Young (Normal) (G1 Evacuation Pause) 176M->158M(417M) 6458.680ms
[2026-10-07T18:19:52.063+0800][467.583s][info][gc,cpu      ] GC(96) User=0.18s Sys=0.13s Real=6.47s
[2026-10-07T18:19:52.092+0800][467.612s][info][safepoint   ] Safepoint "G1CollectForAllocation", Time since last: 3314472209 ns, Reaching safepoint: 269333 ns, At safepoint: 6501899250 ns, Total: 6502168583 ns
[2026-10-07T18:19:54.238+0800][469.758s][info][safepoint   ] Safepoint "Cleanup", Time since last: 2163181167 ns, Reaching safepoint: 4032958 ns, At safepoint: 49500 ns, Total: 4082458 ns
[2026-10-07T18:19:56.373+0800][471.892s][info][safepoint   ] Safepoint "Cleanup", Time since last: 2106485625 ns, Reaching safepoint: 27369125 ns, At safepoint: 329833 ns, Total: 27698958 ns
[2026-10-07T18:19:57.490+0800][473.010s][info][safepoint   ] Safepoint "Cleanup", Time since last: 1090281709 ns, Reaching safepoint: 27404250 ns, At safepoint: 5833 ns, Total: 27410083 ns
[2026-10-07T18:20:00.927+0800][476.447s][info][gc,start    ] GC(97) Pause Young (Normal) (G1 Evacuation Pause)
[2026-10-07T18:20:00.942+0800][476.461s][info][gc,task     ] GC(97) Using 9 workers of 9 for evacuation
[2026-10-07T18:20:01.980+0800][477.499s][info][gc,mmu      ] GC(97) MMU target violated: 201.0ms (200.0ms/201.0ms)
[2026-10-07T18:20:01.996+0800][477.516s][info][gc,phases   ] GC(97)   Pre Evacuate Collection Set: 67.0ms
[2026-10-07T18:20:01.996+0800][477.516s][info][gc,phases   ] GC(97)   Merge Heap Roots: 38.0ms
[2026-10-07T18:20:01.996+0800][477.516s][info][gc,phases   ] GC(97)   Evacuate Collection Set: 500.9ms
[2026-10-07T18:20:01.996+0800][477.516s][info][gc,phases   ] GC(97)   Post Evacuate Collection Set: 382.5ms
[2026-10-07T18:20:01.996+0800][477.516s][info][gc,phases   ] GC(97)   Other: 100.7ms
[2026-10-07T18:20:01.996+0800][477.516s][info][gc,heap     ] GC(97) Eden regions: 18->0(22)
[2026-10-07T18:20:01.996+0800][477.516s][info][gc,heap     ] GC(97) Survivor regions: 2->2(3)
[2026-10-07T18:20:01.996+0800][477.516s][info][gc,heap     ] GC(97) Old regions: 151->152
[2026-10-07T18:20:01.996+0800][477.516s][info][gc,heap     ] GC(97) Archive regions: 2->2
[2026-10-07T18:20:01.996+0800][477.516s][info][gc,heap     ] GC(97) Humongous regions: 5->5
[2026-10-07T18:20:01.996+0800][477.516s][info][gc,metaspace] GC(97) Metaspace: 137683K(139136K)->137683K(139136K) NonClass: 119666K(120384K)->119666K(120384K) Class: 18017K(18752K)->18017K(18752K)
[2026-10-07T18:20:01.999+0800][477.518s][info][gc          ] GC(97) Pause Young (Normal) (G1 Evacuation Pause) 176M->159M(488M) 1090.548ms
[2026-10-07T18:20:01.999+0800][477.518s][info][gc,cpu      ] GC(97) User=0.03s Sys=0.04s Real=1.09s
[2026-10-07T18:20:02.002+0800][477.522s][info][safepoint   ] Safepoint "G1CollectForAllocation", Time since last: 3380508583 ns, Reaching safepoint: 4267500 ns, At safepoint: 1127387875 ns, Total: 1131655375 ns
[2026-10-07T18:20:07.070+0800][482.590s][info][gc,start    ] GC(98) Pause Young (Normal) (G1 Evacuation Pause)
[2026-10-07T18:20:07.094+0800][482.613s][info][gc,task     ] GC(98) Using 9 workers of 9 for evacuation
[2026-10-07T18:20:07.465+0800][482.985s][info][gc,mmu      ] GC(98) MMU target violated: 201.0ms (200.0ms/201.0ms)
[2026-10-07T18:20:07.465+0800][482.985s][info][gc,phases   ] GC(98)   Pre Evacuate Collection Set: 77.7ms
[2026-10-07T18:20:07.465+0800][482.985s][info][gc,phases   ] GC(98)   Merge Heap Roots: 50.7ms
[2026-10-07T18:20:07.465+0800][482.985s][info][gc,phases   ] GC(98)   Evacuate Collection Set: 58.5ms
[2026-10-07T18:20:07.465+0800][482.985s][info][gc,phases   ] GC(98)   Post Evacuate Collection Set: 181.5ms
[2026-10-07T18:20:07.466+0800][482.985s][info][gc,phases   ] GC(98)   Other: 26.9ms
[2026-10-07T18:20:07.466+0800][482.985s][info][gc,heap     ] GC(98) Eden regions: 22->0(21)
[2026-10-07T18:20:07.466+0800][482.985s][info][gc,heap     ] GC(98) Survivor regions: 2->3(3)
[2026-10-07T18:20:07.466+0800][482.985s][info][gc,heap     ] GC(98) Old regions: 152->152
[2026-10-07T18:20:07.466+0800][482.985s][info][gc,heap     ] GC(98) Archive regions: 2->2
[2026-10-07T18:20:07.466+0800][482.985s][info][gc,heap     ] GC(98) Humongous regions: 5->5
[2026-10-07T18:20:07.466+0800][482.985s][info][gc,metaspace] GC(98) Metaspace: 137684K(139136K)->137684K(139136K) NonClass: 119667K(120384K)->119667K(120384K) Class: 18017K(18752K)->18017K(18752K)
[2026-10-07T18:20:07.467+0800][482.986s][info][gc          ] GC(98) Pause Young (Normal) (G1 Evacuation Pause) 181M->159M(488M) 396.446ms
[2026-10-07T18:20:07.467+0800][482.986s][info][gc,cpu      ] GC(98) User=0.02s Sys=0.04s Real=0.39s
[2026-10-07T18:20:07.467+0800][482.987s][info][safepoint   ] Safepoint "G1CollectForAllocation", Time since last: 5039215000 ns, Reaching safepoint: 28628250 ns, At safepoint: 397141292 ns, Total: 425769542 ns
[2026-10-07T18:20:10.618+0800][486.138s][info][gc,start    ] GC(99) Pause Young (Normal) (G1 Evacuation Pause)
[2026-10-07T18:20:10.618+0800][486.138s][info][gc,task     ] GC(99) Using 9 workers of 9 for evacuation
[2026-10-07T18:20:10.679+0800][486.199s][info][gc,phases   ] GC(99)   Pre Evacuate Collection Set: 27.4ms
[2026-10-07T18:20:10.679+0800][486.199s][info][gc,phases   ] GC(99)   Merge Heap Roots: 0.4ms
[2026-10-07T18:20:10.679+0800][486.199s][info][gc,phases   ] GC(99)   Evacuate Collection Set: 28.3ms
[2026-10-07T18:20:10.679+0800][486.199s][info][gc,phases   ] GC(99)   Post Evacuate Collection Set: 4.9ms
[2026-10-07T18:20:10.679+0800][486.199s][info][gc,phases   ] GC(99)   Other: 0.4ms
[2026-10-07T18:20:10.679+0800][486.199s][info][gc,heap     ] GC(99) Eden regions: 21->0(21)
[2026-10-07T18:20:10.680+0800][486.199s][info][gc,heap     ] GC(99) Survivor regions: 3->3(3)
[2026-10-07T18:20:10.680+0800][486.199s][info][gc,heap     ] GC(99) Old regions: 152->152
[2026-10-07T18:20:10.680+0800][486.199s][info][gc,heap     ] GC(99) Archive regions: 2->2
[2026-10-07T18:20:10.680+0800][486.199s][info][gc,heap     ] GC(99) Humongous regions: 5->5
[2026-10-07T18:20:10.680+0800][486.199s][info][gc,metaspace] GC(99) Metaspace: 137712K(139136K)->137712K(139136K) NonClass: 119695K(120384K)->119695K(120384K) Class: 18017K(18752K)->18017K(18752K)
[2026-10-07T18:20:10.680+0800][486.199s][info][gc          ] GC(99) Pause Young (Normal) (G1 Evacuation Pause) 180M->159M(488M) 61.564ms
[2026-10-07T18:20:10.680+0800][486.199s][info][gc,cpu      ] GC(99) User=0.01s Sys=0.03s Real=0.07s
[2026-10-07T18:20:10.681+0800][486.201s][info][safepoint   ] Safepoint "G1CollectForAllocation", Time since last: 3141897375 ns, Reaching safepoint: 8443417 ns, At safepoint: 64124583 ns, Total: 72568000 ns
[2026-10-07T18:20:11.817+0800][487.337s][info][safepoint   ] Safepoint "Cleanup", Time since last: 1124955250 ns, Reaching safepoint: 10253375 ns, At safepoint: 805583 ns, Total: 11058958 ns
[2026-10-07T18:20:11.973+0800][487.493s][info][gc,start    ] GC(100) Pause Young (Normal) (G1 Evacuation Pause)
[2026-10-07T18:20:11.973+0800][487.493s][info][gc,task     ] GC(100) Using 9 workers of 9 for evacuation
[2026-10-07T18:20:12.393+0800][487.913s][info][gc,mmu      ] GC(100) MMU target violated: 201.0ms (200.0ms/201.0ms)
[2026-10-07T18:20:12.393+0800][487.913s][info][gc,phases   ] GC(100)   Pre Evacuate Collection Set: 2.7ms
[2026-10-07T18:20:12.393+0800][487.913s][info][gc,phases   ] GC(100)   Merge Heap Roots: 0.3ms
[2026-10-07T18:20:12.393+0800][487.913s][info][gc,phases   ] GC(100)   Evacuate Collection Set: 323.9ms
[2026-10-07T18:20:12.393+0800][487.913s][info][gc,phases   ] GC(100)   Post Evacuate Collection Set: 49.8ms
[2026-10-07T18:20:12.393+0800][487.913s][info][gc,phases   ] GC(100)   Other: 43.2ms
[2026-10-07T18:20:12.393+0800][487.913s][info][gc,heap     ] GC(100) Eden regions: 21->0(22)
[2026-10-07T18:20:12.393+0800][487.913s][info][gc,heap     ] GC(100) Survivor regions: 3->2(3)
[2026-10-07T18:20:12.393+0800][487.913s][info][gc,heap     ] GC(100) Old regions: 152->153
[2026-10-07T18:20:12.393+0800][487.913s][info][gc,heap     ] GC(100) Archive regions: 2->2
[2026-10-07T18:20:12.393+0800][487.913s][info][gc,heap     ] GC(100) Humongous regions: 5->5
[2026-10-07T18:20:12.393+0800][487.913s][info][gc,metaspace] GC(100) Metaspace: 137713K(139136K)->137713K(139136K) NonClass: 119696K(120384K)->119696K(120384K) Class: 18017K(18752K)->18017K(18752K)
[2026-10-07T18:20:12.393+0800][487.913s][info][gc          ] GC(100) Pause Young (Normal) (G1 Evacuation Pause) 180M->160M(488M) 419.937ms
[2026-10-07T18:20:12.393+0800][487.913s][info][gc,cpu      ] GC(100) User=0.03s Sys=0.04s Real=0.42s
[2026-10-07T18:20:12.393+0800][487.913s][info][safepoint   ] Safepoint "G1CollectForAllocation", Time since last: 155329334 ns, Reaching safepoint: 56291 ns, At safepoint: 420106917 ns, Total: 420163208 ns
[2026-10-07T18:20:14.950+0800][490.470s][info][gc,start    ] GC(101) Pause Young (Normal) (G1 Evacuation Pause)
[2026-10-07T18:20:14.950+0800][490.470s][info][gc,task     ] GC(101) Using 9 workers of 9 for evacuation
[2026-10-07T18:20:15.069+0800][490.589s][info][gc,phases   ] GC(101)   Pre Evacuate Collection Set: 0.9ms
[2026-10-07T18:20:15.069+0800][490.589s][info][gc,phases   ] GC(101)   Merge Heap Roots: 0.3ms
[2026-10-07T18:20:15.069+0800][490.589s][info][gc,phases   ] GC(101)   Evacuate Collection Set: 112.0ms
[2026-10-07T18:20:15.069+0800][490.589s][info][gc,phases   ] GC(101)   Post Evacuate Collection Set: 5.3ms
[2026-10-07T18:20:15.069+0800][490.589s][info][gc,phases   ] GC(101)   Other: 0.8ms
[2026-10-07T18:20:15.069+0800][490.589s][info][gc,heap     ] GC(101) Eden regions: 22->0(22)
[2026-10-07T18:20:15.069+0800][490.589s][info][gc,heap     ] GC(101) Survivor regions: 2->2(3)
[2026-10-07T18:20:15.069+0800][490.589s][info][gc,heap     ] GC(101) Old regions: 153->153
[2026-10-07T18:20:15.069+0800][490.589s][info][gc,heap     ] GC(101) Archive regions: 2->2
[2026-10-07T18:20:15.069+0800][490.589s][info][gc,heap     ] GC(101) Humongous regions: 5->5
[2026-10-07T18:20:15.069+0800][490.589s][info][gc,metaspace] GC(101) Metaspace: 137713K(139136K)->137713K(139136K) NonClass: 119696K(120384K)->119696K(120384K) Class: 18017K(18752K)->18017K(18752K)
[2026-10-07T18:20:15.069+0800][490.589s][info][gc          ] GC(101) Pause Young (Normal) (G1 Evacuation Pause) 182M->160M(488M) 119.429ms
[2026-10-07T18:20:15.069+0800][490.589s][info][gc,cpu      ] GC(101) User=0.01s Sys=0.03s Real=0.11s
[2026-10-07T18:20:15.069+0800][490.589s][info][safepoint   ] Safepoint "G1CollectForAllocation", Time since last: 2555993708 ns, Reaching safepoint: 947500 ns, At safepoint: 119574042 ns, Total: 120521542 ns
[2026-10-07T18:20:16.212+0800][491.732s][info][safepoint   ] Safepoint "Cleanup", Time since last: 1134815667 ns, Reaching safepoint: 8062500 ns, At safepoint: 46041 ns, Total: 8108541 ns
[2026-10-07T18:20:17.426+0800][492.946s][info][safepoint   ] Safepoint "Cleanup", Time since last: 1144247625 ns, Reaching safepoint: 69306750 ns, At safepoint: 73792 ns, Total: 69380542 ns
[2026-10-07T18:20:19.062+0800][494.582s][info][gc,start    ] GC(102) Pause Young (Normal) (G1 Evacuation Pause)
[2026-10-07T18:20:19.062+0800][494.582s][info][gc,task     ] GC(102) Using 9 workers of 9 for evacuation
[2026-10-07T18:20:19.157+0800][494.677s][info][gc,phases   ] GC(102)   Pre Evacuate Collection Set: 8.5ms
[2026-10-07T18:20:19.157+0800][494.677s][info][gc,phases   ] GC(102)   Merge Heap Roots: 0.2ms
[2026-10-07T18:20:19.157+0800][494.677s][info][gc,phases   ] GC(102)   Evacuate Collection Set: 72.6ms
[2026-10-07T18:20:19.157+0800][494.677s][info][gc,phases   ] GC(102)   Post Evacuate Collection Set: 13.1ms
[2026-10-07T18:20:19.157+0800][494.677s][info][gc,phases   ] GC(102)   Other: 0.9ms
[2026-10-07T18:20:19.157+0800][494.677s][info][gc,heap     ] GC(102) Eden regions: 22->0(22)
[2026-10-07T18:20:19.157+0800][494.677s][info][gc,heap     ] GC(102) Survivor regions: 2->2(3)
[2026-10-07T18:20:19.157+0800][494.677s][info][gc,heap     ] GC(102) Old regions: 153->154
[2026-10-07T18:20:19.157+0800][494.677s][info][gc,heap     ] GC(102) Archive regions: 2->2
[2026-10-07T18:20:19.157+0800][494.677s][info][gc,heap     ] GC(102) Humongous regions: 5->5
[2026-10-07T18:20:19.157+0800][494.677s][info][gc,metaspace] GC(102) Metaspace: 137715K(139136K)->137715K(139136K) NonClass: 119698K(120384K)->119698K(120384K) Class: 18017K(18752K)->18017K(18752K)
[2026-10-07T18:20:19.157+0800][494.677s][info][gc          ] GC(102) Pause Young (Normal) (G1 Evacuation Pause) 182M->161M(488M) 95.260ms
[2026-10-07T18:20:19.157+0800][494.677s][info][gc,cpu      ] GC(102) User=0.02s Sys=0.05s Real=0.09s
[2026-10-07T18:20:19.157+0800][494.677s][info][safepoint   ] Safepoint "G1CollectForAllocation", Time since last: 556847917 ns, Reaching safepoint: 1078633916 ns, At safepoint: 95988625 ns, Total: 1174622541 ns
[2026-10-07T18:20:20.592+0800][496.112s][info][gc,start    ] GC(103) Pause Young (Normal) (G1 Evacuation Pause)
[2026-10-07T18:20:20.592+0800][496.112s][info][gc,task     ] GC(103) Using 9 workers of 9 for evacuation
[2026-10-07T18:20:20.636+0800][496.156s][info][gc,phases   ] GC(103)   Pre Evacuate Collection Set: 1.0ms
[2026-10-07T18:20:20.636+0800][496.156s][info][gc,phases   ] GC(103)   Merge Heap Roots: 2.5ms
[2026-10-07T18:20:20.636+0800][496.156s][info][gc,phases   ] GC(103)   Evacuate Collection Set: 37.9ms
[2026-10-07T18:20:20.636+0800][496.156s][info][gc,phases   ] GC(103)   Post Evacuate Collection Set: 2.3ms
[2026-10-07T18:20:20.636+0800][496.156s][info][gc,phases   ] GC(103)   Other: 0.3ms
[2026-10-07T18:20:20.636+0800][496.156s][info][gc,heap     ] GC(103) Eden regions: 22->0(22)
[2026-10-07T18:20:20.636+0800][496.156s][info][gc,heap     ] GC(103) Survivor regions: 2->2(3)
[2026-10-07T18:20:20.636+0800][496.156s][info][gc,heap     ] GC(103) Old regions: 154->154
[2026-10-07T18:20:20.636+0800][496.156s][info][gc,heap     ] GC(103) Archive regions: 2->2
[2026-10-07T18:20:20.636+0800][496.156s][info][gc,heap     ] GC(103) Humongous regions: 5->5
[2026-10-07T18:20:20.636+0800][496.156s][info][gc,metaspace] GC(103) Metaspace: 137717K(139136K)->137717K(139136K) NonClass: 119700K(120384K)->119700K(120384K) Class: 18017K(18752K)->18017K(18752K)
[2026-10-07T18:20:20.636+0800][496.156s][info][gc          ] GC(103) Pause Young (Normal) (G1 Evacuation Pause) 183M->161M(488M) 44.332ms
[2026-10-07T18:20:20.636+0800][496.156s][info][gc,cpu      ] GC(103) User=0.01s Sys=0.02s Real=0.04s
[2026-10-07T18:20:20.636+0800][496.156s][info][safepoint   ] Safepoint "G1CollectForAllocation", Time since last: 1433114000 ns, Reaching safepoint: 1208375 ns, At safepoint: 44544500 ns, Total: 45752875 ns
[2026-10-07T18:20:21.812+0800][497.332s][info][safepoint   ] Safepoint "Cleanup", Time since last: 1143139500 ns, Reaching safepoint: 32233625 ns, At safepoint: 9750 ns, Total: 32243375 ns
[2026-10-07T18:20:22.281+0800][497.801s][info][gc,start    ] GC(104) Pause Young (Normal) (G1 Evacuation Pause)
[2026-10-07T18:20:22.281+0800][497.801s][info][gc,task     ] GC(104) Using 9 workers of 9 for evacuation
[2026-10-07T18:20:22.312+0800][497.832s][info][gc,phases   ] GC(104)   Pre Evacuate Collection Set: 0.3ms
[2026-10-07T18:20:22.312+0800][497.832s][info][gc,phases   ] GC(104)   Merge Heap Roots: 0.1ms
[2026-10-07T18:20:22.312+0800][497.832s][info][gc,phases   ] GC(104)   Evacuate Collection Set: 25.1ms
[2026-10-07T18:20:22.312+0800][497.832s][info][gc,phases   ] GC(104)   Post Evacuate Collection Set: 5.6ms
[2026-10-07T18:20:22.312+0800][497.832s][info][gc,phases   ] GC(104)   Other: 0.2ms
[2026-10-07T18:20:22.312+0800][497.832s][info][gc,heap     ] GC(104) Eden regions: 22->0(22)
[2026-10-07T18:20:22.312+0800][497.832s][info][gc,heap     ] GC(104) Survivor regions: 2->2(3)
[2026-10-07T18:20:22.312+0800][497.832s][info][gc,heap     ] GC(104) Old regions: 154->154
[2026-10-07T18:20:22.312+0800][497.832s][info][gc,heap     ] GC(104) Archive regions: 2->2
[2026-10-07T18:20:22.312+0800][497.832s][info][gc,heap     ] GC(104) Humongous regions: 5->5
[2026-10-07T18:20:22.312+0800][497.832s][info][gc,metaspace] GC(104) Metaspace: 137717K(139136K)->137717K(139136K) NonClass: 119700K(120384K)->119700K(120384K) Class: 18017K(18752K)->18017K(18752K)
[2026-10-07T18:20:22.312+0800][497.832s][info][gc          ] GC(104) Pause Young (Normal) (G1 Evacuation Pause) 183M->161M(488M) 31.514ms
[2026-10-07T18:20:22.312+0800][497.832s][info][gc,cpu      ] GC(104) User=0.01s Sys=0.02s Real=0.03s
[2026-10-07T18:20:22.312+0800][497.832s][info][safepoint   ] Safepoint "G1CollectForAllocation", Time since last: 468998667 ns, Reaching safepoint: 71708 ns, At safepoint: 31686167 ns, Total: 31757875 ns
[2026-10-07T18:20:23.484+0800][499.004s][info][safepoint   ] Safepoint "Cleanup", Time since last: 1149315875 ns, Reaching safepoint: 21745042 ns, At safepoint: 270666 ns, Total: 22015708 ns
[2026-10-07T18:20:24.774+0800][500.294s][info][safepoint   ] Safepoint "Cleanup", Time since last: 1129046084 ns, Reaching safepoint: 161492333 ns, At safepoint: 27542 ns, Total: 161519875 ns
[2026-10-07T18:20:25.936+0800][501.456s][info][safepoint   ] Safepoint "Cleanup", Time since last: 1118703375 ns, Reaching safepoint: 42641416 ns, At safepoint: 158209 ns, Total: 42799625 ns
[2026-10-07T18:20:28.083+0800][503.603s][info][safepoint   ] Safepoint "Cleanup", Time since last: 2044729541 ns, Reaching safepoint: 98863709 ns, At safepoint: 3401000 ns, Total: 102264709 ns
[2026-10-07T18:20:29.253+0800][504.773s][info][gc,start    ] GC(105) Pause Young (Normal) (G1 Evacuation Pause)
[2026-10-07T18:20:29.253+0800][504.774s][info][gc,task     ] GC(105) Using 9 workers of 9 for evacuation
[2026-10-07T18:20:29.543+0800][505.063s][info][gc,mmu      ] GC(105) MMU target violated: 201.0ms (200.0ms/201.0ms)
[2026-10-07T18:20:29.571+0800][505.091s][info][gc,phases   ] GC(105)   Pre Evacuate Collection Set: 0.3ms
[2026-10-07T18:20:29.571+0800][505.091s][info][gc,phases   ] GC(105)   Merge Heap Roots: 0.2ms
[2026-10-07T18:20:29.571+0800][505.091s][info][gc,phases   ] GC(105)   Evacuate Collection Set: 282.8ms
[2026-10-07T18:20:29.571+0800][505.091s][info][gc,phases   ] GC(105)   Post Evacuate Collection Set: 6.5ms
[2026-10-07T18:20:29.571+0800][505.091s][info][gc,phases   ] GC(105)   Other: 28.2ms
[2026-10-07T18:20:29.571+0800][505.091s][info][gc,heap     ] GC(105) Eden regions: 22->0(21)
[2026-10-07T18:20:29.571+0800][505.091s][info][gc,heap     ] GC(105) Survivor regions: 2->3(3)
[2026-10-07T18:20:29.571+0800][505.091s][info][gc,heap     ] GC(105) Old regions: 154->155
[2026-10-07T18:20:29.571+0800][505.091s][info][gc,heap     ] GC(105) Archive regions: 2->2
[2026-10-07T18:20:29.571+0800][505.092s][info][gc,heap     ] GC(105) Humongous regions: 5->5
[2026-10-07T18:20:29.571+0800][505.092s][info][gc,metaspace] GC(105) Metaspace: 137718K(139136K)->137718K(139136K) NonClass: 119701K(120384K)->119701K(120384K) Class: 18017K(18752K)->18017K(18752K)
[2026-10-07T18:20:29.586+0800][505.107s][info][gc          ] GC(105) Pause Young (Normal) (G1 Evacuation Pause) 183M->162M(488M) 332.225ms
[2026-10-07T18:20:29.586+0800][505.107s][info][gc,cpu      ] GC(105) User=0.01s Sys=0.04s Real=0.33s
[2026-10-07T18:20:29.588+0800][505.108s][info][safepoint   ] Safepoint "G1CollectForAllocation", Time since last: 1168553541 ns, Reaching safepoint: 2029417 ns, At safepoint: 334632583 ns, Total: 336662000 ns
[2026-10-07T18:20:30.725+0800][506.245s][info][safepoint   ] Safepoint "Cleanup", Time since last: 1134418584 ns, Reaching safepoint: 2312458 ns, At safepoint: 154875 ns, Total: 2467333 ns
[2026-10-07T18:20:31.707+0800][507.227s][info][gc,start    ] GC(106) Pause Young (Normal) (G1 Evacuation Pause)
[2026-10-07T18:20:31.707+0800][507.227s][info][gc,task     ] GC(106) Using 9 workers of 9 for evacuation
[2026-10-07T18:20:31.731+0800][507.251s][info][gc,phases   ] GC(106)   Pre Evacuate Collection Set: 0.3ms
[2026-10-07T18:20:31.731+0800][507.251s][info][gc,phases   ] GC(106)   Merge Heap Roots: 0.5ms
[2026-10-07T18:20:31.731+0800][507.251s][info][gc,phases   ] GC(106)   Evacuate Collection Set: 21.8ms
[2026-10-07T18:20:31.731+0800][507.251s][info][gc,phases   ] GC(106)   Post Evacuate Collection Set: 1.0ms
[2026-10-07T18:20:31.731+0800][507.251s][info][gc,phases   ] GC(106)   Other: 0.2ms
[2026-10-07T18:20:31.731+0800][507.251s][info][gc,heap     ] GC(106) Eden regions: 21->0(22)
[2026-10-07T18:20:31.731+0800][507.251s][info][gc,heap     ] GC(106) Survivor regions: 3->2(3)
[2026-10-07T18:20:31.731+0800][507.251s][info][gc,heap     ] GC(106) Old regions: 155->156
[2026-10-07T18:20:31.731+0800][507.251s][info][gc,heap     ] GC(106) Archive regions: 2->2
[2026-10-07T18:20:31.731+0800][507.251s][info][gc,heap     ] GC(106) Humongous regions: 5->5
[2026-10-07T18:20:31.731+0800][507.251s][info][gc,metaspace] GC(106) Metaspace: 137718K(139136K)->137718K(139136K) NonClass: 119701K(120384K)->119701K(120384K) Class: 18017K(18752K)->18017K(18752K)
[2026-10-07T18:20:31.731+0800][507.251s][info][gc          ] GC(106) Pause Young (Normal) (G1 Evacuation Pause) 183M->162M(488M) 23.889ms
[2026-10-07T18:20:31.731+0800][507.251s][info][gc,cpu      ] GC(106) User=0.01s Sys=0.03s Real=0.03s
[2026-10-07T18:20:31.731+0800][507.251s][info][safepoint   ] Safepoint "G1CollectForAllocation", Time since last: 982203208 ns, Reaching safepoint: 270292 ns, At safepoint: 23994792 ns, Total: 24265084 ns
[2026-10-07T18:20:33.022+0800][508.542s][info][gc,start    ] GC(107) Pause Young (Normal) (G1 Evacuation Pause)
[2026-10-07T18:20:33.052+0800][508.573s][info][gc,task     ] GC(107) Using 9 workers of 9 for evacuation
[2026-10-07T18:20:33.093+0800][508.613s][info][gc,phases   ] GC(107)   Pre Evacuate Collection Set: 0.7ms
[2026-10-07T18:20:33.093+0800][508.613s][info][gc,phases   ] GC(107)   Merge Heap Roots: 0.5ms
[2026-10-07T18:20:33.093+0800][508.613s][info][gc,phases   ] GC(107)   Evacuate Collection Set: 36.1ms
[2026-10-07T18:20:33.093+0800][508.613s][info][gc,phases   ] GC(107)   Post Evacuate Collection Set: 3.3ms
[2026-10-07T18:20:33.093+0800][508.613s][info][gc,phases   ] GC(107)   Other: 30.9ms
[2026-10-07T18:20:33.093+0800][508.613s][info][gc,heap     ] GC(107) Eden regions: 22->0(31)
[2026-10-07T18:20:33.093+0800][508.613s][info][gc,heap     ] GC(107) Survivor regions: 2->2(3)
[2026-10-07T18:20:33.093+0800][508.613s][info][gc,heap     ] GC(107) Old regions: 156->156
[2026-10-07T18:20:33.093+0800][508.613s][info][gc,heap     ] GC(107) Archive regions: 2->2
[2026-10-07T18:20:33.093+0800][508.613s][info][gc,heap     ] GC(107) Humongous regions: 5->5
[2026-10-07T18:20:33.093+0800][508.614s][info][gc,metaspace] GC(107) Metaspace: 137725K(139136K)->137725K(139136K) NonClass: 119707K(120384K)->119707K(120384K) Class: 18018K(18752K)->18018K(18752K)
[2026-10-07T18:20:33.094+0800][508.614s][info][gc          ] GC(107) Pause Young (Normal) (G1 Evacuation Pause) 184M->163M(488M) 72.198ms
[2026-10-07T18:20:33.094+0800][508.614s][info][gc,cpu      ] GC(107) User=0.02s Sys=0.05s Real=0.07s
[2026-10-07T18:20:33.094+0800][508.614s][info][safepoint   ] Safepoint "G1CollectForAllocation", Time since last: 900039833 ns, Reaching safepoint: 390342167 ns, At safepoint: 72521416 ns, Total: 462863583 ns
[2026-10-07T18:20:34.298+0800][509.819s][info][safepoint   ] Safepoint "Cleanup", Time since last: 1136258209 ns, Reaching safepoint: 67782791 ns, At safepoint: 222584 ns, Total: 68005375 ns
[2026-10-07T18:20:35.257+0800][510.777s][info][gc,start    ] GC(108) Pause Young (Normal) (G1 Evacuation Pause)
[2026-10-07T18:20:35.257+0800][510.778s][info][gc,task     ] GC(108) Using 9 workers of 9 for evacuation
[2026-10-07T18:20:35.301+0800][510.821s][info][gc,phases   ] GC(108)   Pre Evacuate Collection Set: 2.6ms
[2026-10-07T18:20:35.301+0800][510.822s][info][gc,phases   ] GC(108)   Merge Heap Roots: 1.4ms
[2026-10-07T18:20:35.301+0800][510.822s][info][gc,phases   ] GC(108)   Evacuate Collection Set: 25.6ms
[2026-10-07T18:20:35.301+0800][510.822s][info][gc,phases   ] GC(108)   Post Evacuate Collection Set: 13.5ms
[2026-10-07T18:20:35.301+0800][510.822s][info][gc,phases   ] GC(108)   Other: 1.3ms
[2026-10-07T18:20:35.301+0800][510.822s][info][gc,heap     ] GC(108) Eden regions: 31->0(40)
[2026-10-07T18:20:35.301+0800][510.822s][info][gc,heap     ] GC(108) Survivor regions: 2->3(5)
[2026-10-07T18:20:35.301+0800][510.822s][info][gc,heap     ] GC(108) Old regions: 156->156
[2026-10-07T18:20:35.301+0800][510.822s][info][gc,heap     ] GC(108) Archive regions: 2->2
[2026-10-07T18:20:35.301+0800][510.822s][info][gc,heap     ] GC(108) Humongous regions: 5->5
[2026-10-07T18:20:35.301+0800][510.822s][info][gc,metaspace] GC(108) Metaspace: 137727K(139136K)->137727K(139136K) NonClass: 119708K(120384K)->119708K(120384K) Class: 18018K(18752K)->18018K(18752K)
[2026-10-07T18:20:35.301+0800][510.822s][info][gc          ] GC(108) Pause Young (Normal) (G1 Evacuation Pause) 194M->163M(488M) 44.304ms
[2026-10-07T18:20:35.301+0800][510.822s][info][gc,cpu      ] GC(108) User=0.01s Sys=0.04s Real=0.05s
[2026-10-07T18:20:35.302+0800][510.822s][info][safepoint   ] Safepoint "G1CollectForAllocation", Time since last: 956581833 ns, Reaching safepoint: 1999750 ns, At safepoint: 44853417 ns, Total: 46853167 ns
[2026-10-07T18:20:37.588+0800][513.108s][info][safepoint   ] Safepoint "Cleanup", Time since last: 2275220833 ns, Reaching safepoint: 11250583 ns, At safepoint: 9167 ns, Total: 11259750 ns
[2026-10-07T18:20:39.715+0800][515.236s][info][safepoint   ] Safepoint "Cleanup", Time since last: 2083257917 ns, Reaching safepoint: 44206041 ns, At safepoint: 5959 ns, Total: 44212000 ns
[2026-10-07T18:20:46.604+0800][522.125s][info][safepoint   ] Safepoint "Cleanup", Time since last: 6744847083 ns, Reaching safepoint: 55187042 ns, At safepoint: 53701791 ns, Total: 108888833 ns
[2026-10-07T18:20:49.017+0800][524.537s][info][safepoint   ] Safepoint "Cleanup", Time since last: 2432102917 ns, Reaching safepoint: 15461875 ns, At safepoint: 262875 ns, Total: 15724750 ns
[2026-10-07T18:20:51.089+0800][526.610s][info][gc,start    ] GC(109) Pause Young (Normal) (G1 Evacuation Pause)
[2026-10-07T18:20:51.091+0800][526.612s][info][gc,task     ] GC(109) Using 9 workers of 9 for evacuation
[2026-10-07T18:20:51.246+0800][526.767s][info][gc,phases   ] GC(109)   Pre Evacuate Collection Set: 6.0ms
[2026-10-07T18:20:51.251+0800][526.772s][info][gc,phases   ] GC(109)   Merge Heap Roots: 8.7ms
[2026-10-07T18:20:51.251+0800][526.772s][info][gc,phases   ] GC(109)   Evacuate Collection Set: 100.4ms
[2026-10-07T18:20:51.251+0800][526.772s][info][gc,phases   ] GC(109)   Post Evacuate Collection Set: 36.8ms
[2026-10-07T18:20:51.251+0800][526.772s][info][gc,phases   ] GC(109)   Other: 15.0ms
[2026-10-07T18:20:51.251+0800][526.772s][info][gc,heap     ] GC(109) Eden regions: 40->0(31)
[2026-10-07T18:20:51.251+0800][526.772s][info][gc,heap     ] GC(109) Survivor regions: 3->4(6)
[2026-10-07T18:20:51.251+0800][526.772s][info][gc,heap     ] GC(109) Old regions: 156->156
[2026-10-07T18:20:51.251+0800][526.772s][info][gc,heap     ] GC(109) Archive regions: 2->2
[2026-10-07T18:20:51.251+0800][526.772s][info][gc,heap     ] GC(109) Humongous regions: 5->5
[2026-10-07T18:20:51.254+0800][526.775s][info][gc,metaspace] GC(109) Metaspace: 137732K(139200K)->137732K(139200K) NonClass: 119713K(120448K)->119713K(120448K) Class: 18018K(18752K)->18018K(18752K)
[2026-10-07T18:20:51.257+0800][526.778s][info][gc          ] GC(109) Pause Young (Normal) (G1 Evacuation Pause) 203M->164M(488M) 167.026ms
[2026-10-07T18:20:51.257+0800][526.778s][info][gc,cpu      ] GC(109) User=0.01s Sys=0.06s Real=0.17s
[2026-10-07T18:20:51.258+0800][526.779s][info][safepoint   ] Safepoint "G1CollectForAllocation", Time since last: 2054938667 ns, Reaching safepoint: 7232666 ns, At safepoint: 179427334 ns, Total: 186660000 ns
[2026-10-07T18:20:52.277+0800][527.798s][info][safepoint   ] Safepoint "Cleanup", Time since last: 1016733750 ns, Reaching safepoint: 1842458 ns, At safepoint: 102458 ns, Total: 1944916 ns
[2026-10-07T18:20:52.538+0800][528.059s][info][gc,start    ] GC(110) Pause Young (Normal) (G1 Evacuation Pause)
[2026-10-07T18:20:52.538+0800][528.059s][info][gc,task     ] GC(110) Using 9 workers of 9 for evacuation
[2026-10-07T18:20:52.603+0800][528.123s][info][gc,phases   ] GC(110)   Pre Evacuate Collection Set: 0.4ms
[2026-10-07T18:20:52.603+0800][528.123s][info][gc,phases   ] GC(110)   Merge Heap Roots: 0.2ms
[2026-10-07T18:20:52.603+0800][528.123s][info][gc,phases   ] GC(110)   Evacuate Collection Set: 59.9ms
[2026-10-07T18:20:52.603+0800][528.123s][info][gc,phases   ] GC(110)   Post Evacuate Collection Set: 3.5ms
[2026-10-07T18:20:52.603+0800][528.123s][info][gc,phases   ] GC(110)   Other: 0.3ms
[2026-10-07T18:20:52.603+0800][528.123s][info][gc,heap     ] GC(110) Eden regions: 20->0(111)
[2026-10-07T18:20:52.603+0800][528.123s][info][gc,heap     ] GC(110) Survivor regions: 4->2(3)
[2026-10-07T18:20:52.603+0800][528.123s][info][gc,heap     ] GC(110) Old regions: 156->157
[2026-10-07T18:20:52.603+0800][528.124s][info][gc,heap     ] GC(110) Archive regions: 2->2
[2026-10-07T18:20:52.603+0800][528.124s][info][gc,heap     ] GC(110) Humongous regions: 5->5
[2026-10-07T18:20:52.603+0800][528.124s][info][gc,metaspace] GC(110) Metaspace: 137733K(139200K)->137733K(139200K) NonClass: 119715K(120448K)->119715K(120448K) Class: 18018K(18752K)->18018K(18752K)
[2026-10-07T18:20:52.603+0800][528.124s][info][gc          ] GC(110) Pause Young (Normal) (G1 Evacuation Pause) 184M->164M(488M) 64.379ms
[2026-10-07T18:20:52.603+0800][528.124s][info][gc,cpu      ] GC(110) User=0.01s Sys=0.04s Real=0.07s
[2026-10-07T18:20:52.603+0800][528.124s][info][safepoint   ] Safepoint "G1CollectForAllocation", Time since last: 261369959 ns, Reaching safepoint: 27916 ns, At safepoint: 64560792 ns, Total: 64588708 ns
[2026-10-07T18:20:53.750+0800][529.271s][info][safepoint   ] Safepoint "Cleanup", Time since last: 1144805875 ns, Reaching safepoint: 2092583 ns, At safepoint: 17209 ns, Total: 2109792 ns
[2026-10-07T18:20:54.915+0800][530.436s][info][safepoint   ] Safepoint "Cleanup", Time since last: 1146097583 ns, Reaching safepoint: 18980208 ns, At safepoint: 67125 ns, Total: 19047333 ns
[2026-10-07T18:20:56.042+0800][531.563s][info][safepoint   ] Safepoint "Cleanup", Time since last: 1112291875 ns, Reaching safepoint: 14780667 ns, At safepoint: 10333 ns, Total: 14791000 ns
[2026-10-07T18:20:59.515+0800][535.036s][info][safepoint   ] Safepoint "Cleanup", Time since last: 3442526292 ns, Reaching safepoint: 30554000 ns, At safepoint: 19250 ns, Total: 30573250 ns
[2026-10-07T18:21:00.701+0800][536.222s][info][safepoint   ] Safepoint "Cleanup", Time since last: 1159874625 ns, Reaching safepoint: 25897500 ns, At safepoint: 5500 ns, Total: 25903000 ns
[2026-10-07T18:21:01.806+0800][537.327s][info][safepoint   ] Safepoint "Cleanup", Time since last: 1062814417 ns, Reaching safepoint: 42489583 ns, At safepoint: 105833 ns, Total: 42595416 ns
[2026-10-07T18:21:03.376+0800][538.898s][info][safepoint   ] Safepoint "Cleanup", Time since last: 1555107792 ns, Reaching safepoint: 15163708 ns, At safepoint: 182375 ns, Total: 15346083 ns
[2026-10-07T18:21:04.654+0800][540.175s][info][safepoint   ] Safepoint "Cleanup", Time since last: 1102302875 ns, Reaching safepoint: 78939084 ns, At safepoint: 43976833 ns, Total: 122915917 ns
[2026-10-07T18:21:05.959+0800][541.480s][info][safepoint   ] Safepoint "Cleanup", Time since last: 1354964250 ns, Reaching safepoint: 1632292 ns, At safepoint: 275833 ns, Total: 1908125 ns
[2026-10-07T18:21:07.167+0800][542.688s][info][safepoint   ] Safepoint "Cleanup", Time since last: 1139098000 ns, Reaching safepoint: 69080125 ns, At safepoint: 54417 ns, Total: 69134542 ns
[2026-10-07T18:21:08.246+0800][543.767s][info][safepoint   ] Safepoint "Cleanup", Time since last: 1074180875 ns, Reaching safepoint: 5254250 ns, At safepoint: 74083 ns, Total: 5328333 ns
[2026-10-07T18:21:09.390+0800][544.911s][info][safepoint   ] Safepoint "Cleanup", Time since last: 1140775917 ns, Reaching safepoint: 2799500 ns, At safepoint: 392625 ns, Total: 3192125 ns
[2026-10-07T18:21:10.481+0800][546.003s][info][safepoint   ] Safepoint "Cleanup", Time since last: 1076681375 ns, Reaching safepoint: 14316375 ns, At safepoint: 384250 ns, Total: 14700625 ns
[2026-10-07T18:21:11.629+0800][547.150s][info][safepoint   ] Safepoint "Cleanup", Time since last: 1142835416 ns, Reaching safepoint: 4268750 ns, At safepoint: 157667 ns, Total: 4426417 ns
[2026-10-07T18:21:12.785+0800][548.306s][info][safepoint   ] Safepoint "Cleanup", Time since last: 1124142083 ns, Reaching safepoint: 31642959 ns, At safepoint: 111875 ns, Total: 31754834 ns
[2026-10-07T18:21:13.939+0800][549.461s][info][safepoint   ] Safepoint "Cleanup", Time since last: 1139525208 ns, Reaching safepoint: 15334958 ns, At safepoint: 63000 ns, Total: 15397958 ns
[2026-10-07T18:21:15.077+0800][550.598s][info][safepoint   ] Safepoint "Cleanup", Time since last: 1116985959 ns, Reaching safepoint: 20107833 ns, At safepoint: 79667 ns, Total: 20187500 ns
[2026-10-07T18:21:17.298+0800][552.819s][info][safepoint   ] Safepoint "Cleanup", Time since last: 2197688416 ns, Reaching safepoint: 23445167 ns, At safepoint: 49625 ns, Total: 23494792 ns
[2026-10-07T18:21:19.582+0800][555.104s][info][safepoint   ] Safepoint "Cleanup", Time since last: 2264865458 ns, Reaching safepoint: 19688459 ns, At safepoint: 16000 ns, Total: 19704459 ns
[2026-10-07T18:21:21.301+0800][556.822s][info][safepoint   ] Safepoint "Cleanup", Time since last: 1706077625 ns, Reaching safepoint: 12482416 ns, At safepoint: 35875 ns, Total: 12518291 ns
[2026-10-07T18:21:26.880+0800][562.401s][info][safepoint   ] Safepoint "Cleanup", Time since last: 5565019167 ns, Reaching safepoint: 13878583 ns, At safepoint: 215709 ns, Total: 14094292 ns
[2026-10-07T18:21:28.028+0800][563.550s][info][safepoint   ] Safepoint "Cleanup", Time since last: 1143393833 ns, Reaching safepoint: 4771500 ns, At safepoint: 227875 ns, Total: 4999375 ns
[2026-10-07T18:21:29.284+0800][564.806s][info][safepoint   ] Safepoint "Cleanup", Time since last: 1142766292 ns, Reaching safepoint: 112927125 ns, At safepoint: 296208 ns, Total: 113223333 ns
[2026-10-07T18:21:33.971+0800][569.492s][info][safepoint   ] Safepoint "Cleanup", Time since last: 4531374417 ns, Reaching safepoint: 155052083 ns, At safepoint: 88875 ns, Total: 155140958 ns
[2026-10-07T18:21:45.167+0800][580.689s][info][safepoint   ] Safepoint "Cleanup", Time since last: 11145454917 ns, Reaching safepoint: 51433875 ns, At safepoint: 65875 ns, Total: 51499750 ns
[2026-10-07T18:21:46.393+0800][581.916s][info][safepoint   ] Safepoint "Cleanup", Time since last: 1208570333 ns, Reaching safepoint: 17707042 ns, At safepoint: 22083 ns, Total: 17729125 ns
[2026-10-07T18:21:50.103+0800][585.625s][info][safepoint   ] Safepoint "Cleanup", Time since last: 3312091875 ns, Reaching safepoint: 397212250 ns, At safepoint: 309375 ns, Total: 397521625 ns
[2026-10-07T18:21:51.641+0800][587.164s][info][safepoint   ] Safepoint "Cleanup", Time since last: 1522056792 ns, Reaching safepoint: 16208416 ns, At safepoint: 135334 ns, Total: 16343750 ns
[2026-10-07T18:21:52.801+0800][588.324s][info][safepoint   ] Safepoint "Cleanup", Time since last: 1141795333 ns, Reaching safepoint: 18236917 ns, At safepoint: 50750 ns, Total: 18287667 ns
[2026-10-07T18:21:53.892+0800][589.415s][info][safepoint   ] Safepoint "Cleanup", Time since last: 1078775708 ns, Reaching safepoint: 11631375 ns, At safepoint: 608958 ns, Total: 12240333 ns
[2026-10-07T18:21:54.989+0800][590.511s][info][safepoint   ] Safepoint "Cleanup", Time since last: 1067884209 ns, Reaching safepoint: 28371458 ns, At safepoint: 22208 ns, Total: 28393666 ns
[2026-10-07T18:21:56.158+0800][591.680s][info][safepoint   ] Safepoint "Cleanup", Time since last: 1148244167 ns, Reaching safepoint: 20754417 ns, At safepoint: 61041 ns, Total: 20815458 ns
[2026-10-07T18:21:58.419+0800][593.941s][info][safepoint   ] Safepoint "Cleanup", Time since last: 2256891292 ns, Reaching safepoint: 4076167 ns, At safepoint: 234916 ns, Total: 4311083 ns
[2026-10-07T18:21:59.575+0800][595.097s][info][safepoint   ] Safepoint "Cleanup", Time since last: 1142665709 ns, Reaching safepoint: 12590541 ns, At safepoint: 573667 ns, Total: 13164208 ns
[2026-10-07T18:22:00.749+0800][596.272s][info][safepoint   ] Safepoint "Cleanup", Time since last: 1132263958 ns, Reaching safepoint: 42445084 ns, At safepoint: 80541 ns, Total: 42525625 ns
[2026-10-07T18:22:01.947+0800][597.469s][info][safepoint   ] Safepoint "Cleanup", Time since last: 1153245875 ns, Reaching safepoint: 43898459 ns, At safepoint: 62500 ns, Total: 43960959 ns
[2026-10-07T18:22:06.041+0800][601.564s][info][safepoint   ] Safepoint "Cleanup", Time since last: 4081339333 ns, Reaching safepoint: 12481208 ns, At safepoint: 674417 ns, Total: 13155625 ns
[2026-10-07T18:22:09.437+0800][604.960s][info][safepoint   ] Safepoint "Cleanup", Time since last: 3362739958 ns, Reaching safepoint: 33232167 ns, At safepoint: 76500 ns, Total: 33308667 ns
[2026-10-07T18:22:10.579+0800][606.101s][info][safepoint   ] Safepoint "Cleanup", Time since last: 1134555625 ns, Reaching safepoint: 7210250 ns, At safepoint: 42000 ns, Total: 7252250 ns
[2026-10-07T18:22:11.739+0800][607.262s][info][safepoint   ] Safepoint "Cleanup", Time since last: 1127906500 ns, Reaching safepoint: 31949667 ns, At safepoint: 245958 ns, Total: 32195625 ns
[2026-10-07T18:22:12.906+0800][608.429s][info][safepoint   ] Safepoint "Cleanup", Time since last: 1148933500 ns, Reaching safepoint: 18516833 ns, At safepoint: 188250 ns, Total: 18705083 ns
[2026-10-07T18:22:14.449+0800][609.972s][info][safepoint   ] Safepoint "Cleanup", Time since last: 1131347375 ns, Reaching safepoint: 407865000 ns, At safepoint: 3412584 ns, Total: 411277584 ns
[2026-10-07T18:22:27.100+0800][622.623s][info][safepoint   ] Safepoint "Cleanup", Time since last: 12426632666 ns, Reaching safepoint: 171027084 ns, At safepoint: 21895041 ns, Total: 192922125 ns
[2026-10-07T18:22:34.868+0800][630.391s][info][safepoint   ] Safepoint "Cleanup", Time since last: 7781950792 ns, Reaching safepoint: 15910542 ns, At safepoint: 1180458 ns, Total: 17091000 ns
[2026-10-07T18:22:38.280+0800][633.804s][info][safepoint   ] Safepoint "Cleanup", Time since last: 3404502375 ns, Reaching safepoint: 8713708 ns, At safepoint: 63667 ns, Total: 8777375 ns
[2026-10-07T18:22:39.467+0800][634.990s][info][safepoint   ] Safepoint "Cleanup", Time since last: 1148481250 ns, Reaching safepoint: 33294208 ns, At safepoint: 4806417 ns, Total: 38100625 ns
[2026-10-07T18:22:40.633+0800][636.157s][info][safepoint   ] Safepoint "Cleanup", Time since last: 1137002542 ns, Reaching safepoint: 29334541 ns, At safepoint: 29167 ns, Total: 29363708 ns
[2026-10-07T18:22:41.816+0800][637.340s][info][safepoint   ] Safepoint "Cleanup", Time since last: 1182623250 ns, Reaching safepoint: 620208 ns, At safepoint: 23042 ns, Total: 643250 ns
[2026-10-07T18:22:43.024+0800][638.548s][info][safepoint   ] Safepoint "Cleanup", Time since last: 1179951042 ns, Reaching safepoint: 27695708 ns, At safepoint: 50125 ns, Total: 27745833 ns
[2026-10-07T18:22:44.159+0800][639.682s][info][safepoint   ] Safepoint "Cleanup", Time since last: 1113585042 ns, Reaching safepoint: 21021958 ns, At safepoint: 21792 ns, Total: 21043750 ns
[2026-10-07T18:22:45.372+0800][640.896s][info][safepoint   ] Safepoint "Cleanup", Time since last: 1162596166 ns, Reaching safepoint: 49472875 ns, At safepoint: 1449959 ns, Total: 50922834 ns
[2026-10-07T18:22:46.577+0800][642.101s][info][safepoint   ] Safepoint "Cleanup", Time since last: 1142407041 ns, Reaching safepoint: 61731750 ns, At safepoint: 783459 ns, Total: 62515209 ns
[2026-10-07T18:22:47.847+0800][643.370s][info][safepoint   ] Safepoint "Cleanup", Time since last: 1149970666 ns, Reaching safepoint: 119512834 ns, At safepoint: 85500 ns, Total: 119598334 ns
[2026-10-07T18:22:51.314+0800][646.838s][info][safepoint   ] Safepoint "Cleanup", Time since last: 3464623458 ns, Reaching safepoint: 3004292 ns, At safepoint: 77750 ns, Total: 3082042 ns
[2026-10-07T18:22:53.599+0800][649.122s][info][safepoint   ] Safepoint "Cleanup", Time since last: 2244375208 ns, Reaching safepoint: 39928125 ns, At safepoint: 49875 ns, Total: 39978000 ns
[2026-10-07T18:22:54.734+0800][650.258s][info][safepoint   ] Safepoint "Cleanup", Time since last: 1120164917 ns, Reaching safepoint: 15634833 ns, At safepoint: 87208 ns, Total: 15722041 ns
[2026-10-07T18:22:55.823+0800][651.347s][info][safepoint   ] Safepoint "Cleanup", Time since last: 1068970584 ns, Reaching safepoint: 18933458 ns, At safepoint: 722583 ns, Total: 19656041 ns
[2026-10-07T18:22:57.189+0800][652.713s][info][safepoint   ] Safepoint "Cleanup", Time since last: 1124363625 ns, Reaching safepoint: 240921959 ns, At safepoint: 477125 ns, Total: 241399084 ns
[2026-10-07T18:22:58.372+0800][653.896s][info][safepoint   ] Safepoint "Cleanup", Time since last: 1139703000 ns, Reaching safepoint: 43738416 ns, At safepoint: 264292 ns, Total: 44002708 ns
[2026-10-07T18:23:00.225+0800][655.749s][info][safepoint   ] Safepoint "Cleanup", Time since last: 1822527875 ns, Reaching safepoint: 29401708 ns, At safepoint: 352834 ns, Total: 29754542 ns
[2026-10-07T18:23:01.397+0800][656.921s][info][safepoint   ] Safepoint "Cleanup", Time since last: 1134017750 ns, Reaching safepoint: 38587291 ns, At safepoint: 18542 ns, Total: 38605833 ns
[2026-10-07T18:23:02.565+0800][658.089s][info][safepoint   ] Safepoint "Cleanup", Time since last: 1157329167 ns, Reaching safepoint: 10708083 ns, At safepoint: 102958 ns, Total: 10811041 ns
[2026-10-07T18:23:03.758+0800][659.282s][info][safepoint   ] Safepoint "Cleanup", Time since last: 1105844625 ns, Reaching safepoint: 86403042 ns, At safepoint: 104917 ns, Total: 86507959 ns
[2026-10-07T18:23:04.877+0800][660.401s][info][safepoint   ] Safepoint "Cleanup", Time since last: 1106105916 ns, Reaching safepoint: 11353875 ns, At safepoint: 1716667 ns, Total: 13070542 ns
[2026-10-07T18:23:06.058+0800][661.582s][info][safepoint   ] Safepoint "Cleanup", Time since last: 1177055625 ns, Reaching safepoint: 4210083 ns, At safepoint: 72709 ns, Total: 4282792 ns
[2026-10-07T18:23:07.202+0800][662.726s][info][safepoint   ] Safepoint "Cleanup", Time since last: 1130882333 ns, Reaching safepoint: 12754417 ns, At safepoint: 221833 ns, Total: 12976250 ns
[2026-10-07T18:23:08.367+0800][663.891s][info][safepoint   ] Safepoint "Cleanup", Time since last: 1149384333 ns, Reaching safepoint: 14807584 ns, At safepoint: 595666 ns, Total: 15403250 ns
[2026-10-07T18:23:09.631+0800][665.155s][info][safepoint   ] Safepoint "Cleanup", Time since last: 1142553542 ns, Reaching safepoint: 111018292 ns, At safepoint: 10469916 ns, Total: 121488208 ns
[2026-10-07T18:23:11.957+0800][667.481s][info][safepoint   ] Safepoint "Cleanup", Time since last: 2284149042 ns, Reaching safepoint: 42086167 ns, At safepoint: 167208 ns, Total: 42253375 ns
[2026-10-07T18:23:56.894+0800][712.419s][info][safepoint   ] Safepoint "Cleanup", Time since last: 44665100458 ns, Reaching safepoint: 272521375 ns, At safepoint: 57625 ns, Total: 272579000 ns
[2026-10-07T18:24:09.236+0800][724.762s][info][safepoint   ] Safepoint "Cleanup", Time since last: 12341004417 ns, Reaching safepoint: 1513208 ns, At safepoint: 14250 ns, Total: 1527458 ns
[2026-10-07T18:24:10.396+0800][725.921s][info][safepoint   ] Safepoint "Cleanup", Time since last: 1143072917 ns, Reaching safepoint: 15639750 ns, At safepoint: 1007833 ns, Total: 16647583 ns
[2026-10-07T18:24:11.559+0800][727.085s][info][safepoint   ] Safepoint "Cleanup", Time since last: 1141416625 ns, Reaching safepoint: 19931334 ns, At safepoint: 2133625 ns, Total: 22064959 ns
[2026-10-07T18:24:12.691+0800][728.217s][info][safepoint   ] Safepoint "Cleanup", Time since last: 1124416583 ns, Reaching safepoint: 7044000 ns, At safepoint: 452000 ns, Total: 7496000 ns
[2026-10-07T18:24:13.756+0800][729.281s][info][safepoint   ] Safepoint "Cleanup", Time since last: 1046929792 ns, Reaching safepoint: 17731375 ns, At safepoint: 105083 ns, Total: 17836458 ns
[2026-10-07T18:24:18.274+0800][733.800s][info][safepoint   ] Safepoint "Cleanup", Time since last: 4517327750 ns, Reaching safepoint: 1311500 ns, At safepoint: 23000 ns, Total: 1334500 ns
[2026-10-07T18:24:20.531+0800][736.056s][info][safepoint   ] Safepoint "Cleanup", Time since last: 2231099042 ns, Reaching safepoint: 24860500 ns, At safepoint: 364250 ns, Total: 25224750 ns
[2026-10-07T18:24:22.468+0800][737.994s][info][safepoint   ] Safepoint "Cleanup", Time since last: 1636495916 ns, Reaching safepoint: 301033417 ns, At safepoint: 97458 ns, Total: 301130875 ns
[2026-10-07T18:24:25.682+0800][741.208s][info][safepoint   ] Safepoint "Cleanup", Time since last: 3205414625 ns, Reaching safepoint: 8211375 ns, At safepoint: 100375 ns, Total: 8311750 ns
[2026-10-07T18:24:28.003+0800][743.529s][info][safepoint   ] Safepoint "Cleanup", Time since last: 2277553875 ns, Reaching safepoint: 43201209 ns, At safepoint: 91625 ns, Total: 43292834 ns
[2026-10-07T18:24:31.402+0800][746.928s][info][safepoint   ] Safepoint "Cleanup", Time since last: 3377872833 ns, Reaching safepoint: 21752667 ns, At safepoint: 106875 ns, Total: 21859542 ns
[2026-10-07T18:24:32.551+0800][748.077s][info][safepoint   ] Safepoint "Cleanup", Time since last: 1081183750 ns, Reaching safepoint: 67624583 ns, At safepoint: 56958 ns, Total: 67681541 ns
[2026-10-07T18:24:37.364+0800][752.890s][info][safepoint   ] Safepoint "Cleanup", Time since last: 4553509417 ns, Reaching safepoint: 258886875 ns, At safepoint: 291333 ns, Total: 259178208 ns
[2026-10-07T18:24:46.576+0800][762.103s][info][safepoint   ] Safepoint "Cleanup", Time since last: 8840922250 ns, Reaching safepoint: 297441417 ns, At safepoint: 30401792 ns, Total: 327843209 ns
[2026-10-07T18:24:50.039+0800][765.566s][info][safepoint   ] Safepoint "Cleanup", Time since last: 2519353041 ns, Reaching safepoint: 986839417 ns, At safepoint: 1183333 ns, Total: 988022750 ns
[2026-10-07T18:24:51.239+0800][766.765s][info][safepoint   ] Safepoint "Cleanup", Time since last: 1198140917 ns, Reaching safepoint: 1059708 ns, At safepoint: 77959 ns, Total: 1137667 ns
[2026-10-07T18:24:52.386+0800][767.913s][info][safepoint   ] Safepoint "Cleanup", Time since last: 1109265916 ns, Reaching safepoint: 38463167 ns, At safepoint: 78417 ns, Total: 38541584 ns
[2026-10-07T18:24:58.006+0800][773.533s][info][safepoint   ] Safepoint "Cleanup", Time since last: 5617206958 ns, Reaching safepoint: 2070500 ns, At safepoint: 342542 ns, Total: 2413042 ns
[2026-10-07T18:24:59.158+0800][774.684s][info][safepoint   ] Safepoint "Cleanup", Time since last: 1149200125 ns, Reaching safepoint: 2380083 ns, At safepoint: 21125 ns, Total: 2401208 ns
[2026-10-07T18:25:00.368+0800][775.895s][info][safepoint   ] Safepoint "Cleanup", Time since last: 1146505917 ns, Reaching safepoint: 63658875 ns, At safepoint: 164708 ns, Total: 63823583 ns
[2026-10-07T18:25:02.670+0800][778.196s][info][safepoint   ] Safepoint "Cleanup", Time since last: 2256882417 ns, Reaching safepoint: 44888958 ns, At safepoint: 23542 ns, Total: 44912500 ns
[2026-10-07T18:25:03.870+0800][779.397s][info][safepoint   ] Safepoint "Cleanup", Time since last: 1116547833 ns, Reaching safepoint: 83899542 ns, At safepoint: 447708 ns, Total: 84347250 ns
[2026-10-07T18:25:06.189+0800][781.716s][info][safepoint   ] Safepoint "Cleanup", Time since last: 2271865000 ns, Reaching safepoint: 46882833 ns, At safepoint: 14167 ns, Total: 46897000 ns
[2026-10-07T18:25:07.364+0800][782.891s][info][safepoint   ] Safepoint "Cleanup", Time since last: 1158584292 ns, Reaching safepoint: 16502291 ns, At safepoint: 16125 ns, Total: 16518416 ns
[2026-10-07T18:25:08.522+0800][784.049s][info][safepoint   ] Safepoint "Cleanup", Time since last: 1147257417 ns, Reaching safepoint: 10592250 ns, At safepoint: 60375 ns, Total: 10652625 ns
[2026-10-07T18:25:09.657+0800][785.184s][info][safepoint   ] Safepoint "Cleanup", Time since last: 1104671167 ns, Reaching safepoint: 29728833 ns, At safepoint: 48583 ns, Total: 29777416 ns
[2026-10-07T18:25:10.795+0800][786.323s][info][safepoint   ] Safepoint "Cleanup", Time since last: 1114076042 ns, Reaching safepoint: 24936125 ns, At safepoint: 4417 ns, Total: 24940542 ns
[2026-10-07T18:25:13.103+0800][788.630s][info][safepoint   ] Safepoint "Cleanup", Time since last: 2303616291 ns, Reaching safepoint: 3426125 ns, At safepoint: 520834 ns, Total: 3946959 ns
[2026-10-07T18:25:14.223+0800][789.750s][info][safepoint   ] Safepoint "Cleanup", Time since last: 1117426125 ns, Reaching safepoint: 1885541 ns, At safepoint: 579667 ns, Total: 2465208 ns
[2026-10-07T18:25:16.471+0800][791.999s][info][safepoint   ] Safepoint "Cleanup", Time since last: 2219024542 ns, Reaching safepoint: 29514625 ns, At safepoint: 78250 ns, Total: 29592875 ns
[2026-10-07T18:25:18.370+0800][793.897s][info][gc,start    ] GC(111) Pause Young (Normal) (G1 Evacuation Pause)
[2026-10-07T18:25:18.407+0800][793.934s][info][gc,task     ] GC(111) Using 9 workers of 9 for evacuation
[2026-10-07T18:25:27.731+0800][803.258s][info][gc,mmu      ] GC(111) MMU target violated: 201.0ms (200.0ms/201.0ms)
[2026-10-07T18:25:27.734+0800][803.262s][info][gc,phases   ] GC(111)   Pre Evacuate Collection Set: 107.1ms
[2026-10-07T18:25:27.734+0800][803.262s][info][gc,phases   ] GC(111)   Merge Heap Roots: 26.5ms
[2026-10-07T18:25:27.734+0800][803.262s][info][gc,phases   ] GC(111)   Evacuate Collection Set: 8652.2ms
[2026-10-07T18:25:27.734+0800][803.262s][info][gc,phases   ] GC(111)   Post Evacuate Collection Set: 516.4ms
[2026-10-07T18:25:27.734+0800][803.262s][info][gc,phases   ] GC(111)   Other: 69.3ms
[2026-10-07T18:25:27.734+0800][803.262s][info][gc,heap     ] GC(111) Eden regions: 95->0(19)
[2026-10-07T18:25:27.734+0800][803.262s][info][gc,heap     ] GC(111) Survivor regions: 2->5(13)
[2026-10-07T18:25:27.734+0800][803.262s][info][gc,heap     ] GC(111) Old regions: 157->157
[2026-10-07T18:25:27.734+0800][803.262s][info][gc,heap     ] GC(111) Archive regions: 2->2
[2026-10-07T18:25:27.734+0800][803.262s][info][gc,heap     ] GC(111) Humongous regions: 5->5
[2026-10-07T18:25:27.734+0800][803.262s][info][gc,metaspace] GC(111) Metaspace: 139085K(140544K)->139085K(140544K) NonClass: 120878K(121600K)->120878K(121600K) Class: 18207K(18944K)->18207K(18944K)
[2026-10-07T18:25:27.740+0800][803.267s][info][gc          ] GC(111) Pause Young (Normal) (G1 Evacuation Pause) 259M->166M(488M) 9372.257ms
[2026-10-07T18:25:27.741+0800][803.268s][info][gc,cpu      ] GC(111) User=0.06s Sys=0.31s Real=9.38s
[2026-10-07T18:25:27.759+0800][803.286s][info][safepoint   ] Safepoint "G1CollectForAllocation", Time since last: 1772453166 ns, Reaching safepoint: 106720209 ns, At safepoint: 9408454791 ns, Total: 9515175000 ns
[2026-10-07T18:25:29.112+0800][804.640s][info][safepoint   ] Safepoint "Cleanup", Time since last: 1144990250 ns, Reaching safepoint: 208494292 ns, At safepoint: 16958 ns, Total: 208511250 ns
[2026-10-07T18:25:33.531+0800][809.059s][info][safepoint   ] Safepoint "Cleanup", Time since last: 4277687750 ns, Reaching safepoint: 35353917 ns, At safepoint: 42111792 ns, Total: 77465709 ns
[2026-10-07T18:25:35.988+0800][811.516s][info][safepoint   ] Safepoint "Cleanup", Time since last: 2423173791 ns, Reaching safepoint: 97979625 ns, At safepoint: 18459 ns, Total: 97998084 ns
[2026-10-07T18:25:41.546+0800][817.074s][info][safepoint   ] Safepoint "Cleanup", Time since last: 5548754416 ns, Reaching safepoint: 8874750 ns, At safepoint: 15084 ns, Total: 8889834 ns
[2026-10-07T18:25:54.997+0800][830.525s][info][safepoint   ] Safepoint "Cleanup", Time since last: 13430724208 ns, Reaching safepoint: 11152792 ns, At safepoint: 405958 ns, Total: 11558750 ns
[2026-10-07T18:25:55.062+0800][830.590s][info][gc,start    ] GC(112) Pause Young (Normal) (G1 Evacuation Pause)
[2026-10-07T18:25:55.064+0800][830.592s][info][gc,task     ] GC(112) Using 9 workers of 9 for evacuation
[2026-10-07T18:25:56.224+0800][831.752s][info][gc,mmu      ] GC(112) MMU target violated: 201.0ms (200.0ms/201.0ms)
[2026-10-07T18:25:56.224+0800][831.752s][info][gc,phases   ] GC(112)   Pre Evacuate Collection Set: 9.2ms
[2026-10-07T18:25:56.224+0800][831.752s][info][gc,phases   ] GC(112)   Merge Heap Roots: 23.2ms
[2026-10-07T18:25:56.224+0800][831.752s][info][gc,phases   ] GC(112)   Evacuate Collection Set: 1069.8ms
[2026-10-07T18:25:56.224+0800][831.752s][info][gc,phases   ] GC(112)   Post Evacuate Collection Set: 45.2ms
[2026-10-07T18:25:56.224+0800][831.752s][info][gc,phases   ] GC(112)   Other: 20.4ms
[2026-10-07T18:25:56.224+0800][831.752s][info][gc,heap     ] GC(112) Eden regions: 19->0(21)
[2026-10-07T18:25:56.224+0800][831.752s][info][gc,heap     ] GC(112) Survivor regions: 5->3(3)
[2026-10-07T18:25:56.224+0800][831.752s][info][gc,heap     ] GC(112) Old regions: 157->161
[2026-10-07T18:25:56.224+0800][831.752s][info][gc,heap     ] GC(112) Archive regions: 2->2
[2026-10-07T18:25:56.224+0800][831.752s][info][gc,heap     ] GC(112) Humongous regions: 5->5
[2026-10-07T18:25:56.224+0800][831.752s][info][gc,metaspace] GC(112) Metaspace: 139088K(140544K)->139088K(140544K) NonClass: 120881K(121600K)->120881K(121600K) Class: 18207K(18944K)->18207K(18944K)
[2026-10-07T18:25:56.225+0800][831.753s][info][gc          ] GC(112) Pause Young (Normal) (G1 Evacuation Pause) 185M->169M(488M) 1164.046ms
[2026-10-07T18:25:56.225+0800][831.754s][info][gc,cpu      ] GC(112) User=0.03s Sys=0.13s Real=1.16s
[2026-10-07T18:25:56.226+0800][831.754s][info][safepoint   ] Safepoint "G1CollectForAllocation", Time since last: 66784625 ns, Reaching safepoint: 33500 ns, At safepoint: 1171369833 ns, Total: 1171403333 ns
[2026-10-07T18:25:57.366+0800][832.894s][info][safepoint   ] Safepoint "Cleanup", Time since last: 1132639000 ns, Reaching safepoint: 7316667 ns, At safepoint: 34000 ns, Total: 7350667 ns
[2026-10-07T18:25:59.630+0800][835.159s][info][safepoint   ] Safepoint "Cleanup", Time since last: 2232149250 ns, Reaching safepoint: 32036167 ns, At safepoint: 171125 ns, Total: 32207292 ns
[2026-10-07T18:26:02.129+0800][837.657s][info][safepoint   ] Safepoint "Cleanup", Time since last: 2274236416 ns, Reaching safepoint: 224118917 ns, At safepoint: 173417 ns, Total: 224292334 ns
[2026-10-07T18:26:05.508+0800][841.036s][info][safepoint   ] Safepoint "Cleanup", Time since last: 3339614166 ns, Reaching safepoint: 38368125 ns, At safepoint: 864667 ns, Total: 39232792 ns
[2026-10-07T18:26:07.651+0800][843.180s][info][safepoint   ] Safepoint "Cleanup", Time since last: 2113413875 ns, Reaching safepoint: 30506458 ns, At safepoint: 41584 ns, Total: 30548042 ns
[2026-10-07T18:26:08.971+0800][844.500s][info][gc,start    ] GC(113) Pause Young (Normal) (G1 Evacuation Pause)
[2026-10-07T18:26:08.973+0800][844.501s][info][gc,task     ] GC(113) Using 9 workers of 9 for evacuation
[2026-10-07T18:26:10.052+0800][845.580s][info][gc,mmu      ] GC(113) MMU target violated: 201.0ms (200.0ms/201.0ms)
[2026-10-07T18:26:10.052+0800][845.581s][info][gc,phases   ] GC(113)   Pre Evacuate Collection Set: 97.5ms
[2026-10-07T18:26:10.052+0800][845.581s][info][gc,phases   ] GC(113)   Merge Heap Roots: 2.6ms
[2026-10-07T18:26:10.052+0800][845.581s][info][gc,phases   ] GC(113)   Evacuate Collection Set: 614.1ms
[2026-10-07T18:26:10.052+0800][845.581s][info][gc,phases   ] GC(113)   Post Evacuate Collection Set: 304.4ms
[2026-10-07T18:26:10.052+0800][845.581s][info][gc,phases   ] GC(113)   Other: 147.0ms
[2026-10-07T18:26:10.052+0800][845.581s][info][gc,heap     ] GC(113) Eden regions: 21->0(21)
[2026-10-07T18:26:10.052+0800][845.581s][info][gc,heap     ] GC(113) Survivor regions: 3->3(3)
[2026-10-07T18:26:10.052+0800][845.581s][info][gc,heap     ] GC(113) Old regions: 161->164
[2026-10-07T18:26:10.052+0800][845.581s][info][gc,heap     ] GC(113) Archive regions: 2->2
[2026-10-07T18:26:10.052+0800][845.581s][info][gc,heap     ] GC(113) Humongous regions: 5->5
[2026-10-07T18:26:10.052+0800][845.581s][info][gc,metaspace] GC(113) Metaspace: 139093K(140544K)->139093K(140544K) NonClass: 120885K(121600K)->120885K(121600K) Class: 18207K(18944K)->18207K(18944K)
[2026-10-07T18:26:10.103+0800][845.632s][info][gc          ] GC(113) Pause Young (Normal) (G1 Evacuation Pause) 190M->171M(488M) 1147.612ms
[2026-10-07T18:26:10.103+0800][845.632s][info][gc,cpu      ] GC(113) User=0.02s Sys=0.06s Real=1.15s
[2026-10-07T18:26:10.104+0800][845.632s][info][safepoint   ] Safepoint "G1CollectForAllocation", Time since last: 1033327666 ns, Reaching safepoint: 118827750 ns, At safepoint: 1300294042 ns, Total: 1419121792 ns
[2026-10-07T18:26:12.438+0800][847.966s][info][safepoint   ] Safepoint "Cleanup", Time since last: 2282473125 ns, Reaching safepoint: 50816625 ns, At safepoint: 835792 ns, Total: 51652417 ns
[2026-10-07T18:26:22.703+0800][858.232s][info][safepoint   ] Safepoint "Cleanup", Time since last: 10146158416 ns, Reaching safepoint: 67602209 ns, At safepoint: 21513958 ns, Total: 89116167 ns
[2026-10-07T18:26:27.189+0800][862.718s][info][safepoint   ] Safepoint "Cleanup", Time since last: 4475781667 ns, Reaching safepoint: 40193208 ns, At safepoint: 16000 ns, Total: 40209208 ns
[2026-10-07T18:26:28.350+0800][863.879s][info][safepoint   ] Safepoint "Cleanup", Time since last: 1154736083 ns, Reaching safepoint: 5765292 ns, At safepoint: 689500 ns, Total: 6454792 ns
[2026-10-07T18:26:29.525+0800][865.054s][info][safepoint   ] Safepoint "Cleanup", Time since last: 1134098958 ns, Reaching safepoint: 39771959 ns, At safepoint: 763416 ns, Total: 40535375 ns
[2026-10-07T18:26:30.705+0800][866.234s][info][safepoint   ] Safepoint "Cleanup", Time since last: 1145387084 ns, Reaching safepoint: 35286250 ns, At safepoint: 16666 ns, Total: 35302916 ns
[2026-10-07T18:26:31.901+0800][867.430s][info][safepoint   ] Safepoint "Cleanup", Time since last: 1169512792 ns, Reaching safepoint: 26637417 ns, At safepoint: 9041 ns, Total: 26646458 ns
[2026-10-07T18:26:35.347+0800][870.877s][info][safepoint   ] Safepoint "Cleanup", Time since last: 3421447500 ns, Reaching safepoint: 24631584 ns, At safepoint: 15333 ns, Total: 24646917 ns
[2026-10-07T18:26:40.668+0800][876.197s][info][gc,start    ] GC(114) Pause Young (Normal) (G1 Evacuation Pause)
[2026-10-07T18:26:40.731+0800][876.260s][info][gc,task     ] GC(114) Using 9 workers of 9 for evacuation
[2026-10-07T18:26:41.654+0800][877.184s][info][gc,mmu      ] GC(114) MMU target violated: 201.0ms (200.0ms/201.0ms)
[2026-10-07T18:26:41.655+0800][877.184s][info][gc,phases   ] GC(114)   Pre Evacuate Collection Set: 110.9ms
[2026-10-07T18:26:41.655+0800][877.184s][info][gc,phases   ] GC(114)   Merge Heap Roots: 7.5ms
[2026-10-07T18:26:41.655+0800][877.184s][info][gc,phases   ] GC(114)   Evacuate Collection Set: 483.1ms
[2026-10-07T18:26:41.655+0800][877.184s][info][gc,phases   ] GC(114)   Post Evacuate Collection Set: 176.9ms
[2026-10-07T18:26:41.684+0800][877.213s][info][gc,phases   ] GC(114)   Other: 302.7ms
[2026-10-07T18:26:41.684+0800][877.214s][info][gc,heap     ] GC(114) Eden regions: 21->0(22)
[2026-10-07T18:26:41.684+0800][877.214s][info][gc,heap     ] GC(114) Survivor regions: 3->2(3)
[2026-10-07T18:26:41.684+0800][877.214s][info][gc,heap     ] GC(114) Old regions: 164->166
[2026-10-07T18:26:41.684+0800][877.214s][info][gc,heap     ] GC(114) Archive regions: 2->2
[2026-10-07T18:26:41.684+0800][877.214s][info][gc,heap     ] GC(114) Humongous regions: 5->5
[2026-10-07T18:26:41.684+0800][877.214s][info][gc,metaspace] GC(114) Metaspace: 139102K(140608K)->139102K(140608K) NonClass: 120894K(121664K)->120894K(121664K) Class: 18208K(18944K)->18208K(18944K)
[2026-10-07T18:26:41.707+0800][877.236s][info][gc          ] GC(114) Pause Young (Normal) (G1 Evacuation Pause) 192M->172M(488M) 1062.544ms
[2026-10-07T18:26:41.707+0800][877.236s][info][gc,cpu      ] GC(114) User=0.04s Sys=0.05s Real=1.06s
[2026-10-07T18:26:41.708+0800][877.237s][info][safepoint   ] Safepoint "G1CollectForAllocation", Time since last: 5169444458 ns, Reaching safepoint: 4341209 ns, At safepoint: 1186986083 ns, Total: 1191327292 ns
[2026-10-07T18:26:42.851+0800][878.381s][info][safepoint   ] Safepoint "Cleanup", Time since last: 1142462875 ns, Reaching safepoint: 790125 ns, At safepoint: 229875 ns, Total: 1020000 ns
[2026-10-07T18:26:43.999+0800][879.529s][info][safepoint   ] Safepoint "Cleanup", Time since last: 1146655542 ns, Reaching safepoint: 1385375 ns, At safepoint: 18375 ns, Total: 1403750 ns
[2026-10-07T18:26:45.152+0800][880.682s][info][safepoint   ] Safepoint "Cleanup", Time since last: 1145194125 ns, Reaching safepoint: 7131250 ns, At safepoint: 551375 ns, Total: 7682625 ns
[2026-10-07T18:26:46.272+0800][881.802s][info][safepoint   ] Safepoint "Cleanup", Time since last: 1111785750 ns, Reaching safepoint: 8120541 ns, At safepoint: 56042 ns, Total: 8176583 ns
[2026-10-07T18:26:47.357+0800][882.886s][info][safepoint   ] Safepoint "Cleanup", Time since last: 1073970625 ns, Reaching safepoint: 5732000 ns, At safepoint: 4665083 ns, Total: 10397083 ns
[2026-10-07T18:26:47.497+0800][883.026s][info][gc,start    ] GC(115) Pause Young (Normal) (G1 Evacuation Pause)
[2026-10-07T18:26:47.497+0800][883.027s][info][gc,task     ] GC(115) Using 9 workers of 9 for evacuation
[2026-10-07T18:26:47.527+0800][883.057s][info][gc,phases   ] GC(115)   Pre Evacuate Collection Set: 0.6ms
[2026-10-07T18:26:47.527+0800][883.057s][info][gc,phases   ] GC(115)   Merge Heap Roots: 0.5ms
[2026-10-07T18:26:47.527+0800][883.057s][info][gc,phases   ] GC(115)   Evacuate Collection Set: 20.3ms
[2026-10-07T18:26:47.527+0800][883.057s][info][gc,phases   ] GC(115)   Post Evacuate Collection Set: 8.1ms
[2026-10-07T18:26:47.527+0800][883.057s][info][gc,phases   ] GC(115)   Other: 1.0ms
[2026-10-07T18:26:47.527+0800][883.057s][info][gc,heap     ] GC(115) Eden regions: 22->0(21)
[2026-10-07T18:26:47.527+0800][883.057s][info][gc,heap     ] GC(115) Survivor regions: 2->3(3)
[2026-10-07T18:26:47.527+0800][883.057s][info][gc,heap     ] GC(115) Old regions: 166->166
[2026-10-07T18:26:47.527+0800][883.057s][info][gc,heap     ] GC(115) Archive regions: 2->2
[2026-10-07T18:26:47.527+0800][883.057s][info][gc,heap     ] GC(115) Humongous regions: 5->5
[2026-10-07T18:26:47.527+0800][883.057s][info][gc,metaspace] GC(115) Metaspace: 139122K(140608K)->139122K(140608K) NonClass: 120913K(121664K)->120913K(121664K) Class: 18209K(18944K)->18209K(18944K)
[2026-10-07T18:26:47.532+0800][883.062s][info][gc          ] GC(115) Pause Young (Normal) (G1 Evacuation Pause) 194M->174M(488M) 35.171ms
[2026-10-07T18:26:47.532+0800][883.062s][info][gc,cpu      ] GC(115) User=0.01s Sys=0.04s Real=0.04s
[2026-10-07T18:26:47.532+0800][883.062s][info][safepoint   ] Safepoint "G1CollectForAllocation", Time since last: 139860792 ns, Reaching safepoint: 221958 ns, At safepoint: 35702042 ns, Total: 35924000 ns
[2026-10-07T18:26:48.827+0800][884.357s][info][safepoint   ] Safepoint "Cleanup", Time since last: 1228387792 ns, Reaching safepoint: 66413083 ns, At safepoint: 64542 ns, Total: 66477625 ns
[2026-10-07T18:27:09.061+0800][904.591s][info][safepoint   ] Safepoint "RedefineClasses", Time since last: 2120528166 ns, Reaching safepoint: 3160792 ns, At safepoint: 18080765250 ns, Total: 18083926042 ns
[2026-10-07T18:27:10.983+0800][906.513s][info][safepoint   ] Safepoint "Cleanup", Time since last: 1412605542 ns, Reaching safepoint: 537677625 ns, At safepoint: 1378041 ns, Total: 539055666 ns
[2026-10-07T18:27:16.702+0800][912.232s][info][safepoint   ] Safepoint "Cleanup", Time since last: 5707751375 ns, Reaching safepoint: 11045792 ns, At safepoint: 53000 ns, Total: 11098792 ns
[2026-10-07T18:27:18.229+0800][913.759s][info][safepoint   ] Safepoint "Cleanup", Time since last: 1127151417 ns, Reaching safepoint: 400625000 ns, At safepoint: 31583 ns, Total: 400656583 ns
[2026-10-07T18:27:21.043+0800][916.573s][info][safepoint   ] Safepoint "Cleanup", Time since last: 2218409250 ns, Reaching safepoint: 593599667 ns, At safepoint: 1498041 ns, Total: 595097708 ns
[2026-10-07T18:27:22.179+0800][917.710s][info][safepoint   ] Safepoint "Cleanup", Time since last: 1115803750 ns, Reaching safepoint: 20826750 ns, At safepoint: 83625 ns, Total: 20910375 ns
[2026-10-07T18:27:23.305+0800][918.836s][info][safepoint   ] Safepoint "Cleanup", Time since last: 1097991000 ns, Reaching safepoint: 27696709 ns, At safepoint: 249500 ns, Total: 27946209 ns
[2026-10-07T18:27:26.632+0800][922.162s][info][safepoint   ] Safepoint "Cleanup", Time since last: 3293756750 ns, Reaching safepoint: 32572916 ns, At safepoint: 209709 ns, Total: 32782625 ns
[2026-10-07T18:27:27.819+0800][923.350s][info][safepoint   ] Safepoint "Cleanup", Time since last: 1145184958 ns, Reaching safepoint: 42290667 ns, At safepoint: 60333 ns, Total: 42351000 ns
[2026-10-07T18:27:28.911+0800][924.441s][info][safepoint   ] Safepoint "Cleanup", Time since last: 1037035417 ns, Reaching safepoint: 51714541 ns, At safepoint: 2709459 ns, Total: 54424000 ns
[2026-10-07T18:27:31.306+0800][926.837s][info][safepoint   ] Safepoint "Cleanup", Time since last: 1147450125 ns, Reaching safepoint: 1247896500 ns, At safepoint: 443833 ns, Total: 1248340333 ns
[2026-10-07T18:27:33.871+0800][929.402s][info][safepoint   ] Safepoint "Cleanup", Time since last: 2387827625 ns, Reaching safepoint: 153742167 ns, At safepoint: 23179708 ns, Total: 176921875 ns
[2026-10-07T18:27:39.100+0800][934.631s][info][safepoint   ] Safepoint "Cleanup", Time since last: 4584373542 ns, Reaching safepoint: 644551375 ns, At safepoint: 143500 ns, Total: 644694875 ns
[2026-10-07T18:27:41.382+0800][936.913s][info][safepoint   ] Safepoint "Cleanup", Time since last: 2173443875 ns, Reaching safepoint: 108337041 ns, At safepoint: 33792 ns, Total: 108370833 ns
[2026-10-07T18:27:42.534+0800][938.065s][info][safepoint   ] Safepoint "Cleanup", Time since last: 1084661917 ns, Reaching safepoint: 54273958 ns, At safepoint: 13559042 ns, Total: 67833000 ns
[2026-10-07T18:27:43.716+0800][939.247s][info][safepoint   ] Safepoint "Cleanup", Time since last: 1150551041 ns, Reaching safepoint: 31495125 ns, At safepoint: 16417 ns, Total: 31511542 ns
[2026-10-07T18:27:49.170+0800][944.701s][info][safepoint   ] Safepoint "Cleanup", Time since last: 5408522250 ns, Reaching safepoint: 44938167 ns, At safepoint: 718666 ns, Total: 45656833 ns
[2026-10-07T18:27:49.434+0800][944.965s][info][gc,start    ] GC(116) Pause Young (Normal) (G1 Evacuation Pause)
[2026-10-07T18:27:49.461+0800][944.992s][info][gc,task     ] GC(116) Using 9 workers of 9 for evacuation
[2026-10-07T18:27:50.427+0800][945.958s][info][gc,mmu      ] GC(116) MMU target violated: 201.0ms (200.0ms/201.0ms)
[2026-10-07T18:27:50.429+0800][945.960s][info][gc,phases   ] GC(116)   Pre Evacuate Collection Set: 19.3ms
[2026-10-07T18:27:50.429+0800][945.960s][info][gc,phases   ] GC(116)   Merge Heap Roots: 14.2ms
[2026-10-07T18:27:50.429+0800][945.960s][info][gc,phases   ] GC(116)   Evacuate Collection Set: 787.2ms
[2026-10-07T18:27:50.429+0800][945.960s][info][gc,phases   ] GC(116)   Post Evacuate Collection Set: 88.2ms
[2026-10-07T18:27:50.429+0800][945.960s][info][gc,phases   ] GC(116)   Other: 151.3ms
[2026-10-07T18:27:50.429+0800][945.960s][info][gc,heap     ] GC(116) Eden regions: 21->0(21)
[2026-10-07T18:27:50.429+0800][945.960s][info][gc,heap     ] GC(116) Survivor regions: 3->3(3)
[2026-10-07T18:27:50.429+0800][945.960s][info][gc,heap     ] GC(116) Old regions: 166->167
[2026-10-07T18:27:50.429+0800][945.960s][info][gc,heap     ] GC(116) Archive regions: 2->2
[2026-10-07T18:27:50.429+0800][945.960s][info][gc,heap     ] GC(116) Humongous regions: 5->5
[2026-10-07T18:27:50.433+0800][945.964s][info][gc,metaspace] GC(116) Metaspace: 139144K(140608K)->139144K(140608K) NonClass: 120934K(121664K)->120934K(121664K) Class: 18209K(18944K)->18209K(18944K)
[2026-10-07T18:27:50.436+0800][945.967s][info][gc          ] GC(116) Pause Young (Normal) (G1 Evacuation Pause) 195M->175M(488M) 1003.503ms
[2026-10-07T18:27:50.436+0800][945.967s][info][gc,cpu      ] GC(116) User=0.01s Sys=0.06s Real=1.00s
[2026-10-07T18:27:50.441+0800][945.972s][info][safepoint   ] Safepoint "G1CollectForAllocation", Time since last: 195307709 ns, Reaching safepoint: 324708 ns, At safepoint: 1074866875 ns, Total: 1075191583 ns
[2026-10-07T18:28:02.889+0800][958.421s][info][safepoint   ] Safepoint "Cleanup", Time since last: 12266376708 ns, Reaching safepoint: 44548167 ns, At safepoint: 53937917 ns, Total: 98486084 ns
[2026-10-07T18:28:08.922+0800][964.453s][info][gc,start    ] GC(117) Pause Young (Normal) (G1 Evacuation Pause)
[2026-10-07T18:28:09.528+0800][965.060s][info][gc,task     ] GC(117) Using 9 workers of 9 for evacuation
[2026-10-07T18:28:11.169+0800][966.701s][info][gc,mmu      ] GC(117) MMU target violated: 201.0ms (200.0ms/201.0ms)
[2026-10-07T18:28:11.171+0800][966.702s][info][gc,phases   ] GC(117)   Pre Evacuate Collection Set: 338.5ms
[2026-10-07T18:28:11.171+0800][966.702s][info][gc,phases   ] GC(117)   Merge Heap Roots: 213.3ms
[2026-10-07T18:28:11.171+0800][966.702s][info][gc,phases   ] GC(117)   Evacuate Collection Set: 890.4ms
[2026-10-07T18:28:11.171+0800][966.702s][info][gc,phases   ] GC(117)   Post Evacuate Collection Set: 68.4ms
[2026-10-07T18:28:11.177+0800][966.708s][info][gc,phases   ] GC(117)   Other: 1549.2ms
[2026-10-07T18:28:11.177+0800][966.708s][info][gc,heap     ] GC(117) Eden regions: 21->0(21)
[2026-10-07T18:28:11.177+0800][966.708s][info][gc,heap     ] GC(117) Survivor regions: 3->3(3)
[2026-10-07T18:28:11.177+0800][966.708s][info][gc,heap     ] GC(117) Old regions: 167->168
[2026-10-07T18:28:11.177+0800][966.708s][info][gc,heap     ] GC(117) Archive regions: 2->2
[2026-10-07T18:28:11.177+0800][966.708s][info][gc,heap     ] GC(117) Humongous regions: 5->5
[2026-10-07T18:28:11.177+0800][966.708s][info][gc,metaspace] GC(117) Metaspace: 139144K(140608K)->139144K(140608K) NonClass: 120934K(121664K)->120934K(121664K) Class: 18209K(18944K)->18209K(18944K)
[2026-10-07T18:28:11.177+0800][966.709s][info][gc          ] GC(117) Pause Young (Normal) (G1 Evacuation Pause) 196M->176M(488M) 2614.775ms
[2026-10-07T18:28:11.177+0800][966.709s][info][gc,cpu      ] GC(117) User=0.05s Sys=0.05s Real=2.61s
[2026-10-07T18:28:11.178+0800][966.710s][info][safepoint   ] Safepoint "G1CollectForAllocation", Time since last: 5225314875 ns, Reaching safepoint: 14653916 ns, At safepoint: 3133174792 ns, Total: 3147828708 ns
[2026-10-07T18:28:13.232+0800][968.763s][info][safepoint   ] Safepoint "Cleanup", Time since last: 2052739500 ns, Reaching safepoint: 471458 ns, At safepoint: 14625 ns, Total: 486083 ns
[2026-10-07T18:29:20.763+0800][1036.296s][info][safepoint   ] Safepoint "PrintThreads", Time since last: 665702959 ns, Reaching safepoint: 18380375 ns, At safepoint: 66810711041 ns, Total: 66829091416 ns
[2026-10-07T18:29:21.116+0800][1036.650s][info][safepoint   ] Safepoint "PrintJNI", Time since last: 298322750 ns, Reaching safepoint: 91805875 ns, At safepoint: 1539375 ns, Total: 93345250 ns
[2026-10-07T18:29:21.120+0800][1036.654s][info][safepoint   ] Safepoint "FindDeadlocks", Time since last: 586959 ns, Reaching safepoint: 2466041 ns, At safepoint: 999875 ns, Total: 3465916 ns
[2026-10-07T18:29:22.435+0800][1037.968s][info][safepoint   ] Safepoint "Cleanup", Time since last: 1166815250 ns, Reaching safepoint: 143199500 ns, At safepoint: 4212959 ns, Total: 147412459 ns
[2026-10-07T18:29:45.020+0800][1060.553s][info][safepoint   ] Safepoint "Cleanup", Time since last: 22347567958 ns, Reaching safepoint: 184990375 ns, At safepoint: 7724875 ns, Total: 192715250 ns
[2026-10-07T18:29:48.569+0800][1064.103s][info][safepoint   ] Safepoint "Cleanup", Time since last: 3565473250 ns, Reaching safepoint: 12961250 ns, At safepoint: 8254000 ns, Total: 21215250 ns
[2026-10-07T18:30:01.331+0800][1076.865s][info][safepoint   ] Safepoint "Cleanup", Time since last: 12485059125 ns, Reaching safepoint: 222404708 ns, At safepoint: 9571584 ns, Total: 231976292 ns
[2026-10-07T18:30:02.726+0800][1078.260s][info][safepoint   ] Safepoint "Cleanup", Time since last: 1250140250 ns, Reaching safepoint: 197642333 ns, At safepoint: 73625 ns, Total: 197715958 ns
[2026-10-07T18:30:07.363+0800][1082.897s][info][safepoint   ] Safepoint "Cleanup", Time since last: 4518120375 ns, Reaching safepoint: 94529917 ns, At safepoint: 66500 ns, Total: 94596417 ns
[2026-10-07T18:30:23.893+0800][1099.428s][info][safepoint   ] Safepoint "Cleanup", Time since last: 16428030125 ns, Reaching safepoint: 96417416 ns, At safepoint: 173375 ns, Total: 96590791 ns
[2026-10-07T18:30:25.092+0800][1100.627s][info][safepoint   ] Safepoint "Cleanup", Time since last: 1228554417 ns, Reaching safepoint: 1266542 ns, At safepoint: 10416 ns, Total: 1276958 ns
[2026-10-07T18:30:26.214+0800][1101.748s][info][safepoint   ] Safepoint "Cleanup", Time since last: 1119492250 ns, Reaching safepoint: 1968209 ns, At safepoint: 204458 ns, Total: 2172667 ns
[2026-10-07T18:30:27.452+0800][1102.986s][info][safepoint   ] Safepoint "Cleanup", Time since last: 1144456625 ns, Reaching safepoint: 92440333 ns, At safepoint: 966334 ns, Total: 93406667 ns
[2026-10-07T18:30:28.346+0800][1103.881s][info][gc,start    ] GC(118) Pause Young (Normal) (G1 Evacuation Pause)
[2026-10-07T18:30:28.396+0800][1103.930s][info][gc,task     ] GC(118) Using 9 workers of 9 for evacuation
[2026-10-07T18:30:29.135+0800][1104.670s][info][gc,mmu      ] GC(118) MMU target violated: 201.0ms (200.0ms/201.0ms)
[2026-10-07T18:30:29.135+0800][1104.670s][info][gc,phases   ] GC(118)   Pre Evacuate Collection Set: 132.5ms
[2026-10-07T18:30:29.135+0800][1104.670s][info][gc,phases   ] GC(118)   Merge Heap Roots: 74.8ms
[2026-10-07T18:30:29.135+0800][1104.670s][info][gc,phases   ] GC(118)   Evacuate Collection Set: 505.5ms
[2026-10-07T18:30:29.135+0800][1104.670s][info][gc,phases   ] GC(118)   Post Evacuate Collection Set: 16.9ms
[2026-10-07T18:30:29.135+0800][1104.670s][info][gc,phases   ] GC(118)   Other: 142.5ms
[2026-10-07T18:30:29.135+0800][1104.670s][info][gc,heap     ] GC(118) Eden regions: 21->0(22)
[2026-10-07T18:30:29.135+0800][1104.670s][info][gc,heap     ] GC(118) Survivor regions: 3->2(3)
[2026-10-07T18:30:29.135+0800][1104.670s][info][gc,heap     ] GC(118) Old regions: 168->170
[2026-10-07T18:30:29.135+0800][1104.670s][info][gc,heap     ] GC(118) Archive regions: 2->2
[2026-10-07T18:30:29.135+0800][1104.670s][info][gc,heap     ] GC(118) Humongous regions: 5->5
[2026-10-07T18:30:29.135+0800][1104.670s][info][gc,metaspace] GC(118) Metaspace: 139206K(140672K)->139206K(140672K) NonClass: 120997K(121728K)->120997K(121728K) Class: 18209K(18944K)->18209K(18944K)
[2026-10-07T18:30:29.137+0800][1104.672s][info][gc          ] GC(118) Pause Young (Normal) (G1 Evacuation Pause) 197M->177M(488M) 799.174ms
[2026-10-07T18:30:29.137+0800][1104.672s][info][gc,cpu      ] GC(118) User=0.01s Sys=0.07s Real=0.80s
[2026-10-07T18:30:29.138+0800][1104.673s][info][safepoint   ] Safepoint "G1CollectForAllocation", Time since last: 776577750 ns, Reaching safepoint: 8448833 ns, At safepoint: 901147333 ns, Total: 909596166 ns
[2026-10-07T18:30:30.352+0800][1105.886s][info][safepoint   ] Safepoint "Cleanup", Time since last: 1147546917 ns, Reaching safepoint: 66243208 ns, At safepoint: 78167 ns, Total: 66321375 ns
[2026-10-07T18:30:31.483+0800][1107.017s][info][safepoint   ] Safepoint "Cleanup", Time since last: 1093373417 ns, Reaching safepoint: 37443791 ns, At safepoint: 207917 ns, Total: 37651708 ns
[2026-10-07T18:30:32.636+0800][1108.171s][info][safepoint   ] Safepoint "Cleanup", Time since last: 1127499958 ns, Reaching safepoint: 25597792 ns, At safepoint: 354958 ns, Total: 25952750 ns
[2026-10-07T18:30:33.916+0800][1109.451s][info][safepoint   ] Safepoint "Cleanup", Time since last: 1148423375 ns, Reaching safepoint: 131207584 ns, At safepoint: 74916 ns, Total: 131282500 ns
[2026-10-07T18:30:35.096+0800][1110.631s][info][safepoint   ] Safepoint "Cleanup", Time since last: 1135693959 ns, Reaching safepoint: 43334583 ns, At safepoint: 1744167 ns, Total: 45078750 ns
[2026-10-07T18:30:35.697+0800][1111.232s][info][gc,start    ] GC(119) Pause Young (Normal) (G1 Evacuation Pause)
[2026-10-07T18:30:35.697+0800][1111.232s][info][gc,task     ] GC(119) Using 9 workers of 9 for evacuation
[2026-10-07T18:30:35.769+0800][1111.304s][info][gc,phases   ] GC(119)   Pre Evacuate Collection Set: 4.2ms
[2026-10-07T18:30:35.769+0800][1111.304s][info][gc,phases   ] GC(119)   Merge Heap Roots: 8.9ms
[2026-10-07T18:30:35.769+0800][1111.304s][info][gc,phases   ] GC(119)   Evacuate Collection Set: 51.3ms
[2026-10-07T18:30:35.769+0800][1111.304s][info][gc,phases   ] GC(119)   Post Evacuate Collection Set: 4.0ms
[2026-10-07T18:30:35.770+0800][1111.304s][info][gc,phases   ] GC(119)   Other: 4.5ms
[2026-10-07T18:30:35.770+0800][1111.304s][info][gc,heap     ] GC(119) Eden regions: 22->0(22)
[2026-10-07T18:30:35.770+0800][1111.304s][info][gc,heap     ] GC(119) Survivor regions: 2->2(3)
[2026-10-07T18:30:35.770+0800][1111.304s][info][gc,heap     ] GC(119) Old regions: 170->171
[2026-10-07T18:30:35.770+0800][1111.304s][info][gc,heap     ] GC(119) Archive regions: 2->2
[2026-10-07T18:30:35.770+0800][1111.304s][info][gc,heap     ] GC(119) Humongous regions: 5->5
[2026-10-07T18:30:35.770+0800][1111.305s][info][gc,metaspace] GC(119) Metaspace: 139263K(140736K)->139263K(140736K) NonClass: 121053K(121792K)->121053K(121792K) Class: 18209K(18944K)->18209K(18944K)
[2026-10-07T18:30:35.770+0800][1111.305s][info][gc          ] GC(119) Pause Young (Normal) (G1 Evacuation Pause) 199M->178M(488M) 73.015ms
[2026-10-07T18:30:35.770+0800][1111.305s][info][gc,cpu      ] GC(119) User=0.02s Sys=0.03s Real=0.08s
[2026-10-07T18:30:35.770+0800][1111.305s][info][safepoint   ] Safepoint "G1CollectForAllocation", Time since last: 599739166 ns, Reaching safepoint: 398959 ns, At safepoint: 73148291 ns, Total: 73547250 ns
[2026-10-07T18:30:38.081+0800][1113.616s][info][safepoint   ] Safepoint "Cleanup", Time since last: 2292974959 ns, Reaching safepoint: 18190083 ns, At safepoint: 92000 ns, Total: 18282083 ns
[2026-10-07T18:30:40.343+0800][1115.878s][info][safepoint   ] Safepoint "Cleanup", Time since last: 2259967833 ns, Reaching safepoint: 1761917 ns, At safepoint: 175292 ns, Total: 1937209 ns
[2026-10-07T18:30:41.499+0800][1117.034s][info][safepoint   ] Safepoint "Cleanup", Time since last: 1151696541 ns, Reaching safepoint: 4827209 ns, At safepoint: 157250 ns, Total: 4984459 ns
[2026-10-07T18:30:43.965+0800][1119.500s][info][safepoint   ] Safepoint "Cleanup", Time since last: 2237536750 ns, Reaching safepoint: 225029500 ns, At safepoint: 2978041 ns, Total: 228007541 ns
[2026-10-07T18:30:46.186+0800][1121.721s][info][safepoint   ] Safepoint "Cleanup", Time since last: 2199292334 ns, Reaching safepoint: 21169208 ns, At safepoint: 636958 ns, Total: 21806166 ns
[2026-10-07T18:30:47.355+0800][1122.890s][info][safepoint   ] Safepoint "Cleanup", Time since last: 1097538875 ns, Reaching safepoint: 71308750 ns, At safepoint: 69375 ns, Total: 71378125 ns
[2026-10-07T18:30:57.807+0800][1133.342s][info][safepoint   ] Safepoint "Cleanup", Time since last: 10162000334 ns, Reaching safepoint: 235232500 ns, At safepoint: 45980000 ns, Total: 281212500 ns
[2026-10-07T18:30:58.705+0800][1134.241s][info][gc,start    ] GC(120) Pause Young (Normal) (G1 Evacuation Pause)
[2026-10-07T18:30:58.764+0800][1134.299s][info][gc,task     ] GC(120) Using 9 workers of 9 for evacuation
[2026-10-07T18:31:00.226+0800][1135.761s][info][gc,mmu      ] GC(120) MMU target violated: 201.0ms (200.0ms/201.0ms)
[2026-10-07T18:31:00.232+0800][1135.767s][info][gc,phases   ] GC(120)   Pre Evacuate Collection Set: 148.1ms
[2026-10-07T18:31:00.232+0800][1135.767s][info][gc,phases   ] GC(120)   Merge Heap Roots: 34.5ms
[2026-10-07T18:31:00.232+0800][1135.768s][info][gc,phases   ] GC(120)   Evacuate Collection Set: 1000.0ms
[2026-10-07T18:31:00.232+0800][1135.768s][info][gc,phases   ] GC(120)   Post Evacuate Collection Set: 124.4ms
[2026-10-07T18:31:00.232+0800][1135.768s][info][gc,phases   ] GC(120)   Other: 249.5ms
[2026-10-07T18:31:00.232+0800][1135.768s][info][gc,heap     ] GC(120) Eden regions: 22->0(22)
[2026-10-07T18:31:00.232+0800][1135.768s][info][gc,heap     ] GC(120) Survivor regions: 2->2(3)
[2026-10-07T18:31:00.232+0800][1135.768s][info][gc,heap     ] GC(120) Old regions: 171->172
[2026-10-07T18:31:00.232+0800][1135.768s][info][gc,heap     ] GC(120) Archive regions: 2->2
[2026-10-07T18:31:00.232+0800][1135.768s][info][gc,heap     ] GC(120) Humongous regions: 5->5
[2026-10-07T18:31:00.232+0800][1135.768s][info][gc,metaspace] GC(120) Metaspace: 139284K(140736K)->139284K(140736K) NonClass: 121074K(121792K)->121074K(121792K) Class: 18209K(18944K)->18209K(18944K)
[2026-10-07T18:31:00.234+0800][1135.770s][info][gc          ] GC(120) Pause Young (Normal) (G1 Evacuation Pause) 200M->179M(488M) 1554.772ms
[2026-10-07T18:31:00.234+0800][1135.770s][info][gc,cpu      ] GC(120) User=0.03s Sys=0.08s Real=1.55s
[2026-10-07T18:31:00.241+0800][1135.777s][info][safepoint   ] Safepoint "G1CollectForAllocation", Time since last: 867269791 ns, Reaching safepoint: 8639459 ns, At safepoint: 1567444333 ns, Total: 1576083792 ns
[2026-10-07T18:31:01.415+0800][1136.951s][info][safepoint   ] Safepoint "Cleanup", Time since last: 1122070167 ns, Reaching safepoint: 52095541 ns, At safepoint: 48000 ns, Total: 52143541 ns
[2026-10-07T18:31:02.562+0800][1138.097s][info][safepoint   ] Safepoint "Cleanup", Time since last: 1135673709 ns, Reaching safepoint: 10070916 ns, At safepoint: 633667 ns, Total: 10704583 ns
[2026-10-07T18:31:04.741+0800][1140.277s][info][safepoint   ] Safepoint "Cleanup", Time since last: 2175886292 ns, Reaching safepoint: 3679000 ns, At safepoint: 36916 ns, Total: 3715916 ns
[2026-10-07T18:31:05.919+0800][1141.454s][info][safepoint   ] Safepoint "Cleanup", Time since last: 1110180500 ns, Reaching safepoint: 67044709 ns, At safepoint: 165083 ns, Total: 67209792 ns
[2026-10-07T18:31:09.244+0800][1144.779s][info][safepoint   ] Safepoint "Cleanup", Time since last: 3302243875 ns, Reaching safepoint: 22875792 ns, At safepoint: 90041 ns, Total: 22965833 ns
[2026-10-07T18:31:10.430+0800][1145.966s][info][safepoint   ] Safepoint "Cleanup", Time since last: 1149882000 ns, Reaching safepoint: 36254125 ns, At safepoint: 27375 ns, Total: 36281500 ns
[2026-10-07T18:31:17.518+0800][1152.864s][info][safepoint   ] Safepoint "Cleanup", Time since last: 6717706792 ns, Reaching safepoint: 99098292 ns, At safepoint: 30225083 ns, Total: 129323375 ns
[2026-10-07T18:31:24.337+0800][1159.683s][info][safepoint   ] Safepoint "Cleanup", Time since last: 6498588167 ns, Reaching safepoint: 371893666 ns, At safepoint: 161917 ns, Total: 372055583 ns
[2026-10-07T18:31:31.797+0800][1167.143s][info][safepoint   ] Safepoint "Cleanup", Time since last: 5610606042 ns, Reaching safepoint: 1825705791 ns, At safepoint: 9692500 ns, Total: 1835398291 ns
[2026-10-07T18:31:32.949+0800][1168.295s][info][safepoint   ] Safepoint "Cleanup", Time since last: 1134577542 ns, Reaching safepoint: 24353542 ns, At safepoint: 7007208 ns, Total: 31360750 ns
[2026-10-07T18:31:38.371+0800][1173.717s][info][gc,start    ] GC(121) Pause Young (Normal) (G1 Evacuation Pause)
[2026-10-07T18:31:38.376+0800][1173.722s][info][gc,task     ] GC(121) Using 9 workers of 9 for evacuation
[2026-10-07T18:31:39.705+0800][1175.051s][info][gc,mmu      ] GC(121) MMU target violated: 201.0ms (200.0ms/201.0ms)
[2026-10-07T18:31:39.705+0800][1175.051s][info][gc,phases   ] GC(121)   Pre Evacuate Collection Set: 57.2ms
[2026-10-07T18:31:39.705+0800][1175.051s][info][gc,phases   ] GC(121)   Merge Heap Roots: 15.5ms
[2026-10-07T18:31:39.705+0800][1175.051s][info][gc,phases   ] GC(121)   Evacuate Collection Set: 1217.6ms
[2026-10-07T18:31:39.705+0800][1175.051s][info][gc,phases   ] GC(121)   Post Evacuate Collection Set: 32.3ms
[2026-10-07T18:31:39.705+0800][1175.051s][info][gc,phases   ] GC(121)   Other: 26.6ms
[2026-10-07T18:31:39.705+0800][1175.051s][info][gc,heap     ] GC(121) Eden regions: 22->0(21)
[2026-10-07T18:31:39.705+0800][1175.051s][info][gc,heap     ] GC(121) Survivor regions: 2->3(3)
[2026-10-07T18:31:39.705+0800][1175.051s][info][gc,heap     ] GC(121) Old regions: 172->172
[2026-10-07T18:31:39.705+0800][1175.051s][info][gc,heap     ] GC(121) Archive regions: 2->2
[2026-10-07T18:31:39.705+0800][1175.051s][info][gc,heap     ] GC(121) Humongous regions: 5->5
[2026-10-07T18:31:39.705+0800][1175.051s][info][gc,metaspace] GC(121) Metaspace: 139332K(140800K)->139332K(140800K) NonClass: 121123K(121856K)->121123K(121856K) Class: 18209K(18944K)->18209K(18944K)
[2026-10-07T18:31:39.708+0800][1175.054s][info][gc          ] GC(121) Pause Young (Normal) (G1 Evacuation Pause) 201M->180M(488M) 1348.246ms
[2026-10-07T18:31:39.708+0800][1175.054s][info][gc,cpu      ] GC(121) User=0.01s Sys=0.07s Real=1.35s
[2026-10-07T18:31:39.709+0800][1175.055s][info][safepoint   ] Safepoint "G1CollectForAllocation", Time since last: 5385463667 ns, Reaching safepoint: 17758958 ns, At safepoint: 1357028750 ns, Total: 1374787708 ns
[2026-10-07T18:31:41.155+0800][1176.501s][info][safepoint   ] Safepoint "Cleanup", Time since last: 1139349792 ns, Reaching safepoint: 305778375 ns, At safepoint: 160875 ns, Total: 305939250 ns
[2026-10-07T18:31:44.064+0800][1179.410s][info][safepoint   ] Safepoint "Cleanup", Time since last: 2326910708 ns, Reaching safepoint: 516117958 ns, At safepoint: 23601000 ns, Total: 539718958 ns
[2026-10-07T18:31:45.354+0800][1180.700s][info][safepoint   ] Safepoint "Cleanup", Time since last: 1298253625 ns, Reaching safepoint: 34263167 ns, At safepoint: 106292 ns, Total: 34369459 ns
[2026-10-07T18:31:52.231+0800][1187.577s][info][safepoint   ] Safepoint "Cleanup", Time since last: 6858757333 ns, Reaching safepoint: 17590042 ns, At safepoint: 248250 ns, Total: 17838292 ns
[2026-10-07T18:32:13.544+0800][1208.890s][info][safepoint   ] Safepoint "Cleanup", Time since last: 21242052500 ns, Reaching safepoint: 17145458 ns, At safepoint: 22799708 ns, Total: 39945166 ns
[2026-10-07T18:32:23.780+0800][1219.126s][info][safepoint   ] Safepoint "Cleanup", Time since last: 10053029459 ns, Reaching safepoint: 213589291 ns, At safepoint: 381834 ns, Total: 213971125 ns
[2026-10-07T18:32:24.999+0800][1220.345s][info][safepoint   ] Safepoint "Cleanup", Time since last: 1142299458 ns, Reaching safepoint: 76963000 ns, At safepoint: 121917 ns, Total: 77084917 ns
[2026-10-07T18:32:30.044+0800][1225.390s][info][gc,start    ] GC(122) Pause Young (Normal) (G1 Evacuation Pause)
[2026-10-07T18:32:30.097+0800][1225.443s][info][gc,task     ] GC(122) Using 9 workers of 9 for evacuation
[2026-10-07T18:32:35.000+0800][1230.346s][info][gc,mmu      ] GC(122) MMU target violated: 201.0ms (200.0ms/201.0ms)
[2026-10-07T18:32:35.250+0800][1230.596s][info][gc,phases   ] GC(122)   Pre Evacuate Collection Set: 314.3ms
[2026-10-07T18:32:35.250+0800][1230.596s][info][gc,phases   ] GC(122)   Merge Heap Roots: 282.6ms
[2026-10-07T18:32:35.250+0800][1230.596s][info][gc,phases   ] GC(122)   Evacuate Collection Set: 2928.2ms
[2026-10-07T18:32:35.250+0800][1230.596s][info][gc,phases   ] GC(122)   Post Evacuate Collection Set: 1060.4ms
[2026-10-07T18:32:35.321+0800][1230.666s][info][gc,phases   ] GC(122)   Other: 751.0ms
[2026-10-07T18:32:35.321+0800][1230.666s][info][gc,heap     ] GC(122) Eden regions: 21->0(21)
[2026-10-07T18:32:35.321+0800][1230.666s][info][gc,heap     ] GC(122) Survivor regions: 3->3(3)
[2026-10-07T18:32:35.321+0800][1230.667s][info][gc,heap     ] GC(122) Old regions: 172->173
[2026-10-07T18:32:35.321+0800][1230.667s][info][gc,heap     ] GC(122) Archive regions: 2->2
[2026-10-07T18:32:35.321+0800][1230.667s][info][gc,heap     ] GC(122) Humongous regions: 5->5
[2026-10-07T18:32:35.373+0800][1230.719s][info][gc,metaspace] GC(122) Metaspace: 139338K(140800K)->139338K(140800K) NonClass: 121128K(121856K)->121128K(121856K) Class: 18209K(18944K)->18209K(18944K)
[2026-10-07T18:32:35.544+0800][1230.890s][info][gc          ] GC(122) Pause Young (Normal) (G1 Evacuation Pause) 201M->181M(488M) 5509.020ms
[2026-10-07T18:32:35.544+0800][1230.890s][info][gc,cpu      ] GC(122) User=0.01s Sys=0.08s Real=5.53s
[2026-10-07T18:32:35.679+0800][1231.025s][info][safepoint   ] Safepoint "G1CollectForAllocation", Time since last: 4781421083 ns, Reaching safepoint: 49414417 ns, At safepoint: 5827617375 ns, Total: 5877031792 ns
[2026-10-07T18:32:59.770+0800][1255.116s][info][safepoint   ] Safepoint "Cleanup", Time since last: 23740180291 ns, Reaching safepoint: 281459750 ns, At safepoint: 35240709 ns, Total: 316700459 ns
[2026-10-07T18:33:03.355+0800][1258.701s][info][safepoint   ] Safepoint "Cleanup", Time since last: 3586599833 ns, Reaching safepoint: 53866958 ns, At safepoint: 11667 ns, Total: 53878625 ns
[2026-10-07T18:33:07.914+0800][1263.260s][info][safepoint   ] Safepoint "Cleanup", Time since last: 4552698458 ns, Reaching safepoint: 6076792 ns, At safepoint: 14000 ns, Total: 6090792 ns
[2026-10-07T18:33:09.143+0800][1264.489s][info][gc,start    ] GC(123) Pause Young (Normal) (G1 Evacuation Pause)
[2026-10-07T18:33:09.145+0800][1264.490s][info][gc,task     ] GC(123) Using 9 workers of 9 for evacuation
[2026-10-07T18:33:11.268+0800][1266.613s][info][gc,mmu      ] GC(123) MMU target violated: 201.0ms (200.0ms/201.0ms)
[2026-10-07T18:33:11.268+0800][1266.614s][info][gc,phases   ] GC(123)   Pre Evacuate Collection Set: 17.2ms
[2026-10-07T18:33:11.268+0800][1266.614s][info][gc,phases   ] GC(123)   Merge Heap Roots: 2.1ms
[2026-10-07T18:33:11.268+0800][1266.614s][info][gc,phases   ] GC(123)   Evacuate Collection Set: 1797.6ms
[2026-10-07T18:33:11.268+0800][1266.614s][info][gc,phases   ] GC(123)   Post Evacuate Collection Set: 301.4ms
[2026-10-07T18:33:11.268+0800][1266.614s][info][gc,phases   ] GC(123)   Other: 8.0ms
[2026-10-07T18:33:11.268+0800][1266.614s][info][gc,heap     ] GC(123) Eden regions: 21->0(23)
[2026-10-07T18:33:11.268+0800][1266.614s][info][gc,heap     ] GC(123) Survivor regions: 3->1(3)
[2026-10-07T18:33:11.268+0800][1266.614s][info][gc,heap     ] GC(123) Old regions: 173->176
[2026-10-07T18:33:11.268+0800][1266.614s][info][gc,heap     ] GC(123) Archive regions: 2->2
[2026-10-07T18:33:11.268+0800][1266.614s][info][gc,heap     ] GC(123) Humongous regions: 5->5
[2026-10-07T18:33:11.268+0800][1266.614s][info][gc,metaspace] GC(123) Metaspace: 139338K(140800K)->139338K(140800K) NonClass: 121128K(121856K)->121128K(121856K) Class: 18209K(18944K)->18209K(18944K)
[2026-10-07T18:33:11.291+0800][1266.637s][info][gc          ] GC(123) Pause Young (Normal) (G1 Evacuation Pause) 202M->182M(488M) 2148.008ms
[2026-10-07T18:33:11.291+0800][1266.637s][info][gc,cpu      ] GC(123) User=0.04s Sys=0.08s Real=2.15s
[2026-10-07T18:33:11.292+0800][1266.638s][info][safepoint   ] Safepoint "G1CollectForAllocation", Time since last: 1214010458 ns, Reaching safepoint: 11018417 ns, At safepoint: 2153337542 ns, Total: 2164355959 ns
[2026-10-07T18:33:14.621+0800][1269.967s][info][safepoint   ] Safepoint "Cleanup", Time since last: 3313958583 ns, Reaching safepoint: 15142500 ns, At safepoint: 97417 ns, Total: 15239917 ns
[2026-10-07T18:33:16.783+0800][1272.128s][info][safepoint   ] Safepoint "Cleanup", Time since last: 2159677416 ns, Reaching safepoint: 1636709 ns, At safepoint: 11583 ns, Total: 1648292 ns
[2026-10-07T18:33:17.932+0800][1273.278s][info][safepoint   ] Safepoint "Cleanup", Time since last: 1145345417 ns, Reaching safepoint: 3591708 ns, At safepoint: 392167 ns, Total: 3983875 ns
[2026-10-07T18:33:18.249+0800][1273.595s][info][gc,start    ] GC(124) Pause Young (Normal) (G1 Evacuation Pause)
[2026-10-07T18:33:18.254+0800][1273.599s][info][gc,task     ] GC(124) Using 9 workers of 9 for evacuation
[2026-10-07T18:33:18.484+0800][1273.830s][info][gc,mmu      ] GC(124) MMU target violated: 201.0ms (200.0ms/201.0ms)
[2026-10-07T18:33:18.484+0800][1273.830s][info][gc,phases   ] GC(124)   Pre Evacuate Collection Set: 5.0ms
[2026-10-07T18:33:18.484+0800][1273.830s][info][gc,phases   ] GC(124)   Merge Heap Roots: 6.6ms
[2026-10-07T18:33:18.484+0800][1273.830s][info][gc,phases   ] GC(124)   Evacuate Collection Set: 169.3ms
[2026-10-07T18:33:18.484+0800][1273.830s][info][gc,phases   ] GC(124)   Post Evacuate Collection Set: 35.0ms
[2026-10-07T18:33:18.484+0800][1273.830s][info][gc,phases   ] GC(124)   Other: 47.0ms
[2026-10-07T18:33:18.484+0800][1273.830s][info][gc,heap     ] GC(124) Eden regions: 23->0(22)
[2026-10-07T18:33:18.484+0800][1273.830s][info][gc,heap     ] GC(124) Survivor regions: 1->2(3)
[2026-10-07T18:33:18.484+0800][1273.830s][info][gc,heap     ] GC(124) Old regions: 176->176
[2026-10-07T18:33:18.484+0800][1273.830s][info][gc,heap     ] GC(124) Archive regions: 2->2
[2026-10-07T18:33:18.484+0800][1273.830s][info][gc,heap     ] GC(124) Humongous regions: 5->5
[2026-10-07T18:33:18.484+0800][1273.830s][info][gc,metaspace] GC(124) Metaspace: 139341K(140800K)->139341K(140800K) NonClass: 121131K(121856K)->121131K(121856K) Class: 18209K(18944K)->18209K(18944K)
[2026-10-07T18:33:18.485+0800][1273.830s][info][gc          ] GC(124) Pause Young (Normal) (G1 Evacuation Pause) 205M->183M(488M) 235.383ms
[2026-10-07T18:33:18.485+0800][1273.830s][info][gc,cpu      ] GC(124) User=0.03s Sys=0.02s Real=0.24s
[2026-10-07T18:33:18.485+0800][1273.830s][info][safepoint   ] Safepoint "G1CollectForAllocation", Time since last: 278001791 ns, Reaching safepoint: 6746584 ns, At safepoint: 267956458 ns, Total: 274703042 ns
[2026-10-07T18:33:20.817+0800][1276.162s][info][safepoint   ] Safepoint "Cleanup", Time since last: 2263827958 ns, Reaching safepoint: 67974250 ns, At safepoint: 15292 ns, Total: 67989542 ns
[2026-10-07T18:33:20.829+0800][1276.175s][info][gc,start    ] GC(125) Pause Young (Normal) (G1 Evacuation Pause)
[2026-10-07T18:33:20.830+0800][1276.176s][info][gc,task     ] GC(125) Using 9 workers of 9 for evacuation
[2026-10-07T18:33:20.894+0800][1276.240s][info][gc,phases   ] GC(125)   Pre Evacuate Collection Set: 0.8ms
[2026-10-07T18:33:20.894+0800][1276.240s][info][gc,phases   ] GC(125)   Merge Heap Roots: 0.7ms
[2026-10-07T18:33:20.894+0800][1276.240s][info][gc,phases   ] GC(125)   Evacuate Collection Set: 13.4ms
[2026-10-07T18:33:20.894+0800][1276.240s][info][gc,phases   ] GC(125)   Post Evacuate Collection Set: 48.7ms
[2026-10-07T18:33:20.894+0800][1276.240s][info][gc,phases   ] GC(125)   Other: 1.9ms
[2026-10-07T18:33:20.894+0800][1276.240s][info][gc,heap     ] GC(125) Eden regions: 22->0(21)
[2026-10-07T18:33:20.894+0800][1276.240s][info][gc,heap     ] GC(125) Survivor regions: 2->3(3)
[2026-10-07T18:33:20.894+0800][1276.240s][info][gc,heap     ] GC(125) Old regions: 176->176
[2026-10-07T18:33:20.894+0800][1276.240s][info][gc,heap     ] GC(125) Archive regions: 2->2
[2026-10-07T18:33:20.894+0800][1276.240s][info][gc,heap     ] GC(125) Humongous regions: 5->5
[2026-10-07T18:33:20.894+0800][1276.240s][info][gc,metaspace] GC(125) Metaspace: 139343K(140800K)->139343K(140800K) NonClass: 121133K(121856K)->121133K(121856K) Class: 18209K(18944K)->18209K(18944K)
[2026-10-07T18:33:20.894+0800][1276.240s][info][gc          ] GC(125) Pause Young (Normal) (G1 Evacuation Pause) 205M->183M(488M) 65.525ms
[2026-10-07T18:33:20.894+0800][1276.240s][info][gc,cpu      ] GC(125) User=0.00s Sys=0.02s Real=0.07s
[2026-10-07T18:33:20.894+0800][1276.240s][info][safepoint   ] Safepoint "G1CollectForAllocation", Time since last: 11600583 ns, Reaching safepoint: 647959 ns, At safepoint: 65632291 ns, Total: 66280250 ns
[2026-10-07T18:33:23.958+0800][1279.303s][info][safepoint   ] Safepoint "Cleanup", Time since last: 2859961042 ns, Reaching safepoint: 203209500 ns, At safepoint: 33875 ns, Total: 203243375 ns
[2026-10-07T18:33:24.984+0800][1280.329s][info][gc,start    ] GC(126) Pause Young (Normal) (G1 Evacuation Pause)
[2026-10-07T18:33:24.984+0800][1280.329s][info][gc,task     ] GC(126) Using 9 workers of 9 for evacuation
[2026-10-07T18:33:26.228+0800][1281.574s][info][gc,mmu      ] GC(126) MMU target violated: 201.0ms (200.0ms/201.0ms)
[2026-10-07T18:33:26.272+0800][1281.618s][info][gc,phases   ] GC(126)   Pre Evacuate Collection Set: 67.2ms
[2026-10-07T18:33:26.272+0800][1281.618s][info][gc,phases   ] GC(126)   Merge Heap Roots: 5.2ms
[2026-10-07T18:33:26.272+0800][1281.618s][info][gc,phases   ] GC(126)   Evacuate Collection Set: 1070.4ms
[2026-10-07T18:33:26.272+0800][1281.618s][info][gc,phases   ] GC(126)   Post Evacuate Collection Set: 32.4ms
[2026-10-07T18:33:26.272+0800][1281.618s][info][gc,phases   ] GC(126)   Other: 112.9ms
[2026-10-07T18:33:26.272+0800][1281.618s][info][gc,heap     ] GC(126) Eden regions: 21->0(21)
[2026-10-07T18:33:26.272+0800][1281.618s][info][gc,heap     ] GC(126) Survivor regions: 3->3(3)
[2026-10-07T18:33:26.272+0800][1281.618s][info][gc,heap     ] GC(126) Old regions: 176->177
[2026-10-07T18:33:26.272+0800][1281.618s][info][gc,heap     ] GC(126) Archive regions: 2->2
[2026-10-07T18:33:26.272+0800][1281.618s][info][gc,heap     ] GC(126) Humongous regions: 5->5
[2026-10-07T18:33:26.272+0800][1281.618s][info][gc,metaspace] GC(126) Metaspace: 139347K(140800K)->139347K(140800K) NonClass: 121137K(121856K)->121137K(121856K) Class: 18209K(18944K)->18209K(18944K)
[2026-10-07T18:33:26.296+0800][1281.642s][info][gc          ] GC(126) Pause Young (Normal) (G1 Evacuation Pause) 204M->184M(488M) 1312.448ms
[2026-10-07T18:33:26.296+0800][1281.642s][info][gc,cpu      ] GC(126) User=0.02s Sys=0.06s Real=1.31s
[2026-10-07T18:33:26.299+0800][1281.645s][info][safepoint   ] Safepoint "G1CollectForAllocation", Time since last: 1025143583 ns, Reaching safepoint: 848334 ns, At safepoint: 1315539750 ns, Total: 1316388084 ns
[2026-10-07T18:33:31.828+0800][1287.174s][info][safepoint   ] Safepoint "Cleanup", Time since last: 5527045541 ns, Reaching safepoint: 1895042 ns, At safepoint: 126500 ns, Total: 2021542 ns
[2026-10-07T18:33:38.621+0800][1293.967s][info][safepoint   ] Safepoint "Cleanup", Time since last: 6751386250 ns, Reaching safepoint: 41156875 ns, At safepoint: 36958 ns, Total: 41193833 ns
[2026-10-07T18:33:40.875+0800][1296.221s][info][gc,start    ] GC(127) Pause Young (Normal) (G1 Evacuation Pause)
[2026-10-07T18:33:40.919+0800][1296.264s][info][gc,task     ] GC(127) Using 9 workers of 9 for evacuation
[2026-10-07T18:33:42.001+0800][1297.347s][info][gc,mmu      ] GC(127) MMU target violated: 201.0ms (200.0ms/201.0ms)
[2026-10-07T18:33:42.003+0800][1297.348s][info][gc,phases   ] GC(127)   Pre Evacuate Collection Set: 215.6ms
[2026-10-07T18:33:42.003+0800][1297.348s][info][gc,phases   ] GC(127)   Merge Heap Roots: 9.0ms
[2026-10-07T18:33:42.003+0800][1297.349s][info][gc,phases   ] GC(127)   Evacuate Collection Set: 607.1ms
[2026-10-07T18:33:42.003+0800][1297.349s][info][gc,phases   ] GC(127)   Post Evacuate Collection Set: 128.6ms
[2026-10-07T18:33:42.003+0800][1297.349s][info][gc,phases   ] GC(127)   Other: 188.0ms
[2026-10-07T18:33:42.003+0800][1297.349s][info][gc,heap     ] GC(127) Eden regions: 21->0(22)
[2026-10-07T18:33:42.003+0800][1297.349s][info][gc,heap     ] GC(127) Survivor regions: 3->2(3)
[2026-10-07T18:33:42.003+0800][1297.349s][info][gc,heap     ] GC(127) Old regions: 177->178
[2026-10-07T18:33:42.003+0800][1297.349s][info][gc,heap     ] GC(127) Archive regions: 2->2
[2026-10-07T18:33:42.003+0800][1297.349s][info][gc,heap     ] GC(127) Humongous regions: 5->5
[2026-10-07T18:33:42.003+0800][1297.349s][info][gc,metaspace] GC(127) Metaspace: 139351K(140800K)->139351K(140800K) NonClass: 121140K(121856K)->121140K(121856K) Class: 18210K(18944K)->18210K(18944K)
[2026-10-07T18:33:42.005+0800][1297.350s][info][gc          ] GC(127) Pause Young (Normal) (G1 Evacuation Pause) 205M->185M(488M) 1134.345ms
[2026-10-07T18:33:42.005+0800][1297.351s][info][gc,cpu      ] GC(127) User=0.02s Sys=0.06s Real=1.13s
[2026-10-07T18:33:42.008+0800][1297.354s][info][safepoint   ] Safepoint "G1CollectForAllocation", Time since last: 2200135584 ns, Reaching safepoint: 31733458 ns, At safepoint: 1155388208 ns, Total: 1187121666 ns
[2026-10-07T18:33:51.216+0800][1306.561s][info][safepoint   ] Safepoint "Cleanup", Time since last: 9008452417 ns, Reaching safepoint: 88917667 ns, At safepoint: 75604500 ns, Total: 164522167 ns
[2026-10-07T18:33:52.769+0800][1308.115s][info][gc,start    ] GC(128) Pause Young (Normal) (G1 Evacuation Pause)
[2026-10-07T18:33:52.818+0800][1308.163s][info][gc,task     ] GC(128) Using 9 workers of 9 for evacuation
[2026-10-07T18:33:53.002+0800][1308.348s][info][gc,phases   ] GC(128)   Pre Evacuate Collection Set: 15.6ms
[2026-10-07T18:33:53.383+0800][1308.728s][info][gc,phases   ] GC(128)   Merge Heap Roots: 3.1ms
[2026-10-07T18:33:53.383+0800][1308.728s][info][gc,phases   ] GC(128)   Evacuate Collection Set: 137.8ms
[2026-10-07T18:33:53.383+0800][1308.728s][info][gc,phases   ] GC(128)   Post Evacuate Collection Set: 20.5ms
[2026-10-07T18:33:53.383+0800][1308.729s][info][gc,phases   ] GC(128)   Other: 127.9ms
[2026-10-07T18:33:53.383+0800][1308.729s][info][gc,heap     ] GC(128) Eden regions: 22->0(22)
[2026-10-07T18:33:53.383+0800][1308.729s][info][gc,heap     ] GC(128) Survivor regions: 2->2(3)
[2026-10-07T18:33:53.383+0800][1308.729s][info][gc,heap     ] GC(128) Old regions: 178->178
[2026-10-07T18:33:53.383+0800][1308.729s][info][gc,heap     ] GC(128) Archive regions: 2->2
[2026-10-07T18:33:53.383+0800][1308.729s][info][gc,heap     ] GC(128) Humongous regions: 5->5
[2026-10-07T18:33:53.383+0800][1308.729s][info][gc,metaspace] GC(128) Metaspace: 139360K(140800K)->139360K(140800K) NonClass: 121150K(121856K)->121150K(121856K) Class: 18210K(18944K)->18210K(18944K)
[2026-10-07T18:33:53.404+0800][1308.750s][info][gc          ] GC(128) Pause Young (Normal) (G1 Evacuation Pause) 207M->185M(488M) 658.402ms
[2026-10-07T18:33:53.404+0800][1308.750s][info][gc,cpu      ] GC(128) User=0.01s Sys=0.03s Real=0.66s
[2026-10-07T18:33:53.406+0800][1308.752s][info][safepoint   ] Safepoint "G1CollectForAllocation", Time since last: 1393436708 ns, Reaching safepoint: 51766708 ns, At safepoint: 779947792 ns, Total: 831714500 ns
[2026-10-07T18:33:57.231+0800][1312.577s][info][gc,start    ] GC(129) Pause Young (Normal) (G1 Evacuation Pause)
[2026-10-07T18:33:57.254+0800][1312.599s][info][gc,task     ] GC(129) Using 9 workers of 9 for evacuation
[2026-10-07T18:33:57.493+0800][1312.839s][info][gc,mmu      ] GC(129) MMU target violated: 201.0ms (200.0ms/201.0ms)
[2026-10-07T18:33:57.493+0800][1312.839s][info][gc,phases   ] GC(129)   Pre Evacuate Collection Set: 0.3ms
[2026-10-07T18:33:57.493+0800][1312.839s][info][gc,phases   ] GC(129)   Merge Heap Roots: 22.7ms
[2026-10-07T18:33:57.493+0800][1312.839s][info][gc,phases   ] GC(129)   Evacuate Collection Set: 212.9ms
[2026-10-07T18:33:57.493+0800][1312.839s][info][gc,phases   ] GC(129)   Post Evacuate Collection Set: 3.2ms
[2026-10-07T18:33:57.493+0800][1312.839s][info][gc,phases   ] GC(129)   Other: 22.4ms
[2026-10-07T18:33:57.493+0800][1312.839s][info][gc,heap     ] GC(129) Eden regions: 22->0(22)
[2026-10-07T18:33:57.493+0800][1312.839s][info][gc,heap     ] GC(129) Survivor regions: 2->2(3)
[2026-10-07T18:33:57.493+0800][1312.839s][info][gc,heap     ] GC(129) Old regions: 178->178
[2026-10-07T18:33:57.493+0800][1312.839s][info][gc,heap     ] GC(129) Archive regions: 2->2
[2026-10-07T18:33:57.493+0800][1312.839s][info][gc,heap     ] GC(129) Humongous regions: 5->5
[2026-10-07T18:33:57.493+0800][1312.839s][info][gc,metaspace] GC(129) Metaspace: 139360K(140800K)->139360K(140800K) NonClass: 121150K(121856K)->121150K(121856K) Class: 18210K(18944K)->18210K(18944K)
[2026-10-07T18:33:57.493+0800][1312.839s][info][gc          ] GC(129) Pause Young (Normal) (G1 Evacuation Pause) 207M->185M(488M) 261.615ms
[2026-10-07T18:33:57.493+0800][1312.839s][info][gc,cpu      ] GC(129) User=0.08s Sys=0.03s Real=0.26s
[2026-10-07T18:33:57.493+0800][1312.839s][info][safepoint   ] Safepoint "G1CollectForAllocation", Time since last: 3824908250 ns, Reaching safepoint: 274750 ns, At safepoint: 261931250 ns, Total: 262206000 ns
[2026-10-07T18:34:00.927+0800][1316.273s][info][safepoint   ] Safepoint "Cleanup", Time since last: 3404088458 ns, Reaching safepoint: 29981084 ns, At safepoint: 23958 ns, Total: 30005042 ns
[2026-10-07T18:34:01.301+0800][1316.647s][info][gc,start    ] GC(130) Pause Young (Normal) (G1 Evacuation Pause)
[2026-10-07T18:34:01.301+0800][1316.647s][info][gc,task     ] GC(130) Using 9 workers of 9 for evacuation
[2026-10-07T18:34:01.390+0800][1316.735s][info][gc,phases   ] GC(130)   Pre Evacuate Collection Set: 3.0ms
[2026-10-07T18:34:01.390+0800][1316.735s][info][gc,phases   ] GC(130)   Merge Heap Roots: 3.4ms
[2026-10-07T18:34:01.390+0800][1316.735s][info][gc,phases   ] GC(130)   Evacuate Collection Set: 78.3ms
[2026-10-07T18:34:01.390+0800][1316.735s][info][gc,phases   ] GC(130)   Post Evacuate Collection Set: 3.6ms
[2026-10-07T18:34:01.390+0800][1316.736s][info][gc,phases   ] GC(130)   Other: 0.2ms
[2026-10-07T18:34:01.390+0800][1316.736s][info][gc,heap     ] GC(130) Eden regions: 22->0(21)
[2026-10-07T18:34:01.390+0800][1316.736s][info][gc,heap     ] GC(130) Survivor regions: 2->3(3)
[2026-10-07T18:34:01.390+0800][1316.736s][info][gc,heap     ] GC(130) Old regions: 178->179
[2026-10-07T18:34:01.390+0800][1316.736s][info][gc,heap     ] GC(130) Archive regions: 2->2
[2026-10-07T18:34:01.390+0800][1316.736s][info][gc,heap     ] GC(130) Humongous regions: 5->5
[2026-10-07T18:34:01.390+0800][1316.736s][info][gc,metaspace] GC(130) Metaspace: 139362K(140800K)->139362K(140800K) NonClass: 121152K(121856K)->121152K(121856K) Class: 18210K(18944K)->18210K(18944K)
[2026-10-07T18:34:01.390+0800][1316.736s][info][gc          ] GC(130) Pause Young (Normal) (G1 Evacuation Pause) 207M->186M(488M) 88.654ms
[2026-10-07T18:34:01.390+0800][1316.736s][info][gc,cpu      ] GC(130) User=0.01s Sys=0.05s Real=0.09s
[2026-10-07T18:34:01.390+0800][1316.736s][info][safepoint   ] Safepoint "G1CollectForAllocation", Time since last: 373689167 ns, Reaching safepoint: 120083 ns, At safepoint: 88812792 ns, Total: 88932875 ns
[2026-10-07T18:34:02.552+0800][1317.898s][info][safepoint   ] Safepoint "Cleanup", Time since last: 1133105041 ns, Reaching safepoint: 29161500 ns, At safepoint: 43959 ns, Total: 29205459 ns
[2026-10-07T18:34:05.292+0800][1320.637s][info][gc,start    ] GC(131) Pause Young (Normal) (G1 Evacuation Pause)
[2026-10-07T18:34:05.293+0800][1320.639s][info][gc,task     ] GC(131) Using 9 workers of 9 for evacuation
[2026-10-07T18:34:05.348+0800][1320.694s][info][gc,phases   ] GC(131)   Pre Evacuate Collection Set: 2.9ms
[2026-10-07T18:34:05.349+0800][1320.695s][info][gc,phases   ] GC(131)   Merge Heap Roots: 1.3ms
[2026-10-07T18:34:05.349+0800][1320.695s][info][gc,phases   ] GC(131)   Evacuate Collection Set: 47.2ms
[2026-10-07T18:34:05.349+0800][1320.695s][info][gc,phases   ] GC(131)   Post Evacuate Collection Set: 1.4ms
[2026-10-07T18:34:05.349+0800][1320.695s][info][gc,phases   ] GC(131)   Other: 3.7ms
[2026-10-07T18:34:05.349+0800][1320.695s][info][gc,heap     ] GC(131) Eden regions: 21->0(22)
[2026-10-07T18:34:05.349+0800][1320.695s][info][gc,heap     ] GC(131) Survivor regions: 3->2(3)
[2026-10-07T18:34:05.349+0800][1320.695s][info][gc,heap     ] GC(131) Old regions: 179->180
[2026-10-07T18:34:05.349+0800][1320.695s][info][gc,heap     ] GC(131) Archive regions: 2->2
[2026-10-07T18:34:05.349+0800][1320.695s][info][gc,heap     ] GC(131) Humongous regions: 5->5
[2026-10-07T18:34:05.349+0800][1320.695s][info][gc,metaspace] GC(131) Metaspace: 139364K(140800K)->139364K(140800K) NonClass: 121154K(121856K)->121154K(121856K) Class: 18210K(18944K)->18210K(18944K)
[2026-10-07T18:34:05.349+0800][1320.695s][info][gc          ] GC(131) Pause Young (Normal) (G1 Evacuation Pause) 207M->186M(488M) 57.668ms
[2026-10-07T18:34:05.349+0800][1320.695s][info][gc,cpu      ] GC(131) User=0.01s Sys=0.02s Real=0.05s
[2026-10-07T18:34:05.349+0800][1320.695s][info][safepoint   ] Safepoint "G1CollectForAllocation", Time since last: 2732607750 ns, Reaching safepoint: 6223958 ns, At safepoint: 58088500 ns, Total: 64312458 ns
[2026-10-07T18:34:06.491+0800][1321.837s][info][safepoint   ] Safepoint "Cleanup", Time since last: 1136727375 ns, Reaching safepoint: 5285542 ns, At safepoint: 66416 ns, Total: 5351958 ns
[2026-10-07T18:34:07.644+0800][1322.990s][info][safepoint   ] Safepoint "Cleanup", Time since last: 1144095875 ns, Reaching safepoint: 8523834 ns, At safepoint: 90041 ns, Total: 8613875 ns
[2026-10-07T18:34:08.834+0800][1324.180s][info][safepoint   ] Safepoint "Cleanup", Time since last: 1145716750 ns, Reaching safepoint: 44011625 ns, At safepoint: 655292 ns, Total: 44666917 ns
[2026-10-07T18:34:08.850+0800][1324.195s][info][gc,start    ] GC(132) Pause Young (Normal) (G1 Evacuation Pause)
[2026-10-07T18:34:08.850+0800][1324.195s][info][gc,task     ] GC(132) Using 9 workers of 9 for evacuation
[2026-10-07T18:34:08.871+0800][1324.217s][info][gc,phases   ] GC(132)   Pre Evacuate Collection Set: 0.3ms
[2026-10-07T18:34:08.871+0800][1324.217s][info][gc,phases   ] GC(132)   Merge Heap Roots: 0.2ms
[2026-10-07T18:34:08.871+0800][1324.217s][info][gc,phases   ] GC(132)   Evacuate Collection Set: 16.8ms
[2026-10-07T18:34:08.871+0800][1324.217s][info][gc,phases   ] GC(132)   Post Evacuate Collection Set: 4.1ms
[2026-10-07T18:34:08.871+0800][1324.217s][info][gc,phases   ] GC(132)   Other: 0.2ms
[2026-10-07T18:34:08.871+0800][1324.217s][info][gc,heap     ] GC(132) Eden regions: 22->0(21)
[2026-10-07T18:34:08.871+0800][1324.217s][info][gc,heap     ] GC(132) Survivor regions: 2->3(3)
[2026-10-07T18:34:08.871+0800][1324.217s][info][gc,heap     ] GC(132) Old regions: 180->180
[2026-10-07T18:34:08.871+0800][1324.217s][info][gc,heap     ] GC(132) Archive regions: 2->2
[2026-10-07T18:34:08.871+0800][1324.217s][info][gc,heap     ] GC(132) Humongous regions: 5->5
[2026-10-07T18:34:08.871+0800][1324.217s][info][gc,metaspace] GC(132) Metaspace: 139396K(140864K)->139396K(140864K) NonClass: 121186K(121920K)->121186K(121920K) Class: 18210K(18944K)->18210K(18944K)
[2026-10-07T18:34:08.871+0800][1324.217s][info][gc          ] GC(132) Pause Young (Normal) (G1 Evacuation Pause) 208M->187M(488M) 21.630ms
[2026-10-07T18:34:08.871+0800][1324.217s][info][gc,cpu      ] GC(132) User=0.01s Sys=0.03s Real=0.02s
[2026-10-07T18:34:08.871+0800][1324.217s][info][safepoint   ] Safepoint "G1CollectForAllocation", Time since last: 15124000 ns, Reaching safepoint: 23875 ns, At safepoint: 21767000 ns, Total: 21790875 ns
[2026-10-07T18:34:10.064+0800][1325.410s][info][safepoint   ] Safepoint "Cleanup", Time since last: 1149052083 ns, Reaching safepoint: 43320125 ns, At safepoint: 277750 ns, Total: 43597875 ns
[2026-10-07T18:34:10.746+0800][1326.092s][info][gc,start    ] GC(133) Pause Young (Normal) (G1 Evacuation Pause)
[2026-10-07T18:34:10.747+0800][1326.092s][info][gc,task     ] GC(133) Using 9 workers of 9 for evacuation
[2026-10-07T18:34:10.805+0800][1326.151s][info][gc,phases   ] GC(133)   Pre Evacuate Collection Set: 0.7ms
[2026-10-07T18:34:10.805+0800][1326.151s][info][gc,phases   ] GC(133)   Merge Heap Roots: 0.1ms
[2026-10-07T18:34:10.805+0800][1326.151s][info][gc,phases   ] GC(133)   Evacuate Collection Set: 44.7ms
[2026-10-07T18:34:10.805+0800][1326.151s][info][gc,phases   ] GC(133)   Post Evacuate Collection Set: 4.0ms
[2026-10-07T18:34:10.805+0800][1326.151s][info][gc,phases   ] GC(133)   Other: 9.4ms
[2026-10-07T18:34:10.805+0800][1326.151s][info][gc,heap     ] GC(133) Eden regions: 21->0(22)
[2026-10-07T18:34:10.805+0800][1326.151s][info][gc,heap     ] GC(133) Survivor regions: 3->2(3)
[2026-10-07T18:34:10.805+0800][1326.151s][info][gc,heap     ] GC(133) Old regions: 180->181
[2026-10-07T18:34:10.805+0800][1326.151s][info][gc,heap     ] GC(133) Archive regions: 2->2
[2026-10-07T18:34:10.805+0800][1326.151s][info][gc,heap     ] GC(133) Humongous regions: 5->5
[2026-10-07T18:34:10.805+0800][1326.151s][info][gc,metaspace] GC(133) Metaspace: 139403K(140864K)->139403K(140864K) NonClass: 121192K(121920K)->121192K(121920K) Class: 18210K(18944K)->18210K(18944K)
[2026-10-07T18:34:10.805+0800][1326.151s][info][gc          ] GC(133) Pause Young (Normal) (G1 Evacuation Pause) 208M->188M(488M) 59.275ms
[2026-10-07T18:34:10.805+0800][1326.151s][info][gc,cpu      ] GC(133) User=0.01s Sys=0.02s Real=0.06s
[2026-10-07T18:34:10.806+0800][1326.151s][info][safepoint   ] Safepoint "G1CollectForAllocation", Time since last: 680589750 ns, Reaching safepoint: 1228125 ns, At safepoint: 59650417 ns, Total: 60878542 ns
[2026-10-07T18:34:11.155+0800][1326.500s][info][gc,start    ] GC(134) Pause Young (Normal) (G1 Evacuation Pause)
[2026-10-07T18:34:11.155+0800][1326.501s][info][gc,task     ] GC(134) Using 9 workers of 9 for evacuation
[2026-10-07T18:34:11.202+0800][1326.548s][info][gc,phases   ] GC(134)   Pre Evacuate Collection Set: 0.5ms
[2026-10-07T18:34:11.202+0800][1326.548s][info][gc,phases   ] GC(134)   Merge Heap Roots: 0.1ms
[2026-10-07T18:34:11.202+0800][1326.548s][info][gc,phases   ] GC(134)   Evacuate Collection Set: 12.4ms
[2026-10-07T18:34:11.202+0800][1326.548s][info][gc,phases   ] GC(134)   Post Evacuate Collection Set: 0.9ms
[2026-10-07T18:34:11.202+0800][1326.548s][info][gc,phases   ] GC(134)   Other: 33.4ms
[2026-10-07T18:34:11.202+0800][1326.548s][info][gc,heap     ] GC(134) Eden regions: 22->0(22)
[2026-10-07T18:34:11.202+0800][1326.548s][info][gc,heap     ] GC(134) Survivor regions: 2->2(3)
[2026-10-07T18:34:11.202+0800][1326.548s][info][gc,heap     ] GC(134) Old regions: 181->181
[2026-10-07T18:34:11.202+0800][1326.548s][info][gc,heap     ] GC(134) Archive regions: 2->2
[2026-10-07T18:34:11.202+0800][1326.548s][info][gc,heap     ] GC(134) Humongous regions: 5->5
[2026-10-07T18:34:11.202+0800][1326.548s][info][gc,metaspace] GC(134) Metaspace: 139406K(140864K)->139406K(140864K) NonClass: 121195K(121920K)->121195K(121920K) Class: 18210K(18944K)->18210K(18944K)
[2026-10-07T18:34:11.202+0800][1326.548s][info][gc          ] GC(134) Pause Young (Normal) (G1 Evacuation Pause) 210M->188M(488M) 47.735ms
[2026-10-07T18:34:11.202+0800][1326.548s][info][gc,cpu      ] GC(134) User=0.01s Sys=0.01s Real=0.05s
[2026-10-07T18:34:11.202+0800][1326.548s][info][safepoint   ] Safepoint "G1CollectForAllocation", Time since last: 341152125 ns, Reaching safepoint: 7948917 ns, At safepoint: 47871375 ns, Total: 55820292 ns
[2026-10-07T18:34:12.808+0800][1328.154s][info][safepoint   ] Safepoint "Cleanup", Time since last: 1562088291 ns, Reaching safepoint: 43309667 ns, At safepoint: 127542 ns, Total: 43437209 ns
[2026-10-07T18:34:28.675+0800][1344.020s][info][gc,start    ] GC(135) Pause Young (Normal) (G1 Evacuation Pause)
[2026-10-07T18:34:28.807+0800][1344.153s][info][gc,task     ] GC(135) Using 9 workers of 9 for evacuation
[2026-10-07T18:34:32.564+0800][1347.910s][info][gc,mmu      ] GC(135) MMU target violated: 201.0ms (200.0ms/201.0ms)
[2026-10-07T18:34:34.244+0800][1349.589s][info][gc,phases   ] GC(135)   Pre Evacuate Collection Set: 747.9ms
[2026-10-07T18:34:34.244+0800][1349.590s][info][gc,phases   ] GC(135)   Merge Heap Roots: 216.9ms
[2026-10-07T18:34:34.244+0800][1349.590s][info][gc,phases   ] GC(135)   Evacuate Collection Set: 2218.1ms
[2026-10-07T18:34:34.244+0800][1349.590s][info][gc,phases   ] GC(135)   Post Evacuate Collection Set: 355.3ms
[2026-10-07T18:34:34.290+0800][1349.636s][info][gc,phases   ] GC(135)   Other: 2156.1ms
[2026-10-07T18:34:34.323+0800][1349.669s][info][gc,heap     ] GC(135) Eden regions: 22->0(21)
[2026-10-07T18:34:34.323+0800][1349.669s][info][gc,heap     ] GC(135) Survivor regions: 2->3(3)
[2026-10-07T18:34:34.323+0800][1349.669s][info][gc,heap     ] GC(135) Old regions: 181->182
[2026-10-07T18:34:34.323+0800][1349.669s][info][gc,heap     ] GC(135) Archive regions: 2->2
[2026-10-07T18:34:34.323+0800][1349.669s][info][gc,heap     ] GC(135) Humongous regions: 5->5
[2026-10-07T18:34:34.323+0800][1349.669s][info][gc,metaspace] GC(135) Metaspace: 139410K(140864K)->139410K(140864K) NonClass: 121200K(121920K)->121200K(121920K) Class: 18210K(18944K)->18210K(18944K)
[2026-10-07T18:34:34.491+0800][1349.836s][info][gc          ] GC(135) Pause Young (Normal) (G1 Evacuation Pause) 210M->189M(488M) 5744.941ms
[2026-10-07T18:34:34.517+0800][1349.863s][info][gc,cpu      ] GC(135) User=0.22s Sys=0.10s Real=5.87s
[2026-10-07T18:34:34.609+0800][1349.955s][info][safepoint   ] Safepoint "G1CollectForAllocation", Time since last: 11197139666 ns, Reaching safepoint: 4353271417 ns, At safepoint: 6232218333 ns, Total: 10585489750 ns
[2026-10-07T18:34:48.203+0800][1363.548s][info][safepoint   ] Safepoint "Cleanup", Time since last: 13483476500 ns, Reaching safepoint: 126170125 ns, At safepoint: 1947084 ns, Total: 128117209 ns
[2026-10-07T18:34:49.278+0800][1364.624s][info][safepoint   ] Safepoint "Cleanup", Time since last: 1007427666 ns, Reaching safepoint: 68370792 ns, At safepoint: 104625 ns, Total: 68475417 ns
[2026-10-07T18:34:50.424+0800][1365.770s][info][safepoint   ] Safepoint "Cleanup", Time since last: 1142847125 ns, Reaching safepoint: 2825833 ns, At safepoint: 72959 ns, Total: 2898792 ns
[2026-10-07T18:34:50.685+0800][1366.031s][info][gc,start    ] GC(136) Pause Young (Normal) (G1 Evacuation Pause)
[2026-10-07T18:34:50.689+0800][1366.035s][info][gc,task     ] GC(136) Using 9 workers of 9 for evacuation
[2026-10-07T18:34:50.942+0800][1366.288s][info][gc,mmu      ] GC(136) MMU target violated: 201.0ms (200.0ms/201.0ms)
[2026-10-07T18:34:50.942+0800][1366.288s][info][gc,phases   ] GC(136)   Pre Evacuate Collection Set: 27.6ms
[2026-10-07T18:34:50.942+0800][1366.288s][info][gc,phases   ] GC(136)   Merge Heap Roots: 10.1ms
[2026-10-07T18:34:50.942+0800][1366.288s][info][gc,phases   ] GC(136)   Evacuate Collection Set: 135.7ms
[2026-10-07T18:34:50.942+0800][1366.288s][info][gc,phases   ] GC(136)   Post Evacuate Collection Set: 62.8ms
[2026-10-07T18:34:50.942+0800][1366.288s][info][gc,phases   ] GC(136)   Other: 32.6ms
[2026-10-07T18:34:50.942+0800][1366.288s][info][gc,heap     ] GC(136) Eden regions: 21->0(22)
[2026-10-07T18:34:50.942+0800][1366.288s][info][gc,heap     ] GC(136) Survivor regions: 3->2(3)
[2026-10-07T18:34:50.942+0800][1366.288s][info][gc,heap     ] GC(136) Old regions: 182->183
[2026-10-07T18:34:50.942+0800][1366.288s][info][gc,heap     ] GC(136) Archive regions: 2->2
[2026-10-07T18:34:50.942+0800][1366.288s][info][gc,heap     ] GC(136) Humongous regions: 5->5
[2026-10-07T18:34:50.943+0800][1366.288s][info][gc,metaspace] GC(136) Metaspace: 139417K(140864K)->139417K(140864K) NonClass: 121207K(121920K)->121207K(121920K) Class: 18210K(18944K)->18210K(18944K)
[2026-10-07T18:34:50.943+0800][1366.289s][info][gc          ] GC(136) Pause Young (Normal) (G1 Evacuation Pause) 210M->189M(488M) 260.186ms
[2026-10-07T18:34:50.943+0800][1366.289s][info][gc,cpu      ] GC(136) User=0.01s Sys=0.04s Real=0.26s
[2026-10-07T18:34:50.943+0800][1366.289s][info][safepoint   ] Safepoint "G1CollectForAllocation", Time since last: 236539041 ns, Reaching safepoint: 2258625 ns, At safepoint: 280719000 ns, Total: 282977625 ns
[2026-10-07T18:34:52.093+0800][1367.438s][info][safepoint   ] Safepoint "Cleanup", Time since last: 1118480834 ns, Reaching safepoint: 30418000 ns, At safepoint: 363125 ns, Total: 30781125 ns
[2026-10-07T18:36:42.767+0800][1478.112s][info][safepoint   ] Safepoint "RedefineClasses", Time since last: 904533708 ns, Reaching safepoint: 1599542 ns, At safepoint: 109767193166 ns, Total: 109768792708 ns
[2026-10-07T18:36:45.108+0800][1480.453s][info][safepoint   ] Safepoint "Cleanup", Time since last: 2301061584 ns, Reaching safepoint: 40059333 ns, At safepoint: 549125 ns, Total: 40608458 ns
[2026-10-07T18:36:46.361+0800][1481.707s][info][safepoint   ] Safepoint "Cleanup", Time since last: 1140417208 ns, Reaching safepoint: 112733625 ns, At safepoint: 99000 ns, Total: 112832625 ns
[2026-10-07T18:36:47.498+0800][1482.844s][info][safepoint   ] Safepoint "Cleanup", Time since last: 1109333542 ns, Reaching safepoint: 27730750 ns, At safepoint: 47292 ns, Total: 27778042 ns
[2026-10-07T18:36:58.649+0800][1493.994s][info][gc,start    ] GC(137) Pause Young (Normal) (G1 Evacuation Pause)
[2026-10-07T18:36:58.657+0800][1494.002s][info][gc,task     ] GC(137) Using 9 workers of 9 for evacuation
[2026-10-07T18:37:02.223+0800][1497.569s][info][gc,mmu      ] GC(137) MMU target violated: 201.0ms (200.0ms/201.0ms)
[2026-10-07T18:37:02.245+0800][1497.591s][info][gc,phases   ] GC(137)   Pre Evacuate Collection Set: 375.5ms
[2026-10-07T18:37:02.245+0800][1497.591s][info][gc,phases   ] GC(137)   Merge Heap Roots: 153.7ms
[2026-10-07T18:37:02.245+0800][1497.591s][info][gc,phases   ] GC(137)   Evacuate Collection Set: 2684.5ms
[2026-10-07T18:37:02.245+0800][1497.591s][info][gc,phases   ] GC(137)   Post Evacuate Collection Set: 298.9ms
[2026-10-07T18:37:02.289+0800][1497.634s][info][gc,phases   ] GC(137)   Other: 92.3ms
[2026-10-07T18:37:02.289+0800][1497.634s][info][gc,heap     ] GC(137) Eden regions: 22->0(22)
[2026-10-07T18:37:02.289+0800][1497.634s][info][gc,heap     ] GC(137) Survivor regions: 2->2(3)
[2026-10-07T18:37:02.289+0800][1497.634s][info][gc,heap     ] GC(137) Old regions: 183->183
[2026-10-07T18:37:02.289+0800][1497.634s][info][gc,heap     ] GC(137) Archive regions: 2->2
[2026-10-07T18:37:02.289+0800][1497.634s][info][gc,heap     ] GC(137) Humongous regions: 5->5
[2026-10-07T18:37:02.298+0800][1497.644s][info][gc,metaspace] GC(137) Metaspace: 139458K(140928K)->139458K(140928K) NonClass: 121244K(121984K)->121244K(121984K) Class: 18213K(18944K)->18213K(18944K)
[2026-10-07T18:37:02.312+0800][1497.657s][info][gc          ] GC(137) Pause Young (Normal) (G1 Evacuation Pause) 211M->190M(488M) 3664.833ms
[2026-10-07T18:37:02.312+0800][1497.657s][info][gc,cpu      ] GC(137) User=0.01s Sys=0.11s Real=3.67s
[2026-10-07T18:37:02.312+0800][1497.658s][info][safepoint   ] Safepoint "G1CollectForAllocation", Time since last: 11130530250 ns, Reaching safepoint: 8600458 ns, At safepoint: 3674847042 ns, Total: 3683447500 ns
[2026-10-07T18:37:04.605+0800][1499.950s][info][safepoint   ] Safepoint "Cleanup", Time since last: 2288620875 ns, Reaching safepoint: 3712916 ns, At safepoint: 97917 ns, Total: 3810833 ns
[2026-10-07T18:37:12.672+0800][1508.018s][info][gc,start    ] GC(138) Pause Young (Normal) (G1 Evacuation Pause)
[2026-10-07T18:37:12.674+0800][1508.019s][info][gc,task     ] GC(138) Using 9 workers of 9 for evacuation
[2026-10-07T18:37:12.743+0800][1508.088s][info][gc,phases   ] GC(138)   Pre Evacuate Collection Set: 13.5ms
[2026-10-07T18:37:12.743+0800][1508.088s][info][gc,phases   ] GC(138)   Merge Heap Roots: 4.9ms
[2026-10-07T18:37:12.743+0800][1508.088s][info][gc,phases   ] GC(138)   Evacuate Collection Set: 46.8ms
[2026-10-07T18:37:12.743+0800][1508.088s][info][gc,phases   ] GC(138)   Post Evacuate Collection Set: 3.7ms
[2026-10-07T18:37:12.743+0800][1508.088s][info][gc,phases   ] GC(138)   Other: 2.6ms
[2026-10-07T18:37:12.743+0800][1508.088s][info][gc,heap     ] GC(138) Eden regions: 22->0(22)
[2026-10-07T18:37:12.743+0800][1508.088s][info][gc,heap     ] GC(138) Survivor regions: 2->2(3)
[2026-10-07T18:37:12.743+0800][1508.088s][info][gc,heap     ] GC(138) Old regions: 183->184
[2026-10-07T18:37:12.743+0800][1508.088s][info][gc,heap     ] GC(138) Archive regions: 2->2
[2026-10-07T18:37:12.743+0800][1508.088s][info][gc,heap     ] GC(138) Humongous regions: 5->5
[2026-10-07T18:37:12.743+0800][1508.088s][info][gc,metaspace] GC(138) Metaspace: 139464K(140928K)->139464K(140928K) NonClass: 121250K(121984K)->121250K(121984K) Class: 18213K(18944K)->18213K(18944K)
[2026-10-07T18:37:12.743+0800][1508.089s][info][gc          ] GC(138) Pause Young (Normal) (G1 Evacuation Pause) 212M->191M(488M) 70.620ms
[2026-10-07T18:37:12.743+0800][1508.089s][info][gc,cpu      ] GC(138) User=0.01s Sys=0.03s Real=0.07s
[2026-10-07T18:37:12.743+0800][1508.089s][info][safepoint   ] Safepoint "G1CollectForAllocation", Time since last: 8059388042 ns, Reaching safepoint: 7268916 ns, At safepoint: 71880792 ns, Total: 79149708 ns
[2026-10-07T18:37:13.829+0800][1509.175s][info][safepoint   ] Safepoint "Cleanup", Time since last: 1085548375 ns, Reaching safepoint: 347917 ns, At safepoint: 46375 ns, Total: 394292 ns
[2026-10-07T18:37:14.977+0800][1510.323s][info][safepoint   ] Safepoint "Cleanup", Time since last: 1109849083 ns, Reaching safepoint: 38014583 ns, At safepoint: 77542 ns, Total: 38092125 ns
[2026-10-07T18:37:15.389+0800][1510.734s][info][gc,start    ] GC(139) Pause Young (Normal) (G1 Evacuation Pause)
[2026-10-07T18:37:15.389+0800][1510.734s][info][gc,task     ] GC(139) Using 9 workers of 9 for evacuation
[2026-10-07T18:37:15.455+0800][1510.801s][info][gc,phases   ] GC(139)   Pre Evacuate Collection Set: 5.3ms
[2026-10-07T18:37:15.455+0800][1510.801s][info][gc,phases   ] GC(139)   Merge Heap Roots: 1.1ms
[2026-10-07T18:37:15.455+0800][1510.801s][info][gc,phases   ] GC(139)   Evacuate Collection Set: 58.0ms
[2026-10-07T18:37:15.455+0800][1510.801s][info][gc,phases   ] GC(139)   Post Evacuate Collection Set: 1.8ms
[2026-10-07T18:37:15.455+0800][1510.801s][info][gc,phases   ] GC(139)   Other: 0.5ms
[2026-10-07T18:37:15.455+0800][1510.801s][info][gc,heap     ] GC(139) Eden regions: 22->0(22)
[2026-10-07T18:37:15.455+0800][1510.801s][info][gc,heap     ] GC(139) Survivor regions: 2->2(3)
[2026-10-07T18:37:15.455+0800][1510.801s][info][gc,heap     ] GC(139) Old regions: 184->184
[2026-10-07T18:37:15.455+0800][1510.801s][info][gc,heap     ] GC(139) Archive regions: 2->2
[2026-10-07T18:37:15.455+0800][1510.801s][info][gc,heap     ] GC(139) Humongous regions: 5->5
[2026-10-07T18:37:15.455+0800][1510.801s][info][gc,metaspace] GC(139) Metaspace: 139467K(140928K)->139467K(140928K) NonClass: 121253K(121984K)->121253K(121984K) Class: 18213K(18944K)->18213K(18944K)
[2026-10-07T18:37:15.455+0800][1510.801s][info][gc          ] GC(139) Pause Young (Normal) (G1 Evacuation Pause) 213M->191M(488M) 66.671ms
[2026-10-07T18:37:15.455+0800][1510.801s][info][gc,cpu      ] GC(139) User=0.01s Sys=0.05s Real=0.07s
[2026-10-07T18:37:15.455+0800][1510.801s][info][safepoint   ] Safepoint "G1CollectForAllocation", Time since last: 411101583 ns, Reaching safepoint: 133709 ns, At safepoint: 67083375 ns, Total: 67217084 ns
[2026-10-07T18:37:16.631+0800][1511.977s][info][safepoint   ] Safepoint "Cleanup", Time since last: 1142384958 ns, Reaching safepoint: 33565500 ns, At safepoint: 33833 ns, Total: 33599333 ns
[2026-10-07T18:37:19.753+0800][1515.098s][info][gc,start    ] GC(140) Pause Young (Normal) (G1 Evacuation Pause)
[2026-10-07T18:37:19.832+0800][1515.178s][info][gc,task     ] GC(140) Using 9 workers of 9 for evacuation
[2026-10-07T18:37:20.347+0800][1515.692s][info][gc,mmu      ] GC(140) MMU target violated: 201.0ms (200.0ms/201.0ms)
[2026-10-07T18:37:20.390+0800][1515.735s][info][gc,phases   ] GC(140)   Pre Evacuate Collection Set: 24.7ms
[2026-10-07T18:37:20.390+0800][1515.735s][info][gc,phases   ] GC(140)   Merge Heap Roots: 0.6ms
[2026-10-07T18:37:20.390+0800][1515.735s][info][gc,phases   ] GC(140)   Evacuate Collection Set: 279.2ms
[2026-10-07T18:37:20.390+0800][1515.736s][info][gc,phases   ] GC(140)   Post Evacuate Collection Set: 92.0ms
[2026-10-07T18:37:20.442+0800][1515.787s][info][gc,phases   ] GC(140)   Other: 362.4ms
[2026-10-07T18:37:20.468+0800][1515.813s][info][gc,heap     ] GC(140) Eden regions: 22->0(22)
[2026-10-07T18:37:20.468+0800][1515.813s][info][gc,heap     ] GC(140) Survivor regions: 2->2(3)
[2026-10-07T18:37:20.468+0800][1515.813s][info][gc,heap     ] GC(140) Old regions: 184->185
[2026-10-07T18:37:20.468+0800][1515.813s][info][gc,heap     ] GC(140) Archive regions: 2->2
[2026-10-07T18:37:20.468+0800][1515.813s][info][gc,heap     ] GC(140) Humongous regions: 5->5
[2026-10-07T18:37:20.508+0800][1515.854s][info][gc,metaspace] GC(140) Metaspace: 139471K(140928K)->139471K(140928K) NonClass: 121258K(121984K)->121258K(121984K) Class: 18213K(18944K)->18213K(18944K)
[2026-10-07T18:37:21.473+0800][1516.819s][info][gc          ] GC(140) Pause Young (Normal) (G1 Evacuation Pause) 213M->192M(488M) 1293.827ms
[2026-10-07T18:37:21.975+0800][1517.321s][info][gc,cpu      ] GC(140) User=0.02s Sys=0.08s Real=2.28s
[2026-10-07T18:37:22.476+0800][1517.822s][info][safepoint   ] Safepoint "G1CollectForAllocation", Time since last: 2924571000 ns, Reaching safepoint: 1223667 ns, At safepoint: 2823070500 ns, Total: 2824294167 ns
[2026-10-07T18:37:29.550+0800][1524.895s][info][safepoint   ] Safepoint "Cleanup", Time since last: 6859939167 ns, Reaching safepoint: 309678000 ns, At safepoint: 84875 ns, Total: 309762875 ns
[2026-10-07T18:37:38.552+0800][1533.898s][info][safepoint   ] Safepoint "Cleanup", Time since last: 8858722583 ns, Reaching safepoint: 143205917 ns, At safepoint: 302125 ns, Total: 143508042 ns
[2026-10-07T18:37:51.864+0800][1547.210s][info][gc,start    ] GC(141) Pause Young (Normal) (G1 Evacuation Pause)
[2026-10-07T18:37:51.866+0800][1547.211s][info][gc,task     ] GC(141) Using 9 workers of 9 for evacuation
[2026-10-07T18:37:51.898+0800][1547.244s][info][gc,phases   ] GC(141)   Pre Evacuate Collection Set: 3.2ms
[2026-10-07T18:37:51.898+0800][1547.244s][info][gc,phases   ] GC(141)   Merge Heap Roots: 0.9ms
[2026-10-07T18:37:51.898+0800][1547.244s][info][gc,phases   ] GC(141)   Evacuate Collection Set: 20.0ms
[2026-10-07T18:37:51.898+0800][1547.244s][info][gc,phases   ] GC(141)   Post Evacuate Collection Set: 7.7ms
[2026-10-07T18:37:51.898+0800][1547.244s][info][gc,phases   ] GC(141)   Other: 3.5ms
[2026-10-07T18:37:51.898+0800][1547.244s][info][gc,heap     ] GC(141) Eden regions: 22->0(22)
[2026-10-07T18:37:51.899+0800][1547.244s][info][gc,heap     ] GC(141) Survivor regions: 2->2(3)
[2026-10-07T18:37:51.899+0800][1547.244s][info][gc,heap     ] GC(141) Old regions: 185->186
[2026-10-07T18:37:51.899+0800][1547.244s][info][gc,heap     ] GC(141) Archive regions: 2->2
[2026-10-07T18:37:51.899+0800][1547.244s][info][gc,heap     ] GC(141) Humongous regions: 5->5
[2026-10-07T18:37:51.899+0800][1547.244s][info][gc,metaspace] GC(141) Metaspace: 139509K(140928K)->139509K(140928K) NonClass: 121293K(121984K)->121293K(121984K) Class: 18215K(18944K)->18215K(18944K)
[2026-10-07T18:37:51.899+0800][1547.244s][info][gc          ] GC(141) Pause Young (Normal) (G1 Evacuation Pause) 214M->192M(488M) 34.802ms
[2026-10-07T18:37:51.899+0800][1547.244s][info][gc,cpu      ] GC(141) User=0.01s Sys=0.02s Real=0.03s
[2026-10-07T18:37:51.899+0800][1547.244s][info][safepoint   ] Safepoint "G1CollectForAllocation", Time since last: 13308254000 ns, Reaching safepoint: 1281500 ns, At safepoint: 36887375 ns, Total: 38168875 ns
[2026-10-07T18:37:53.102+0800][1548.447s][info][safepoint   ] Safepoint "Cleanup", Time since last: 1146111208 ns, Reaching safepoint: 56370708 ns, At safepoint: 565042 ns, Total: 56935750 ns
[2026-10-07T18:37:54.376+0800][1549.721s][info][gc,start    ] GC(142) Pause Young (Normal) (G1 Evacuation Pause)
[2026-10-07T18:37:54.376+0800][1549.721s][info][gc,task     ] GC(142) Using 9 workers of 9 for evacuation
[2026-10-07T18:37:54.407+0800][1549.753s][info][gc,phases   ] GC(142)   Pre Evacuate Collection Set: 3.8ms
[2026-10-07T18:37:54.407+0800][1549.753s][info][gc,phases   ] GC(142)   Merge Heap Roots: 0.8ms
[2026-10-07T18:37:54.407+0800][1549.753s][info][gc,phases   ] GC(142)   Evacuate Collection Set: 16.3ms
[2026-10-07T18:37:54.407+0800][1549.753s][info][gc,phases   ] GC(142)   Post Evacuate Collection Set: 10.4ms
[2026-10-07T18:37:54.408+0800][1549.753s][info][gc,phases   ] GC(142)   Other: 0.2ms
[2026-10-07T18:37:54.408+0800][1549.753s][info][gc,heap     ] GC(142) Eden regions: 22->0(22)
[2026-10-07T18:37:54.408+0800][1549.753s][info][gc,heap     ] GC(142) Survivor regions: 2->2(3)
[2026-10-07T18:37:54.408+0800][1549.753s][info][gc,heap     ] GC(142) Old regions: 186->186
[2026-10-07T18:37:54.408+0800][1549.753s][info][gc,heap     ] GC(142) Archive regions: 2->2
[2026-10-07T18:37:54.408+0800][1549.753s][info][gc,heap     ] GC(142) Humongous regions: 5->5
[2026-10-07T18:37:54.408+0800][1549.753s][info][gc,metaspace] GC(142) Metaspace: 139544K(140992K)->139544K(140992K) NonClass: 121327K(122048K)->121327K(122048K) Class: 18217K(18944K)->18217K(18944K)
[2026-10-07T18:37:54.408+0800][1549.753s][info][gc          ] GC(142) Pause Young (Normal) (G1 Evacuation Pause) 214M->193M(488M) 31.543ms
[2026-10-07T18:37:54.408+0800][1549.753s][info][gc,cpu      ] GC(142) User=0.01s Sys=0.02s Real=0.03s
[2026-10-07T18:37:54.408+0800][1549.753s][info][safepoint   ] Safepoint "G1CollectForAllocation", Time since last: 1274046917 ns, Reaching safepoint: 232333 ns, At safepoint: 31790208 ns, Total: 32022541 ns
[2026-10-07T18:37:55.189+0800][1550.534s][info][gc,start    ] GC(143) Pause Young (Normal) (G1 Evacuation Pause)
[2026-10-07T18:37:55.189+0800][1550.535s][info][gc,task     ] GC(143) Using 9 workers of 9 for evacuation
[2026-10-07T18:37:55.203+0800][1550.548s][info][gc,phases   ] GC(143)   Pre Evacuate Collection Set: 0.9ms
[2026-10-07T18:37:55.203+0800][1550.548s][info][gc,phases   ] GC(143)   Merge Heap Roots: 0.2ms
[2026-10-07T18:37:55.203+0800][1550.548s][info][gc,phases   ] GC(143)   Evacuate Collection Set: 10.6ms
[2026-10-07T18:37:55.203+0800][1550.548s][info][gc,phases   ] GC(143)   Post Evacuate Collection Set: 1.6ms
[2026-10-07T18:37:55.203+0800][1550.548s][info][gc,phases   ] GC(143)   Other: 1.2ms
[2026-10-07T18:37:55.203+0800][1550.548s][info][gc,heap     ] GC(143) Eden regions: 22->0(21)
[2026-10-07T18:37:55.203+0800][1550.548s][info][gc,heap     ] GC(143) Survivor regions: 2->3(3)
[2026-10-07T18:37:55.203+0800][1550.548s][info][gc,heap     ] GC(143) Old regions: 186->186
[2026-10-07T18:37:55.203+0800][1550.548s][info][gc,heap     ] GC(143) Archive regions: 2->2
[2026-10-07T18:37:55.203+0800][1550.548s][info][gc,heap     ] GC(143) Humongous regions: 5->5
[2026-10-07T18:37:55.203+0800][1550.548s][info][gc,metaspace] GC(143) Metaspace: 139577K(140992K)->139577K(140992K) NonClass: 121358K(122048K)->121358K(122048K) Class: 18218K(18944K)->18218K(18944K)
[2026-10-07T18:37:55.203+0800][1550.549s][info][gc          ] GC(143) Pause Young (Normal) (G1 Evacuation Pause) 215M->193M(488M) 14.936ms
[2026-10-07T18:37:55.204+0800][1550.549s][info][gc,cpu      ] GC(143) User=0.01s Sys=0.02s Real=0.02s
[2026-10-07T18:37:55.204+0800][1550.549s][info][safepoint   ] Safepoint "G1CollectForAllocation", Time since last: 779719792 ns, Reaching safepoint: 975292 ns, At safepoint: 15224583 ns, Total: 16199875 ns
[2026-10-07T18:37:56.811+0800][1552.157s][info][gc,start    ] GC(144) Pause Young (Normal) (G1 Evacuation Pause)
[2026-10-07T18:37:56.812+0800][1552.158s][info][gc,task     ] GC(144) Using 9 workers of 9 for evacuation
[2026-10-07T18:37:56.897+0800][1552.242s][info][gc,phases   ] GC(144)   Pre Evacuate Collection Set: 4.2ms
[2026-10-07T18:37:56.897+0800][1552.242s][info][gc,phases   ] GC(144)   Merge Heap Roots: 0.7ms
[2026-10-07T18:37:56.897+0800][1552.242s][info][gc,phases   ] GC(144)   Evacuate Collection Set: 75.9ms
[2026-10-07T18:37:56.897+0800][1552.242s][info][gc,phases   ] GC(144)   Post Evacuate Collection Set: 2.3ms
[2026-10-07T18:37:56.897+0800][1552.242s][info][gc,phases   ] GC(144)   Other: 2.1ms
[2026-10-07T18:37:56.897+0800][1552.242s][info][gc,heap     ] GC(144) Eden regions: 21->0(21)
[2026-10-07T18:37:56.897+0800][1552.242s][info][gc,heap     ] GC(144) Survivor regions: 3->3(3)
[2026-10-07T18:37:56.897+0800][1552.242s][info][gc,heap     ] GC(144) Old regions: 186->187
[2026-10-07T18:37:56.897+0800][1552.242s][info][gc,heap     ] GC(144) Archive regions: 2->2
[2026-10-07T18:37:56.897+0800][1552.242s][info][gc,heap     ] GC(144) Humongous regions: 5->5
[2026-10-07T18:37:56.897+0800][1552.242s][info][gc,metaspace] GC(144) Metaspace: 139590K(140992K)->139590K(140992K) NonClass: 121372K(122048K)->121372K(122048K) Class: 18218K(18944K)->18218K(18944K)
[2026-10-07T18:37:56.897+0800][1552.242s][info][gc          ] GC(144) Pause Young (Normal) (G1 Evacuation Pause) 214M->194M(488M) 85.313ms
[2026-10-07T18:37:56.897+0800][1552.242s][info][gc,cpu      ] GC(144) User=0.01s Sys=0.03s Real=0.08s
[2026-10-07T18:37:56.897+0800][1552.242s][info][safepoint   ] Safepoint "G1CollectForAllocation", Time since last: 1597148333 ns, Reaching safepoint: 10512292 ns, At safepoint: 85419667 ns, Total: 95931959 ns
[2026-10-07T18:38:01.754+0800][1557.099s][info][safepoint   ] Safepoint "Cleanup", Time since last: 4527475000 ns, Reaching safepoint: 329114875 ns, At safepoint: 261791 ns, Total: 329376666 ns
[2026-10-07T18:38:06.461+0800][1561.807s][info][safepoint   ] Safepoint "Cleanup", Time since last: 4550537792 ns, Reaching safepoint: 156302542 ns, At safepoint: 922708 ns, Total: 157225250 ns
[2026-10-07T18:38:12.701+0800][1568.046s][info][safepoint   ] Safepoint "Cleanup", Time since last: 5770958042 ns, Reaching safepoint: 303715041 ns, At safepoint: 88047625 ns, Total: 391762666 ns
[2026-10-07T18:38:28.955+0800][1584.300s][info][safepoint   ] Safepoint "Cleanup", Time since last: 15645450209 ns, Reaching safepoint: 607670875 ns, At safepoint: 458500 ns, Total: 608129375 ns
[2026-10-07T18:38:44.820+0800][1600.166s][info][safepoint   ] Safepoint "Cleanup", Time since last: 15903058666 ns, Reaching safepoint: 28558292 ns, At safepoint: 691625 ns, Total: 29249917 ns
[2026-10-07T18:38:45.411+0800][1600.757s][info][gc,start    ] GC(145) Pause Young (Normal) (G1 Evacuation Pause)
[2026-10-07T18:38:45.414+0800][1600.760s][info][gc,task     ] GC(145) Using 9 workers of 9 for evacuation
[2026-10-07T18:38:45.878+0800][1601.223s][info][gc,mmu      ] GC(145) MMU target violated: 201.0ms (200.0ms/201.0ms)
[2026-10-07T18:38:45.879+0800][1601.224s][info][gc,phases   ] GC(145)   Pre Evacuate Collection Set: 28.5ms
[2026-10-07T18:38:45.879+0800][1601.224s][info][gc,phases   ] GC(145)   Merge Heap Roots: 8.1ms
[2026-10-07T18:38:45.879+0800][1601.224s][info][gc,phases   ] GC(145)   Evacuate Collection Set: 356.7ms
[2026-10-07T18:38:45.879+0800][1601.225s][info][gc,phases   ] GC(145)   Post Evacuate Collection Set: 41.0ms
[2026-10-07T18:38:45.879+0800][1601.225s][info][gc,phases   ] GC(145)   Other: 44.8ms
[2026-10-07T18:38:45.879+0800][1601.225s][info][gc,heap     ] GC(145) Eden regions: 21->0(22)
[2026-10-07T18:38:45.879+0800][1601.225s][info][gc,heap     ] GC(145) Survivor regions: 3->2(3)
[2026-10-07T18:38:45.879+0800][1601.225s][info][gc,heap     ] GC(145) Old regions: 187->188
[2026-10-07T18:38:45.879+0800][1601.225s][info][gc,heap     ] GC(145) Archive regions: 2->2
[2026-10-07T18:38:45.879+0800][1601.225s][info][gc,heap     ] GC(145) Humongous regions: 5->5
[2026-10-07T18:38:45.881+0800][1601.226s][info][gc,metaspace] GC(145) Metaspace: 139590K(140992K)->139590K(140992K) NonClass: 121372K(122048K)->121372K(122048K) Class: 18218K(18944K)->18218K(18944K)
[2026-10-07T18:38:45.881+0800][1601.226s][info][gc          ] GC(145) Pause Young (Normal) (G1 Evacuation Pause) 215M->194M(488M) 471.443ms
[2026-10-07T18:38:45.881+0800][1601.226s][info][gc,cpu      ] GC(145) User=0.05s Sys=0.08s Real=0.47s
[2026-10-07T18:38:45.881+0800][1601.227s][info][safepoint   ] Safepoint "G1CollectForAllocation", Time since last: 586549375 ns, Reaching safepoint: 1914542 ns, At safepoint: 482842000 ns, Total: 484756542 ns
[2026-10-07T18:38:56.214+0800][1611.559s][info][gc,start    ] GC(146) Pause Young (Normal) (G1 Evacuation Pause)
[2026-10-07T18:38:56.217+0800][1611.562s][info][gc,task     ] GC(146) Using 9 workers of 9 for evacuation
[2026-10-07T18:38:56.370+0800][1611.715s][info][gc,phases   ] GC(146)   Pre Evacuate Collection Set: 4.7ms
[2026-10-07T18:38:56.370+0800][1611.715s][info][gc,phases   ] GC(146)   Merge Heap Roots: 2.6ms
[2026-10-07T18:38:56.370+0800][1611.715s][info][gc,phases   ] GC(146)   Evacuate Collection Set: 109.7ms
[2026-10-07T18:38:56.370+0800][1611.715s][info][gc,phases   ] GC(146)   Post Evacuate Collection Set: 9.5ms
[2026-10-07T18:38:56.370+0800][1611.715s][info][gc,phases   ] GC(146)   Other: 30.8ms
[2026-10-07T18:38:56.370+0800][1611.715s][info][gc,heap     ] GC(146) Eden regions: 22->0(22)
[2026-10-07T18:38:56.370+0800][1611.715s][info][gc,heap     ] GC(146) Survivor regions: 2->2(3)
[2026-10-07T18:38:56.370+0800][1611.715s][info][gc,heap     ] GC(146) Old regions: 188->188
[2026-10-07T18:38:56.370+0800][1611.715s][info][gc,heap     ] GC(146) Archive regions: 2->2
[2026-10-07T18:38:56.370+0800][1611.715s][info][gc,heap     ] GC(146) Humongous regions: 5->5
[2026-10-07T18:38:56.370+0800][1611.715s][info][gc,metaspace] GC(146) Metaspace: 139621K(141056K)->139621K(141056K) NonClass: 121401K(122112K)->121401K(122112K) Class: 18220K(18944K)->18220K(18944K)
[2026-10-07T18:38:56.374+0800][1611.720s][info][gc          ] GC(146) Pause Young (Normal) (G1 Evacuation Pause) 216M->195M(488M) 160.996ms
[2026-10-07T18:38:56.374+0800][1611.720s][info][gc,cpu      ] GC(146) User=0.02s Sys=0.04s Real=0.16s
[2026-10-07T18:38:56.375+0800][1611.720s][info][safepoint   ] Safepoint "G1CollectForAllocation", Time since last: 10328087333 ns, Reaching safepoint: 2605125 ns, At safepoint: 162755875 ns, Total: 165361000 ns
[2026-10-07T18:38:57.234+0800][1612.580s][info][gc,start    ] GC(147) Pause Young (Normal) (G1 Evacuation Pause)
[2026-10-07T18:38:57.234+0800][1612.580s][info][gc,task     ] GC(147) Using 9 workers of 9 for evacuation
[2026-10-07T18:38:57.242+0800][1612.587s][info][gc,phases   ] GC(147)   Pre Evacuate Collection Set: 0.7ms
[2026-10-07T18:38:57.242+0800][1612.587s][info][gc,phases   ] GC(147)   Merge Heap Roots: 0.3ms
[2026-10-07T18:38:57.242+0800][1612.587s][info][gc,phases   ] GC(147)   Evacuate Collection Set: 5.5ms
[2026-10-07T18:38:57.242+0800][1612.587s][info][gc,phases   ] GC(147)   Post Evacuate Collection Set: 0.5ms
[2026-10-07T18:38:57.242+0800][1612.587s][info][gc,phases   ] GC(147)   Other: 0.3ms
[2026-10-07T18:38:57.242+0800][1612.587s][info][gc,heap     ] GC(147) Eden regions: 22->0(22)
[2026-10-07T18:38:57.242+0800][1612.587s][info][gc,heap     ] GC(147) Survivor regions: 2->2(3)
[2026-10-07T18:38:57.242+0800][1612.587s][info][gc,heap     ] GC(147) Old regions: 188->188
[2026-10-07T18:38:57.242+0800][1612.587s][info][gc,heap     ] GC(147) Archive regions: 2->2
[2026-10-07T18:38:57.242+0800][1612.587s][info][gc,heap     ] GC(147) Humongous regions: 5->5
[2026-10-07T18:38:57.242+0800][1612.587s][info][gc,metaspace] GC(147) Metaspace: 139622K(141056K)->139622K(141056K) NonClass: 121401K(122112K)->121401K(122112K) Class: 18220K(18944K)->18220K(18944K)
[2026-10-07T18:38:57.242+0800][1612.587s][info][gc          ] GC(147) Pause Young (Normal) (G1 Evacuation Pause) 217M->195M(488M) 7.353ms
[2026-10-07T18:38:57.242+0800][1612.587s][info][gc,cpu      ] GC(147) User=0.01s Sys=0.02s Real=0.01s
[2026-10-07T18:38:57.242+0800][1612.587s][info][safepoint   ] Safepoint "G1CollectForAllocation", Time since last: 858947292 ns, Reaching safepoint: 398958 ns, At safepoint: 7492750 ns, Total: 7891708 ns
[2026-10-07T18:38:57.569+0800][1612.915s][info][gc,start    ] GC(148) Pause Young (Normal) (G1 Evacuation Pause)
[2026-10-07T18:38:57.569+0800][1612.915s][info][gc,task     ] GC(148) Using 9 workers of 9 for evacuation
[2026-10-07T18:38:57.588+0800][1612.933s][info][gc,phases   ] GC(148)   Pre Evacuate Collection Set: 0.1ms
[2026-10-07T18:38:57.588+0800][1612.933s][info][gc,phases   ] GC(148)   Merge Heap Roots: 0.1ms
[2026-10-07T18:38:57.588+0800][1612.933s][info][gc,phases   ] GC(148)   Evacuate Collection Set: 17.7ms
[2026-10-07T18:38:57.588+0800][1612.933s][info][gc,phases   ] GC(148)   Post Evacuate Collection Set: 0.4ms
[2026-10-07T18:38:57.588+0800][1612.933s][info][gc,phases   ] GC(148)   Other: 0.1ms
[2026-10-07T18:38:57.588+0800][1612.933s][info][gc,heap     ] GC(148) Eden regions: 22->0(30)
[2026-10-07T18:38:57.588+0800][1612.933s][info][gc,heap     ] GC(148) Survivor regions: 2->2(3)
[2026-10-07T18:38:57.588+0800][1612.933s][info][gc,heap     ] GC(148) Old regions: 188->189
[2026-10-07T18:38:57.588+0800][1612.933s][info][gc,heap     ] GC(148) Archive regions: 2->2
[2026-10-07T18:38:57.588+0800][1612.933s][info][gc,heap     ] GC(148) Humongous regions: 5->5
[2026-10-07T18:38:57.588+0800][1612.933s][info][gc,metaspace] GC(148) Metaspace: 139622K(141056K)->139622K(141056K) NonClass: 121401K(122112K)->121401K(122112K) Class: 18220K(18944K)->18220K(18944K)
[2026-10-07T18:38:57.588+0800][1612.933s][info][gc          ] GC(148) Pause Young (Normal) (G1 Evacuation Pause) 217M->196M(488M) 18.419ms
[2026-10-07T18:38:57.588+0800][1612.933s][info][gc,cpu      ] GC(148) User=0.01s Sys=0.01s Real=0.02s
[2026-10-07T18:38:57.588+0800][1612.933s][info][safepoint   ] Safepoint "G1CollectForAllocation", Time since last: 327702583 ns, Reaching safepoint: 61000 ns, At safepoint: 18499459 ns, Total: 18560459 ns
[2026-10-07T18:38:58.713+0800][1614.059s][info][safepoint   ] Safepoint "Cleanup", Time since last: 1118884291 ns, Reaching safepoint: 6634750 ns, At safepoint: 46875 ns, Total: 6681625 ns
[2026-10-07T18:38:58.825+0800][1614.171s][info][gc,start    ] GC(149) Pause Young (Normal) (G1 Evacuation Pause)
[2026-10-07T18:38:58.826+0800][1614.171s][info][gc,task     ] GC(149) Using 9 workers of 9 for evacuation
[2026-10-07T18:38:59.125+0800][1614.470s][info][gc,mmu      ] GC(149) MMU target violated: 201.0ms (200.0ms/201.0ms)
[2026-10-07T18:38:59.125+0800][1614.471s][info][gc,phases   ] GC(149)   Pre Evacuate Collection Set: 1.8ms
[2026-10-07T18:38:59.125+0800][1614.471s][info][gc,phases   ] GC(149)   Merge Heap Roots: 0.4ms
[2026-10-07T18:38:59.125+0800][1614.471s][info][gc,phases   ] GC(149)   Evacuate Collection Set: 293.0ms
[2026-10-07T18:38:59.125+0800][1614.471s][info][gc,phases   ] GC(149)   Post Evacuate Collection Set: 4.0ms
[2026-10-07T18:38:59.125+0800][1614.471s][info][gc,phases   ] GC(149)   Other: 1.2ms
[2026-10-07T18:38:59.125+0800][1614.471s][info][gc,heap     ] GC(149) Eden regions: 30->0(21)
[2026-10-07T18:38:59.125+0800][1614.471s][info][gc,heap     ] GC(149) Survivor regions: 2->3(4)
[2026-10-07T18:38:59.125+0800][1614.471s][info][gc,heap     ] GC(149) Old regions: 189->189
[2026-10-07T18:38:59.125+0800][1614.471s][info][gc,heap     ] GC(149) Archive regions: 2->2
[2026-10-07T18:38:59.125+0800][1614.471s][info][gc,heap     ] GC(149) Humongous regions: 5->5
[2026-10-07T18:38:59.125+0800][1614.471s][info][gc,metaspace] GC(149) Metaspace: 139622K(141056K)->139622K(141056K) NonClass: 121401K(122112K)->121401K(122112K) Class: 18220K(18944K)->18220K(18944K)
[2026-10-07T18:38:59.126+0800][1614.471s][info][gc          ] GC(149) Pause Young (Normal) (G1 Evacuation Pause) 226M->196M(488M) 300.119ms
[2026-10-07T18:38:59.126+0800][1614.471s][info][gc,cpu      ] GC(149) User=0.01s Sys=0.04s Real=0.30s
[2026-10-07T18:38:59.126+0800][1614.471s][info][safepoint   ] Safepoint "G1CollectForAllocation", Time since last: 110236375 ns, Reaching safepoint: 513750 ns, At safepoint: 301656834 ns, Total: 302170584 ns
[2026-10-07T18:39:00.275+0800][1615.620s][info][safepoint   ] Safepoint "Cleanup", Time since last: 1148455500 ns, Reaching safepoint: 372625 ns, At safepoint: 17916 ns, Total: 390541 ns
[2026-10-07T18:39:00.942+0800][1616.287s][info][gc,start    ] GC(150) Pause Young (Normal) (G1 Evacuation Pause)
[2026-10-07T18:39:00.942+0800][1616.287s][info][gc,task     ] GC(150) Using 9 workers of 9 for evacuation
[2026-10-07T18:39:01.077+0800][1616.422s][info][gc,phases   ] GC(150)   Pre Evacuate Collection Set: 0.3ms
[2026-10-07T18:39:01.077+0800][1616.422s][info][gc,phases   ] GC(150)   Merge Heap Roots: 0.2ms
[2026-10-07T18:39:01.077+0800][1616.422s][info][gc,phases   ] GC(150)   Evacuate Collection Set: 133.3ms
[2026-10-07T18:39:01.077+0800][1616.422s][info][gc,phases   ] GC(150)   Post Evacuate Collection Set: 1.1ms
[2026-10-07T18:39:01.077+0800][1616.422s][info][gc,phases   ] GC(150)   Other: 0.2ms
[2026-10-07T18:39:01.077+0800][1616.422s][info][gc,heap     ] GC(150) Eden regions: 21->0(22)
[2026-10-07T18:39:01.077+0800][1616.422s][info][gc,heap     ] GC(150) Survivor regions: 3->2(3)
[2026-10-07T18:39:01.077+0800][1616.422s][info][gc,heap     ] GC(150) Old regions: 189->190
[2026-10-07T18:39:01.077+0800][1616.422s][info][gc,heap     ] GC(150) Archive regions: 2->2
[2026-10-07T18:39:01.077+0800][1616.422s][info][gc,heap     ] GC(150) Humongous regions: 5->5
[2026-10-07T18:39:01.077+0800][1616.422s][info][gc,metaspace] GC(150) Metaspace: 139631K(141056K)->139631K(141056K) NonClass: 121410K(122112K)->121410K(122112K) Class: 18220K(18944K)->18220K(18944K)
[2026-10-07T18:39:01.077+0800][1616.422s][info][gc          ] GC(150) Pause Young (Normal) (G1 Evacuation Pause) 217M->197M(488M) 135.250ms
[2026-10-07T18:39:01.077+0800][1616.422s][info][gc,cpu      ] GC(150) User=0.01s Sys=0.06s Real=0.13s
[2026-10-07T18:39:01.077+0800][1616.422s][info][safepoint   ] Safepoint "G1CollectForAllocation", Time since last: 666702667 ns, Reaching safepoint: 125625 ns, At safepoint: 135366458 ns, Total: 135492083 ns
[2026-10-07T18:39:01.817+0800][1617.162s][info][gc,start    ] GC(151) Pause Young (Normal) (G1 Evacuation Pause)
[2026-10-07T18:39:01.817+0800][1617.162s][info][gc,task     ] GC(151) Using 9 workers of 9 for evacuation
[2026-10-07T18:39:01.839+0800][1617.184s][info][gc,phases   ] GC(151)   Pre Evacuate Collection Set: 0.3ms
[2026-10-07T18:39:01.839+0800][1617.185s][info][gc,phases   ] GC(151)   Merge Heap Roots: 0.1ms
[2026-10-07T18:39:01.839+0800][1617.185s][info][gc,phases   ] GC(151)   Evacuate Collection Set: 19.4ms
[2026-10-07T18:39:01.839+0800][1617.185s][info][gc,phases   ] GC(151)   Post Evacuate Collection Set: 2.0ms
[2026-10-07T18:39:01.839+0800][1617.185s][info][gc,phases   ] GC(151)   Other: 0.5ms
[2026-10-07T18:39:01.839+0800][1617.185s][info][gc,heap     ] GC(151) Eden regions: 22->0(42)
[2026-10-07T18:39:01.839+0800][1617.185s][info][gc,heap     ] GC(151) Survivor regions: 2->2(3)
[2026-10-07T18:39:01.839+0800][1617.185s][info][gc,heap     ] GC(151) Old regions: 190->191
[2026-10-07T18:39:01.839+0800][1617.185s][info][gc,heap     ] GC(151) Archive regions: 2->2
[2026-10-07T18:39:01.839+0800][1617.185s][info][gc,heap     ] GC(151) Humongous regions: 5->5
[2026-10-07T18:39:01.839+0800][1617.185s][info][gc,metaspace] GC(151) Metaspace: 139641K(141056K)->139641K(141056K) NonClass: 121419K(122112K)->121419K(122112K) Class: 18221K(18944K)->18221K(18944K)
[2026-10-07T18:39:01.840+0800][1617.185s][info][gc          ] GC(151) Pause Young (Normal) (G1 Evacuation Pause) 219M->197M(488M) 22.581ms
[2026-10-07T18:39:01.840+0800][1617.185s][info][gc,cpu      ] GC(151) User=0.01s Sys=0.04s Real=0.03s
[2026-10-07T18:39:01.840+0800][1617.185s][info][safepoint   ] Safepoint "G1CollectForAllocation", Time since last: 739658209 ns, Reaching safepoint: 279166 ns, At safepoint: 22680625 ns, Total: 22959791 ns
[2026-10-07T18:39:02.983+0800][1618.328s][info][safepoint   ] Safepoint "Cleanup", Time since last: 1110413000 ns, Reaching safepoint: 33012834 ns, At safepoint: 62791 ns, Total: 33075625 ns
[2026-10-07T18:39:04.071+0800][1619.417s][info][safepoint   ] Safepoint "Cleanup", Time since last: 1087231625 ns, Reaching safepoint: 979042 ns, At safepoint: 12208 ns, Total: 991250 ns
[2026-10-07T18:39:10.509+0800][1625.854s][info][gc,start    ] GC(152) Pause Young (Normal) (G1 Evacuation Pause)
[2026-10-07T18:39:10.510+0800][1625.855s][info][gc,task     ] GC(152) Using 9 workers of 9 for evacuation
[2026-10-07T18:39:10.756+0800][1626.101s][info][gc,mmu      ] GC(152) MMU target violated: 201.0ms (200.0ms/201.0ms)
[2026-10-07T18:39:10.756+0800][1626.102s][info][gc,phases   ] GC(152)   Pre Evacuate Collection Set: 0.6ms
[2026-10-07T18:39:10.756+0800][1626.102s][info][gc,phases   ] GC(152)   Merge Heap Roots: 3.5ms
[2026-10-07T18:39:10.756+0800][1626.102s][info][gc,phases   ] GC(152)   Evacuate Collection Set: 233.9ms
[2026-10-07T18:39:10.756+0800][1626.102s][info][gc,phases   ] GC(152)   Post Evacuate Collection Set: 8.1ms
[2026-10-07T18:39:10.756+0800][1626.102s][info][gc,phases   ] GC(152)   Other: 1.4ms
[2026-10-07T18:39:10.756+0800][1626.102s][info][gc,heap     ] GC(152) Eden regions: 42->0(21)
[2026-10-07T18:39:10.756+0800][1626.102s][info][gc,heap     ] GC(152) Survivor regions: 2->3(6)
[2026-10-07T18:39:10.756+0800][1626.102s][info][gc,heap     ] GC(152) Old regions: 191->191
[2026-10-07T18:39:10.756+0800][1626.102s][info][gc,heap     ] GC(152) Archive regions: 2->2
[2026-10-07T18:39:10.756+0800][1626.102s][info][gc,heap     ] GC(152) Humongous regions: 5->5
[2026-10-07T18:39:10.756+0800][1626.102s][info][gc,metaspace] GC(152) Metaspace: 139644K(141056K)->139644K(141056K) NonClass: 121422K(122112K)->121422K(122112K) Class: 18221K(18944K)->18221K(18944K)
[2026-10-07T18:39:10.757+0800][1626.102s][info][gc          ] GC(152) Pause Young (Normal) (G1 Evacuation Pause) 239M->198M(488M) 247.863ms
[2026-10-07T18:39:10.757+0800][1626.102s][info][gc,cpu      ] GC(152) User=0.02s Sys=0.06s Real=0.25s
[2026-10-07T18:39:10.758+0800][1626.103s][info][safepoint   ] Safepoint "G1CollectForAllocation", Time since last: 6431837792 ns, Reaching safepoint: 5713958 ns, At safepoint: 248916084 ns, Total: 254630042 ns
[2026-10-07T18:39:12.989+0800][1628.334s][info][gc,start    ] GC(153) Pause Young (Normal) (G1 Evacuation Pause)
[2026-10-07T18:39:12.989+0800][1628.334s][info][gc,task     ] GC(153) Using 9 workers of 9 for evacuation
[2026-10-07T18:39:13.033+0800][1628.378s][info][gc,phases   ] GC(153)   Pre Evacuate Collection Set: 1.2ms
[2026-10-07T18:39:13.033+0800][1628.378s][info][gc,phases   ] GC(153)   Merge Heap Roots: 0.9ms
[2026-10-07T18:39:13.033+0800][1628.378s][info][gc,phases   ] GC(153)   Evacuate Collection Set: 36.4ms
[2026-10-07T18:39:13.033+0800][1628.378s][info][gc,phases   ] GC(153)   Post Evacuate Collection Set: 4.8ms
[2026-10-07T18:39:13.033+0800][1628.378s][info][gc,phases   ] GC(153)   Other: 0.9ms
[2026-10-07T18:39:13.033+0800][1628.378s][info][gc,heap     ] GC(153) Eden regions: 21->0(57)
[2026-10-07T18:39:13.033+0800][1628.378s][info][gc,heap     ] GC(153) Survivor regions: 3->2(3)
[2026-10-07T18:39:13.033+0800][1628.378s][info][gc,heap     ] GC(153) Old regions: 191->192
[2026-10-07T18:39:13.033+0800][1628.378s][info][gc,heap     ] GC(153) Archive regions: 2->2
[2026-10-07T18:39:13.033+0800][1628.378s][info][gc,heap     ] GC(153) Humongous regions: 5->5
[2026-10-07T18:39:13.033+0800][1628.378s][info][gc,metaspace] GC(153) Metaspace: 139650K(141056K)->139650K(141056K) NonClass: 121428K(122112K)->121428K(122112K) Class: 18221K(18944K)->18221K(18944K)
[2026-10-07T18:39:13.033+0800][1628.379s][info][gc          ] GC(153) Pause Young (Normal) (G1 Evacuation Pause) 219M->198M(488M) 44.461ms
[2026-10-07T18:39:13.034+0800][1628.380s][info][gc,cpu      ] GC(153) User=0.01s Sys=0.03s Real=0.05s
[2026-10-07T18:39:13.035+0800][1628.380s][info][safepoint   ] Safepoint "G1CollectForAllocation", Time since last: 2229760375 ns, Reaching safepoint: 932250 ns, At safepoint: 46441458 ns, Total: 47373708 ns
[2026-10-07T18:39:14.100+0800][1629.445s][info][safepoint   ] Safepoint "Cleanup", Time since last: 1023308417 ns, Reaching safepoint: 41317083 ns, At safepoint: 51667 ns, Total: 41368750 ns
[2026-10-07T18:39:15.287+0800][1630.633s][info][safepoint   ] Safepoint "Cleanup", Time since last: 1139792916 ns, Reaching safepoint: 47805875 ns, At safepoint: 115167 ns, Total: 47921042 ns
[2026-10-07T18:39:25.797+0800][1641.142s][info][gc,start    ] GC(154) Pause Young (Normal) (G1 Evacuation Pause)
[2026-10-07T18:39:25.799+0800][1641.145s][info][gc,task     ] GC(154) Using 9 workers of 9 for evacuation
[2026-10-07T18:39:25.996+0800][1641.342s][info][gc,phases   ] GC(154)   Pre Evacuate Collection Set: 11.0ms
[2026-10-07T18:39:25.996+0800][1641.342s][info][gc,phases   ] GC(154)   Merge Heap Roots: 5.1ms
[2026-10-07T18:39:25.996+0800][1641.342s][info][gc,phases   ] GC(154)   Evacuate Collection Set: 149.5ms
[2026-10-07T18:39:25.996+0800][1641.342s][info][gc,phases   ] GC(154)   Post Evacuate Collection Set: 25.2ms
[2026-10-07T18:39:25.996+0800][1641.342s][info][gc,phases   ] GC(154)   Other: 8.9ms
[2026-10-07T18:39:25.996+0800][1641.342s][info][gc,heap     ] GC(154) Eden regions: 56->0(23)
[2026-10-07T18:39:25.996+0800][1641.342s][info][gc,heap     ] GC(154) Survivor regions: 2->3(8)
[2026-10-07T18:39:25.996+0800][1641.342s][info][gc,heap     ] GC(154) Old regions: 192->192
[2026-10-07T18:39:25.996+0800][1641.342s][info][gc,heap     ] GC(154) Archive regions: 2->2
[2026-10-07T18:39:25.996+0800][1641.342s][info][gc,heap     ] GC(154) Humongous regions: 5->5
[2026-10-07T18:39:25.996+0800][1641.342s][info][gc,metaspace] GC(154) Metaspace: 139657K(141056K)->139657K(141056K) NonClass: 121435K(122112K)->121435K(122112K) Class: 18221K(18944K)->18221K(18944K)
[2026-10-07T18:39:25.998+0800][1641.343s][info][gc          ] GC(154) Pause Young (Normal) (G1 Evacuation Pause) 254M->199M(488M) 200.092ms
[2026-10-07T18:39:25.999+0800][1641.344s][info][gc,cpu      ] GC(154) User=0.01s Sys=0.08s Real=0.20s
[2026-10-07T18:39:26.005+0800][1641.351s][info][safepoint   ] Safepoint "G1CollectForAllocation", Time since last: 10507182792 ns, Reaching safepoint: 1788375 ns, At safepoint: 209094958 ns, Total: 210883333 ns
[2026-10-07T18:39:31.649+0800][1646.995s][info][safepoint   ] Safepoint "Cleanup", Time since last: 5620816083 ns, Reaching safepoint: 22524000 ns, At safepoint: 557834 ns, Total: 23081834 ns
[2026-10-07T18:39:32.814+0800][1648.159s][info][safepoint   ] Safepoint "Cleanup", Time since last: 1156269958 ns, Reaching safepoint: 7885500 ns, At safepoint: 313208 ns, Total: 8198708 ns
[2026-10-07T18:39:41.859+0800][1657.204s][info][safepoint   ] Safepoint "Cleanup", Time since last: 8973388417 ns, Reaching safepoint: 71950250 ns, At safepoint: 44125 ns, Total: 71994375 ns
[2026-10-07T18:39:42.493+0800][1657.838s][info][gc,start    ] GC(155) Pause Young (Normal) (G1 Evacuation Pause)
[2026-10-07T18:39:42.493+0800][1657.839s][info][gc,task     ] GC(155) Using 9 workers of 9 for evacuation
[2026-10-07T18:39:42.830+0800][1658.176s][info][gc,mmu      ] GC(155) MMU target violated: 201.0ms (200.0ms/201.0ms)
[2026-10-07T18:39:42.831+0800][1658.176s][info][gc,phases   ] GC(155)   Pre Evacuate Collection Set: 5.0ms
[2026-10-07T18:39:42.831+0800][1658.176s][info][gc,phases   ] GC(155)   Merge Heap Roots: 3.3ms
[2026-10-07T18:39:42.831+0800][1658.176s][info][gc,phases   ] GC(155)   Evacuate Collection Set: 313.2ms
[2026-10-07T18:39:42.831+0800][1658.176s][info][gc,phases   ] GC(155)   Post Evacuate Collection Set: 15.0ms
[2026-10-07T18:39:42.831+0800][1658.176s][info][gc,phases   ] GC(155)   Other: 2.0ms
[2026-10-07T18:39:42.831+0800][1658.176s][info][gc,heap     ] GC(155) Eden regions: 21->0(43)
[2026-10-07T18:39:42.831+0800][1658.176s][info][gc,heap     ] GC(155) Survivor regions: 3->2(3)
[2026-10-07T18:39:42.831+0800][1658.176s][info][gc,heap     ] GC(155) Old regions: 192->193
[2026-10-07T18:39:42.831+0800][1658.176s][info][gc,heap     ] GC(155) Archive regions: 2->2
[2026-10-07T18:39:42.831+0800][1658.176s][info][gc,heap     ] GC(155) Humongous regions: 5->5
[2026-10-07T18:39:42.831+0800][1658.176s][info][gc,metaspace] GC(155) Metaspace: 139664K(141120K)->139664K(141120K) NonClass: 121442K(122176K)->121442K(122176K) Class: 18221K(18944K)->18221K(18944K)
[2026-10-07T18:39:42.831+0800][1658.176s][info][gc          ] GC(155) Pause Young (Normal) (G1 Evacuation Pause) 220M->200M(488M) 338.507ms
[2026-10-07T18:39:42.831+0800][1658.176s][info][gc,cpu      ] GC(155) User=0.03s Sys=0.06s Real=0.34s
[2026-10-07T18:39:42.831+0800][1658.176s][info][safepoint   ] Safepoint "G1CollectForAllocation", Time since last: 630762167 ns, Reaching safepoint: 578125 ns, At safepoint: 340280083 ns, Total: 340858208 ns
[2026-10-07T18:39:55.131+0800][1670.476s][info][safepoint   ] Safepoint "Cleanup", Time since last: 12229089792 ns, Reaching safepoint: 70538750 ns, At safepoint: 172250 ns, Total: 70711000 ns
[2026-10-07T18:39:55.163+0800][1670.508s][info][gc,start    ] GC(156) Pause Young (Normal) (G1 Evacuation Pause)
[2026-10-07T18:39:55.163+0800][1670.508s][info][gc,task     ] GC(156) Using 9 workers of 9 for evacuation
[2026-10-07T18:39:55.245+0800][1670.591s][info][gc,phases   ] GC(156)   Pre Evacuate Collection Set: 2.4ms
[2026-10-07T18:39:55.245+0800][1670.591s][info][gc,phases   ] GC(156)   Merge Heap Roots: 0.9ms
[2026-10-07T18:39:55.245+0800][1670.591s][info][gc,phases   ] GC(156)   Evacuate Collection Set: 77.6ms
[2026-10-07T18:39:55.245+0800][1670.591s][info][gc,phases   ] GC(156)   Post Evacuate Collection Set: 1.0ms
[2026-10-07T18:39:55.245+0800][1670.591s][info][gc,phases   ] GC(156)   Other: 0.4ms
[2026-10-07T18:39:55.245+0800][1670.591s][info][gc,heap     ] GC(156) Eden regions: 40->0(37)
[2026-10-07T18:39:55.245+0800][1670.591s][info][gc,heap     ] GC(156) Survivor regions: 2->3(6)
[2026-10-07T18:39:55.245+0800][1670.591s][info][gc,heap     ] GC(156) Old regions: 193->193
[2026-10-07T18:39:55.245+0800][1670.591s][info][gc,heap     ] GC(156) Archive regions: 2->2
[2026-10-07T18:39:55.245+0800][1670.591s][info][gc,heap     ] GC(156) Humongous regions: 5->5
[2026-10-07T18:39:55.245+0800][1670.591s][info][gc,metaspace] GC(156) Metaspace: 139669K(141120K)->139669K(141120K) NonClass: 121447K(122176K)->121447K(122176K) Class: 18222K(18944K)->18222K(18944K)
[2026-10-07T18:39:55.246+0800][1670.591s][info][gc          ] GC(156) Pause Young (Normal) (G1 Evacuation Pause) 240M->200M(488M) 82.859ms
[2026-10-07T18:39:55.246+0800][1670.591s][info][gc,cpu      ] GC(156) User=0.01s Sys=0.04s Real=0.08s
[2026-10-07T18:39:55.246+0800][1670.591s][info][safepoint   ] Safepoint "G1CollectForAllocation", Time since last: 32303166 ns, Reaching safepoint: 77167 ns, At safepoint: 83105875 ns, Total: 83183042 ns
[2026-10-07T18:39:56.064+0800][1671.409s][info][gc,start    ] GC(157) Pause Young (Normal) (G1 Evacuation Pause)
[2026-10-07T18:39:56.064+0800][1671.410s][info][gc,task     ] GC(157) Using 9 workers of 9 for evacuation
[2026-10-07T18:39:56.072+0800][1671.417s][info][gc,phases   ] GC(157)   Pre Evacuate Collection Set: 0.2ms
[2026-10-07T18:39:56.072+0800][1671.417s][info][gc,phases   ] GC(157)   Merge Heap Roots: 0.1ms
[2026-10-07T18:39:56.072+0800][1671.417s][info][gc,phases   ] GC(157)   Evacuate Collection Set: 5.3ms
[2026-10-07T18:39:56.072+0800][1671.417s][info][gc,phases   ] GC(157)   Post Evacuate Collection Set: 1.8ms
[2026-10-07T18:39:56.072+0800][1671.417s][info][gc,phases   ] GC(157)   Other: 0.1ms
[2026-10-07T18:39:56.072+0800][1671.417s][info][gc,heap     ] GC(157) Eden regions: 37->0(73)
[2026-10-07T18:39:56.072+0800][1671.417s][info][gc,heap     ] GC(157) Survivor regions: 3->3(5)
[2026-10-07T18:39:56.072+0800][1671.417s][info][gc,heap     ] GC(157) Old regions: 193->193
[2026-10-07T18:39:56.072+0800][1671.417s][info][gc,heap     ] GC(157) Archive regions: 2->2
[2026-10-07T18:39:56.072+0800][1671.417s][info][gc,heap     ] GC(157) Humongous regions: 5->5
[2026-10-07T18:39:56.072+0800][1671.417s][info][gc,metaspace] GC(157) Metaspace: 139670K(141120K)->139670K(141120K) NonClass: 121447K(122176K)->121447K(122176K) Class: 18222K(18944K)->18222K(18944K)
[2026-10-07T18:39:56.072+0800][1671.417s][info][gc          ] GC(157) Pause Young (Normal) (G1 Evacuation Pause) 237M->201M(488M) 7.510ms
[2026-10-07T18:39:56.072+0800][1671.417s][info][gc,cpu      ] GC(157) User=0.01s Sys=0.02s Real=0.01s
[2026-10-07T18:39:56.072+0800][1671.417s][info][safepoint   ] Safepoint "G1CollectForAllocation", Time since last: 817920917 ns, Reaching safepoint: 214375 ns, At safepoint: 7613000 ns, Total: 7827375 ns
[2026-10-07T18:39:57.229+0800][1672.574s][info][safepoint   ] Safepoint "Cleanup", Time since last: 1145889083 ns, Reaching safepoint: 10732083 ns, At safepoint: 75417 ns, Total: 10807500 ns
[2026-10-07T18:39:58.407+0800][1673.752s][info][safepoint   ] Safepoint "Cleanup", Time since last: 1147981417 ns, Reaching safepoint: 29638083 ns, At safepoint: 530875 ns, Total: 30168958 ns
[2026-10-07T18:39:59.558+0800][1674.903s][info][safepoint   ] Safepoint "Cleanup", Time since last: 1139354833 ns, Reaching safepoint: 11473792 ns, At safepoint: 55542 ns, Total: 11529334 ns
[2026-10-07T18:40:00.729+0800][1676.074s][info][safepoint   ] Safepoint "Cleanup", Time since last: 1149536750 ns, Reaching safepoint: 21438916 ns, At safepoint: 17167 ns, Total: 21456083 ns
[2026-10-07T18:40:02.069+0800][1677.415s][info][safepoint   ] Safepoint "Cleanup", Time since last: 1313344458 ns, Reaching safepoint: 27530792 ns, At safepoint: 53833 ns, Total: 27584625 ns
[2026-10-07T18:40:03.217+0800][1678.562s][info][safepoint   ] Safepoint "Cleanup", Time since last: 1146046584 ns, Reaching safepoint: 1084625 ns, At safepoint: 90291 ns, Total: 1174916 ns
[2026-10-07T18:40:04.392+0800][1679.738s][info][safepoint   ] Safepoint "Cleanup", Time since last: 1080608667 ns, Reaching safepoint: 93850083 ns, At safepoint: 1202709 ns, Total: 95052792 ns
[2026-10-07T18:40:05.545+0800][1680.890s][info][safepoint   ] Safepoint "Cleanup", Time since last: 1149879291 ns, Reaching safepoint: 2207709 ns, At safepoint: 371458 ns, Total: 2579167 ns
[2026-10-07T18:40:06.748+0800][1682.093s][info][safepoint   ] Safepoint "Cleanup", Time since last: 1148770333 ns, Reaching safepoint: 54350625 ns, At safepoint: 24542 ns, Total: 54375167 ns
[2026-10-07T18:40:07.932+0800][1683.277s][info][safepoint   ] Safepoint "Cleanup", Time since last: 1145889333 ns, Reaching safepoint: 38135625 ns, At safepoint: 55084 ns, Total: 38190709 ns
[2026-10-07T18:40:08.936+0800][1684.282s][info][safepoint   ] Safepoint "Cleanup", Time since last: 1001549458 ns, Reaching safepoint: 2641333 ns, At safepoint: 95500 ns, Total: 2736833 ns
[2026-10-07T18:40:09.533+0800][1684.879s][info][gc,start    ] GC(158) Pause Young (Normal) (G1 Evacuation Pause)
[2026-10-07T18:40:09.534+0800][1684.879s][info][gc,task     ] GC(158) Using 9 workers of 9 for evacuation
[2026-10-07T18:40:09.646+0800][1684.991s][info][gc,phases   ] GC(158)   Pre Evacuate Collection Set: 2.5ms
[2026-10-07T18:40:09.646+0800][1684.991s][info][gc,phases   ] GC(158)   Merge Heap Roots: 4.0ms
[2026-10-07T18:40:09.646+0800][1684.991s][info][gc,phases   ] GC(158)   Evacuate Collection Set: 103.6ms
[2026-10-07T18:40:09.646+0800][1684.991s][info][gc,phases   ] GC(158)   Post Evacuate Collection Set: 1.8ms
[2026-10-07T18:40:09.646+0800][1684.991s][info][gc,phases   ] GC(158)   Other: 0.5ms
[2026-10-07T18:40:09.646+0800][1684.991s][info][gc,heap     ] GC(158) Eden regions: 60->0(41)
[2026-10-07T18:40:09.646+0800][1684.991s][info][gc,heap     ] GC(158) Survivor regions: 3->4(8)
[2026-10-07T18:40:09.646+0800][1684.991s][info][gc,heap     ] GC(158) Old regions: 193->193
[2026-10-07T18:40:09.646+0800][1684.991s][info][gc,heap     ] GC(158) Archive regions: 2->2
[2026-10-07T18:40:09.646+0800][1684.991s][info][gc,heap     ] GC(158) Humongous regions: 5->5
[2026-10-07T18:40:09.646+0800][1684.991s][info][gc,metaspace] GC(158) Metaspace: 139875K(141376K)->139875K(141376K) NonClass: 121639K(122368K)->121639K(122368K) Class: 18236K(19008K)->18236K(19008K)
[2026-10-07T18:40:09.646+0800][1684.991s][info][gc          ] GC(158) Pause Young (Normal) (G1 Evacuation Pause) 261M->201M(488M) 112.508ms
[2026-10-07T18:40:09.646+0800][1684.991s][info][gc,cpu      ] GC(158) User=0.02s Sys=0.07s Real=0.11s
[2026-10-07T18:40:09.646+0800][1684.991s][info][safepoint   ] Safepoint "G1CollectForAllocation", Time since last: 596738250 ns, Reaching safepoint: 325209 ns, At safepoint: 112717083 ns, Total: 113042292 ns
[2026-10-07T18:40:10.825+0800][1686.170s][info][safepoint   ] Safepoint "Cleanup", Time since last: 1149368042 ns, Reaching safepoint: 29482583 ns, At safepoint: 70708 ns, Total: 29553291 ns
[2026-10-07T18:40:11.956+0800][1687.301s][info][safepoint   ] Safepoint "Cleanup", Time since last: 1102753625 ns, Reaching safepoint: 27413667 ns, At safepoint: 634792 ns, Total: 28048459 ns
[2026-10-07T18:40:13.091+0800][1688.436s][info][safepoint   ] Safepoint "Cleanup", Time since last: 1120829708 ns, Reaching safepoint: 14435875 ns, At safepoint: 66583 ns, Total: 14502458 ns
[2026-10-07T18:40:16.520+0800][1691.866s][info][safepoint   ] Safepoint "Cleanup", Time since last: 3394408459 ns, Reaching safepoint: 34676541 ns, At safepoint: 58709 ns, Total: 34735250 ns
[2026-10-07T18:40:40.302+0800][1715.647s][info][safepoint   ] Safepoint "Cleanup", Time since last: 23600815250 ns, Reaching safepoint: 125954166 ns, At safepoint: 22571334 ns, Total: 148525500 ns
[2026-10-07T18:40:51.510+0800][1726.855s][info][safepoint   ] Safepoint "Cleanup", Time since last: 11121552333 ns, Reaching safepoint: 72617458 ns, At safepoint: 26571459 ns, Total: 99188917 ns
[2026-10-07T18:40:52.694+0800][1728.039s][info][safepoint   ] Safepoint "Cleanup", Time since last: 1170124000 ns, Reaching safepoint: 33309833 ns, At safepoint: 36375 ns, Total: 33346208 ns
[2026-10-07T18:40:53.857+0800][1729.203s][info][safepoint   ] Safepoint "Cleanup", Time since last: 1147881833 ns, Reaching safepoint: 15539542 ns, At safepoint: 146625 ns, Total: 15686167 ns
[2026-10-07T18:41:00.663+0800][1736.008s][info][safepoint   ] Safepoint "Cleanup", Time since last: 6773134667 ns, Reaching safepoint: 32102916 ns, At safepoint: 128084 ns, Total: 32231000 ns
[2026-10-07T18:41:02.076+0800][1737.421s][info][safepoint   ] Safepoint "Cleanup", Time since last: 1141587916 ns, Reaching safepoint: 271205459 ns, At safepoint: 63958 ns, Total: 271269417 ns
[2026-10-07T18:41:03.134+0800][1738.479s][info][safepoint   ] Safepoint "Cleanup", Time since last: 1056024792 ns, Reaching safepoint: 1042166 ns, At safepoint: 1539000 ns, Total: 2581166 ns
[2026-10-07T18:41:04.320+0800][1739.665s][info][safepoint   ] Safepoint "Cleanup", Time since last: 1130817250 ns, Reaching safepoint: 54332375 ns, At safepoint: 18875 ns, Total: 54351250 ns
[2026-10-07T18:41:05.538+0800][1740.883s][info][safepoint   ] Safepoint "Cleanup", Time since last: 1148569625 ns, Reaching safepoint: 70085125 ns, At safepoint: 111042 ns, Total: 70196167 ns
[2026-10-07T18:41:07.671+0800][1743.016s][info][safepoint   ] Safepoint "Cleanup", Time since last: 2125069250 ns, Reaching safepoint: 7634500 ns, At safepoint: 67250 ns, Total: 7701750 ns
[2026-10-07T18:41:08.958+0800][1744.303s][info][safepoint   ] Safepoint "Cleanup", Time since last: 1149146917 ns, Reaching safepoint: 137569250 ns, At safepoint: 104708 ns, Total: 137673958 ns
[2026-10-07T18:41:10.111+0800][1745.456s][info][safepoint   ] Safepoint "Cleanup", Time since last: 1143709250 ns, Reaching safepoint: 9006542 ns, At safepoint: 144958 ns, Total: 9151500 ns
[2026-10-07T18:41:12.402+0800][1747.747s][info][safepoint   ] Safepoint "Cleanup", Time since last: 2279439583 ns, Reaching safepoint: 11052459 ns, At safepoint: 377458 ns, Total: 11429917 ns
[2026-10-07T18:41:13.678+0800][1749.023s][info][safepoint   ] Safepoint "Cleanup", Time since last: 1267224792 ns, Reaching safepoint: 8167041 ns, At safepoint: 544750 ns, Total: 8711791 ns
[2026-10-07T18:41:14.841+0800][1750.186s][info][safepoint   ] Safepoint "Cleanup", Time since last: 1157546084 ns, Reaching safepoint: 5579375 ns, At safepoint: 435458 ns, Total: 6014833 ns
[2026-10-07T18:41:15.913+0800][1751.258s][info][safepoint   ] Safepoint "Cleanup", Time since last: 1039195167 ns, Reaching safepoint: 32538458 ns, At safepoint: 14125 ns, Total: 32552583 ns
[2026-10-07T18:41:17.071+0800][1752.416s][info][safepoint   ] Safepoint "Cleanup", Time since last: 1149607167 ns, Reaching safepoint: 8454916 ns, At safepoint: 341042 ns, Total: 8795958 ns
[2026-10-07T18:41:18.276+0800][1753.621s][info][safepoint   ] Safepoint "Cleanup", Time since last: 1182779542 ns, Reaching safepoint: 21953750 ns, At safepoint: 62083 ns, Total: 22015833 ns
[2026-10-07T18:41:19.428+0800][1754.773s][info][safepoint   ] Safepoint "Cleanup", Time since last: 1095044875 ns, Reaching safepoint: 55612875 ns, At safepoint: 981375 ns, Total: 56594250 ns
[2026-10-07T18:41:20.074+0800][1755.419s][info][gc,start    ] GC(159) Pause Young (Normal) (G1 Evacuation Pause)
[2026-10-07T18:41:20.102+0800][1755.448s][info][gc,task     ] GC(159) Using 9 workers of 9 for evacuation
[2026-10-07T18:41:23.134+0800][1758.479s][info][gc,mmu      ] GC(159) MMU target violated: 201.0ms (200.0ms/201.0ms)
[2026-10-07T18:41:23.141+0800][1758.486s][info][gc,phases   ] GC(159)   Pre Evacuate Collection Set: 291.0ms
[2026-10-07T18:41:23.141+0800][1758.486s][info][gc,phases   ] GC(159)   Merge Heap Roots: 163.2ms
[2026-10-07T18:41:23.141+0800][1758.486s][info][gc,phases   ] GC(159)   Evacuate Collection Set: 2259.5ms
[2026-10-07T18:41:23.141+0800][1758.486s][info][gc,phases   ] GC(159)   Post Evacuate Collection Set: 254.9ms
[2026-10-07T18:41:23.141+0800][1758.486s][info][gc,phases   ] GC(159)   Other: 156.4ms
[2026-10-07T18:41:23.141+0800][1758.486s][info][gc,heap     ] GC(159) Eden regions: 29->0(20)
[2026-10-07T18:41:23.141+0800][1758.486s][info][gc,heap     ] GC(159) Survivor regions: 4->4(5)
[2026-10-07T18:41:23.141+0800][1758.486s][info][gc,heap     ] GC(159) Old regions: 193->194
[2026-10-07T18:41:23.141+0800][1758.486s][info][gc,heap     ] GC(159) Archive regions: 2->2
[2026-10-07T18:41:23.141+0800][1758.486s][info][gc,heap     ] GC(159) Humongous regions: 5->5
[2026-10-07T18:41:23.141+0800][1758.486s][info][gc,metaspace] GC(159) Metaspace: 140201K(141760K)->140201K(141760K) NonClass: 121949K(122752K)->121949K(122752K) Class: 18252K(19008K)->18252K(19008K)
[2026-10-07T18:41:23.146+0800][1758.491s][info][gc          ] GC(159) Pause Young (Normal) (G1 Evacuation Pause) 230M->202M(488M) 3092.634ms
[2026-10-07T18:41:23.146+0800][1758.491s][info][gc,cpu      ] GC(159) User=0.12s Sys=0.10s Real=3.09s
[2026-10-07T18:41:23.148+0800][1758.493s][info][safepoint   ] Safepoint "G1CollectForAllocation", Time since last: 562067542 ns, Reaching safepoint: 120083 ns, At safepoint: 3157622500 ns, Total: 3157742583 ns
[2026-10-07T18:41:24.246+0800][1759.591s][info][safepoint   ] Safepoint "Cleanup", Time since last: 1097653375 ns, Reaching safepoint: 608542 ns, At safepoint: 43500 ns, Total: 652042 ns
[2026-10-07T18:41:25.596+0800][1760.941s][info][safepoint   ] Safepoint "Cleanup", Time since last: 1314970416 ns, Reaching safepoint: 35139834 ns, At safepoint: 62916 ns, Total: 35202750 ns
[2026-10-07T18:41:26.822+0800][1762.167s][info][safepoint   ] Safepoint "Cleanup", Time since last: 1139711209 ns, Reaching safepoint: 85884208 ns, At safepoint: 58125 ns, Total: 85942333 ns
[2026-10-07T18:41:28.601+0800][1763.946s][info][safepoint   ] Safepoint "Cleanup", Time since last: 1138305042 ns, Reaching safepoint: 640844000 ns, At safepoint: 451208 ns, Total: 641295208 ns
[2026-10-07T18:41:29.744+0800][1765.089s][info][safepoint   ] Safepoint "Cleanup", Time since last: 1138691792 ns, Reaching safepoint: 4238333 ns, At safepoint: 95750 ns, Total: 4334083 ns
[2026-10-07T18:41:32.177+0800][1767.522s][info][safepoint   ] Safepoint "Cleanup", Time since last: 2295676500 ns, Reaching safepoint: 134805292 ns, At safepoint: 1920041 ns, Total: 136725333 ns
[2026-10-07T18:41:41.001+0800][1776.346s][info][safepoint   ] Safepoint "Cleanup", Time since last: 8743130792 ns, Reaching safepoint: 80525208 ns, At safepoint: 159167 ns, Total: 80684375 ns
[2026-10-07T18:41:43.337+0800][1778.682s][info][safepoint   ] Safepoint "Cleanup", Time since last: 2302403333 ns, Reaching safepoint: 30057792 ns, At safepoint: 3910917 ns, Total: 33968709 ns
[2026-10-07T18:41:44.985+0800][1780.330s][info][safepoint   ] Safepoint "Cleanup", Time since last: 1630497791 ns, Reaching safepoint: 17577167 ns, At safepoint: 155417 ns, Total: 17732584 ns
[2026-10-07T18:41:46.006+0800][1781.351s][info][safepoint   ] Safepoint "Cleanup", Time since last: 1020260833 ns, Reaching safepoint: 751375 ns, At safepoint: 101708 ns, Total: 853083 ns
[2026-10-07T18:41:53.716+0800][1789.061s][info][safepoint   ] Safepoint "Cleanup", Time since last: 7648008584 ns, Reaching safepoint: 15815666 ns, At safepoint: 29524084 ns, Total: 45339750 ns
[2026-10-07T18:41:55.807+0800][1791.152s][info][safepoint   ] Safepoint "Cleanup", Time since last: 2071368125 ns, Reaching safepoint: 35076333 ns, At safepoint: 642458 ns, Total: 35718791 ns
[2026-10-07T18:41:56.901+0800][1792.246s][info][safepoint   ] Safepoint "Cleanup", Time since last: 1028976334 ns, Reaching safepoint: 64254708 ns, At safepoint: 704792 ns, Total: 64959500 ns
[2026-10-07T18:41:57.998+0800][1793.343s][info][safepoint   ] Safepoint "Cleanup", Time since last: 1057744458 ns, Reaching safepoint: 38301500 ns, At safepoint: 1322875 ns, Total: 39624375 ns
[2026-10-07T18:41:59.154+0800][1794.499s][info][safepoint   ] Safepoint "Cleanup", Time since last: 1147155417 ns, Reaching safepoint: 8574916 ns, At safepoint: 475584 ns, Total: 9050500 ns
[2026-10-07T18:42:00.378+0800][1795.723s][info][safepoint   ] Safepoint "Cleanup", Time since last: 1148075625 ns, Reaching safepoint: 75892916 ns, At safepoint: 106167 ns, Total: 75999083 ns
[2026-10-07T18:42:01.461+0800][1796.806s][info][safepoint   ] Safepoint "Cleanup", Time since last: 1057908375 ns, Reaching safepoint: 24473833 ns, At safepoint: 33792 ns, Total: 24507625 ns
[2026-10-07T18:42:02.806+0800][1798.151s][info][safepoint   ] Safepoint "Cleanup", Time since last: 1036235292 ns, Reaching safepoint: 308600208 ns, At safepoint: 345083 ns, Total: 308945291 ns
[2026-10-07T18:42:13.098+0800][1808.443s][info][safepoint   ] Safepoint "Cleanup", Time since last: 10251632875 ns, Reaching safepoint: 40542167 ns, At safepoint: 10833 ns, Total: 40553000 ns
[2026-10-07T18:42:16.444+0800][1811.789s][info][safepoint   ] Safepoint "Cleanup", Time since last: 3320830084 ns, Reaching safepoint: 25405291 ns, At safepoint: 83834 ns, Total: 25489125 ns
[2026-10-07T18:42:18.878+0800][1814.223s][info][safepoint   ] Safepoint "Cleanup", Time since last: 1150164833 ns, Reaching safepoint: 1282309792 ns, At safepoint: 1062333 ns, Total: 1283372125 ns
[2026-10-07T18:42:20.983+0800][1816.328s][info][safepoint   ] Safepoint "Cleanup", Time since last: 2070039583 ns, Reaching safepoint: 35126459 ns, At safepoint: 80291 ns, Total: 35206750 ns
[2026-10-07T18:42:24.365+0800][1819.710s][info][safepoint   ] Safepoint "Cleanup", Time since last: 3364767500 ns, Reaching safepoint: 16555542 ns, At safepoint: 53167 ns, Total: 16608709 ns
[2026-10-07T18:42:28.912+0800][1824.257s][info][safepoint   ] Safepoint "Cleanup", Time since last: 4514218958 ns, Reaching safepoint: 32807875 ns, At safepoint: 101375 ns, Total: 32909250 ns
[2026-10-07T18:42:29.973+0800][1825.318s][info][safepoint   ] Safepoint "Cleanup", Time since last: 1042281125 ns, Reaching safepoint: 19165917 ns, At safepoint: 51208 ns, Total: 19217125 ns
[2026-10-07T18:42:35.077+0800][1830.422s][info][gc,start    ] GC(160) Pause Young (Normal) (G1 Evacuation Pause)
[2026-10-07T18:42:35.132+0800][1830.477s][info][gc,task     ] GC(160) Using 9 workers of 9 for evacuation
[2026-10-07T18:42:38.065+0800][1833.410s][info][gc,mmu      ] GC(160) MMU target violated: 201.0ms (200.0ms/201.0ms)
[2026-10-07T18:42:38.072+0800][1833.417s][info][gc,phases   ] GC(160)   Pre Evacuate Collection Set: 636.7ms
[2026-10-07T18:42:38.072+0800][1833.417s][info][gc,phases   ] GC(160)   Merge Heap Roots: 70.9ms
[2026-10-07T18:42:38.072+0800][1833.417s][info][gc,phases   ] GC(160)   Evacuate Collection Set: 1926.0ms
[2026-10-07T18:42:38.072+0800][1833.417s][info][gc,phases   ] GC(160)   Post Evacuate Collection Set: 92.9ms
[2026-10-07T18:42:38.074+0800][1833.419s][info][gc,phases   ] GC(160)   Other: 328.5ms
[2026-10-07T18:42:38.074+0800][1833.419s][info][gc,heap     ] GC(160) Eden regions: 20->0(22)
[2026-10-07T18:42:38.074+0800][1833.419s][info][gc,heap     ] GC(160) Survivor regions: 4->2(3)
[2026-10-07T18:42:38.074+0800][1833.419s][info][gc,heap     ] GC(160) Old regions: 194->196
[2026-10-07T18:42:38.074+0800][1833.419s][info][gc,heap     ] GC(160) Archive regions: 2->2
[2026-10-07T18:42:38.074+0800][1833.419s][info][gc,heap     ] GC(160) Humongous regions: 5->5
[2026-10-07T18:42:38.084+0800][1833.429s][info][gc,metaspace] GC(160) Metaspace: 140443K(142016K)->140443K(142016K) NonClass: 122153K(122944K)->122153K(122944K) Class: 18289K(19072K)->18289K(19072K)
[2026-10-07T18:42:38.141+0800][1833.486s][info][gc          ] GC(160) Pause Young (Normal) (G1 Evacuation Pause) 222M->202M(488M) 3070.134ms
[2026-10-07T18:42:38.141+0800][1833.486s][info][gc,cpu      ] GC(160) User=0.02s Sys=0.11s Real=3.08s
[2026-10-07T18:42:38.143+0800][1833.488s][info][safepoint   ] Safepoint "G1CollectForAllocation", Time since last: 4938881000 ns, Reaching safepoint: 62003792 ns, At safepoint: 3167805333 ns, Total: 3229809125 ns
[2026-10-07T18:42:39.592+0800][1834.937s][info][safepoint   ] Safepoint "Cleanup", Time since last: 1148321167 ns, Reaching safepoint: 300045041 ns, At safepoint: 1874250 ns, Total: 301919291 ns
[2026-10-07T18:42:41.397+0800][1836.742s][info][safepoint   ] Safepoint "Cleanup", Time since last: 1551610167 ns, Reaching safepoint: 253058000 ns, At safepoint: 114958 ns, Total: 253172958 ns
[2026-10-07T18:42:43.874+0800][1839.219s][info][safepoint   ] Safepoint "Cleanup", Time since last: 2465956625 ns, Reaching safepoint: 10370292 ns, At safepoint: 632375 ns, Total: 11002667 ns
[2026-10-07T18:42:45.015+0800][1840.360s][info][safepoint   ] Safepoint "Cleanup", Time since last: 1129421667 ns, Reaching safepoint: 11174458 ns, At safepoint: 192875 ns, Total: 11367333 ns
[2026-10-07T18:42:46.138+0800][1841.483s][info][safepoint   ] Safepoint "Cleanup", Time since last: 1108833625 ns, Reaching safepoint: 14327833 ns, At safepoint: 10834 ns, Total: 14338667 ns
[2026-10-07T18:42:47.228+0800][1842.573s][info][safepoint   ] Safepoint "Cleanup", Time since last: 1089458375 ns, Reaching safepoint: 407333 ns, At safepoint: 296083 ns, Total: 703416 ns
[2026-10-07T18:42:48.130+0800][1843.475s][info][gc,start    ] GC(161) Pause Young (Normal) (G1 Evacuation Pause)
[2026-10-07T18:42:48.131+0800][1843.476s][info][gc,task     ] GC(161) Using 9 workers of 9 for evacuation
[2026-10-07T18:42:48.205+0800][1843.550s][info][gc,phases   ] GC(161)   Pre Evacuate Collection Set: 2.0ms
[2026-10-07T18:42:48.205+0800][1843.550s][info][gc,phases   ] GC(161)   Merge Heap Roots: 0.9ms
[2026-10-07T18:42:48.205+0800][1843.550s][info][gc,phases   ] GC(161)   Evacuate Collection Set: 37.0ms
[2026-10-07T18:42:48.205+0800][1843.550s][info][gc,phases   ] GC(161)   Post Evacuate Collection Set: 33.8ms
[2026-10-07T18:42:48.205+0800][1843.550s][info][gc,phases   ] GC(161)   Other: 1.5ms
[2026-10-07T18:42:48.205+0800][1843.550s][info][gc,heap     ] GC(161) Eden regions: 22->0(22)
[2026-10-07T18:42:48.205+0800][1843.550s][info][gc,heap     ] GC(161) Survivor regions: 2->2(3)
[2026-10-07T18:42:48.205+0800][1843.550s][info][gc,heap     ] GC(161) Old regions: 196->196
[2026-10-07T18:42:48.205+0800][1843.550s][info][gc,heap     ] GC(161) Archive regions: 2->2
[2026-10-07T18:42:48.205+0800][1843.550s][info][gc,heap     ] GC(161) Humongous regions: 5->5
[2026-10-07T18:42:48.205+0800][1843.550s][info][gc,metaspace] GC(161) Metaspace: 140715K(142336K)->140715K(142336K) NonClass: 122387K(123200K)->122387K(123200K) Class: 18327K(19136K)->18327K(19136K)
[2026-10-07T18:42:48.205+0800][1843.550s][info][gc          ] GC(161) Pause Young (Normal) (G1 Evacuation Pause) 224M->202M(488M) 75.209ms
[2026-10-07T18:42:48.205+0800][1843.550s][info][gc,cpu      ] GC(161) User=0.01s Sys=0.03s Real=0.07s
[2026-10-07T18:42:48.206+0800][1843.551s][info][safepoint   ] Safepoint "G1CollectForAllocation", Time since last: 900744959 ns, Reaching safepoint: 556458 ns, At safepoint: 76180333 ns, Total: 76736791 ns
[2026-10-07T18:42:49.366+0800][1844.711s][info][safepoint   ] Safepoint "Cleanup", Time since last: 1149645667 ns, Reaching safepoint: 10812250 ns, At safepoint: 485833 ns, Total: 11298083 ns
[2026-10-07T18:42:50.536+0800][1845.881s][info][safepoint   ] Safepoint "Cleanup", Time since last: 1145947959 ns, Reaching safepoint: 23491666 ns, At safepoint: 63542 ns, Total: 23555208 ns
[2026-10-07T18:42:51.649+0800][1846.994s][info][safepoint   ] Safepoint "Cleanup", Time since last: 1019509250 ns, Reaching safepoint: 93602833 ns, At safepoint: 32334 ns, Total: 93635167 ns
[2026-10-07T18:42:52.404+0800][1847.749s][info][gc,start    ] GC(162) Pause Young (Normal) (G1 Evacuation Pause)
[2026-10-07T18:42:52.405+0800][1847.750s][info][gc,task     ] GC(162) Using 9 workers of 9 for evacuation
[2026-10-07T18:42:52.463+0800][1847.808s][info][gc,phases   ] GC(162)   Pre Evacuate Collection Set: 5.1ms
[2026-10-07T18:42:52.463+0800][1847.808s][info][gc,phases   ] GC(162)   Merge Heap Roots: 1.0ms
[2026-10-07T18:42:52.463+0800][1847.808s][info][gc,phases   ] GC(162)   Evacuate Collection Set: 36.2ms
[2026-10-07T18:42:52.463+0800][1847.808s][info][gc,phases   ] GC(162)   Post Evacuate Collection Set: 16.3ms
[2026-10-07T18:42:52.463+0800][1847.808s][info][gc,phases   ] GC(162)   Other: 0.3ms
[2026-10-07T18:42:52.463+0800][1847.808s][info][gc,heap     ] GC(162) Eden regions: 22->0(22)
[2026-10-07T18:42:52.463+0800][1847.808s][info][gc,heap     ] GC(162) Survivor regions: 2->2(3)
[2026-10-07T18:42:52.463+0800][1847.808s][info][gc,heap     ] GC(162) Old regions: 196->196
[2026-10-07T18:42:52.463+0800][1847.808s][info][gc,heap     ] GC(162) Archive regions: 2->2
[2026-10-07T18:42:52.463+0800][1847.808s][info][gc,heap     ] GC(162) Humongous regions: 5->5
[2026-10-07T18:42:52.463+0800][1847.808s][info][gc,metaspace] GC(162) Metaspace: 140859K(142464K)->140859K(142464K) NonClass: 122520K(123328K)->122520K(123328K) Class: 18339K(19136K)->18339K(19136K)
[2026-10-07T18:42:52.463+0800][1847.808s][info][gc          ] GC(162) Pause Young (Normal) (G1 Evacuation Pause) 224M->202M(488M) 58.883ms
[2026-10-07T18:42:52.463+0800][1847.808s][info][gc,cpu      ] GC(162) User=0.00s Sys=0.03s Real=0.06s
[2026-10-07T18:42:52.463+0800][1847.808s][info][safepoint   ] Safepoint "G1CollectForAllocation", Time since last: 753781291 ns, Reaching safepoint: 1483375 ns, At safepoint: 59050500 ns, Total: 60533875 ns
[2026-10-07T18:42:53.623+0800][1848.968s][info][safepoint   ] Safepoint "Cleanup", Time since last: 1142194625 ns, Reaching safepoint: 17262334 ns, At safepoint: 92375 ns, Total: 17354709 ns
[2026-10-07T18:42:57.518+0800][1852.863s][info][safepoint   ] Safepoint "Cleanup", Time since last: 2105251875 ns, Reaching safepoint: 1788366958 ns, At safepoint: 1569000 ns, Total: 1789935958 ns
[2026-10-07T18:42:58.665+0800][1854.010s][info][safepoint   ] Safepoint "Cleanup", Time since last: 1135233625 ns, Reaching safepoint: 11679042 ns, At safepoint: 116458 ns, Total: 11795500 ns
[2026-10-07T18:42:58.941+0800][1854.286s][info][gc,start    ] GC(163) Pause Young (Normal) (G1 Evacuation Pause)
[2026-10-07T18:42:58.941+0800][1854.286s][info][gc,task     ] GC(163) Using 9 workers of 9 for evacuation
[2026-10-07T18:42:59.029+0800][1854.374s][info][gc,phases   ] GC(163)   Pre Evacuate Collection Set: 17.8ms
[2026-10-07T18:42:59.029+0800][1854.374s][info][gc,phases   ] GC(163)   Merge Heap Roots: 2.3ms
[2026-10-07T18:42:59.029+0800][1854.374s][info][gc,phases   ] GC(163)   Evacuate Collection Set: 56.0ms
[2026-10-07T18:42:59.029+0800][1854.374s][info][gc,phases   ] GC(163)   Post Evacuate Collection Set: 8.4ms
[2026-10-07T18:42:59.029+0800][1854.374s][info][gc,phases   ] GC(163)   Other: 3.2ms
[2026-10-07T18:42:59.029+0800][1854.374s][info][gc,heap     ] GC(163) Eden regions: 22->0(21)
[2026-10-07T18:42:59.029+0800][1854.374s][info][gc,heap     ] GC(163) Survivor regions: 2->3(3)
[2026-10-07T18:42:59.029+0800][1854.374s][info][gc,heap     ] GC(163) Old regions: 196->196
[2026-10-07T18:42:59.029+0800][1854.374s][info][gc,heap     ] GC(163) Archive regions: 2->2
[2026-10-07T18:42:59.029+0800][1854.374s][info][gc,heap     ] GC(163) Humongous regions: 8->8
[2026-10-07T18:42:59.029+0800][1854.374s][info][gc,metaspace] GC(163) Metaspace: 141252K(142784K)->141252K(142784K) NonClass: 122873K(123648K)->122873K(123648K) Class: 18379K(19136K)->18379K(19136K)
[2026-10-07T18:42:59.029+0800][1854.374s][info][gc          ] GC(163) Pause Young (Normal) (G1 Evacuation Pause) 227M->206M(488M) 87.696ms
[2026-10-07T18:42:59.029+0800][1854.374s][info][gc,cpu      ] GC(163) User=0.01s Sys=0.04s Real=0.08s
[2026-10-07T18:42:59.029+0800][1854.374s][info][safepoint   ] Safepoint "G1CollectForAllocation", Time since last: 275193500 ns, Reaching safepoint: 907250 ns, At safepoint: 87866292 ns, Total: 88773542 ns
[2026-10-07T18:43:01.700+0800][1857.045s][info][safepoint   ] Safepoint "Cleanup", Time since last: 1025385083 ns, Reaching safepoint: 1644803792 ns, At safepoint: 294833 ns, Total: 1645098625 ns
[2026-10-07T18:43:02.849+0800][1858.194s][info][safepoint   ] Safepoint "Cleanup", Time since last: 1140497500 ns, Reaching safepoint: 8963250 ns, At safepoint: 50542 ns, Total: 9013792 ns
[2026-10-07T18:43:04.044+0800][1859.389s][info][safepoint   ] Safepoint "Cleanup", Time since last: 1169926250 ns, Reaching safepoint: 24483375 ns, At safepoint: 84541 ns, Total: 24567916 ns
[2026-10-07T18:43:05.143+0800][1860.488s][info][safepoint   ] Safepoint "Cleanup", Time since last: 1089960709 ns, Reaching safepoint: 9092666 ns, At safepoint: 657709 ns, Total: 9750375 ns
[2026-10-07T18:43:06.284+0800][1861.629s][info][safepoint   ] Safepoint "Cleanup", Time since last: 1137780125 ns, Reaching safepoint: 1860375 ns, At safepoint: 1446166 ns, Total: 3306541 ns
[2026-10-07T18:43:06.954+0800][1862.299s][info][gc,start    ] GC(164) Pause Young (Normal) (G1 Evacuation Pause)
[2026-10-07T18:43:06.954+0800][1862.299s][info][gc,task     ] GC(164) Using 9 workers of 9 for evacuation
[2026-10-07T18:43:07.023+0800][1862.368s][info][gc,phases   ] GC(164)   Pre Evacuate Collection Set: 4.6ms
[2026-10-07T18:43:07.023+0800][1862.368s][info][gc,phases   ] GC(164)   Merge Heap Roots: 1.5ms
[2026-10-07T18:43:07.023+0800][1862.368s][info][gc,phases   ] GC(164)   Evacuate Collection Set: 59.4ms
[2026-10-07T18:43:07.023+0800][1862.368s][info][gc,phases   ] GC(164)   Post Evacuate Collection Set: 3.1ms
[2026-10-07T18:43:07.023+0800][1862.368s][info][gc,phases   ] GC(164)   Other: 1.1ms
[2026-10-07T18:43:07.023+0800][1862.368s][info][gc,heap     ] GC(164) Eden regions: 21->0(21)
[2026-10-07T18:43:07.023+0800][1862.368s][info][gc,heap     ] GC(164) Survivor regions: 3->3(3)
[2026-10-07T18:43:07.023+0800][1862.368s][info][gc,heap     ] GC(164) Old regions: 196->197
[2026-10-07T18:43:07.023+0800][1862.368s][info][gc,heap     ] GC(164) Archive regions: 2->2
[2026-10-07T18:43:07.023+0800][1862.368s][info][gc,heap     ] GC(164) Humongous regions: 8->8
[2026-10-07T18:43:07.023+0800][1862.368s][info][gc,metaspace] GC(164) Metaspace: 141272K(142784K)->141272K(142784K) NonClass: 122892K(123648K)->122892K(123648K) Class: 18379K(19136K)->18379K(19136K)
[2026-10-07T18:43:07.023+0800][1862.368s][info][gc          ] GC(164) Pause Young (Normal) (G1 Evacuation Pause) 227M->208M(488M) 69.762ms
[2026-10-07T18:43:07.023+0800][1862.368s][info][gc,cpu      ] GC(164) User=0.01s Sys=0.04s Real=0.07s
[2026-10-07T18:43:07.024+0800][1862.369s][info][safepoint   ] Safepoint "G1CollectForAllocation", Time since last: 668942917 ns, Reaching safepoint: 143542 ns, At safepoint: 69968625 ns, Total: 70112167 ns
[2026-10-07T18:43:07.731+0800][1863.076s][info][gc,start    ] GC(165) Pause Young (Normal) (G1 Evacuation Pause)
[2026-10-07T18:43:07.732+0800][1863.077s][info][gc,task     ] GC(165) Using 9 workers of 9 for evacuation
[2026-10-07T18:43:07.787+0800][1863.132s][info][gc,phases   ] GC(165)   Pre Evacuate Collection Set: 1.4ms
[2026-10-07T18:43:07.787+0800][1863.132s][info][gc,phases   ] GC(165)   Merge Heap Roots: 0.4ms
[2026-10-07T18:43:07.787+0800][1863.132s][info][gc,phases   ] GC(165)   Evacuate Collection Set: 49.1ms
[2026-10-07T18:43:07.787+0800][1863.132s][info][gc,phases   ] GC(165)   Post Evacuate Collection Set: 3.9ms
[2026-10-07T18:43:07.787+0800][1863.132s][info][gc,phases   ] GC(165)   Other: 1.9ms
[2026-10-07T18:43:07.787+0800][1863.132s][info][gc,heap     ] GC(165) Eden regions: 21->0(21)
[2026-10-07T18:43:07.787+0800][1863.132s][info][gc,heap     ] GC(165) Survivor regions: 3->3(3)
[2026-10-07T18:43:07.787+0800][1863.132s][info][gc,heap     ] GC(165) Old regions: 197->200
[2026-10-07T18:43:07.787+0800][1863.132s][info][gc,heap     ] GC(165) Archive regions: 2->2
[2026-10-07T18:43:07.787+0800][1863.132s][info][gc,heap     ] GC(165) Humongous regions: 8->8
[2026-10-07T18:43:07.787+0800][1863.132s][info][gc,metaspace] GC(165) Metaspace: 141272K(142784K)->141272K(142784K) NonClass: 122893K(123648K)->122893K(123648K) Class: 18379K(19136K)->18379K(19136K)
[2026-10-07T18:43:07.787+0800][1863.132s][info][gc          ] GC(165) Pause Young (Normal) (G1 Evacuation Pause) 229M->211M(488M) 56.039ms
[2026-10-07T18:43:07.787+0800][1863.132s][info][gc,cpu      ] GC(165) User=0.01s Sys=0.03s Real=0.05s
[2026-10-07T18:43:07.787+0800][1863.132s][info][safepoint   ] Safepoint "G1CollectForAllocation", Time since last: 706250958 ns, Reaching safepoint: 514583 ns, At safepoint: 57020834 ns, Total: 57535417 ns
[2026-10-07T18:43:08.024+0800][1863.369s][info][gc,start    ] GC(166) Pause Young (Normal) (G1 Evacuation Pause)
[2026-10-07T18:43:08.024+0800][1863.369s][info][gc,task     ] GC(166) Using 9 workers of 9 for evacuation
[2026-10-07T18:43:08.044+0800][1863.389s][info][gc,phases   ] GC(166)   Pre Evacuate Collection Set: 0.2ms
[2026-10-07T18:43:08.045+0800][1863.390s][info][gc,phases   ] GC(166)   Merge Heap Roots: 0.0ms
[2026-10-07T18:43:08.045+0800][1863.390s][info][gc,phases   ] GC(166)   Evacuate Collection Set: 19.1ms
[2026-10-07T18:43:08.045+0800][1863.390s][info][gc,phases   ] GC(166)   Post Evacuate Collection Set: 0.5ms
[2026-10-07T18:43:08.045+0800][1863.390s][info][gc,phases   ] GC(166)   Other: 0.4ms
[2026-10-07T18:43:08.045+0800][1863.390s][info][gc,heap     ] GC(166) Eden regions: 21->0(22)
[2026-10-07T18:43:08.045+0800][1863.390s][info][gc,heap     ] GC(166) Survivor regions: 3->2(3)
[2026-10-07T18:43:08.045+0800][1863.390s][info][gc,heap     ] GC(166) Old regions: 200->203
[2026-10-07T18:43:08.045+0800][1863.390s][info][gc,heap     ] GC(166) Archive regions: 2->2
[2026-10-07T18:43:08.045+0800][1863.390s][info][gc,heap     ] GC(166) Humongous regions: 8->8
[2026-10-07T18:43:08.045+0800][1863.390s][info][gc,metaspace] GC(166) Metaspace: 141278K(142784K)->141278K(142784K) NonClass: 122898K(123648K)->122898K(123648K) Class: 18379K(19136K)->18379K(19136K)
[2026-10-07T18:43:08.045+0800][1863.390s][info][gc          ] GC(166) Pause Young (Normal) (G1 Evacuation Pause) 232M->213M(488M) 20.374ms
[2026-10-07T18:43:08.045+0800][1863.390s][info][gc,cpu      ] GC(166) User=0.01s Sys=0.00s Real=0.02s
[2026-10-07T18:43:08.045+0800][1863.390s][info][safepoint   ] Safepoint "G1CollectForAllocation", Time since last: 236995250 ns, Reaching safepoint: 29875 ns, At safepoint: 20481750 ns, Total: 20511625 ns
[2026-10-07T18:43:09.011+0800][1864.356s][info][gc,start    ] GC(167) Pause Young (Normal) (G1 Evacuation Pause)
[2026-10-07T18:43:09.011+0800][1864.356s][info][gc,task     ] GC(167) Using 9 workers of 9 for evacuation
[2026-10-07T18:43:09.022+0800][1864.367s][info][gc,phases   ] GC(167)   Pre Evacuate Collection Set: 0.3ms
[2026-10-07T18:43:09.022+0800][1864.367s][info][gc,phases   ] GC(167)   Merge Heap Roots: 0.1ms
[2026-10-07T18:43:09.022+0800][1864.367s][info][gc,phases   ] GC(167)   Evacuate Collection Set: 9.4ms
[2026-10-07T18:43:09.022+0800][1864.367s][info][gc,phases   ] GC(167)   Post Evacuate Collection Set: 0.9ms
[2026-10-07T18:43:09.022+0800][1864.367s][info][gc,phases   ] GC(167)   Other: 0.6ms
[2026-10-07T18:43:09.022+0800][1864.367s][info][gc,heap     ] GC(167) Eden regions: 22->0(21)
[2026-10-07T18:43:09.022+0800][1864.367s][info][gc,heap     ] GC(167) Survivor regions: 2->3(3)
[2026-10-07T18:43:09.022+0800][1864.367s][info][gc,heap     ] GC(167) Old regions: 203->203
[2026-10-07T18:43:09.022+0800][1864.367s][info][gc,heap     ] GC(167) Archive regions: 2->2
[2026-10-07T18:43:09.022+0800][1864.367s][info][gc,heap     ] GC(167) Humongous regions: 8->8
[2026-10-07T18:43:09.023+0800][1864.367s][info][gc,metaspace] GC(167) Metaspace: 141291K(142912K)->141291K(142912K) NonClass: 122909K(123712K)->122909K(123712K) Class: 18381K(19200K)->18381K(19200K)
[2026-10-07T18:43:09.023+0800][1864.368s][info][gc          ] GC(167) Pause Young (Normal) (G1 Evacuation Pause) 235M->214M(488M) 11.285ms
[2026-10-07T18:43:09.023+0800][1864.368s][info][gc,cpu      ] GC(167) User=0.01s Sys=0.02s Real=0.01s
[2026-10-07T18:43:09.023+0800][1864.368s][info][safepoint   ] Safepoint "G1CollectForAllocation", Time since last: 965587916 ns, Reaching safepoint: 774459 ns, At safepoint: 11413166 ns, Total: 12187625 ns
[2026-10-07T18:43:09.269+0800][1864.614s][info][gc,start    ] GC(168) Pause Young (Normal) (G1 Evacuation Pause)
[2026-10-07T18:43:09.269+0800][1864.614s][info][gc,task     ] GC(168) Using 9 workers of 9 for evacuation
[2026-10-07T18:43:09.282+0800][1864.627s][info][gc,phases   ] GC(168)   Pre Evacuate Collection Set: 0.1ms
[2026-10-07T18:43:09.282+0800][1864.627s][info][gc,phases   ] GC(168)   Merge Heap Roots: 0.1ms
[2026-10-07T18:43:09.282+0800][1864.627s][info][gc,phases   ] GC(168)   Evacuate Collection Set: 12.9ms
[2026-10-07T18:43:09.282+0800][1864.627s][info][gc,phases   ] GC(168)   Post Evacuate Collection Set: 0.2ms
[2026-10-07T18:43:09.282+0800][1864.627s][info][gc,phases   ] GC(168)   Other: 0.4ms
[2026-10-07T18:43:09.282+0800][1864.627s][info][gc,heap     ] GC(168) Eden regions: 21->0(21)
[2026-10-07T18:43:09.282+0800][1864.627s][info][gc,heap     ] GC(168) Survivor regions: 3->3(3)
[2026-10-07T18:43:09.282+0800][1864.627s][info][gc,heap     ] GC(168) Old regions: 203->205
[2026-10-07T18:43:09.282+0800][1864.627s][info][gc,heap     ] GC(168) Archive regions: 2->2
[2026-10-07T18:43:09.282+0800][1864.627s][info][gc,heap     ] GC(168) Humongous regions: 8->8
[2026-10-07T18:43:09.282+0800][1864.627s][info][gc,metaspace] GC(168) Metaspace: 141303K(142912K)->141303K(142912K) NonClass: 122921K(123712K)->122921K(123712K) Class: 18381K(19200K)->18381K(19200K)
[2026-10-07T18:43:09.282+0800][1864.627s][info][gc          ] GC(168) Pause Young (Normal) (G1 Evacuation Pause) 235M->216M(488M) 13.706ms
[2026-10-07T18:43:09.282+0800][1864.627s][info][gc,cpu      ] GC(168) User=0.00s Sys=0.01s Real=0.02s
[2026-10-07T18:43:09.282+0800][1864.627s][info][safepoint   ] Safepoint "G1CollectForAllocation", Time since last: 245874417 ns, Reaching safepoint: 60208 ns, At safepoint: 13746250 ns, Total: 13806458 ns
[2026-10-07T18:43:09.657+0800][1865.002s][info][gc,start    ] GC(169) Pause Young (Normal) (G1 Evacuation Pause)
[2026-10-07T18:43:09.657+0800][1865.002s][info][gc,task     ] GC(169) Using 9 workers of 9 for evacuation
[2026-10-07T18:43:09.681+0800][1865.026s][info][gc,phases   ] GC(169)   Pre Evacuate Collection Set: 0.1ms
[2026-10-07T18:43:09.681+0800][1865.026s][info][gc,phases   ] GC(169)   Merge Heap Roots: 0.1ms
[2026-10-07T18:43:09.681+0800][1865.026s][info][gc,phases   ] GC(169)   Evacuate Collection Set: 22.8ms
[2026-10-07T18:43:09.681+0800][1865.026s][info][gc,phases   ] GC(169)   Post Evacuate Collection Set: 0.4ms
[2026-10-07T18:43:09.682+0800][1865.026s][info][gc,phases   ] GC(169)   Other: 1.1ms
[2026-10-07T18:43:09.682+0800][1865.026s][info][gc,heap     ] GC(169) Eden regions: 21->0(23)
[2026-10-07T18:43:09.682+0800][1865.026s][info][gc,heap     ] GC(169) Survivor regions: 3->3(3)
[2026-10-07T18:43:09.682+0800][1865.027s][info][gc,heap     ] GC(169) Old regions: 205->206
[2026-10-07T18:43:09.682+0800][1865.027s][info][gc,heap     ] GC(169) Archive regions: 2->2
[2026-10-07T18:43:09.682+0800][1865.027s][info][gc,heap     ] GC(169) Humongous regions: 8->8
[2026-10-07T18:43:09.682+0800][1865.027s][info][gc,metaspace] GC(169) Metaspace: 141311K(142912K)->141311K(142912K) NonClass: 122929K(123712K)->122929K(123712K) Class: 18381K(19200K)->18381K(19200K)
[2026-10-07T18:43:09.682+0800][1865.027s][info][gc          ] GC(169) Pause Young (Normal) (G1 Evacuation Pause) 237M->217M(488M) 24.550ms
[2026-10-07T18:43:09.682+0800][1865.027s][info][gc,cpu      ] GC(169) User=0.01s Sys=0.00s Real=0.03s
[2026-10-07T18:43:09.682+0800][1865.027s][info][safepoint   ] Safepoint "G1CollectForAllocation", Time since last: 374586500 ns, Reaching safepoint: 109209 ns, At safepoint: 24623875 ns, Total: 24733084 ns
[2026-10-07T18:43:09.982+0800][1865.327s][info][gc,start    ] GC(170) Pause Young (Normal) (G1 Evacuation Pause)
[2026-10-07T18:43:09.982+0800][1865.327s][info][gc,task     ] GC(170) Using 9 workers of 9 for evacuation
[2026-10-07T18:43:09.990+0800][1865.335s][info][gc,phases   ] GC(170)   Pre Evacuate Collection Set: 0.1ms
[2026-10-07T18:43:09.990+0800][1865.335s][info][gc,phases   ] GC(170)   Merge Heap Roots: 0.1ms
[2026-10-07T18:43:09.990+0800][1865.335s][info][gc,phases   ] GC(170)   Evacuate Collection Set: 6.8ms
[2026-10-07T18:43:09.990+0800][1865.335s][info][gc,phases   ] GC(170)   Post Evacuate Collection Set: 0.5ms
[2026-10-07T18:43:09.990+0800][1865.335s][info][gc,phases   ] GC(170)   Other: 0.4ms
[2026-10-07T18:43:09.990+0800][1865.335s][info][gc,heap     ] GC(170) Eden regions: 23->0(35)
[2026-10-07T18:43:09.990+0800][1865.335s][info][gc,heap     ] GC(170) Survivor regions: 3->3(4)
[2026-10-07T18:43:09.990+0800][1865.335s][info][gc,heap     ] GC(170) Old regions: 206->208
[2026-10-07T18:43:09.990+0800][1865.335s][info][gc,heap     ] GC(170) Archive regions: 2->2
[2026-10-07T18:43:09.990+0800][1865.335s][info][gc,heap     ] GC(170) Humongous regions: 8->8
[2026-10-07T18:43:09.990+0800][1865.335s][info][gc,metaspace] GC(170) Metaspace: 141323K(142912K)->141323K(142912K) NonClass: 122941K(123712K)->122941K(123712K) Class: 18381K(19200K)->18381K(19200K)
[2026-10-07T18:43:09.990+0800][1865.335s][info][gc          ] GC(170) Pause Young (Normal) (G1 Evacuation Pause) 240M->218M(488M) 7.964ms
[2026-10-07T18:43:09.990+0800][1865.335s][info][gc,cpu      ] GC(170) User=0.00s Sys=0.00s Real=0.01s
[2026-10-07T18:43:09.990+0800][1865.335s][info][safepoint   ] Safepoint "G1CollectForAllocation", Time since last: 300007000 ns, Reaching safepoint: 119291 ns, At safepoint: 8022000 ns, Total: 8141291 ns
[2026-10-07T18:43:10.450+0800][1865.795s][info][gc,start    ] GC(171) Pause Young (Normal) (G1 Evacuation Pause)
[2026-10-07T18:43:10.450+0800][1865.795s][info][gc,task     ] GC(171) Using 9 workers of 9 for evacuation
[2026-10-07T18:43:10.794+0800][1866.139s][info][gc,mmu      ] GC(171) MMU target violated: 201.0ms (200.0ms/201.0ms)
[2026-10-07T18:43:10.794+0800][1866.139s][info][gc,phases   ] GC(171)   Pre Evacuate Collection Set: 0.4ms
[2026-10-07T18:43:10.794+0800][1866.139s][info][gc,phases   ] GC(171)   Merge Heap Roots: 0.2ms
[2026-10-07T18:43:10.794+0800][1866.139s][info][gc,phases   ] GC(171)   Evacuate Collection Set: 333.6ms
[2026-10-07T18:43:10.794+0800][1866.139s][info][gc,phases   ] GC(171)   Post Evacuate Collection Set: 10.0ms
[2026-10-07T18:43:10.794+0800][1866.139s][info][gc,phases   ] GC(171)   Other: 0.5ms
[2026-10-07T18:43:10.794+0800][1866.139s][info][gc,heap     ] GC(171) Eden regions: 35->0(20)
[2026-10-07T18:43:10.794+0800][1866.139s][info][gc,heap     ] GC(171) Survivor regions: 3->4(5)
[2026-10-07T18:43:10.794+0800][1866.139s][info][gc,heap     ] GC(171) Old regions: 208->208
[2026-10-07T18:43:10.794+0800][1866.139s][info][gc,heap     ] GC(171) Archive regions: 2->2
[2026-10-07T18:43:10.794+0800][1866.139s][info][gc,heap     ] GC(171) Humongous regions: 8->8
[2026-10-07T18:43:10.794+0800][1866.139s][info][gc,metaspace] GC(171) Metaspace: 141349K(142912K)->141349K(142912K) NonClass: 122967K(123712K)->122967K(123712K) Class: 18381K(19200K)->18381K(19200K)
[2026-10-07T18:43:10.794+0800][1866.139s][info][gc          ] GC(171) Pause Young (Normal) (G1 Evacuation Pause) 253M->219M(488M) 344.706ms
[2026-10-07T18:43:10.795+0800][1866.140s][info][gc,cpu      ] GC(171) User=0.01s Sys=0.03s Real=0.34s
[2026-10-07T18:43:10.796+0800][1866.141s][info][safepoint   ] Safepoint "G1CollectForAllocation", Time since last: 457184750 ns, Reaching safepoint: 2606959 ns, At safepoint: 346569250 ns, Total: 349176209 ns
[2026-10-07T18:43:11.231+0800][1866.576s][info][gc,start    ] GC(172) Pause Young (Normal) (G1 Evacuation Pause)
[2026-10-07T18:43:11.232+0800][1866.577s][info][gc,task     ] GC(172) Using 9 workers of 9 for evacuation
[2026-10-07T18:43:11.259+0800][1866.604s][info][gc,phases   ] GC(172)   Pre Evacuate Collection Set: 0.6ms
[2026-10-07T18:43:11.259+0800][1866.604s][info][gc,phases   ] GC(172)   Merge Heap Roots: 0.2ms
[2026-10-07T18:43:11.259+0800][1866.604s][info][gc,phases   ] GC(172)   Evacuate Collection Set: 26.2ms
[2026-10-07T18:43:11.259+0800][1866.604s][info][gc,phases   ] GC(172)   Post Evacuate Collection Set: 0.3ms
[2026-10-07T18:43:11.259+0800][1866.604s][info][gc,phases   ] GC(172)   Other: 0.4ms
[2026-10-07T18:43:11.259+0800][1866.604s][info][gc,heap     ] GC(172) Eden regions: 20->0(21)
[2026-10-07T18:43:11.259+0800][1866.604s][info][gc,heap     ] GC(172) Survivor regions: 4->3(3)
[2026-10-07T18:43:11.259+0800][1866.604s][info][gc,heap     ] GC(172) Old regions: 208->210
[2026-10-07T18:43:11.259+0800][1866.604s][info][gc,heap     ] GC(172) Archive regions: 2->2
[2026-10-07T18:43:11.259+0800][1866.604s][info][gc,heap     ] GC(172) Humongous regions: 8->8
[2026-10-07T18:43:11.259+0800][1866.604s][info][gc,metaspace] GC(172) Metaspace: 141388K(142976K)->141388K(142976K) NonClass: 123006K(123776K)->123006K(123776K) Class: 18382K(19200K)->18382K(19200K)
[2026-10-07T18:43:11.259+0800][1866.604s][info][gc          ] GC(172) Pause Young (Normal) (G1 Evacuation Pause) 239M->221M(488M) 27.670ms
[2026-10-07T18:43:11.259+0800][1866.604s][info][gc,cpu      ] GC(172) User=0.01s Sys=0.02s Real=0.02s
[2026-10-07T18:43:11.259+0800][1866.604s][info][safepoint   ] Safepoint "G1CollectForAllocation", Time since last: 435067333 ns, Reaching safepoint: 119500 ns, At safepoint: 27801042 ns, Total: 27920542 ns
[2026-10-07T18:43:11.549+0800][1866.894s][info][gc,start    ] GC(173) Pause Young (Normal) (G1 Evacuation Pause)
[2026-10-07T18:43:11.549+0800][1866.894s][info][gc,task     ] GC(173) Using 9 workers of 9 for evacuation
[2026-10-07T18:43:11.591+0800][1866.936s][info][gc,phases   ] GC(173)   Pre Evacuate Collection Set: 0.1ms
[2026-10-07T18:43:11.591+0800][1866.936s][info][gc,phases   ] GC(173)   Merge Heap Roots: 0.1ms
[2026-10-07T18:43:11.591+0800][1866.936s][info][gc,phases   ] GC(173)   Evacuate Collection Set: 39.7ms
[2026-10-07T18:43:11.591+0800][1866.936s][info][gc,phases   ] GC(173)   Post Evacuate Collection Set: 0.5ms
[2026-10-07T18:43:11.591+0800][1866.936s][info][gc,phases   ] GC(173)   Other: 1.6ms
[2026-10-07T18:43:11.591+0800][1866.936s][info][gc,heap     ] GC(173) Eden regions: 21->0(29)
[2026-10-07T18:43:11.591+0800][1866.936s][info][gc,heap     ] GC(173) Survivor regions: 3->3(3)
[2026-10-07T18:43:11.591+0800][1866.936s][info][gc,heap     ] GC(173) Old regions: 210->211
[2026-10-07T18:43:11.591+0800][1866.936s][info][gc,heap     ] GC(173) Archive regions: 2->2
[2026-10-07T18:43:11.591+0800][1866.936s][info][gc,heap     ] GC(173) Humongous regions: 8->8
[2026-10-07T18:43:11.591+0800][1866.936s][info][gc,metaspace] GC(173) Metaspace: 141399K(142976K)->141399K(142976K) NonClass: 123016K(123776K)->123016K(123776K) Class: 18382K(19200K)->18382K(19200K)
[2026-10-07T18:43:11.591+0800][1866.936s][info][gc          ] GC(173) Pause Young (Normal) (G1 Evacuation Pause) 242M->222M(488M) 42.011ms
[2026-10-07T18:43:11.591+0800][1866.936s][info][gc,cpu      ] GC(173) User=0.01s Sys=0.01s Real=0.05s
[2026-10-07T18:43:11.591+0800][1866.936s][info][safepoint   ] Safepoint "G1CollectForAllocation", Time since last: 281925000 ns, Reaching safepoint: 7658458 ns, At safepoint: 42104042 ns, Total: 49762500 ns
[2026-10-07T18:43:12.380+0800][1867.725s][info][gc,start    ] GC(174) Pause Young (Normal) (G1 Evacuation Pause)
[2026-10-07T18:43:12.401+0800][1867.746s][info][gc,task     ] GC(174) Using 9 workers of 9 for evacuation
[2026-10-07T18:43:12.492+0800][1867.837s][info][gc,phases   ] GC(174)   Pre Evacuate Collection Set: 1.4ms
[2026-10-07T18:43:12.492+0800][1867.837s][info][gc,phases   ] GC(174)   Merge Heap Roots: 0.1ms
[2026-10-07T18:43:12.492+0800][1867.837s][info][gc,phases   ] GC(174)   Evacuate Collection Set: 84.5ms
[2026-10-07T18:43:12.492+0800][1867.837s][info][gc,phases   ] GC(174)   Post Evacuate Collection Set: 3.1ms
[2026-10-07T18:43:12.492+0800][1867.837s][info][gc,phases   ] GC(174)   Other: 22.7ms
[2026-10-07T18:43:12.492+0800][1867.837s][info][gc,heap     ] GC(174) Eden regions: 29->0(30)
[2026-10-07T18:43:12.492+0800][1867.837s][info][gc,heap     ] GC(174) Survivor regions: 3->3(4)
[2026-10-07T18:43:12.492+0800][1867.837s][info][gc,heap     ] GC(174) Old regions: 211->212
[2026-10-07T18:43:12.492+0800][1867.837s][info][gc,heap     ] GC(174) Archive regions: 2->2
[2026-10-07T18:43:12.492+0800][1867.837s][info][gc,heap     ] GC(174) Humongous regions: 8->8
[2026-10-07T18:43:12.492+0800][1867.837s][info][gc,metaspace] GC(174) Metaspace: 141418K(142976K)->141418K(142976K) NonClass: 123036K(123776K)->123036K(123776K) Class: 18382K(19200K)->18382K(19200K)
[2026-10-07T18:43:12.492+0800][1867.837s][info][gc          ] GC(174) Pause Young (Normal) (G1 Evacuation Pause) 251M->223M(488M) 111.912ms
[2026-10-07T18:43:12.492+0800][1867.837s][info][gc,cpu      ] GC(174) User=0.02s Sys=0.02s Real=0.11s
[2026-10-07T18:43:12.492+0800][1867.837s][info][safepoint   ] Safepoint "G1CollectForAllocation", Time since last: 788981458 ns, Reaching safepoint: 321375 ns, At safepoint: 112055458 ns, Total: 112376833 ns
[2026-10-07T18:43:13.321+0800][1868.666s][info][gc,start    ] GC(175) Pause Young (Normal) (G1 Evacuation Pause)
[2026-10-07T18:43:13.321+0800][1868.666s][info][gc,task     ] GC(175) Using 9 workers of 9 for evacuation
[2026-10-07T18:43:13.620+0800][1868.965s][info][gc,mmu      ] GC(175) MMU target violated: 201.0ms (200.0ms/201.0ms)
[2026-10-07T18:43:13.620+0800][1868.965s][info][gc,phases   ] GC(175)   Pre Evacuate Collection Set: 1.2ms
[2026-10-07T18:43:13.620+0800][1868.965s][info][gc,phases   ] GC(175)   Merge Heap Roots: 0.7ms
[2026-10-07T18:43:13.620+0800][1868.965s][info][gc,phases   ] GC(175)   Evacuate Collection Set: 233.5ms
[2026-10-07T18:43:13.620+0800][1868.965s][info][gc,phases   ] GC(175)   Post Evacuate Collection Set: 33.3ms
[2026-10-07T18:43:13.620+0800][1868.965s][info][gc,phases   ] GC(175)   Other: 30.7ms
[2026-10-07T18:43:13.620+0800][1868.965s][info][gc,heap     ] GC(175) Eden regions: 30->0(24)
[2026-10-07T18:43:13.620+0800][1868.965s][info][gc,heap     ] GC(175) Survivor regions: 3->3(5)
[2026-10-07T18:43:13.621+0800][1868.965s][info][gc,heap     ] GC(175) Old regions: 212->213
[2026-10-07T18:43:13.621+0800][1868.966s][info][gc,heap     ] GC(175) Archive regions: 2->2
[2026-10-07T18:43:13.621+0800][1868.966s][info][gc,heap     ] GC(175) Humongous regions: 8->8
[2026-10-07T18:43:13.621+0800][1868.966s][info][gc,metaspace] GC(175) Metaspace: 141425K(142976K)->141425K(142976K) NonClass: 123042K(123776K)->123042K(123776K) Class: 18382K(19200K)->18382K(19200K)
[2026-10-07T18:43:13.621+0800][1868.966s][info][gc          ] GC(175) Pause Young (Normal) (G1 Evacuation Pause) 253M->224M(544M) 299.561ms
[2026-10-07T18:43:13.621+0800][1868.966s][info][gc,cpu      ] GC(175) User=0.03s Sys=0.03s Real=0.30s
[2026-10-07T18:43:13.624+0800][1868.969s][info][safepoint   ] Safepoint "G1CollectForAllocation", Time since last: 827986042 ns, Reaching safepoint: 857542 ns, At safepoint: 302698500 ns, Total: 303556042 ns
[2026-10-07T18:43:14.390+0800][1869.735s][info][gc,start    ] GC(176) Pause Young (Normal) (G1 Evacuation Pause)
[2026-10-07T18:43:14.390+0800][1869.735s][info][gc,task     ] GC(176) Using 9 workers of 9 for evacuation
[2026-10-07T18:43:14.981+0800][1870.326s][info][gc,mmu      ] GC(176) MMU target violated: 201.0ms (200.0ms/201.0ms)
[2026-10-07T18:43:14.982+0800][1870.327s][info][gc,phases   ] GC(176)   Pre Evacuate Collection Set: 0.8ms
[2026-10-07T18:43:14.982+0800][1870.327s][info][gc,phases   ] GC(176)   Merge Heap Roots: 0.3ms
[2026-10-07T18:43:14.982+0800][1870.327s][info][gc,phases   ] GC(176)   Evacuate Collection Set: 586.3ms
[2026-10-07T18:43:14.982+0800][1870.327s][info][gc,phases   ] GC(176)   Post Evacuate Collection Set: 3.8ms
[2026-10-07T18:43:14.982+0800][1870.327s][info][gc,phases   ] GC(176)   Other: 1.2ms
[2026-10-07T18:43:14.982+0800][1870.327s][info][gc,heap     ] GC(176) Eden regions: 24->0(25)
[2026-10-07T18:43:14.982+0800][1870.327s][info][gc,heap     ] GC(176) Survivor regions: 3->2(4)
[2026-10-07T18:43:14.982+0800][1870.327s][info][gc,heap     ] GC(176) Old regions: 213->215
[2026-10-07T18:43:14.982+0800][1870.327s][info][gc,heap     ] GC(176) Archive regions: 2->2
[2026-10-07T18:43:14.982+0800][1870.327s][info][gc,heap     ] GC(176) Humongous regions: 8->8
[2026-10-07T18:43:14.982+0800][1870.327s][info][gc,metaspace] GC(176) Metaspace: 141438K(142976K)->141438K(142976K) NonClass: 123056K(123776K)->123056K(123776K) Class: 18382K(19200K)->18382K(19200K)
[2026-10-07T18:43:14.982+0800][1870.327s][info][gc          ] GC(176) Pause Young (Normal) (G1 Evacuation Pause) 248M->225M(544M) 592.367ms
[2026-10-07T18:43:14.982+0800][1870.327s][info][gc,cpu      ] GC(176) User=0.03s Sys=0.04s Real=0.59s
[2026-10-07T18:43:14.982+0800][1870.327s][info][safepoint   ] Safepoint "G1CollectForAllocation", Time since last: 764377833 ns, Reaching safepoint: 1561667 ns, At safepoint: 592659541 ns, Total: 594221208 ns
[2026-10-07T18:43:15.997+0800][1871.342s][info][gc,start    ] GC(177) Pause Young (Normal) (G1 Evacuation Pause)
[2026-10-07T18:43:15.997+0800][1871.342s][info][gc,task     ] GC(177) Using 9 workers of 9 for evacuation
[2026-10-07T18:43:16.007+0800][1871.352s][info][gc,phases   ] GC(177)   Pre Evacuate Collection Set: 0.4ms
[2026-10-07T18:43:16.007+0800][1871.352s][info][gc,phases   ] GC(177)   Merge Heap Roots: 0.1ms
[2026-10-07T18:43:16.007+0800][1871.352s][info][gc,phases   ] GC(177)   Evacuate Collection Set: 8.8ms
[2026-10-07T18:43:16.007+0800][1871.352s][info][gc,phases   ] GC(177)   Post Evacuate Collection Set: 0.9ms
[2026-10-07T18:43:16.007+0800][1871.352s][info][gc,phases   ] GC(177)   Other: 0.2ms
[2026-10-07T18:43:16.007+0800][1871.352s][info][gc,heap     ] GC(177) Eden regions: 25->0(24)
[2026-10-07T18:43:16.007+0800][1871.352s][info][gc,heap     ] GC(177) Survivor regions: 2->3(4)
[2026-10-07T18:43:16.007+0800][1871.352s][info][gc,heap     ] GC(177) Old regions: 215->215
[2026-10-07T18:43:16.008+0800][1871.352s][info][gc,heap     ] GC(177) Archive regions: 2->2
[2026-10-07T18:43:16.008+0800][1871.352s][info][gc,heap     ] GC(177) Humongous regions: 8->8
[2026-10-07T18:43:16.008+0800][1871.353s][info][gc,metaspace] GC(177) Metaspace: 141451K(143040K)->141451K(143040K) NonClass: 123069K(123840K)->123069K(123840K) Class: 18382K(19200K)->18382K(19200K)
[2026-10-07T18:43:16.008+0800][1871.353s][info][gc          ] GC(177) Pause Young (Normal) (G1 Evacuation Pause) 250M->226M(544M) 10.666ms
[2026-10-07T18:43:16.008+0800][1871.353s][info][gc,cpu      ] GC(177) User=0.01s Sys=0.01s Real=0.01s
[2026-10-07T18:43:16.008+0800][1871.353s][info][safepoint   ] Safepoint "G1CollectForAllocation", Time since last: 1013678959 ns, Reaching safepoint: 908375 ns, At safepoint: 10866125 ns, Total: 11774500 ns
[2026-10-07T18:43:17.167+0800][1872.512s][info][safepoint   ] Safepoint "Cleanup", Time since last: 1148758125 ns, Reaching safepoint: 10368875 ns, At safepoint: 60250 ns, Total: 10429125 ns
[2026-10-07T18:43:18.035+0800][1873.380s][info][gc,start    ] GC(178) Pause Young (Normal) (G1 Evacuation Pause)
[2026-10-07T18:43:18.039+0800][1873.384s][info][gc,task     ] GC(178) Using 9 workers of 9 for evacuation
[2026-10-07T18:43:18.325+0800][1873.670s][info][gc,mmu      ] GC(178) MMU target violated: 201.0ms (200.0ms/201.0ms)
[2026-10-07T18:43:18.325+0800][1873.670s][info][gc,phases   ] GC(178)   Pre Evacuate Collection Set: 5.6ms
[2026-10-07T18:43:18.325+0800][1873.670s][info][gc,phases   ] GC(178)   Merge Heap Roots: 4.7ms
[2026-10-07T18:43:18.325+0800][1873.670s][info][gc,phases   ] GC(178)   Evacuate Collection Set: 272.5ms
[2026-10-07T18:43:18.325+0800][1873.670s][info][gc,phases   ] GC(178)   Post Evacuate Collection Set: 1.5ms
[2026-10-07T18:43:18.325+0800][1873.670s][info][gc,phases   ] GC(178)   Other: 6.4ms
[2026-10-07T18:43:18.325+0800][1873.670s][info][gc,heap     ] GC(178) Eden regions: 24->0(24)
[2026-10-07T18:43:18.325+0800][1873.670s][info][gc,heap     ] GC(178) Survivor regions: 3->3(4)
[2026-10-07T18:43:18.325+0800][1873.670s][info][gc,heap     ] GC(178) Old regions: 215->216
[2026-10-07T18:43:18.325+0800][1873.670s][info][gc,heap     ] GC(178) Archive regions: 2->2
[2026-10-07T18:43:18.325+0800][1873.670s][info][gc,heap     ] GC(178) Humongous regions: 8->8
[2026-10-07T18:43:18.325+0800][1873.670s][info][gc,metaspace] GC(178) Metaspace: 141467K(143104K)->141467K(143104K) NonClass: 123085K(123904K)->123085K(123904K) Class: 18382K(19200K)->18382K(19200K)
[2026-10-07T18:43:18.326+0800][1873.670s][info][gc          ] GC(178) Pause Young (Normal) (G1 Evacuation Pause) 250M->226M(544M) 290.736ms
[2026-10-07T18:43:18.326+0800][1873.671s][info][gc,cpu      ] GC(178) User=0.01s Sys=0.04s Real=0.29s
[2026-10-07T18:43:18.326+0800][1873.671s][info][safepoint   ] Safepoint "G1CollectForAllocation", Time since last: 862665583 ns, Reaching safepoint: 5119083 ns, At safepoint: 290926625 ns, Total: 296045708 ns
[2026-10-07T18:43:19.515+0800][1874.860s][info][safepoint   ] Safepoint "Cleanup", Time since last: 1122592042 ns, Reaching safepoint: 66168125 ns, At safepoint: 772417 ns, Total: 66940542 ns
[2026-10-07T18:43:22.001+0800][1877.346s][info][gc,start    ] GC(179) Pause Young (Normal) (G1 Evacuation Pause)
[2026-10-07T18:43:22.005+0800][1877.350s][info][gc,task     ] GC(179) Using 9 workers of 9 for evacuation
[2026-10-07T18:43:22.181+0800][1877.526s][info][gc,phases   ] GC(179)   Pre Evacuate Collection Set: 6.5ms
[2026-10-07T18:43:22.181+0800][1877.526s][info][gc,phases   ] GC(179)   Merge Heap Roots: 1.9ms
[2026-10-07T18:43:22.181+0800][1877.526s][info][gc,phases   ] GC(179)   Evacuate Collection Set: 80.4ms
[2026-10-07T18:43:22.181+0800][1877.526s][info][gc,phases   ] GC(179)   Post Evacuate Collection Set: 86.4ms
[2026-10-07T18:43:22.181+0800][1877.526s][info][gc,phases   ] GC(179)   Other: 6.3ms
[2026-10-07T18:43:22.181+0800][1877.526s][info][gc,heap     ] GC(179) Eden regions: 24->0(24)
[2026-10-07T18:43:22.181+0800][1877.526s][info][gc,heap     ] GC(179) Survivor regions: 3->3(4)
[2026-10-07T18:43:22.181+0800][1877.526s][info][gc,heap     ] GC(179) Old regions: 216->216
[2026-10-07T18:43:22.181+0800][1877.526s][info][gc,heap     ] GC(179) Archive regions: 2->2
[2026-10-07T18:43:22.181+0800][1877.526s][info][gc,heap     ] GC(179) Humongous regions: 8->8
[2026-10-07T18:43:22.181+0800][1877.526s][info][gc,metaspace] GC(179) Metaspace: 141516K(143104K)->141516K(143104K) NonClass: 123134K(123904K)->123134K(123904K) Class: 18382K(19200K)->18382K(19200K)
[2026-10-07T18:43:22.181+0800][1877.526s][info][gc          ] GC(179) Pause Young (Normal) (G1 Evacuation Pause) 250M->227M(544M) 180.397ms
[2026-10-07T18:43:22.181+0800][1877.526s][info][gc,cpu      ] GC(179) User=0.01s Sys=0.05s Real=0.18s
[2026-10-07T18:43:22.182+0800][1877.526s][info][safepoint   ] Safepoint "G1CollectForAllocation", Time since last: 2478877458 ns, Reaching safepoint: 5418917 ns, At safepoint: 182049291 ns, Total: 187468208 ns
[2026-10-07T18:43:38.122+0800][1893.467s][info][gc,start    ] GC(180) Pause Young (Normal) (G1 Evacuation Pause)
[2026-10-07T18:43:38.125+0800][1893.470s][info][gc,task     ] GC(180) Using 9 workers of 9 for evacuation
[2026-10-07T18:43:38.235+0800][1893.580s][info][gc,phases   ] GC(180)   Pre Evacuate Collection Set: 1.1ms
[2026-10-07T18:43:38.235+0800][1893.580s][info][gc,phases   ] GC(180)   Merge Heap Roots: 1.4ms
[2026-10-07T18:43:38.235+0800][1893.580s][info][gc,phases   ] GC(180)   Evacuate Collection Set: 97.5ms
[2026-10-07T18:43:38.235+0800][1893.580s][info][gc,phases   ] GC(180)   Post Evacuate Collection Set: 8.9ms
[2026-10-07T18:43:38.235+0800][1893.580s][info][gc,phases   ] GC(180)   Other: 6.5ms
[2026-10-07T18:43:38.235+0800][1893.580s][info][gc,heap     ] GC(180) Eden regions: 24->0(24)
[2026-10-07T18:43:38.235+0800][1893.580s][info][gc,heap     ] GC(180) Survivor regions: 3->3(4)
[2026-10-07T18:43:38.235+0800][1893.580s][info][gc,heap     ] GC(180) Old regions: 216->217
[2026-10-07T18:43:38.235+0800][1893.580s][info][gc,heap     ] GC(180) Archive regions: 2->2
[2026-10-07T18:43:38.235+0800][1893.580s][info][gc,heap     ] GC(180) Humongous regions: 8->8
[2026-10-07T18:43:38.241+0800][1893.586s][info][gc,metaspace] GC(180) Metaspace: 141516K(143104K)->141516K(143104K) NonClass: 123134K(123904K)->123134K(123904K) Class: 18382K(19200K)->18382K(19200K)
[2026-10-07T18:43:38.241+0800][1893.586s][info][gc          ] GC(180) Pause Young (Normal) (G1 Evacuation Pause) 251M->227M(544M) 119.819ms
[2026-10-07T18:43:38.241+0800][1893.586s][info][gc,cpu      ] GC(180) User=0.01s Sys=0.05s Real=0.12s
[2026-10-07T18:43:38.242+0800][1893.586s][info][safepoint   ] Safepoint "G1CollectForAllocation", Time since last: 15929411000 ns, Reaching safepoint: 4818167 ns, At safepoint: 125760667 ns, Total: 130578834 ns
[2026-10-07T18:43:40.394+0800][1895.739s][info][safepoint   ] Safepoint "Cleanup", Time since last: 2151332666 ns, Reaching safepoint: 761000 ns, At safepoint: 11209 ns, Total: 772209 ns
[2026-10-07T18:43:41.576+0800][1896.921s][info][safepoint   ] Safepoint "Cleanup", Time since last: 1145055375 ns, Reaching safepoint: 36952125 ns, At safepoint: 87125 ns, Total: 37039250 ns
[2026-10-07T18:43:47.830+0800][1903.175s][info][gc,start    ] GC(181) Pause Young (Normal) (G1 Evacuation Pause)
[2026-10-07T18:43:47.918+0800][1903.263s][info][gc,task     ] GC(181) Using 9 workers of 9 for evacuation
[2026-10-07T18:43:48.548+0800][1903.893s][info][gc,mmu      ] GC(181) MMU target violated: 201.0ms (200.0ms/201.0ms)
[2026-10-07T18:43:49.574+0800][1904.919s][info][gc,phases   ] GC(181)   Pre Evacuate Collection Set: 120.1ms
[2026-10-07T18:43:49.575+0800][1904.920s][info][gc,phases   ] GC(181)   Merge Heap Roots: 47.0ms
[2026-10-07T18:43:49.575+0800][1904.920s][info][gc,phases   ] GC(181)   Evacuate Collection Set: 386.2ms
[2026-10-07T18:43:49.575+0800][1904.920s][info][gc,phases   ] GC(181)   Post Evacuate Collection Set: 16.8ms
[2026-10-07T18:43:49.575+0800][1904.920s][info][gc,phases   ] GC(181)   Other: 1176.4ms
[2026-10-07T18:43:49.575+0800][1904.920s][info][gc,heap     ] GC(181) Eden regions: 24->0(24)
[2026-10-07T18:43:49.575+0800][1904.920s][info][gc,heap     ] GC(181) Survivor regions: 3->3(4)
[2026-10-07T18:43:49.575+0800][1904.920s][info][gc,heap     ] GC(181) Old regions: 217->218
[2026-10-07T18:43:49.575+0800][1904.920s][info][gc,heap     ] GC(181) Archive regions: 2->2
[2026-10-07T18:43:49.575+0800][1904.920s][info][gc,heap     ] GC(181) Humongous regions: 8->8
[2026-10-07T18:43:49.575+0800][1904.920s][info][gc,metaspace] GC(181) Metaspace: 141517K(143104K)->141517K(143104K) NonClass: 123135K(123904K)->123135K(123904K) Class: 18382K(19200K)->18382K(19200K)
[2026-10-07T18:43:49.580+0800][1904.925s][info][gc          ] GC(181) Pause Young (Normal) (G1 Evacuation Pause) 251M->228M(544M) 1750.066ms
[2026-10-07T18:43:49.580+0800][1904.925s][info][gc,cpu      ] GC(181) User=0.01s Sys=0.04s Real=1.76s
[2026-10-07T18:43:49.584+0800][1904.928s][info][safepoint   ] Safepoint "G1CollectForAllocation", Time since last: 6248276125 ns, Reaching safepoint: 1174333 ns, At safepoint: 1758321125 ns, Total: 1759495458 ns
[2026-10-07T18:43:52.946+0800][1908.290s][info][safepoint   ] Safepoint "Cleanup", Time since last: 3324011375 ns, Reaching safepoint: 37699708 ns, At safepoint: 283375 ns, Total: 37983083 ns
[2026-10-07T18:43:54.214+0800][1909.559s][info][gc,start    ] GC(182) Pause Young (Normal) (G1 Evacuation Pause)
[2026-10-07T18:43:54.215+0800][1909.560s][info][gc,task     ] GC(182) Using 9 workers of 9 for evacuation
[2026-10-07T18:43:54.296+0800][1909.641s][info][gc,phases   ] GC(182)   Pre Evacuate Collection Set: 1.3ms
[2026-10-07T18:43:54.296+0800][1909.641s][info][gc,phases   ] GC(182)   Merge Heap Roots: 0.3ms
[2026-10-07T18:43:54.296+0800][1909.641s][info][gc,phases   ] GC(182)   Evacuate Collection Set: 59.0ms
[2026-10-07T18:43:54.296+0800][1909.641s][info][gc,phases   ] GC(182)   Post Evacuate Collection Set: 19.8ms
[2026-10-07T18:43:54.296+0800][1909.641s][info][gc,phases   ] GC(182)   Other: 1.0ms
[2026-10-07T18:43:54.296+0800][1909.641s][info][gc,heap     ] GC(182) Eden regions: 24->0(24)
[2026-10-07T18:43:54.296+0800][1909.641s][info][gc,heap     ] GC(182) Survivor regions: 3->3(4)
[2026-10-07T18:43:54.296+0800][1909.641s][info][gc,heap     ] GC(182) Old regions: 218->218
[2026-10-07T18:43:54.296+0800][1909.641s][info][gc,heap     ] GC(182) Archive regions: 2->2
[2026-10-07T18:43:54.296+0800][1909.641s][info][gc,heap     ] GC(182) Humongous regions: 8->8
[2026-10-07T18:43:54.296+0800][1909.641s][info][gc,metaspace] GC(182) Metaspace: 141520K(143104K)->141520K(143104K) NonClass: 123137K(123904K)->123137K(123904K) Class: 18382K(19200K)->18382K(19200K)
[2026-10-07T18:43:54.296+0800][1909.641s][info][gc          ] GC(182) Pause Young (Normal) (G1 Evacuation Pause) 252M->229M(544M) 81.361ms
[2026-10-07T18:43:54.296+0800][1909.641s][info][gc,cpu      ] GC(182) User=0.01s Sys=0.03s Real=0.08s
[2026-10-07T18:43:54.296+0800][1909.641s][info][safepoint   ] Safepoint "G1CollectForAllocation", Time since last: 1267646084 ns, Reaching safepoint: 1251500 ns, At safepoint: 81531541 ns, Total: 82783041 ns
[2026-10-07T18:44:02.214+0800][1917.559s][info][safepoint   ] Safepoint "Cleanup", Time since last: 7853197875 ns, Reaching safepoint: 48521500 ns, At safepoint: 3097125 ns, Total: 51618625 ns
[2026-10-07T18:44:03.416+0800][1918.761s][info][safepoint   ] Safepoint "Cleanup", Time since last: 1213581500 ns, Reaching safepoint: 1149125 ns, At safepoint: 139834 ns, Total: 1288959 ns
[2026-10-07T18:44:04.258+0800][1919.603s][info][gc,start    ] GC(183) Pause Young (Normal) (G1 Evacuation Pause)
[2026-10-07T18:44:04.282+0800][1919.627s][info][gc,task     ] GC(183) Using 9 workers of 9 for evacuation
[2026-10-07T18:44:04.827+0800][1920.171s][info][gc,mmu      ] GC(183) MMU target violated: 201.0ms (200.0ms/201.0ms)
[2026-10-07T18:44:04.827+0800][1920.172s][info][gc,phases   ] GC(183)   Pre Evacuate Collection Set: 0.5ms
[2026-10-07T18:44:04.827+0800][1920.172s][info][gc,phases   ] GC(183)   Merge Heap Roots: 26.1ms
[2026-10-07T18:44:04.827+0800][1920.172s][info][gc,phases   ] GC(183)   Evacuate Collection Set: 421.5ms
[2026-10-07T18:44:04.827+0800][1920.172s][info][gc,phases   ] GC(183)   Post Evacuate Collection Set: 42.6ms
[2026-10-07T18:44:04.827+0800][1920.172s][info][gc,phases   ] GC(183)   Other: 128.7ms
[2026-10-07T18:44:04.827+0800][1920.172s][info][gc,heap     ] GC(183) Eden regions: 24->0(24)
[2026-10-07T18:44:04.827+0800][1920.172s][info][gc,heap     ] GC(183) Survivor regions: 3->3(4)
[2026-10-07T18:44:04.827+0800][1920.172s][info][gc,heap     ] GC(183) Old regions: 218->219
[2026-10-07T18:44:04.827+0800][1920.172s][info][gc,heap     ] GC(183) Archive regions: 2->2
[2026-10-07T18:44:04.827+0800][1920.172s][info][gc,heap     ] GC(183) Humongous regions: 8->8
[2026-10-07T18:44:04.827+0800][1920.172s][info][gc,metaspace] GC(183) Metaspace: 141547K(143104K)->141547K(143104K) NonClass: 123165K(123904K)->123165K(123904K) Class: 18382K(19200K)->18382K(19200K)
[2026-10-07T18:44:04.830+0800][1920.175s][info][gc          ] GC(183) Pause Young (Normal) (G1 Evacuation Pause) 253M->229M(544M) 586.720ms
[2026-10-07T18:44:04.830+0800][1920.175s][info][gc,cpu      ] GC(183) User=0.01s Sys=0.06s Real=0.59s
[2026-10-07T18:44:04.831+0800][1920.176s][info][safepoint   ] Safepoint "G1CollectForAllocation", Time since last: 740447875 ns, Reaching safepoint: 168500 ns, At safepoint: 674490083 ns, Total: 674658583 ns
[2026-10-07T18:44:05.603+0800][1920.948s][info][gc,start    ] GC(184) Pause Young (Normal) (G1 Evacuation Pause)
[2026-10-07T18:44:05.603+0800][1920.948s][info][gc,task     ] GC(184) Using 9 workers of 9 for evacuation
[2026-10-07T18:44:05.652+0800][1920.997s][info][gc,phases   ] GC(184)   Pre Evacuate Collection Set: 1.0ms
[2026-10-07T18:44:05.652+0800][1920.997s][info][gc,phases   ] GC(184)   Merge Heap Roots: 1.0ms
[2026-10-07T18:44:05.652+0800][1920.997s][info][gc,phases   ] GC(184)   Evacuate Collection Set: 43.2ms
[2026-10-07T18:44:05.652+0800][1920.997s][info][gc,phases   ] GC(184)   Post Evacuate Collection Set: 1.8ms
[2026-10-07T18:44:05.652+0800][1920.997s][info][gc,phases   ] GC(184)   Other: 2.1ms
[2026-10-07T18:44:05.652+0800][1920.997s][info][gc,heap     ] GC(184) Eden regions: 24->0(24)
[2026-10-07T18:44:05.652+0800][1920.997s][info][gc,heap     ] GC(184) Survivor regions: 3->3(4)
[2026-10-07T18:44:05.652+0800][1920.997s][info][gc,heap     ] GC(184) Old regions: 219->219
[2026-10-07T18:44:05.652+0800][1920.997s][info][gc,heap     ] GC(184) Archive regions: 2->2
[2026-10-07T18:44:05.652+0800][1920.997s][info][gc,heap     ] GC(184) Humongous regions: 8->8
[2026-10-07T18:44:05.652+0800][1920.997s][info][gc,metaspace] GC(184) Metaspace: 141548K(143104K)->141548K(143104K) NonClass: 123166K(123904K)->123166K(123904K) Class: 18382K(19200K)->18382K(19200K)
[2026-10-07T18:44:05.652+0800][1920.997s][info][gc          ] GC(184) Pause Young (Normal) (G1 Evacuation Pause) 253M->230M(544M) 49.179ms
[2026-10-07T18:44:05.652+0800][1920.997s][info][gc,cpu      ] GC(184) User=0.01s Sys=0.03s Real=0.05s
[2026-10-07T18:44:05.652+0800][1920.997s][info][safepoint   ] Safepoint "G1CollectForAllocation", Time since last: 770197750 ns, Reaching safepoint: 1854542 ns, At safepoint: 49330958 ns, Total: 51185500 ns
[2026-10-07T18:44:07.284+0800][1922.629s][info][gc,start    ] GC(185) Pause Young (Normal) (G1 Evacuation Pause)
[2026-10-07T18:44:07.306+0800][1922.651s][info][gc,task     ] GC(185) Using 9 workers of 9 for evacuation
[2026-10-07T18:44:07.345+0800][1922.690s][info][gc,phases   ] GC(185)   Pre Evacuate Collection Set: 10.6ms
[2026-10-07T18:44:07.345+0800][1922.690s][info][gc,phases   ] GC(185)   Merge Heap Roots: 0.9ms
[2026-10-07T18:44:07.345+0800][1922.690s][info][gc,phases   ] GC(185)   Evacuate Collection Set: 25.7ms
[2026-10-07T18:44:07.345+0800][1922.690s][info][gc,phases   ] GC(185)   Post Evacuate Collection Set: 1.3ms
[2026-10-07T18:44:07.345+0800][1922.690s][info][gc,phases   ] GC(185)   Other: 22.5ms
[2026-10-07T18:44:07.345+0800][1922.690s][info][gc,heap     ] GC(185) Eden regions: 24->0(24)
[2026-10-07T18:44:07.346+0800][1922.690s][info][gc,heap     ] GC(185) Survivor regions: 3->3(4)
[2026-10-07T18:44:07.346+0800][1922.690s][info][gc,heap     ] GC(185) Old regions: 219->220
[2026-10-07T18:44:07.346+0800][1922.691s][info][gc,heap     ] GC(185) Archive regions: 2->2
[2026-10-07T18:44:07.346+0800][1922.691s][info][gc,heap     ] GC(185) Humongous regions: 8->8
[2026-10-07T18:44:07.346+0800][1922.691s][info][gc,metaspace] GC(185) Metaspace: 141548K(143104K)->141548K(143104K) NonClass: 123166K(123904K)->123166K(123904K) Class: 18382K(19200K)->18382K(19200K)
[2026-10-07T18:44:07.347+0800][1922.692s][info][gc          ] GC(185) Pause Young (Normal) (G1 Evacuation Pause) 254M->231M(544M) 62.865ms
[2026-10-07T18:44:07.347+0800][1922.692s][info][gc,cpu      ] GC(185) User=0.01s Sys=0.03s Real=0.06s
[2026-10-07T18:44:07.348+0800][1922.693s][info][safepoint   ] Safepoint "G1CollectForAllocation", Time since last: 1513682625 ns, Reaching safepoint: 118528750 ns, At safepoint: 63273208 ns, Total: 181801958 ns
[2026-10-07T18:44:08.530+0800][1923.875s][info][safepoint   ] Safepoint "Cleanup", Time since last: 1149745625 ns, Reaching safepoint: 32581209 ns, At safepoint: 40458 ns, Total: 32621667 ns
[2026-10-07T18:44:11.143+0800][1926.488s][info][gc,start    ] GC(186) Pause Young (Normal) (G1 Evacuation Pause)
[2026-10-07T18:44:11.143+0800][1926.488s][info][gc,task     ] GC(186) Using 9 workers of 9 for evacuation
[2026-10-07T18:44:12.047+0800][1927.392s][info][gc,mmu      ] GC(186) MMU target violated: 201.0ms (200.0ms/201.0ms)
[2026-10-07T18:44:12.051+0800][1927.396s][info][gc,phases   ] GC(186)   Pre Evacuate Collection Set: 0.4ms
[2026-10-07T18:44:12.052+0800][1927.396s][info][gc,phases   ] GC(186)   Merge Heap Roots: 0.2ms
[2026-10-07T18:44:12.052+0800][1927.396s][info][gc,phases   ] GC(186)   Evacuate Collection Set: 569.4ms
[2026-10-07T18:44:12.052+0800][1927.396s][info][gc,phases   ] GC(186)   Post Evacuate Collection Set: 333.6ms
[2026-10-07T18:44:12.052+0800][1927.396s][info][gc,phases   ] GC(186)   Other: 4.7ms
[2026-10-07T18:44:12.052+0800][1927.397s][info][gc,heap     ] GC(186) Eden regions: 24->0(24)
[2026-10-07T18:44:12.052+0800][1927.397s][info][gc,heap     ] GC(186) Survivor regions: 3->3(4)
[2026-10-07T18:44:12.052+0800][1927.397s][info][gc,heap     ] GC(186) Old regions: 220->221
[2026-10-07T18:44:12.052+0800][1927.397s][info][gc,heap     ] GC(186) Archive regions: 2->2
[2026-10-07T18:44:12.052+0800][1927.397s][info][gc,heap     ] GC(186) Humongous regions: 8->8
[2026-10-07T18:44:12.052+0800][1927.397s][info][gc,metaspace] GC(186) Metaspace: 141551K(143104K)->141551K(143104K) NonClass: 123169K(123904K)->123169K(123904K) Class: 18382K(19200K)->18382K(19200K)
[2026-10-07T18:44:12.096+0800][1927.441s][info][gc          ] GC(186) Pause Young (Normal) (G1 Evacuation Pause) 255M->231M(544M) 952.570ms
[2026-10-07T18:44:12.096+0800][1927.441s][info][gc,cpu      ] GC(186) User=0.03s Sys=0.04s Real=0.95s
[2026-10-07T18:44:12.097+0800][1927.442s][info][safepoint   ] Safepoint "G1CollectForAllocation", Time since last: 2531652000 ns, Reaching safepoint: 81542625 ns, At safepoint: 953654000 ns, Total: 1035196625 ns
[2026-10-07T18:44:13.273+0800][1928.618s][info][safepoint   ] Safepoint "Cleanup", Time since last: 1149211958 ns, Reaching safepoint: 26554250 ns, At safepoint: 112875 ns, Total: 26667125 ns
[2026-10-07T18:44:14.419+0800][1929.764s][info][safepoint   ] Safepoint "Cleanup", Time since last: 1143476959 ns, Reaching safepoint: 2422333 ns, At safepoint: 231625 ns, Total: 2653958 ns
[2026-10-07T18:44:14.632+0800][1929.977s][info][gc,start    ] GC(187) Pause Young (Normal) (G1 Evacuation Pause)
[2026-10-07T18:44:14.632+0800][1929.977s][info][gc,task     ] GC(187) Using 9 workers of 9 for evacuation
[2026-10-07T18:44:14.779+0800][1930.124s][info][gc,phases   ] GC(187)   Pre Evacuate Collection Set: 42.9ms
[2026-10-07T18:44:14.779+0800][1930.124s][info][gc,phases   ] GC(187)   Merge Heap Roots: 6.1ms
[2026-10-07T18:44:14.779+0800][1930.124s][info][gc,phases   ] GC(187)   Evacuate Collection Set: 59.6ms
[2026-10-07T18:44:14.779+0800][1930.124s][info][gc,phases   ] GC(187)   Post Evacuate Collection Set: 38.7ms
[2026-10-07T18:44:14.779+0800][1930.124s][info][gc,phases   ] GC(187)   Other: 0.3ms
[2026-10-07T18:44:14.779+0800][1930.124s][info][gc,heap     ] GC(187) Eden regions: 24->0(24)
[2026-10-07T18:44:14.779+0800][1930.124s][info][gc,heap     ] GC(187) Survivor regions: 3->3(4)
[2026-10-07T18:44:14.779+0800][1930.124s][info][gc,heap     ] GC(187) Old regions: 221->221
[2026-10-07T18:44:14.779+0800][1930.124s][info][gc,heap     ] GC(187) Archive regions: 2->2
[2026-10-07T18:44:14.779+0800][1930.124s][info][gc,heap     ] GC(187) Humongous regions: 8->8
[2026-10-07T18:44:14.779+0800][1930.124s][info][gc,metaspace] GC(187) Metaspace: 141553K(143104K)->141553K(143104K) NonClass: 123170K(123904K)->123170K(123904K) Class: 18382K(19200K)->18382K(19200K)
[2026-10-07T18:44:14.780+0800][1930.124s][info][gc          ] GC(187) Pause Young (Normal) (G1 Evacuation Pause) 255M->232M(544M) 147.966ms
[2026-10-07T18:44:14.780+0800][1930.125s][info][gc,cpu      ] GC(187) User=0.01s Sys=0.04s Real=0.15s
[2026-10-07T18:44:14.780+0800][1930.125s][info][safepoint   ] Safepoint "G1CollectForAllocation", Time since last: 212574292 ns, Reaching safepoint: 40500 ns, At safepoint: 148353708 ns, Total: 148394208 ns
[2026-10-07T18:44:21.881+0800][1937.225s][info][gc,start    ] GC(188) Pause Young (Normal) (G1 Evacuation Pause)
[2026-10-07T18:44:21.891+0800][1937.235s][info][gc,task     ] GC(188) Using 9 workers of 9 for evacuation
[2026-10-07T18:44:22.264+0800][1937.609s][info][gc,mmu      ] GC(188) MMU target violated: 201.0ms (200.0ms/201.0ms)
[2026-10-07T18:44:22.293+0800][1937.638s][info][gc,phases   ] GC(188)   Pre Evacuate Collection Set: 34.3ms
[2026-10-07T18:44:22.293+0800][1937.638s][info][gc,phases   ] GC(188)   Merge Heap Roots: 4.0ms
[2026-10-07T18:44:22.293+0800][1937.638s][info][gc,phases   ] GC(188)   Evacuate Collection Set: 293.4ms
[2026-10-07T18:44:22.293+0800][1937.638s][info][gc,phases   ] GC(188)   Post Evacuate Collection Set: 36.9ms
[2026-10-07T18:44:22.358+0800][1937.703s][info][gc,phases   ] GC(188)   Other: 64.3ms
[2026-10-07T18:44:22.358+0800][1937.703s][info][gc,heap     ] GC(188) Eden regions: 24->0(24)
[2026-10-07T18:44:22.358+0800][1937.703s][info][gc,heap     ] GC(188) Survivor regions: 3->3(4)
[2026-10-07T18:44:22.358+0800][1937.703s][info][gc,heap     ] GC(188) Old regions: 221->222
[2026-10-07T18:44:22.358+0800][1937.703s][info][gc,heap     ] GC(188) Archive regions: 2->2
[2026-10-07T18:44:22.358+0800][1937.703s][info][gc,heap     ] GC(188) Humongous regions: 8->8
[2026-10-07T18:44:22.379+0800][1937.724s][info][gc,metaspace] GC(188) Metaspace: 141557K(143104K)->141557K(143104K) NonClass: 123175K(123904K)->123175K(123904K) Class: 18382K(19200K)->18382K(19200K)
[2026-10-07T18:44:22.887+0800][1938.232s][info][gc          ] GC(188) Pause Young (Normal) (G1 Evacuation Pause) 256M->233M(544M) 902.636ms
[2026-10-07T18:44:22.896+0800][1938.241s][info][gc,cpu      ] GC(188) User=0.01s Sys=0.06s Real=1.02s
[2026-10-07T18:44:22.962+0800][1938.307s][info][safepoint   ] Safepoint "G1CollectForAllocation", Time since last: 7043289875 ns, Reaching safepoint: 29599917 ns, At safepoint: 1081646166 ns, Total: 1111246083 ns
[2026-10-07T18:44:24.673+0800][1940.018s][info][safepoint   ] Safepoint "Cleanup", Time since last: 1664233375 ns, Reaching safepoint: 49533584 ns, At safepoint: 36416 ns, Total: 49570000 ns
[2026-10-07T18:44:25.938+0800][1941.283s][info][safepoint   ] Safepoint "Cleanup", Time since last: 1258356500 ns, Reaching safepoint: 31192459 ns, At safepoint: 91708 ns, Total: 31284167 ns
[2026-10-07T18:44:30.347+0800][1945.692s][info][safepoint   ] Safepoint "Cleanup", Time since last: 4396980042 ns, Reaching safepoint: 10575583 ns, At safepoint: 1616750 ns, Total: 12192333 ns
[2026-10-07T18:44:30.839+0800][1946.184s][info][gc,start    ] GC(189) Pause Young (Normal) (G1 Evacuation Pause)
[2026-10-07T18:44:30.840+0800][1946.185s][info][gc,task     ] GC(189) Using 9 workers of 9 for evacuation
[2026-10-07T18:44:30.879+0800][1946.224s][info][gc,phases   ] GC(189)   Pre Evacuate Collection Set: 4.1ms
[2026-10-07T18:44:30.879+0800][1946.224s][info][gc,phases   ] GC(189)   Merge Heap Roots: 0.9ms
[2026-10-07T18:44:30.879+0800][1946.224s][info][gc,phases   ] GC(189)   Evacuate Collection Set: 30.5ms
[2026-10-07T18:44:30.879+0800][1946.224s][info][gc,phases   ] GC(189)   Post Evacuate Collection Set: 3.9ms
[2026-10-07T18:44:30.879+0800][1946.224s][info][gc,phases   ] GC(189)   Other: 1.7ms
[2026-10-07T18:44:30.879+0800][1946.224s][info][gc,heap     ] GC(189) Eden regions: 24->0(24)
[2026-10-07T18:44:30.879+0800][1946.224s][info][gc,heap     ] GC(189) Survivor regions: 3->3(4)
[2026-10-07T18:44:30.879+0800][1946.224s][info][gc,heap     ] GC(189) Old regions: 222->223
[2026-10-07T18:44:30.879+0800][1946.224s][info][gc,heap     ] GC(189) Archive regions: 2->2
[2026-10-07T18:44:30.879+0800][1946.224s][info][gc,heap     ] GC(189) Humongous regions: 8->8
[2026-10-07T18:44:30.879+0800][1946.224s][info][gc,metaspace] GC(189) Metaspace: 141563K(143104K)->141563K(143104K) NonClass: 123181K(123904K)->123181K(123904K) Class: 18382K(19200K)->18382K(19200K)
[2026-10-07T18:44:30.881+0800][1946.226s][info][gc          ] GC(189) Pause Young (Normal) (G1 Evacuation Pause) 257M->233M(544M) 41.990ms
[2026-10-07T18:44:30.881+0800][1946.226s][info][gc,cpu      ] GC(189) User=0.01s Sys=0.03s Real=0.05s
[2026-10-07T18:44:30.881+0800][1946.226s][info][safepoint   ] Safepoint "G1CollectForAllocation", Time since last: 489972667 ns, Reaching safepoint: 51041 ns, At safepoint: 44330834 ns, Total: 44381875 ns
[2026-10-07T18:44:32.124+0800][1947.469s][info][safepoint   ] Safepoint "Cleanup", Time since last: 1140285041 ns, Reaching safepoint: 100677167 ns, At safepoint: 1589625 ns, Total: 102266792 ns
[2026-10-07T18:44:33.365+0800][1948.710s][info][safepoint   ] Safepoint "Cleanup", Time since last: 1142200125 ns, Reaching safepoint: 99262208 ns, At safepoint: 109375 ns, Total: 99371583 ns
[2026-10-07T18:44:34.420+0800][1949.764s][info][safepoint   ] Safepoint "Cleanup", Time since last: 1039970334 ns, Reaching safepoint: 14068833 ns, At safepoint: 3542 ns, Total: 14072375 ns
[2026-10-07T18:49:40.121+0800][2255.522s][info][safepoint   ] Safepoint "RedefineClasses", Time since last: 361875 ns, Reaching safepoint: 27875 ns, At safepoint: 305749510708 ns, Total: 305749538583 ns
[2026-10-07T18:49:42.821+0800][2258.221s][info][safepoint   ] Safepoint "Cleanup", Time since last: 2275938792 ns, Reaching safepoint: 429642666 ns, At safepoint: 1371625 ns, Total: 431014291 ns
[2026-10-07T18:49:43.937+0800][2259.337s][info][safepoint   ] Safepoint "Cleanup", Time since last: 1099824584 ns, Reaching safepoint: 15253583 ns, At safepoint: 1004083 ns, Total: 16257666 ns
[2026-10-07T18:49:50.114+0800][2265.515s][info][safepoint   ] Safepoint "Cleanup", Time since last: 6160026500 ns, Reaching safepoint: 17633417 ns, At safepoint: 81000 ns, Total: 17714417 ns
[2026-10-07T18:49:52.418+0800][2267.819s][info][safepoint   ] Safepoint "Cleanup", Time since last: 2292018917 ns, Reaching safepoint: 11981791 ns, At safepoint: 56875 ns, Total: 12038666 ns
[2026-10-07T18:49:53.149+0800][2268.549s][info][gc,start    ] GC(190) Pause Young (Normal) (G1 Evacuation Pause)
[2026-10-07T18:49:53.149+0800][2268.550s][info][gc,task     ] GC(190) Using 9 workers of 9 for evacuation
[2026-10-07T18:49:53.625+0800][2269.026s][info][gc,mmu      ] GC(190) MMU target violated: 201.0ms (200.0ms/201.0ms)
[2026-10-07T18:49:53.625+0800][2269.026s][info][gc,phases   ] GC(190)   Pre Evacuate Collection Set: 7.6ms
[2026-10-07T18:49:53.625+0800][2269.026s][info][gc,phases   ] GC(190)   Merge Heap Roots: 3.2ms
[2026-10-07T18:49:53.625+0800][2269.026s][info][gc,phases   ] GC(190)   Evacuate Collection Set: 226.4ms
[2026-10-07T18:49:53.625+0800][2269.026s][info][gc,phases   ] GC(190)   Post Evacuate Collection Set: 238.2ms
[2026-10-07T18:49:53.625+0800][2269.026s][info][gc,phases   ] GC(190)   Other: 2.0ms
[2026-10-07T18:49:53.625+0800][2269.026s][info][gc,heap     ] GC(190) Eden regions: 24->0(24)
[2026-10-07T18:49:53.625+0800][2269.026s][info][gc,heap     ] GC(190) Survivor regions: 3->3(4)
[2026-10-07T18:49:53.625+0800][2269.026s][info][gc,heap     ] GC(190) Old regions: 223->223
[2026-10-07T18:49:53.625+0800][2269.026s][info][gc,heap     ] GC(190) Archive regions: 2->2
[2026-10-07T18:49:53.625+0800][2269.026s][info][gc,heap     ] GC(190) Humongous regions: 8->8
[2026-10-07T18:49:53.625+0800][2269.026s][info][gc,metaspace] GC(190) Metaspace: 141599K(143168K)->141599K(143168K) NonClass: 123214K(123968K)->123214K(123968K) Class: 18384K(19200K)->18384K(19200K)
[2026-10-07T18:49:53.648+0800][2269.049s][info][gc          ] GC(190) Pause Young (Normal) (G1 Evacuation Pause) 257M->234M(544M) 499.583ms
[2026-10-07T18:49:53.648+0800][2269.049s][info][gc,cpu      ] GC(190) User=0.01s Sys=0.07s Real=0.50s
[2026-10-07T18:49:53.648+0800][2269.049s][info][safepoint   ] Safepoint "G1CollectForAllocation", Time since last: 728492250 ns, Reaching safepoint: 416709 ns, At safepoint: 500884833 ns, Total: 501301542 ns
[2026-10-07T18:49:58.806+0800][2274.207s][info][safepoint   ] Safepoint "Cleanup", Time since last: 4572844375 ns, Reaching safepoint: 584602625 ns, At safepoint: 641125 ns, Total: 585243750 ns
[2026-10-07T18:50:02.764+0800][2278.165s][info][gc,start    ] GC(191) Pause Young (Normal) (G1 Evacuation Pause)
[2026-10-07T18:50:02.764+0800][2278.165s][info][gc,task     ] GC(191) Using 9 workers of 9 for evacuation
[2026-10-07T18:50:02.872+0800][2278.273s][info][gc,phases   ] GC(191)   Pre Evacuate Collection Set: 1.2ms
[2026-10-07T18:50:02.872+0800][2278.273s][info][gc,phases   ] GC(191)   Merge Heap Roots: 0.3ms
[2026-10-07T18:50:02.872+0800][2278.273s][info][gc,phases   ] GC(191)   Evacuate Collection Set: 98.8ms
[2026-10-07T18:50:02.872+0800][2278.273s][info][gc,phases   ] GC(191)   Post Evacuate Collection Set: 7.7ms
[2026-10-07T18:50:02.872+0800][2278.273s][info][gc,phases   ] GC(191)   Other: 0.3ms
[2026-10-07T18:50:02.872+0800][2278.273s][info][gc,heap     ] GC(191) Eden regions: 24->0(24)
[2026-10-07T18:50:02.872+0800][2278.273s][info][gc,heap     ] GC(191) Survivor regions: 3->3(4)
[2026-10-07T18:50:02.872+0800][2278.273s][info][gc,heap     ] GC(191) Old regions: 223->224
[2026-10-07T18:50:02.872+0800][2278.273s][info][gc,heap     ] GC(191) Archive regions: 2->2
[2026-10-07T18:50:02.872+0800][2278.273s][info][gc,heap     ] GC(191) Humongous regions: 8->8
[2026-10-07T18:50:02.872+0800][2278.273s][info][gc,metaspace] GC(191) Metaspace: 141625K(143168K)->141625K(143168K) NonClass: 123239K(123968K)->123239K(123968K) Class: 18386K(19200K)->18386K(19200K)
[2026-10-07T18:50:02.897+0800][2278.298s][info][gc          ] GC(191) Pause Young (Normal) (G1 Evacuation Pause) 258M->234M(544M) 133.456ms
[2026-10-07T18:50:02.898+0800][2278.298s][info][gc,cpu      ] GC(191) User=0.01s Sys=0.03s Real=0.13s
[2026-10-07T18:50:02.901+0800][2278.302s][info][safepoint   ] Safepoint "G1CollectForAllocation", Time since last: 3957297292 ns, Reaching safepoint: 349041 ns, At safepoint: 137009459 ns, Total: 137358500 ns
[2026-10-07T18:50:04.027+0800][2279.427s][info][safepoint   ] Safepoint "Cleanup", Time since last: 1115483125 ns, Reaching safepoint: 10176833 ns, At safepoint: 25708 ns, Total: 10202541 ns
[2026-10-07T18:50:04.387+0800][2279.787s][info][gc,start    ] GC(192) Pause Young (Normal) (G1 Evacuation Pause)
[2026-10-07T18:50:04.387+0800][2279.788s][info][gc,task     ] GC(192) Using 9 workers of 9 for evacuation
[2026-10-07T18:50:04.521+0800][2279.922s][info][gc,phases   ] GC(192)   Pre Evacuate Collection Set: 1.6ms
[2026-10-07T18:50:04.522+0800][2279.922s][info][gc,phases   ] GC(192)   Merge Heap Roots: 0.3ms
[2026-10-07T18:50:04.522+0800][2279.922s][info][gc,phases   ] GC(192)   Evacuate Collection Set: 129.0ms
[2026-10-07T18:50:04.522+0800][2279.922s][info][gc,phases   ] GC(192)   Post Evacuate Collection Set: 2.7ms
[2026-10-07T18:50:04.522+0800][2279.922s][info][gc,phases   ] GC(192)   Other: 1.4ms
[2026-10-07T18:50:04.522+0800][2279.922s][info][gc,heap     ] GC(192) Eden regions: 24->0(24)
[2026-10-07T18:50:04.522+0800][2279.922s][info][gc,heap     ] GC(192) Survivor regions: 3->3(4)
[2026-10-07T18:50:04.522+0800][2279.922s][info][gc,heap     ] GC(192) Old regions: 224->225
[2026-10-07T18:50:04.522+0800][2279.922s][info][gc,heap     ] GC(192) Archive regions: 2->2
[2026-10-07T18:50:04.522+0800][2279.922s][info][gc,heap     ] GC(192) Humongous regions: 8->8
[2026-10-07T18:50:04.522+0800][2279.922s][info][gc,metaspace] GC(192) Metaspace: 141662K(143232K)->141662K(143232K) NonClass: 123273K(124032K)->123273K(124032K) Class: 18388K(19200K)->18388K(19200K)
[2026-10-07T18:50:04.522+0800][2279.922s][info][gc          ] GC(192) Pause Young (Normal) (G1 Evacuation Pause) 258M->235M(544M) 134.987ms
[2026-10-07T18:50:04.522+0800][2279.922s][info][gc,cpu      ] GC(192) User=0.01s Sys=0.03s Real=0.14s
[2026-10-07T18:50:04.522+0800][2279.922s][info][safepoint   ] Safepoint "G1CollectForAllocation", Time since last: 359655042 ns, Reaching safepoint: 320125 ns, At safepoint: 135158917 ns, Total: 135479042 ns
[2026-10-07T18:50:05.650+0800][2281.051s][info][safepoint   ] Safepoint "Cleanup", Time since last: 1121420916 ns, Reaching safepoint: 6676917 ns, At safepoint: 46333 ns, Total: 6723250 ns
[2026-10-07T18:50:06.671+0800][2282.072s][info][safepoint   ] Safepoint "Cleanup", Time since last: 1007915834 ns, Reaching safepoint: 13203458 ns, At safepoint: 82417 ns, Total: 13285875 ns
[2026-10-07T18:50:18.024+0800][2293.425s][info][safepoint   ] Safepoint "RedefineClasses", Time since last: 264114208 ns, Reaching safepoint: 42792 ns, At safepoint: 11088559458 ns, Total: 11088602250 ns
[2026-10-07T18:50:19.030+0800][2294.431s][info][gc,start    ] GC(193) Pause Young (Normal) (G1 Evacuation Pause)
[2026-10-07T18:50:19.031+0800][2294.432s][info][gc,task     ] GC(193) Using 9 workers of 9 for evacuation
[2026-10-07T18:50:19.134+0800][2294.535s][info][gc,phases   ] GC(193)   Pre Evacuate Collection Set: 2.4ms
[2026-10-07T18:50:19.134+0800][2294.535s][info][gc,phases   ] GC(193)   Merge Heap Roots: 14.3ms
[2026-10-07T18:50:19.134+0800][2294.535s][info][gc,phases   ] GC(193)   Evacuate Collection Set: 69.5ms
[2026-10-07T18:50:19.134+0800][2294.535s][info][gc,phases   ] GC(193)   Post Evacuate Collection Set: 14.6ms
[2026-10-07T18:50:19.134+0800][2294.535s][info][gc,phases   ] GC(193)   Other: 3.8ms
[2026-10-07T18:50:19.134+0800][2294.535s][info][gc,heap     ] GC(193) Eden regions: 24->0(24)
[2026-10-07T18:50:19.134+0800][2294.535s][info][gc,heap     ] GC(193) Survivor regions: 3->3(4)
[2026-10-07T18:50:19.134+0800][2294.535s][info][gc,heap     ] GC(193) Old regions: 225->225
[2026-10-07T18:50:19.134+0800][2294.535s][info][gc,heap     ] GC(193) Archive regions: 2->2
[2026-10-07T18:50:19.134+0800][2294.535s][info][gc,heap     ] GC(193) Humongous regions: 8->8
[2026-10-07T18:50:19.134+0800][2294.535s][info][gc,metaspace] GC(193) Metaspace: 141736K(143296K)->141736K(143296K) NonClass: 123337K(124096K)->123337K(124096K) Class: 18398K(19200K)->18398K(19200K)
[2026-10-07T18:50:19.140+0800][2294.541s][info][gc          ] GC(193) Pause Young (Normal) (G1 Evacuation Pause) 259M->236M(544M) 109.535ms
[2026-10-07T18:50:19.140+0800][2294.541s][info][gc,cpu      ] GC(193) User=0.01s Sys=0.03s Real=0.11s
[2026-10-07T18:50:19.140+0800][2294.541s][info][safepoint   ] Safepoint "G1CollectForAllocation", Time since last: 1003492667 ns, Reaching safepoint: 669958 ns, At safepoint: 112054167 ns, Total: 112724125 ns
[2026-10-07T18:50:19.341+0800][2294.742s][info][gc,start    ] GC(194) Pause Young (Normal) (G1 Evacuation Pause)
[2026-10-07T18:50:19.341+0800][2294.742s][info][gc,task     ] GC(194) Using 9 workers of 9 for evacuation
[2026-10-07T18:50:19.348+0800][2294.749s][info][gc,phases   ] GC(194)   Pre Evacuate Collection Set: 0.0ms
[2026-10-07T18:50:19.348+0800][2294.749s][info][gc,phases   ] GC(194)   Merge Heap Roots: 0.1ms
[2026-10-07T18:50:19.348+0800][2294.749s][info][gc,phases   ] GC(194)   Evacuate Collection Set: 6.6ms
[2026-10-07T18:50:19.348+0800][2294.749s][info][gc,phases   ] GC(194)   Post Evacuate Collection Set: 0.6ms
[2026-10-07T18:50:19.348+0800][2294.749s][info][gc,phases   ] GC(194)   Other: 0.1ms
[2026-10-07T18:50:19.348+0800][2294.749s][info][gc,heap     ] GC(194) Eden regions: 24->0(37)
[2026-10-07T18:50:19.349+0800][2294.749s][info][gc,heap     ] GC(194) Survivor regions: 3->3(4)
[2026-10-07T18:50:19.349+0800][2294.749s][info][gc,heap     ] GC(194) Old regions: 225->226
[2026-10-07T18:50:19.349+0800][2294.749s][info][gc,heap     ] GC(194) Archive regions: 2->2
[2026-10-07T18:50:19.349+0800][2294.749s][info][gc,heap     ] GC(194) Humongous regions: 8->8
[2026-10-07T18:50:19.349+0800][2294.749s][info][gc,metaspace] GC(194) Metaspace: 141736K(143296K)->141736K(143296K) NonClass: 123337K(124096K)->123337K(124096K) Class: 18398K(19200K)->18398K(19200K)
[2026-10-07T18:50:19.349+0800][2294.749s][info][gc          ] GC(194) Pause Young (Normal) (G1 Evacuation Pause) 260M->236M(544M) 7.603ms
[2026-10-07T18:50:19.349+0800][2294.749s][info][gc,cpu      ] GC(194) User=0.01s Sys=0.00s Real=0.00s
[2026-10-07T18:50:19.349+0800][2294.750s][info][safepoint   ] Safepoint "G1CollectForAllocation", Time since last: 200999041 ns, Reaching safepoint: 36334 ns, At safepoint: 7696833 ns, Total: 7733167 ns
[2026-10-07T18:50:20.430+0800][2295.831s][info][gc,start    ] GC(195) Pause Young (Normal) (G1 Evacuation Pause)
[2026-10-07T18:50:20.431+0800][2295.831s][info][gc,task     ] GC(195) Using 9 workers of 9 for evacuation
[2026-10-07T18:50:20.454+0800][2295.855s][info][gc,phases   ] GC(195)   Pre Evacuate Collection Set: 0.4ms
[2026-10-07T18:50:20.454+0800][2295.855s][info][gc,phases   ] GC(195)   Merge Heap Roots: 0.2ms
[2026-10-07T18:50:20.454+0800][2295.855s][info][gc,phases   ] GC(195)   Evacuate Collection Set: 17.8ms
[2026-10-07T18:50:20.454+0800][2295.855s][info][gc,phases   ] GC(195)   Post Evacuate Collection Set: 5.1ms
[2026-10-07T18:50:20.454+0800][2295.855s][info][gc,phases   ] GC(195)   Other: 0.3ms
[2026-10-07T18:50:20.454+0800][2295.855s][info][gc,heap     ] GC(195) Eden regions: 37->0(59)
[2026-10-07T18:50:20.454+0800][2295.855s][info][gc,heap     ] GC(195) Survivor regions: 3->4(5)
[2026-10-07T18:50:20.454+0800][2295.855s][info][gc,heap     ] GC(195) Old regions: 226->226
[2026-10-07T18:50:20.454+0800][2295.855s][info][gc,heap     ] GC(195) Archive regions: 2->2
[2026-10-07T18:50:20.454+0800][2295.855s][info][gc,heap     ] GC(195) Humongous regions: 8->8
[2026-10-07T18:50:20.454+0800][2295.855s][info][gc,metaspace] GC(195) Metaspace: 141757K(143296K)->141757K(143296K) NonClass: 123357K(124096K)->123357K(124096K) Class: 18400K(19200K)->18400K(19200K)
[2026-10-07T18:50:20.455+0800][2295.856s][info][gc          ] GC(195) Pause Young (Normal) (G1 Evacuation Pause) 273M->237M(544M) 24.233ms
[2026-10-07T18:50:20.455+0800][2295.856s][info][gc,cpu      ] GC(195) User=0.01s Sys=0.03s Real=0.02s
[2026-10-07T18:50:20.455+0800][2295.856s][info][safepoint   ] Safepoint "G1CollectForAllocation", Time since last: 1080811250 ns, Reaching safepoint: 883375 ns, At safepoint: 24390208 ns, Total: 25273583 ns
[2026-10-07T18:50:21.625+0800][2297.026s][info][safepoint   ] Safepoint "Cleanup", Time since last: 1144487459 ns, Reaching safepoint: 25654375 ns, At safepoint: 24666 ns, Total: 25679041 ns
[2026-10-07T18:50:28.301+0800][2303.702s][info][gc,start    ] GC(196) Pause Young (Normal) (G1 Evacuation Pause)
[2026-10-07T18:50:28.301+0800][2303.702s][info][gc,task     ] GC(196) Using 9 workers of 9 for evacuation
[2026-10-07T18:50:29.058+0800][2304.459s][info][gc,mmu      ] GC(196) MMU target violated: 201.0ms (200.0ms/201.0ms)
[2026-10-07T18:50:29.058+0800][2304.459s][info][gc,phases   ] GC(196)   Pre Evacuate Collection Set: 2.1ms
[2026-10-07T18:50:29.058+0800][2304.459s][info][gc,phases   ] GC(196)   Merge Heap Roots: 1.1ms
[2026-10-07T18:50:29.058+0800][2304.459s][info][gc,phases   ] GC(196)   Evacuate Collection Set: 645.6ms
[2026-10-07T18:50:29.058+0800][2304.459s][info][gc,phases   ] GC(196)   Post Evacuate Collection Set: 106.9ms
[2026-10-07T18:50:29.058+0800][2304.459s][info][gc,phases   ] GC(196)   Other: 1.4ms
[2026-10-07T18:50:29.058+0800][2304.459s][info][gc,heap     ] GC(196) Eden regions: 55->0(22)
[2026-10-07T18:50:29.058+0800][2304.459s][info][gc,heap     ] GC(196) Survivor regions: 4->5(8)
[2026-10-07T18:50:29.058+0800][2304.459s][info][gc,heap     ] GC(196) Old regions: 226->226
[2026-10-07T18:50:29.058+0800][2304.459s][info][gc,heap     ] GC(196) Archive regions: 2->2
[2026-10-07T18:50:29.058+0800][2304.459s][info][gc,heap     ] GC(196) Humongous regions: 8->8
[2026-10-07T18:50:29.058+0800][2304.459s][info][gc,metaspace] GC(196) Metaspace: 141774K(143360K)->141774K(143360K) NonClass: 123371K(124160K)->123371K(124160K) Class: 18402K(19200K)->18402K(19200K)
[2026-10-07T18:50:29.058+0800][2304.459s][info][gc          ] GC(196) Pause Young (Normal) (G1 Evacuation Pause) 292M->238M(544M) 757.012ms
[2026-10-07T18:50:29.058+0800][2304.459s][info][gc,cpu      ] GC(196) User=0.04s Sys=0.07s Real=0.75s
[2026-10-07T18:50:29.058+0800][2304.459s][info][safepoint   ] Safepoint "G1CollectForAllocation", Time since last: 6674024042 ns, Reaching safepoint: 1799292 ns, At safepoint: 757345000 ns, Total: 759144292 ns
[2026-10-07T18:50:31.374+0800][2306.775s][info][safepoint   ] Safepoint "Cleanup", Time since last: 2287447458 ns, Reaching safepoint: 28319708 ns, At safepoint: 10500 ns, Total: 28330208 ns
[2026-10-07T18:50:33.678+0800][2309.078s][info][safepoint   ] Safepoint "Cleanup", Time since last: 2302382417 ns, Reaching safepoint: 1356750 ns, At safepoint: 11917 ns, Total: 1368667 ns
[2026-10-07T18:50:34.415+0800][2309.816s][info][gc,start    ] GC(197) Pause Young (Normal) (G1 Evacuation Pause)
[2026-10-07T18:50:34.415+0800][2309.816s][info][gc,task     ] GC(197) Using 9 workers of 9 for evacuation
[2026-10-07T18:50:34.669+0800][2310.070s][info][gc,mmu      ] GC(197) MMU target violated: 201.0ms (200.0ms/201.0ms)
[2026-10-07T18:50:34.669+0800][2310.070s][info][gc,phases   ] GC(197)   Pre Evacuate Collection Set: 2.9ms
[2026-10-07T18:50:34.669+0800][2310.070s][info][gc,phases   ] GC(197)   Merge Heap Roots: 5.1ms
[2026-10-07T18:50:34.669+0800][2310.070s][info][gc,phases   ] GC(197)   Evacuate Collection Set: 210.9ms
[2026-10-07T18:50:34.669+0800][2310.070s][info][gc,phases   ] GC(197)   Post Evacuate Collection Set: 35.0ms
[2026-10-07T18:50:34.669+0800][2310.070s][info][gc,phases   ] GC(197)   Other: 0.4ms
[2026-10-07T18:50:34.669+0800][2310.070s][info][gc,heap     ] GC(197) Eden regions: 22->0(24)
[2026-10-07T18:50:34.669+0800][2310.070s][info][gc,heap     ] GC(197) Survivor regions: 5->3(4)
[2026-10-07T18:50:34.669+0800][2310.070s][info][gc,heap     ] GC(197) Old regions: 226->228
[2026-10-07T18:50:34.669+0800][2310.070s][info][gc,heap     ] GC(197) Archive regions: 2->2
[2026-10-07T18:50:34.669+0800][2310.070s][info][gc,heap     ] GC(197) Humongous regions: 8->8
[2026-10-07T18:50:34.669+0800][2310.070s][info][gc,metaspace] GC(197) Metaspace: 141777K(143360K)->141777K(143360K) NonClass: 123374K(124160K)->123374K(124160K) Class: 18402K(19200K)->18402K(19200K)
[2026-10-07T18:50:34.669+0800][2310.070s][info][gc          ] GC(197) Pause Young (Normal) (G1 Evacuation Pause) 260M->239M(544M) 254.222ms
[2026-10-07T18:50:34.669+0800][2310.070s][info][gc,cpu      ] GC(197) User=0.02s Sys=0.06s Real=0.25s
[2026-10-07T18:50:34.669+0800][2310.070s][info][safepoint   ] Safepoint "G1CollectForAllocation", Time since last: 736818750 ns, Reaching safepoint: 193791 ns, At safepoint: 254614875 ns, Total: 254808666 ns
[2026-10-07T18:50:35.792+0800][2311.192s][info][safepoint   ] Safepoint "Cleanup", Time since last: 1122169084 ns, Reaching safepoint: 228791 ns, At safepoint: 9917 ns, Total: 238708 ns
[2026-10-07T18:50:35.865+0800][2311.266s][info][gc,start    ] GC(198) Pause Young (Normal) (G1 Evacuation Pause)
[2026-10-07T18:50:35.865+0800][2311.266s][info][gc,task     ] GC(198) Using 9 workers of 9 for evacuation
[2026-10-07T18:50:35.878+0800][2311.279s][info][gc,phases   ] GC(198)   Pre Evacuate Collection Set: 0.3ms
[2026-10-07T18:50:35.878+0800][2311.279s][info][gc,phases   ] GC(198)   Merge Heap Roots: 0.2ms
[2026-10-07T18:50:35.878+0800][2311.279s][info][gc,phases   ] GC(198)   Evacuate Collection Set: 11.6ms
[2026-10-07T18:50:35.878+0800][2311.279s][info][gc,phases   ] GC(198)   Post Evacuate Collection Set: 0.6ms
[2026-10-07T18:50:35.878+0800][2311.279s][info][gc,phases   ] GC(198)   Other: 0.3ms
[2026-10-07T18:50:35.878+0800][2311.279s][info][gc,heap     ] GC(198) Eden regions: 24->0(24)
[2026-10-07T18:50:35.878+0800][2311.279s][info][gc,heap     ] GC(198) Survivor regions: 3->3(4)
[2026-10-07T18:50:35.878+0800][2311.279s][info][gc,heap     ] GC(198) Old regions: 228->229
[2026-10-07T18:50:35.878+0800][2311.279s][info][gc,heap     ] GC(198) Archive regions: 2->2
[2026-10-07T18:50:35.878+0800][2311.279s][info][gc,heap     ] GC(198) Humongous regions: 8->8
[2026-10-07T18:50:35.878+0800][2311.279s][info][gc,metaspace] GC(198) Metaspace: 141783K(143360K)->141783K(143360K) NonClass: 123379K(124160K)->123379K(124160K) Class: 18403K(19200K)->18403K(19200K)
[2026-10-07T18:50:35.878+0800][2311.279s][info][gc          ] GC(198) Pause Young (Normal) (G1 Evacuation Pause) 263M->240M(544M) 13.120ms
[2026-10-07T18:50:35.878+0800][2311.279s][info][gc,cpu      ] GC(198) User=0.01s Sys=0.02s Real=0.01s
[2026-10-07T18:50:35.878+0800][2311.279s][info][safepoint   ] Safepoint "G1CollectForAllocation", Time since last: 73504333 ns, Reaching safepoint: 50959 ns, At safepoint: 13183041 ns, Total: 13234000 ns
[2026-10-07T18:50:36.627+0800][2312.028s][info][gc,start    ] GC(199) Pause Young (Normal) (G1 Evacuation Pause)
[2026-10-07T18:50:36.628+0800][2312.029s][info][gc,task     ] GC(199) Using 9 workers of 9 for evacuation
[2026-10-07T18:50:36.673+0800][2312.074s][info][gc,phases   ] GC(199)   Pre Evacuate Collection Set: 2.5ms
[2026-10-07T18:50:36.673+0800][2312.074s][info][gc,phases   ] GC(199)   Merge Heap Roots: 1.9ms
[2026-10-07T18:50:36.673+0800][2312.074s][info][gc,phases   ] GC(199)   Evacuate Collection Set: 37.7ms
[2026-10-07T18:50:36.674+0800][2312.074s][info][gc,phases   ] GC(199)   Post Evacuate Collection Set: 2.1ms
[2026-10-07T18:50:36.674+0800][2312.074s][info][gc,phases   ] GC(199)   Other: 2.3ms
[2026-10-07T18:50:36.674+0800][2312.075s][info][gc,heap     ] GC(199) Eden regions: 24->0(61)
[2026-10-07T18:50:36.674+0800][2312.075s][info][gc,heap     ] GC(199) Survivor regions: 3->2(4)
[2026-10-07T18:50:36.674+0800][2312.075s][info][gc,heap     ] GC(199) Old regions: 229->230
[2026-10-07T18:50:36.674+0800][2312.075s][info][gc,heap     ] GC(199) Archive regions: 2->2
[2026-10-07T18:50:36.674+0800][2312.075s][info][gc,heap     ] GC(199) Humongous regions: 8->8
[2026-10-07T18:50:36.674+0800][2312.075s][info][gc,metaspace] GC(199) Metaspace: 141783K(143360K)->141783K(143360K) NonClass: 123379K(124160K)->123379K(124160K) Class: 18403K(19200K)->18403K(19200K)
[2026-10-07T18:50:36.674+0800][2312.075s][info][gc          ] GC(199) Pause Young (Normal) (G1 Evacuation Pause) 264M->240M(544M) 46.464ms
[2026-10-07T18:50:36.674+0800][2312.075s][info][gc,cpu      ] GC(199) User=0.02s Sys=0.03s Real=0.05s
[2026-10-07T18:50:36.674+0800][2312.075s][info][safepoint   ] Safepoint "G1CollectForAllocation", Time since last: 747097375 ns, Reaching safepoint: 1464875 ns, At safepoint: 46985542 ns, Total: 48450417 ns
[2026-10-07T18:50:37.228+0800][2312.629s][info][gc,start    ] GC(200) Pause Young (Normal) (G1 Evacuation Pause)
[2026-10-07T18:50:37.228+0800][2312.629s][info][gc,task     ] GC(200) Using 9 workers of 9 for evacuation
[2026-10-07T18:50:37.239+0800][2312.640s][info][gc,phases   ] GC(200)   Pre Evacuate Collection Set: 0.1ms
[2026-10-07T18:50:37.239+0800][2312.640s][info][gc,phases   ] GC(200)   Merge Heap Roots: 0.1ms
[2026-10-07T18:50:37.239+0800][2312.640s][info][gc,phases   ] GC(200)   Evacuate Collection Set: 10.4ms
[2026-10-07T18:50:37.239+0800][2312.640s][info][gc,phases   ] GC(200)   Post Evacuate Collection Set: 0.3ms
[2026-10-07T18:50:37.239+0800][2312.640s][info][gc,phases   ] GC(200)   Other: 0.1ms
[2026-10-07T18:50:37.239+0800][2312.640s][info][gc,heap     ] GC(200) Eden regions: 61->0(70)
[2026-10-07T18:50:37.239+0800][2312.640s][info][gc,heap     ] GC(200) Survivor regions: 2->3(8)
[2026-10-07T18:50:37.239+0800][2312.640s][info][gc,heap     ] GC(200) Old regions: 230->230
[2026-10-07T18:50:37.239+0800][2312.640s][info][gc,heap     ] GC(200) Archive regions: 2->2
[2026-10-07T18:50:37.239+0800][2312.640s][info][gc,heap     ] GC(200) Humongous regions: 8->8
[2026-10-07T18:50:37.239+0800][2312.640s][info][gc,metaspace] GC(200) Metaspace: 141785K(143360K)->141785K(143360K) NonClass: 123381K(124160K)->123381K(124160K) Class: 18403K(19200K)->18403K(19200K)
[2026-10-07T18:50:37.239+0800][2312.640s][info][gc          ] GC(200) Pause Young (Normal) (G1 Evacuation Pause) 301M->241M(544M) 10.993ms
[2026-10-07T18:50:37.239+0800][2312.640s][info][gc,cpu      ] GC(200) User=0.02s Sys=0.01s Real=0.01s
[2026-10-07T18:50:37.239+0800][2312.640s][info][safepoint   ] Safepoint "G1CollectForAllocation", Time since last: 554019875 ns, Reaching safepoint: 78750 ns, At safepoint: 11036708 ns, Total: 11115458 ns
[2026-10-07T18:50:38.369+0800][2313.770s][info][safepoint   ] Safepoint "Cleanup", Time since last: 1115649542 ns, Reaching safepoint: 14096083 ns, At safepoint: 78709 ns, Total: 14174792 ns
[2026-10-07T18:50:38.882+0800][2314.283s][info][gc,start    ] GC(201) Pause Young (Normal) (G1 Evacuation Pause)
[2026-10-07T18:50:38.884+0800][2314.285s][info][gc,task     ] GC(201) Using 9 workers of 9 for evacuation
[2026-10-07T18:50:39.011+0800][2314.412s][info][gc,phases   ] GC(201)   Pre Evacuate Collection Set: 1.7ms
[2026-10-07T18:50:39.011+0800][2314.412s][info][gc,phases   ] GC(201)   Merge Heap Roots: 0.8ms
[2026-10-07T18:50:39.011+0800][2314.412s][info][gc,phases   ] GC(201)   Evacuate Collection Set: 122.8ms
[2026-10-07T18:50:39.011+0800][2314.412s][info][gc,phases   ] GC(201)   Post Evacuate Collection Set: 1.0ms
[2026-10-07T18:50:39.011+0800][2314.412s][info][gc,phases   ] GC(201)   Other: 2.0ms
[2026-10-07T18:50:39.011+0800][2314.412s][info][gc,heap     ] GC(201) Eden regions: 68->0(42)
[2026-10-07T18:50:39.011+0800][2314.412s][info][gc,heap     ] GC(201) Survivor regions: 3->4(9)
[2026-10-07T18:50:39.011+0800][2314.412s][info][gc,heap     ] GC(201) Old regions: 230->230
[2026-10-07T18:50:39.011+0800][2314.412s][info][gc,heap     ] GC(201) Archive regions: 2->2
[2026-10-07T18:50:39.011+0800][2314.412s][info][gc,heap     ] GC(201) Humongous regions: 8->8
[2026-10-07T18:50:39.011+0800][2314.412s][info][gc,metaspace] GC(201) Metaspace: 141791K(143360K)->141791K(143360K) NonClass: 123387K(124160K)->123387K(124160K) Class: 18403K(19200K)->18403K(19200K)
[2026-10-07T18:50:39.011+0800][2314.412s][info][gc          ] GC(201) Pause Young (Normal) (G1 Evacuation Pause) 309M->242M(544M) 128.314ms
[2026-10-07T18:50:39.011+0800][2314.412s][info][gc,cpu      ] GC(201) User=0.03s Sys=0.09s Real=0.13s
[2026-10-07T18:50:39.011+0800][2314.412s][info][safepoint   ] Safepoint "G1CollectForAllocation", Time since last: 502485833 ns, Reaching safepoint: 10990833 ns, At safepoint: 128562084 ns, Total: 139552917 ns
[2026-10-07T18:50:40.088+0800][2315.489s][info][gc,start    ] GC(202) Pause Young (Normal) (G1 Evacuation Pause)
[2026-10-07T18:50:40.088+0800][2315.489s][info][gc,task     ] GC(202) Using 9 workers of 9 for evacuation
[2026-10-07T18:50:40.143+0800][2315.544s][info][gc,phases   ] GC(202)   Pre Evacuate Collection Set: 0.3ms
[2026-10-07T18:50:40.143+0800][2315.544s][info][gc,phases   ] GC(202)   Merge Heap Roots: 0.5ms
[2026-10-07T18:50:40.143+0800][2315.544s][info][gc,phases   ] GC(202)   Evacuate Collection Set: 50.2ms
[2026-10-07T18:50:40.143+0800][2315.544s][info][gc,phases   ] GC(202)   Post Evacuate Collection Set: 3.1ms
[2026-10-07T18:50:40.143+0800][2315.544s][info][gc,phases   ] GC(202)   Other: 0.7ms
[2026-10-07T18:50:40.143+0800][2315.544s][info][gc,heap     ] GC(202) Eden regions: 42->0(85)
[2026-10-07T18:50:40.143+0800][2315.544s][info][gc,heap     ] GC(202) Survivor regions: 4->4(6)
[2026-10-07T18:50:40.143+0800][2315.544s][info][gc,heap     ] GC(202) Old regions: 230->231
[2026-10-07T18:50:40.143+0800][2315.544s][info][gc,heap     ] GC(202) Archive regions: 2->2
[2026-10-07T18:50:40.143+0800][2315.544s][info][gc,heap     ] GC(202) Humongous regions: 8->8
[2026-10-07T18:50:40.143+0800][2315.544s][info][gc,metaspace] GC(202) Metaspace: 141791K(143360K)->141791K(143360K) NonClass: 123387K(124160K)->123387K(124160K) Class: 18403K(19200K)->18403K(19200K)
[2026-10-07T18:50:40.143+0800][2315.544s][info][gc          ] GC(202) Pause Young (Normal) (G1 Evacuation Pause) 284M->243M(544M) 55.048ms
[2026-10-07T18:50:40.143+0800][2315.544s][info][gc,cpu      ] GC(202) User=0.01s Sys=0.04s Real=0.06s
[2026-10-07T18:50:40.143+0800][2315.544s][info][safepoint   ] Safepoint "G1CollectForAllocation", Time since last: 1076804125 ns, Reaching safepoint: 282250 ns, At safepoint: 55266041 ns, Total: 55548291 ns
[2026-10-07T18:50:41.390+0800][2316.791s][info][safepoint   ] Safepoint "Cleanup", Time since last: 1246063334 ns, Reaching safepoint: 304208 ns, At safepoint: 49417 ns, Total: 353625 ns
[2026-10-07T18:50:42.541+0800][2317.942s][info][safepoint   ] Safepoint "Cleanup", Time since last: 1148038458 ns, Reaching safepoint: 3770542 ns, At safepoint: 37958 ns, Total: 3808500 ns
[2026-10-07T18:50:43.705+0800][2319.106s][info][safepoint   ] Safepoint "Cleanup", Time since last: 1148732667 ns, Reaching safepoint: 15094041 ns, At safepoint: 12917 ns, Total: 15106958 ns
[2026-10-07T18:50:44.589+0800][2319.990s][info][safepoint   ] Safepoint "ICBufferFull", Time since last: 882579625 ns, Reaching safepoint: 822083 ns, At safepoint: 113292 ns, Total: 935375 ns
[2026-10-07T18:50:45.170+0800][2320.571s][info][safepoint   ] Safepoint "ICBufferFull", Time since last: 580945125 ns, Reaching safepoint: 364833 ns, At safepoint: 87000 ns, Total: 451833 ns
[2026-10-07T18:50:45.311+0800][2320.712s][info][gc,start    ] GC(203) Pause Young (Normal) (G1 Evacuation Pause)
[2026-10-07T18:50:45.311+0800][2320.712s][info][gc,task     ] GC(203) Using 9 workers of 9 for evacuation
[2026-10-07T18:50:45.368+0800][2320.769s][info][gc,phases   ] GC(203)   Pre Evacuate Collection Set: 0.5ms
[2026-10-07T18:50:45.368+0800][2320.769s][info][gc,phases   ] GC(203)   Merge Heap Roots: 0.8ms
[2026-10-07T18:50:45.368+0800][2320.769s][info][gc,phases   ] GC(203)   Evacuate Collection Set: 54.6ms
[2026-10-07T18:50:45.368+0800][2320.769s][info][gc,phases   ] GC(203)   Post Evacuate Collection Set: 0.7ms
[2026-10-07T18:50:45.368+0800][2320.769s][info][gc,phases   ] GC(203)   Other: 0.2ms
[2026-10-07T18:50:45.368+0800][2320.769s][info][gc,heap     ] GC(203) Eden regions: 80->0(114)
[2026-10-07T18:50:45.368+0800][2320.769s][info][gc,heap     ] GC(203) Survivor regions: 4->4(11)
[2026-10-07T18:50:45.368+0800][2320.769s][info][gc,heap     ] GC(203) Old regions: 231->231
[2026-10-07T18:50:45.368+0800][2320.769s][info][gc,heap     ] GC(203) Archive regions: 2->2
[2026-10-07T18:50:45.368+0800][2320.769s][info][gc,heap     ] GC(203) Humongous regions: 8->8
[2026-10-07T18:50:45.368+0800][2320.769s][info][gc,metaspace] GC(203) Metaspace: 142217K(143808K)->142217K(143808K) NonClass: 123747K(124544K)->123747K(124544K) Class: 18470K(19264K)->18470K(19264K)
[2026-10-07T18:50:45.368+0800][2320.769s][info][gc          ] GC(203) Pause Young (Normal) (G1 Evacuation Pause) 323M->243M(544M) 56.865ms
[2026-10-07T18:50:45.368+0800][2320.769s][info][gc,cpu      ] GC(203) User=0.02s Sys=0.06s Real=0.05s
[2026-10-07T18:50:45.368+0800][2320.769s][info][safepoint   ] Safepoint "G1CollectForAllocation", Time since last: 140568584 ns, Reaching safepoint: 156541 ns, At safepoint: 57003834 ns, Total: 57160375 ns
[2026-10-07T18:50:46.493+0800][2321.894s][info][safepoint   ] Safepoint "Cleanup", Time since last: 1123700000 ns, Reaching safepoint: 1204333 ns, At safepoint: 46083 ns, Total: 1250416 ns
[2026-10-07T18:50:47.644+0800][2323.045s][info][safepoint   ] Safepoint "Cleanup", Time since last: 1141634250 ns, Reaching safepoint: 9727084 ns, At safepoint: 118333 ns, Total: 9845417 ns
[2026-10-07T18:50:49.928+0800][2325.329s][info][safepoint   ] Safepoint "Cleanup", Time since last: 2275312583 ns, Reaching safepoint: 8183084 ns, At safepoint: 5375 ns, Total: 8188459 ns
[2026-10-07T18:50:51.884+0800][2327.285s][info][safepoint   ] Safepoint "Cleanup", Time since last: 1956434583 ns, Reaching safepoint: 143500 ns, At safepoint: 75250 ns, Total: 218750 ns
[2026-10-07T18:50:53.027+0800][2328.428s][info][safepoint   ] Safepoint "Cleanup", Time since last: 1141898500 ns, Reaching safepoint: 328833 ns, At safepoint: 43709 ns, Total: 372542 ns
[2026-10-07T18:50:54.208+0800][2329.609s][info][safepoint   ] Safepoint "Cleanup", Time since last: 1148916041 ns, Reaching safepoint: 32442917 ns, At safepoint: 98208 ns, Total: 32541125 ns
[2026-10-07T18:50:59.931+0800][2335.332s][info][safepoint   ] Safepoint "Cleanup", Time since last: 5618223250 ns, Reaching safepoint: 103870167 ns, At safepoint: 395167 ns, Total: 104265334 ns
[2026-10-07T18:51:01.161+0800][2336.563s][info][safepoint   ] Safepoint "Cleanup", Time since last: 1144366041 ns, Reaching safepoint: 86472667 ns, At safepoint: 104000 ns, Total: 86576667 ns
[2026-10-07T18:51:12.515+0800][2347.916s][info][safepoint   ] Safepoint "Cleanup", Time since last: 11350054750 ns, Reaching safepoint: 3277167 ns, At safepoint: 407125 ns, Total: 3684292 ns
[2026-10-07T18:51:13.666+0800][2349.068s][info][safepoint   ] Safepoint "Cleanup", Time since last: 1127274541 ns, Reaching safepoint: 23958500 ns, At safepoint: 87417 ns, Total: 24045917 ns
[2026-10-07T18:51:15.126+0800][2350.527s][info][safepoint   ] Safepoint "Cleanup", Time since last: 1142010208 ns, Reaching safepoint: 316797334 ns, At safepoint: 521375 ns, Total: 317318709 ns
[2026-10-07T18:51:16.333+0800][2351.734s][info][safepoint   ] Safepoint "Cleanup", Time since last: 1106864125 ns, Reaching safepoint: 100246666 ns, At safepoint: 71125 ns, Total: 100317791 ns
[2026-10-07T18:51:17.444+0800][2352.845s][info][safepoint   ] Safepoint "Cleanup", Time since last: 1069011834 ns, Reaching safepoint: 41701583 ns, At safepoint: 75250 ns, Total: 41776833 ns
[2026-10-07T18:51:23.897+0800][2359.299s][info][safepoint   ] Safepoint "Cleanup", Time since last: 6180808000 ns, Reaching safepoint: 272173500 ns, At safepoint: 609583 ns, Total: 272783083 ns
[2026-10-07T18:51:25.059+0800][2360.461s][info][safepoint   ] Safepoint "Cleanup", Time since last: 1138356500 ns, Reaching safepoint: 23825500 ns, At safepoint: 13167 ns, Total: 23838667 ns
[2026-10-07T18:51:38.701+0800][2374.102s][info][safepoint   ] Safepoint "Cleanup", Time since last: 13375430250 ns, Reaching safepoint: 217839792 ns, At safepoint: 23175250 ns, Total: 241015042 ns
[2026-10-07T18:51:39.982+0800][2375.383s][info][safepoint   ] Safepoint "Cleanup", Time since last: 1298203333 ns, Reaching safepoint: 7622333 ns, At safepoint: 31625 ns, Total: 7653958 ns
[2026-10-07T18:51:43.712+0800][2379.113s][info][safepoint   ] Safepoint "Cleanup", Time since last: 3730029292 ns, Reaching safepoint: 190667 ns, At safepoint: 1416 ns, Total: 192083 ns
[2026-10-07T18:51:47.240+0800][2382.641s][info][safepoint   ] Safepoint "Cleanup", Time since last: 3383719250 ns, Reaching safepoint: 144108042 ns, At safepoint: 113667 ns, Total: 144221709 ns
[2026-10-07T18:51:48.383+0800][2383.785s][info][safepoint   ] Safepoint "Cleanup", Time since last: 1131341500 ns, Reaching safepoint: 12202666 ns, At safepoint: 107834 ns, Total: 12310500 ns
[2026-10-07T18:51:56.236+0800][2391.637s][info][safepoint   ] Safepoint "Cleanup", Time since last: 7841829041 ns, Reaching safepoint: 10658917 ns, At safepoint: 82542 ns, Total: 10741459 ns
[2026-10-07T18:51:57.366+0800][2392.767s][info][safepoint   ] Safepoint "Cleanup", Time since last: 1129627916 ns, Reaching safepoint: 394709 ns, At safepoint: 5958 ns, Total: 400667 ns
[2026-10-07T18:51:58.463+0800][2393.864s][info][safepoint   ] Safepoint "Cleanup", Time since last: 1086649667 ns, Reaching safepoint: 9284416 ns, At safepoint: 1030667 ns, Total: 10315083 ns
[2026-10-07T18:51:59.610+0800][2395.012s][info][safepoint   ] Safepoint "Cleanup", Time since last: 1146718000 ns, Reaching safepoint: 578458 ns, At safepoint: 30250 ns, Total: 608708 ns
[2026-10-07T18:52:05.772+0800][2401.173s][info][safepoint   ] Safepoint "Cleanup", Time since last: 5622337500 ns, Reaching safepoint: 538665084 ns, At safepoint: 294458 ns, Total: 538959542 ns
[2026-10-07T18:52:07.014+0800][2402.416s][info][safepoint   ] Safepoint "Cleanup", Time since last: 1167601583 ns, Reaching safepoint: 74926917 ns, At safepoint: 74792 ns, Total: 75001709 ns
[2026-10-07T18:52:09.847+0800][2405.249s][info][safepoint   ] Safepoint "Cleanup", Time since last: 2704278875 ns, Reaching safepoint: 128854458 ns, At safepoint: 17542 ns, Total: 128872000 ns
[2026-10-07T18:52:11.063+0800][2406.464s][info][safepoint   ] Safepoint "Cleanup", Time since last: 1142507541 ns, Reaching safepoint: 72906834 ns, At safepoint: 80416 ns, Total: 72987250 ns
[2026-10-07T18:52:13.520+0800][2408.921s][info][safepoint   ] Safepoint "Cleanup", Time since last: 2308825375 ns, Reaching safepoint: 147731209 ns, At safepoint: 461958 ns, Total: 148193167 ns
[2026-10-07T18:52:14.664+0800][2410.065s][info][safepoint   ] Safepoint "Cleanup", Time since last: 1138693333 ns, Reaching safepoint: 4152000 ns, At safepoint: 1020500 ns, Total: 5172500 ns
[2026-10-07T18:52:16.172+0800][2411.574s][info][safepoint   ] Safepoint "Cleanup", Time since last: 1058088292 ns, Reaching safepoint: 450374000 ns, At safepoint: 163625 ns, Total: 450537625 ns
[2026-10-07T18:52:19.270+0800][2414.672s][info][safepoint   ] Safepoint "Cleanup", Time since last: 2999801542 ns, Reaching safepoint: 96899083 ns, At safepoint: 1039458 ns, Total: 97938541 ns
[2026-10-07T18:52:23.691+0800][2419.092s][info][safepoint   ] Safepoint "Cleanup", Time since last: 4374905375 ns, Reaching safepoint: 45714750 ns, At safepoint: 214125 ns, Total: 45928875 ns
[2026-10-07T18:52:24.879+0800][2420.281s][info][safepoint   ] Safepoint "Cleanup", Time since last: 1161903417 ns, Reaching safepoint: 26612000 ns, At safepoint: 68250 ns, Total: 26680250 ns
[2026-10-07T18:52:30.437+0800][2425.839s][info][safepoint   ] Safepoint "Cleanup", Time since last: 5482281208 ns, Reaching safepoint: 75384375 ns, At safepoint: 85750 ns, Total: 75470125 ns
[2026-10-07T18:52:33.910+0800][2429.311s][info][safepoint   ] Safepoint "Cleanup", Time since last: 3255623875 ns, Reaching safepoint: 216851042 ns, At safepoint: 91667 ns, Total: 216942709 ns
[2026-10-07T18:52:46.378+0800][2441.780s][info][safepoint   ] Safepoint "Cleanup", Time since last: 12377630041 ns, Reaching safepoint: 44005042 ns, At safepoint: 23010750 ns, Total: 67015792 ns
[2026-10-07T18:52:51.086+0800][2446.488s][info][safepoint   ] Safepoint "Cleanup", Time since last: 4649729542 ns, Reaching safepoint: 49402875 ns, At safepoint: 10606416 ns, Total: 60009291 ns
[2026-10-07T18:52:54.727+0800][2450.129s][info][safepoint   ] Safepoint "Cleanup", Time since last: 3473699417 ns, Reaching safepoint: 187496542 ns, At safepoint: 1652208 ns, Total: 189148750 ns
[2026-10-07T18:52:58.528+0800][2453.930s][info][safepoint   ] Safepoint "Cleanup", Time since last: 3337926250 ns, Reaching safepoint: 462883958 ns, At safepoint: 546625 ns, Total: 463430583 ns
[2026-10-07T18:52:59.673+0800][2455.075s][info][safepoint   ] Safepoint "Cleanup", Time since last: 1135448209 ns, Reaching safepoint: 9279583 ns, At safepoint: 254917 ns, Total: 9534500 ns
[2026-10-07T18:53:03.135+0800][2458.536s][info][safepoint   ] Safepoint "Cleanup", Time since last: 3429765958 ns, Reaching safepoint: 31812167 ns, At safepoint: 16000 ns, Total: 31828167 ns
[2026-10-07T18:53:06.631+0800][2462.032s][info][safepoint   ] Safepoint "Cleanup", Time since last: 3442067166 ns, Reaching safepoint: 53879750 ns, At safepoint: 65000 ns, Total: 53944750 ns
[2026-10-07T18:53:07.798+0800][2463.200s][info][safepoint   ] Safepoint "Cleanup", Time since last: 1101853542 ns, Reaching safepoint: 65811167 ns, At safepoint: 24000 ns, Total: 65835167 ns
[2026-10-07T18:53:08.997+0800][2464.399s][info][safepoint   ] Safepoint "Cleanup", Time since last: 1129840291 ns, Reaching safepoint: 69081375 ns, At safepoint: 73542 ns, Total: 69154917 ns
[2026-10-07T18:53:10.149+0800][2465.550s][info][safepoint   ] Safepoint "Cleanup", Time since last: 1135123667 ns, Reaching safepoint: 16092583 ns, At safepoint: 51417 ns, Total: 16144000 ns
[2026-10-07T18:53:23.877+0800][2479.279s][info][safepoint   ] Safepoint "Cleanup", Time since last: 13700670791 ns, Reaching safepoint: 21502834 ns, At safepoint: 6112375 ns, Total: 27615209 ns
[2026-10-07T18:53:25.103+0800][2480.505s][info][safepoint   ] Safepoint "Cleanup", Time since last: 1147762458 ns, Reaching safepoint: 78043833 ns, At safepoint: 100500 ns, Total: 78144333 ns
[2026-10-07T18:53:26.394+0800][2481.796s][info][safepoint   ] Safepoint "Cleanup", Time since last: 1096819667 ns, Reaching safepoint: 194294333 ns, At safepoint: 529917 ns, Total: 194824250 ns
[2026-10-07T18:53:27.529+0800][2482.931s][info][safepoint   ] Safepoint "Cleanup", Time since last: 1068650375 ns, Reaching safepoint: 65893583 ns, At safepoint: 32375 ns, Total: 65925958 ns
[2026-10-07T18:53:29.069+0800][2484.471s][info][safepoint   ] Safepoint "Cleanup", Time since last: 1149972959 ns, Reaching safepoint: 390226458 ns, At safepoint: 272333 ns, Total: 390498791 ns
[2026-10-07T18:53:32.537+0800][2487.939s][info][safepoint   ] Safepoint "Cleanup", Time since last: 3432287292 ns, Reaching safepoint: 14028958 ns, At safepoint: 21238417 ns, Total: 35267375 ns
[2026-10-07T18:53:39.823+0800][2495.225s][info][safepoint   ] Safepoint "Cleanup", Time since last: 7240941833 ns, Reaching safepoint: 45227625 ns, At safepoint: 115584 ns, Total: 45343209 ns
[2026-10-07T18:53:45.712+0800][2501.114s][info][safepoint   ] Safepoint "Cleanup", Time since last: 5645519958 ns, Reaching safepoint: 243215667 ns, At safepoint: 53083 ns, Total: 243268750 ns
[2026-10-07T18:53:51.476+0800][2506.878s][info][safepoint   ] Safepoint "Cleanup", Time since last: 5646481833 ns, Reaching safepoint: 106583417 ns, At safepoint: 8670500 ns, Total: 115253917 ns
[2026-10-07T18:54:03.754+0800][2519.156s][info][safepoint   ] Safepoint "Cleanup", Time since last: 12015640667 ns, Reaching safepoint: 237036625 ns, At safepoint: 9086916 ns, Total: 246123541 ns
[2026-10-07T18:54:06.199+0800][2521.601s][info][safepoint   ] Safepoint "Cleanup", Time since last: 2434385500 ns, Reaching safepoint: 29413084 ns, At safepoint: 79125 ns, Total: 29492209 ns
[2026-10-07T18:54:07.751+0800][2523.153s][info][gc,start    ] GC(204) Pause Young (Normal) (G1 Evacuation Pause)
[2026-10-07T18:54:07.752+0800][2523.154s][info][gc,task     ] GC(204) Using 9 workers of 9 for evacuation
[2026-10-07T18:54:09.246+0800][2524.648s][info][gc,mmu      ] GC(204) MMU target violated: 201.0ms (200.0ms/201.0ms)
[2026-10-07T18:54:09.251+0800][2524.654s][info][gc,phases   ] GC(204)   Pre Evacuate Collection Set: 27.2ms
[2026-10-07T18:54:09.251+0800][2524.654s][info][gc,phases   ] GC(204)   Merge Heap Roots: 67.2ms
[2026-10-07T18:54:09.251+0800][2524.654s][info][gc,phases   ] GC(204)   Evacuate Collection Set: 1336.0ms
[2026-10-07T18:54:09.251+0800][2524.654s][info][gc,phases   ] GC(204)   Post Evacuate Collection Set: 61.0ms
[2026-10-07T18:54:09.251+0800][2524.654s][info][gc,phases   ] GC(204)   Other: 17.8ms
[2026-10-07T18:54:09.251+0800][2524.654s][info][gc,heap     ] GC(204) Eden regions: 106->0(17)
[2026-10-07T18:54:09.251+0800][2524.654s][info][gc,heap     ] GC(204) Survivor regions: 4->10(14)
[2026-10-07T18:54:09.251+0800][2524.654s][info][gc,heap     ] GC(204) Old regions: 231->231
[2026-10-07T18:54:09.251+0800][2524.654s][info][gc,heap     ] GC(204) Archive regions: 2->2
[2026-10-07T18:54:09.251+0800][2524.654s][info][gc,heap     ] GC(204) Humongous regions: 8->8
[2026-10-07T18:54:09.258+0800][2524.661s][info][gc,metaspace] GC(204) Metaspace: 151045K(152576K)->151045K(152576K) NonClass: 131468K(132224K)->131468K(132224K) Class: 19576K(20352K)->19576K(20352K)
[2026-10-07T18:54:09.259+0800][2524.662s][info][gc          ] GC(204) Pause Young (Normal) (G1 Evacuation Pause) 349M->248M(544M) 1508.255ms
[2026-10-07T18:54:09.259+0800][2524.662s][info][gc,cpu      ] GC(204) User=0.08s Sys=0.29s Real=1.50s
[2026-10-07T18:54:09.260+0800][2524.663s][info][safepoint   ] Safepoint "G1CollectForAllocation", Time since last: 1480536416 ns, Reaching safepoint: 57300834 ns, At safepoint: 1523424500 ns, Total: 1580725334 ns
[2026-10-07T18:54:18.199+0800][2533.602s][info][gc,start    ] GC(205) Pause Young (Normal) (G1 Evacuation Pause)
[2026-10-07T18:54:18.201+0800][2533.603s][info][gc,task     ] GC(205) Using 9 workers of 9 for evacuation
[2026-10-07T18:54:29.438+0800][2544.840s][info][gc,mmu      ] GC(205) MMU target violated: 201.0ms (200.0ms/201.0ms)
[2026-10-07T18:54:30.070+0800][2545.472s][info][gc,phases   ] GC(205)   Pre Evacuate Collection Set: 13.1ms
[2026-10-07T18:54:30.070+0800][2545.472s][info][gc,phases   ] GC(205)   Merge Heap Roots: 14.7ms
[2026-10-07T18:54:30.070+0800][2545.472s][info][gc,phases   ] GC(205)   Evacuate Collection Set: 8472.1ms
[2026-10-07T18:54:30.070+0800][2545.472s][info][gc,phases   ] GC(205)   Post Evacuate Collection Set: 2518.6ms
[2026-10-07T18:54:30.113+0800][2545.516s][info][gc,phases   ] GC(205)   Other: 823.4ms
[2026-10-07T18:54:30.131+0800][2545.534s][info][gc,heap     ] GC(205) Eden regions: 17->0(24)
[2026-10-07T18:54:30.132+0800][2545.534s][info][gc,heap     ] GC(205) Survivor regions: 10->3(4)
[2026-10-07T18:54:30.132+0800][2545.534s][info][gc,heap     ] GC(205) Old regions: 231->240
[2026-10-07T18:54:30.132+0800][2545.534s][info][gc,heap     ] GC(205) Archive regions: 2->2
[2026-10-07T18:54:30.132+0800][2545.534s][info][gc,heap     ] GC(205) Humongous regions: 8->8
[2026-10-07T18:54:30.174+0800][2545.576s][info][gc,metaspace] GC(205) Metaspace: 151047K(152576K)->151047K(152576K) NonClass: 131470K(132224K)->131470K(132224K) Class: 19576K(20352K)->19576K(20352K)
[2026-10-07T18:54:30.457+0800][2545.859s][info][gc          ] GC(205) Pause Young (Normal) (G1 Evacuation Pause) 265M->251M(544M) 12210.152ms
[2026-10-07T18:54:30.457+0800][2545.860s][info][gc,cpu      ] GC(205) User=0.71s Sys=0.32s Real=12.26s
[2026-10-07T18:54:31.086+0800][2546.489s][info][safepoint   ] Safepoint "G1CollectForAllocation", Time since last: 8937734458 ns, Reaching safepoint: 1371500 ns, At safepoint: 12865868042 ns, Total: 12867239542 ns
[2026-10-07T18:54:41.667+0800][2557.070s][info][safepoint   ] Safepoint "Cleanup", Time since last: 10225646208 ns, Reaching safepoint: 376189875 ns, At safepoint: 205833 ns, Total: 376395708 ns
[2026-10-07T18:54:54.491+0800][2569.893s][info][safepoint   ] Safepoint "Cleanup", Time since last: 12604785209 ns, Reaching safepoint: 135861333 ns, At safepoint: 31611500 ns, Total: 167472833 ns
[2026-10-07T18:55:10.458+0800][2585.860s][info][safepoint   ] Safepoint "Cleanup", Time since last: 11853880583 ns, Reaching safepoint: 4139499584 ns, At safepoint: 22267583 ns, Total: 4161767167 ns
[2026-10-07T18:55:21.731+0800][2597.133s][info][safepoint   ] Safepoint "Cleanup", Time since last: 11003231167 ns, Reaching safepoint: 174363833 ns, At safepoint: 43301708 ns, Total: 217665541 ns
[2026-10-07T18:55:42.543+0800][2617.946s][info][safepoint   ] Safepoint "Cleanup", Time since last: 20825253459 ns, Reaching safepoint: 33570000 ns, At safepoint: 437666 ns, Total: 34007666 ns
[2026-10-07T18:55:43.276+0800][2618.679s][info][gc,start    ] GC(206) Pause Young (Normal) (G1 Evacuation Pause)
[2026-10-07T18:55:43.279+0800][2618.682s][info][gc,task     ] GC(206) Using 9 workers of 9 for evacuation
[2026-10-07T18:55:43.916+0800][2619.319s][info][gc,mmu      ] GC(206) MMU target violated: 201.0ms (200.0ms/201.0ms)
[2026-10-07T18:55:43.916+0800][2619.319s][info][gc,phases   ] GC(206)   Pre Evacuate Collection Set: 35.0ms
[2026-10-07T18:55:43.916+0800][2619.319s][info][gc,phases   ] GC(206)   Merge Heap Roots: 15.6ms
[2026-10-07T18:55:43.916+0800][2619.319s][info][gc,phases   ] GC(206)   Evacuate Collection Set: 436.4ms
[2026-10-07T18:55:43.916+0800][2619.319s][info][gc,phases   ] GC(206)   Post Evacuate Collection Set: 121.9ms
[2026-10-07T18:55:43.916+0800][2619.319s][info][gc,phases   ] GC(206)   Other: 45.9ms
[2026-10-07T18:55:43.916+0800][2619.319s][info][gc,heap     ] GC(206) Eden regions: 24->0(23)
[2026-10-07T18:55:43.916+0800][2619.319s][info][gc,heap     ] GC(206) Survivor regions: 3->4(4)
[2026-10-07T18:55:43.916+0800][2619.319s][info][gc,heap     ] GC(206) Old regions: 240->241
[2026-10-07T18:55:43.916+0800][2619.319s][info][gc,heap     ] GC(206) Archive regions: 2->2
[2026-10-07T18:55:43.916+0800][2619.319s][info][gc,heap     ] GC(206) Humongous regions: 8->8
[2026-10-07T18:55:43.916+0800][2619.319s][info][gc,metaspace] GC(206) Metaspace: 151056K(152640K)->151056K(152640K) NonClass: 131479K(132288K)->131479K(132288K) Class: 19576K(20352K)->19576K(20352K)
[2026-10-07T18:55:43.917+0800][2619.320s][info][gc          ] GC(206) Pause Young (Normal) (G1 Evacuation Pause) 275M->253M(544M) 653.877ms
[2026-10-07T18:55:43.917+0800][2619.320s][info][gc,cpu      ] GC(206) User=0.01s Sys=0.08s Real=0.65s
[2026-10-07T18:55:43.918+0800][2619.321s][info][safepoint   ] Safepoint "G1CollectForAllocation", Time since last: 671244792 ns, Reaching safepoint: 22853583 ns, At safepoint: 689328917 ns, Total: 712182500 ns
[2026-10-07T18:55:48.325+0800][2623.728s][info][safepoint   ] Safepoint "Cleanup", Time since last: 4389526250 ns, Reaching safepoint: 17723333 ns, At safepoint: 53875 ns, Total: 17777208 ns
[2026-10-07T18:55:49.347+0800][2624.750s][info][safepoint   ] Safepoint "Cleanup", Time since last: 1003229667 ns, Reaching safepoint: 18134958 ns, At safepoint: 53459 ns, Total: 18188417 ns
[2026-10-07T18:55:50.509+0800][2625.912s][info][safepoint   ] Safepoint "Cleanup", Time since last: 1140341458 ns, Reaching safepoint: 22170875 ns, At safepoint: 31250 ns, Total: 22202125 ns
[2026-10-07T18:55:52.730+0800][2628.132s][info][safepoint   ] Safepoint "Cleanup", Time since last: 2216796750 ns, Reaching safepoint: 3202292 ns, At safepoint: 78291 ns, Total: 3280583 ns
[2026-10-07T18:55:53.879+0800][2629.281s][info][safepoint   ] Safepoint "Cleanup", Time since last: 1137400375 ns, Reaching safepoint: 11130542 ns, At safepoint: 476875 ns, Total: 11607417 ns
[2026-10-07T18:55:55.056+0800][2630.459s][info][safepoint   ] Safepoint "Cleanup", Time since last: 1121771167 ns, Reaching safepoint: 55037833 ns, At safepoint: 314375 ns, Total: 55352208 ns
[2026-10-07T18:56:00.995+0800][2636.398s][info][safepoint   ] Safepoint "Cleanup", Time since last: 5714730542 ns, Reaching safepoint: 224308833 ns, At safepoint: 413083 ns, Total: 224721916 ns
[2026-10-07T18:56:08.935+0800][2644.338s][info][safepoint   ] Safepoint "Cleanup", Time since last: 7877257375 ns, Reaching safepoint: 62259292 ns, At safepoint: 87333 ns, Total: 62346625 ns
[2026-10-07T18:56:09.953+0800][2645.356s][info][safepoint   ] Safepoint "Cleanup", Time since last: 1014500209 ns, Reaching safepoint: 4087083 ns, At safepoint: 24875 ns, Total: 4111958 ns
[2026-10-07T18:56:10.636+0800][2646.039s][info][gc,start    ] GC(207) Pause Young (Normal) (G1 Evacuation Pause)
[2026-10-07T18:56:10.639+0800][2646.042s][info][gc,task     ] GC(207) Using 9 workers of 9 for evacuation
[2026-10-07T18:56:10.810+0800][2646.214s][info][gc,phases   ] GC(207)   Pre Evacuate Collection Set: 6.5ms
[2026-10-07T18:56:11.593+0800][2646.996s][info][gc,phases   ] GC(207)   Merge Heap Roots: 3.7ms
[2026-10-07T18:56:11.593+0800][2646.996s][info][gc,phases   ] GC(207)   Evacuate Collection Set: 143.0ms
[2026-10-07T18:56:11.593+0800][2646.996s][info][gc,phases   ] GC(207)   Post Evacuate Collection Set: 10.2ms
[2026-10-07T18:56:11.593+0800][2646.996s][info][gc,phases   ] GC(207)   Other: 57.8ms
[2026-10-07T18:56:11.593+0800][2646.996s][info][gc,heap     ] GC(207) Eden regions: 23->0(25)
[2026-10-07T18:56:11.593+0800][2646.996s][info][gc,heap     ] GC(207) Survivor regions: 4->2(4)
[2026-10-07T18:56:11.593+0800][2646.996s][info][gc,heap     ] GC(207) Old regions: 241->245
[2026-10-07T18:56:11.593+0800][2646.997s][info][gc,heap     ] GC(207) Archive regions: 2->2
[2026-10-07T18:56:11.593+0800][2646.997s][info][gc,heap     ] GC(207) Humongous regions: 8->8
[2026-10-07T18:56:11.593+0800][2646.997s][info][gc,metaspace] GC(207) Metaspace: 151067K(152640K)->151067K(152640K) NonClass: 131489K(132288K)->131489K(132288K) Class: 19577K(20352K)->19577K(20352K)
[2026-10-07T18:56:11.613+0800][2647.016s][info][gc          ] GC(207) Pause Young (Normal) (G1 Evacuation Pause) 276M->255M(544M) 988.622ms
[2026-10-07T18:56:11.613+0800][2647.016s][info][gc,cpu      ] GC(207) User=0.01s Sys=0.07s Real=0.99s
[2026-10-07T18:56:11.615+0800][2647.018s][info][safepoint   ] Safepoint "G1CollectForAllocation", Time since last: 592432500 ns, Reaching safepoint: 35229458 ns, At safepoint: 1033851417 ns, Total: 1069080875 ns
[2026-10-07T18:56:12.768+0800][2648.171s][info][safepoint   ] Safepoint "Cleanup", Time since last: 1124806417 ns, Reaching safepoint: 28077250 ns, At safepoint: 14875 ns, Total: 28092125 ns
[2026-10-07T18:56:13.942+0800][2649.345s][info][safepoint   ] Safepoint "Cleanup", Time since last: 1156926375 ns, Reaching safepoint: 16470625 ns, At safepoint: 1279541 ns, Total: 17750166 ns
[2026-10-07T18:56:15.082+0800][2650.485s][info][safepoint   ] Safepoint "Cleanup", Time since last: 1139151292 ns, Reaching safepoint: 434417 ns, At safepoint: 49791 ns, Total: 484208 ns
[2026-10-07T18:56:15.358+0800][2650.761s][info][gc,start    ] GC(208) Pause Young (Normal) (G1 Evacuation Pause)
[2026-10-07T18:56:15.358+0800][2650.761s][info][gc,task     ] GC(208) Using 9 workers of 9 for evacuation
[2026-10-07T18:56:15.454+0800][2650.857s][info][gc,phases   ] GC(208)   Pre Evacuate Collection Set: 45.0ms
[2026-10-07T18:56:15.454+0800][2650.857s][info][gc,phases   ] GC(208)   Merge Heap Roots: 0.2ms
[2026-10-07T18:56:15.454+0800][2650.857s][info][gc,phases   ] GC(208)   Evacuate Collection Set: 42.5ms
[2026-10-07T18:56:15.454+0800][2650.857s][info][gc,phases   ] GC(208)   Post Evacuate Collection Set: 7.9ms
[2026-10-07T18:56:15.454+0800][2650.857s][info][gc,phases   ] GC(208)   Other: 0.3ms
[2026-10-07T18:56:15.454+0800][2650.857s][info][gc,heap     ] GC(208) Eden regions: 25->0(23)
[2026-10-07T18:56:15.454+0800][2650.857s][info][gc,heap     ] GC(208) Survivor regions: 2->4(4)
[2026-10-07T18:56:15.454+0800][2650.857s][info][gc,heap     ] GC(208) Old regions: 245->245
[2026-10-07T18:56:15.454+0800][2650.857s][info][gc,heap     ] GC(208) Archive regions: 2->2
[2026-10-07T18:56:15.454+0800][2650.857s][info][gc,heap     ] GC(208) Humongous regions: 8->8
[2026-10-07T18:56:15.454+0800][2650.857s][info][gc,metaspace] GC(208) Metaspace: 151077K(152640K)->151077K(152640K) NonClass: 131498K(132288K)->131498K(132288K) Class: 19578K(20352K)->19578K(20352K)
[2026-10-07T18:56:15.454+0800][2650.857s][info][gc          ] GC(208) Pause Young (Normal) (G1 Evacuation Pause) 280M->256M(544M) 96.079ms
[2026-10-07T18:56:15.454+0800][2650.858s][info][gc,cpu      ] GC(208) User=0.01s Sys=0.03s Real=0.10s
[2026-10-07T18:56:15.455+0800][2650.858s][info][safepoint   ] Safepoint "G1CollectForAllocation", Time since last: 266263875 ns, Reaching safepoint: 10086417 ns, At safepoint: 96598542 ns, Total: 106684959 ns
[2026-10-07T18:56:18.832+0800][2654.235s][info][safepoint   ] Safepoint "Cleanup", Time since last: 3353832791 ns, Reaching safepoint: 23194667 ns, At safepoint: 79042 ns, Total: 23273709 ns
[2026-10-07T18:56:24.565+0800][2659.969s][info][safepoint   ] Safepoint "Cleanup", Time since last: 5723075166 ns, Reaching safepoint: 10296709 ns, At safepoint: 204291 ns, Total: 10501000 ns
[2026-10-07T18:56:30.307+0800][2665.710s][info][safepoint   ] Safepoint "Cleanup", Time since last: 5735657375 ns, Reaching safepoint: 5496625 ns, At safepoint: 24500 ns, Total: 5521125 ns
[2026-10-07T18:56:31.471+0800][2666.875s][info][safepoint   ] Safepoint "Cleanup", Time since last: 1157460167 ns, Reaching safepoint: 7230583 ns, At safepoint: 80167 ns, Total: 7310750 ns
[2026-10-07T18:56:34.945+0800][2670.348s][info][safepoint   ] Safepoint "Cleanup", Time since last: 3425430250 ns, Reaching safepoint: 47595833 ns, At safepoint: 149000 ns, Total: 47744833 ns
[2026-10-07T18:56:41.786+0800][2677.190s][info][safepoint   ] Safepoint "Cleanup", Time since last: 6820645250 ns, Reaching safepoint: 20549417 ns, At safepoint: 658417 ns, Total: 21207834 ns
[2026-10-07T18:56:48.942+0800][2684.345s][info][gc,start    ] GC(209) Pause Young (Normal) (G1 Evacuation Pause)
[2026-10-07T18:56:48.943+0800][2684.347s][info][gc,task     ] GC(209) Using 9 workers of 9 for evacuation
[2026-10-07T18:56:49.105+0800][2684.508s][info][gc,phases   ] GC(209)   Pre Evacuate Collection Set: 10.6ms
[2026-10-07T18:56:49.105+0800][2684.508s][info][gc,phases   ] GC(209)   Merge Heap Roots: 2.7ms
[2026-10-07T18:56:49.105+0800][2684.508s][info][gc,phases   ] GC(209)   Evacuate Collection Set: 130.5ms
[2026-10-07T18:56:49.105+0800][2684.508s][info][gc,phases   ] GC(209)   Post Evacuate Collection Set: 13.5ms
[2026-10-07T18:56:49.105+0800][2684.508s][info][gc,phases   ] GC(209)   Other: 8.6ms
[2026-10-07T18:56:49.105+0800][2684.508s][info][gc,heap     ] GC(209) Eden regions: 23->0(24)
[2026-10-07T18:56:49.105+0800][2684.508s][info][gc,heap     ] GC(209) Survivor regions: 4->3(4)
[2026-10-07T18:56:49.105+0800][2684.508s][info][gc,heap     ] GC(209) Old regions: 245->246
[2026-10-07T18:56:49.105+0800][2684.508s][info][gc,heap     ] GC(209) Archive regions: 2->2
[2026-10-07T18:56:49.105+0800][2684.508s][info][gc,heap     ] GC(209) Humongous regions: 8->8
[2026-10-07T18:56:49.105+0800][2684.508s][info][gc,metaspace] GC(209) Metaspace: 151085K(152640K)->151085K(152640K) NonClass: 131506K(132288K)->131506K(132288K) Class: 19578K(20352K)->19578K(20352K)
[2026-10-07T18:56:49.105+0800][2684.509s][info][gc          ] GC(209) Pause Young (Normal) (G1 Evacuation Pause) 279M->257M(544M) 163.801ms
[2026-10-07T18:56:49.105+0800][2684.509s][info][gc,cpu      ] GC(209) User=0.01s Sys=0.06s Real=0.16s
[2026-10-07T18:56:49.106+0800][2684.509s][info][safepoint   ] Safepoint "G1CollectForAllocation", Time since last: 7141302416 ns, Reaching safepoint: 3654292 ns, At safepoint: 174334625 ns, Total: 177988917 ns
[2026-10-07T18:56:50.252+0800][2685.656s][info][safepoint   ] Safepoint "Cleanup", Time since last: 1141051167 ns, Reaching safepoint: 5397416 ns, At safepoint: 449792 ns, Total: 5847208 ns
[2026-10-07T18:56:51.418+0800][2686.822s][info][safepoint   ] Safepoint "Cleanup", Time since last: 1125318417 ns, Reaching safepoint: 40617666 ns, At safepoint: 70750 ns, Total: 40688416 ns
[2026-10-07T18:56:52.588+0800][2687.991s][info][safepoint   ] Safepoint "Cleanup", Time since last: 1151403042 ns, Reaching safepoint: 16632500 ns, At safepoint: 1326375 ns, Total: 17958875 ns
[2026-10-07T18:56:57.758+0800][2693.162s][info][gc,start    ] GC(210) Pause Young (Normal) (G1 Evacuation Pause)
[2026-10-07T18:56:57.770+0800][2693.173s][info][gc,task     ] GC(210) Using 9 workers of 9 for evacuation
[2026-10-07T18:56:58.009+0800][2693.413s][info][gc,mmu      ] GC(210) MMU target violated: 200.8ms (200.0ms/201.0ms)
[2026-10-07T18:56:58.009+0800][2693.413s][info][gc,phases   ] GC(210)   Pre Evacuate Collection Set: 60.7ms
[2026-10-07T18:56:58.009+0800][2693.413s][info][gc,phases   ] GC(210)   Merge Heap Roots: 8.6ms
[2026-10-07T18:56:58.009+0800][2693.413s][info][gc,phases   ] GC(210)   Evacuate Collection Set: 167.8ms
[2026-10-07T18:56:58.009+0800][2693.413s][info][gc,phases   ] GC(210)   Post Evacuate Collection Set: 1.2ms
[2026-10-07T18:56:58.009+0800][2693.413s][info][gc,phases   ] GC(210)   Other: 13.0ms
[2026-10-07T18:56:58.009+0800][2693.413s][info][gc,heap     ] GC(210) Eden regions: 24->0(24)
[2026-10-07T18:56:58.009+0800][2693.413s][info][gc,heap     ] GC(210) Survivor regions: 3->3(4)
[2026-10-07T18:56:58.009+0800][2693.413s][info][gc,heap     ] GC(210) Old regions: 246->248
[2026-10-07T18:56:58.009+0800][2693.413s][info][gc,heap     ] GC(210) Archive regions: 2->2
[2026-10-07T18:56:58.009+0800][2693.413s][info][gc,heap     ] GC(210) Humongous regions: 8->8
[2026-10-07T18:56:58.009+0800][2693.413s][info][gc,metaspace] GC(210) Metaspace: 151101K(152640K)->151101K(152640K) NonClass: 131520K(132288K)->131520K(132288K) Class: 19581K(20352K)->19581K(20352K)
[2026-10-07T18:56:58.009+0800][2693.413s][info][gc          ] GC(210) Pause Young (Normal) (G1 Evacuation Pause) 281M->258M(544M) 251.001ms
[2026-10-07T18:56:58.009+0800][2693.413s][info][gc,cpu      ] GC(210) User=0.01s Sys=0.06s Real=0.25s
[2026-10-07T18:56:58.009+0800][2693.413s][info][safepoint   ] Safepoint "G1CollectForAllocation", Time since last: 5168407042 ns, Reaching safepoint: 1892750 ns, At safepoint: 251384083 ns, Total: 253276833 ns
[2026-10-07T18:57:03.124+0800][2698.527s][info][safepoint   ] Safepoint "Cleanup", Time since last: 4462959542 ns, Reaching safepoint: 648002916 ns, At safepoint: 2624792 ns, Total: 650627708 ns
[2026-10-07T18:57:04.405+0800][2699.809s][info][safepoint   ] Safepoint "Cleanup", Time since last: 1148115167 ns, Reaching safepoint: 133847208 ns, At safepoint: 214667 ns, Total: 134061875 ns
[2026-10-07T18:57:06.726+0800][2702.130s][info][safepoint   ] Safepoint "Cleanup", Time since last: 2292991375 ns, Reaching safepoint: 27941916 ns, At safepoint: 12000 ns, Total: 27953916 ns
[2026-10-07T18:57:10.071+0800][2705.474s][info][safepoint   ] Safepoint "Cleanup", Time since last: 3296899292 ns, Reaching safepoint: 47753667 ns, At safepoint: 63916 ns, Total: 47817583 ns
[2026-10-07T18:57:11.098+0800][2706.502s][info][safepoint   ] Safepoint "Cleanup", Time since last: 1027625042 ns, Reaching safepoint: 50708 ns, At safepoint: 3792 ns, Total: 54500 ns
[2026-10-07T18:57:12.729+0800][2708.133s][info][safepoint   ] Safepoint "Cleanup", Time since last: 1630432125 ns, Reaching safepoint: 152208 ns, At safepoint: 68959 ns, Total: 221167 ns
[2026-10-07T18:57:14.089+0800][2709.493s][info][safepoint   ] Safepoint "Cleanup", Time since last: 1313225958 ns, Reaching safepoint: 46982167 ns, At safepoint: 57125 ns, Total: 47039292 ns
[2026-10-07T18:57:15.173+0800][2710.576s][info][safepoint   ] Safepoint "Cleanup", Time since last: 1062078166 ns, Reaching safepoint: 17601917 ns, At safepoint: 3490042 ns, Total: 21091959 ns
[2026-10-07T18:57:17.491+0800][2712.894s][info][safepoint   ] Safepoint "Cleanup", Time since last: 2292519500 ns, Reaching safepoint: 25517625 ns, At safepoint: 73083 ns, Total: 25590708 ns
[2026-10-07T18:57:18.993+0800][2714.396s][info][safepoint   ] Safepoint "Cleanup", Time since last: 1147826458 ns, Reaching safepoint: 354239792 ns, At safepoint: 182208 ns, Total: 354422000 ns
[2026-10-07T18:57:20.194+0800][2715.598s][info][safepoint   ] Safepoint "Cleanup", Time since last: 1118128875 ns, Reaching safepoint: 82533584 ns, At safepoint: 895000 ns, Total: 83428584 ns
[2026-10-07T18:57:28.039+0800][2723.443s][info][safepoint   ] Safepoint "Cleanup", Time since last: 7830999875 ns, Reaching safepoint: 13017458 ns, At safepoint: 617625 ns, Total: 13635083 ns
[2026-10-07T18:57:29.054+0800][2724.458s][info][gc,start    ] GC(211) Pause Young (Normal) (G1 Evacuation Pause)
[2026-10-07T18:57:29.075+0800][2724.479s][info][gc,task     ] GC(211) Using 9 workers of 9 for evacuation
[2026-10-07T18:57:29.423+0800][2724.827s][info][gc,mmu      ] GC(211) MMU target violated: 201.0ms (200.0ms/201.0ms)
[2026-10-07T18:57:29.423+0800][2724.827s][info][gc,phases   ] GC(211)   Pre Evacuate Collection Set: 9.2ms
[2026-10-07T18:57:29.423+0800][2724.827s][info][gc,phases   ] GC(211)   Merge Heap Roots: 17.3ms
[2026-10-07T18:57:29.423+0800][2724.827s][info][gc,phases   ] GC(211)   Evacuate Collection Set: 240.1ms
[2026-10-07T18:57:29.423+0800][2724.827s][info][gc,phases   ] GC(211)   Post Evacuate Collection Set: 78.8ms
[2026-10-07T18:57:29.423+0800][2724.827s][info][gc,phases   ] GC(211)   Other: 120.2ms
[2026-10-07T18:57:29.423+0800][2724.827s][info][gc,heap     ] GC(211) Eden regions: 24->0(25)
[2026-10-07T18:57:29.423+0800][2724.827s][info][gc,heap     ] GC(211) Survivor regions: 3->2(4)
[2026-10-07T18:57:29.423+0800][2724.827s][info][gc,heap     ] GC(211) Old regions: 248->249
[2026-10-07T18:57:29.423+0800][2724.827s][info][gc,heap     ] GC(211) Archive regions: 2->2
[2026-10-07T18:57:29.423+0800][2724.827s][info][gc,heap     ] GC(211) Humongous regions: 8->8
[2026-10-07T18:57:29.423+0800][2724.827s][info][gc,metaspace] GC(211) Metaspace: 153138K(154752K)->153138K(154752K) NonClass: 133325K(134144K)->133325K(134144K) Class: 19812K(20608K)->19812K(20608K)
[2026-10-07T18:57:29.426+0800][2724.830s][info][gc          ] GC(211) Pause Young (Normal) (G1 Evacuation Pause) 282M->259M(544M) 392.128ms
[2026-10-07T18:57:29.426+0800][2724.830s][info][gc,cpu      ] GC(211) User=0.01s Sys=0.05s Real=0.39s
[2026-10-07T18:57:29.427+0800][2724.830s][info][safepoint   ] Safepoint "G1CollectForAllocation", Time since last: 906900125 ns, Reaching safepoint: 683417 ns, At safepoint: 480330000 ns, Total: 481013417 ns
[2026-10-07T18:57:30.593+0800][2725.997s][info][safepoint   ] Safepoint "Cleanup", Time since last: 1146876583 ns, Reaching safepoint: 19347625 ns, At safepoint: 65458 ns, Total: 19413083 ns
[2026-10-07T18:57:31.944+0800][2727.348s][info][safepoint   ] Safepoint "Cleanup", Time since last: 1147507042 ns, Reaching safepoint: 203186208 ns, At safepoint: 264750 ns, Total: 203450958 ns
[2026-10-07T18:57:32.973+0800][2728.376s][info][safepoint   ] Safepoint "Cleanup", Time since last: 1016089667 ns, Reaching safepoint: 12117958 ns, At safepoint: 199792 ns, Total: 12317750 ns
[2026-10-07T18:57:51.924+0800][2747.327s][info][gc,start    ] GC(212) Pause Young (Normal) (G1 Evacuation Pause)
[2026-10-07T18:57:51.930+0800][2747.334s][info][gc,task     ] GC(212) Using 9 workers of 9 for evacuation
[2026-10-07T18:57:52.099+0800][2747.503s][info][gc,phases   ] GC(212)   Pre Evacuate Collection Set: 24.0ms
[2026-10-07T18:57:52.099+0800][2747.503s][info][gc,phases   ] GC(212)   Merge Heap Roots: 7.7ms
[2026-10-07T18:57:52.099+0800][2747.503s][info][gc,phases   ] GC(212)   Evacuate Collection Set: 131.9ms
[2026-10-07T18:57:52.099+0800][2747.503s][info][gc,phases   ] GC(212)   Post Evacuate Collection Set: 3.7ms
[2026-10-07T18:57:52.099+0800][2747.503s][info][gc,phases   ] GC(212)   Other: 12.4ms
[2026-10-07T18:57:52.099+0800][2747.503s][info][gc,heap     ] GC(212) Eden regions: 25->0(24)
[2026-10-07T18:57:52.099+0800][2747.503s][info][gc,heap     ] GC(212) Survivor regions: 2->3(4)
[2026-10-07T18:57:52.099+0800][2747.503s][info][gc,heap     ] GC(212) Old regions: 249->249
[2026-10-07T18:57:52.099+0800][2747.503s][info][gc,heap     ] GC(212) Archive regions: 2->2
[2026-10-07T18:57:52.099+0800][2747.503s][info][gc,heap     ] GC(212) Humongous regions: 8->8
[2026-10-07T18:57:52.099+0800][2747.503s][info][gc,metaspace] GC(212) Metaspace: 153245K(154880K)->153245K(154880K) NonClass: 133432K(134272K)->133432K(134272K) Class: 19812K(20608K)->19812K(20608K)
[2026-10-07T18:57:52.099+0800][2747.503s][info][gc          ] GC(212) Pause Young (Normal) (G1 Evacuation Pause) 284M->259M(544M) 178.601ms
[2026-10-07T18:57:52.099+0800][2747.503s][info][gc,cpu      ] GC(212) User=0.04s Sys=0.05s Real=0.17s
[2026-10-07T18:57:52.099+0800][2747.503s][info][safepoint   ] Safepoint "G1CollectForAllocation", Time since last: 18935504875 ns, Reaching safepoint: 10272500 ns, At safepoint: 181246958 ns, Total: 191519458 ns
[2026-10-07T18:57:54.098+0800][2749.502s][info][safepoint   ] Safepoint "Cleanup", Time since last: 1966075167 ns, Reaching safepoint: 32819333 ns, At safepoint: 11667 ns, Total: 32831000 ns
[2026-10-07T18:57:55.325+0800][2750.728s][info][safepoint   ] Safepoint "Cleanup", Time since last: 1138212250 ns, Reaching safepoint: 87701750 ns, At safepoint: 485333 ns, Total: 88187083 ns
[2026-10-07T18:57:56.543+0800][2751.946s][info][safepoint   ] Safepoint "Cleanup", Time since last: 1135646584 ns, Reaching safepoint: 82076041 ns, At safepoint: 33042 ns, Total: 82109083 ns
[2026-10-07T18:57:58.942+0800][2754.346s][info][safepoint   ] Safepoint "Cleanup", Time since last: 2362897250 ns, Reaching safepoint: 36588083 ns, At safepoint: 79292 ns, Total: 36667375 ns
[2026-10-07T18:58:01.823+0800][2757.227s][info][safepoint   ] Safepoint "Cleanup", Time since last: 2865469917 ns, Reaching safepoint: 15595375 ns, At safepoint: 70666 ns, Total: 15666041 ns
[2026-10-07T18:58:03.208+0800][2758.612s][info][safepoint   ] Safepoint "Cleanup", Time since last: 1152759500 ns, Reaching safepoint: 230993125 ns, At safepoint: 841459 ns, Total: 231834584 ns
[2026-10-07T18:58:04.383+0800][2759.787s][info][safepoint   ] Safepoint "Cleanup", Time since last: 1147642958 ns, Reaching safepoint: 27779125 ns, At safepoint: 81583 ns, Total: 27860708 ns
[2026-10-07T18:58:06.677+0800][2762.081s][info][safepoint   ] Safepoint "Cleanup", Time since last: 2277359084 ns, Reaching safepoint: 15225625 ns, At safepoint: 991208 ns, Total: 16216833 ns
[2026-10-07T18:58:07.751+0800][2763.155s][info][safepoint   ] Safepoint "Cleanup", Time since last: 1070297792 ns, Reaching safepoint: 3729208 ns, At safepoint: 383333 ns, Total: 4112541 ns
[2026-10-07T18:58:08.923+0800][2764.327s][info][safepoint   ] Safepoint "Cleanup", Time since last: 1143752875 ns, Reaching safepoint: 27897542 ns, At safepoint: 46292 ns, Total: 27943834 ns
[2026-10-07T18:58:10.071+0800][2765.475s][info][safepoint   ] Safepoint "Cleanup", Time since last: 1112848541 ns, Reaching safepoint: 35014667 ns, At safepoint: 275125 ns, Total: 35289792 ns
[2026-10-07T18:58:11.230+0800][2766.634s][info][safepoint   ] Safepoint "Cleanup", Time since last: 1145544417 ns, Reaching safepoint: 13265875 ns, At safepoint: 429916 ns, Total: 13695791 ns
[2026-10-07T18:58:13.501+0800][2768.905s][info][safepoint   ] Safepoint "Cleanup", Time since last: 2213996459 ns, Reaching safepoint: 56800916 ns, At safepoint: 66625 ns, Total: 56867541 ns
[2026-10-07T18:58:15.543+0800][2770.947s][info][gc,start    ] GC(213) Pause Young (Normal) (G1 Evacuation Pause)
[2026-10-07T18:58:15.867+0800][2771.271s][info][gc,task     ] GC(213) Using 9 workers of 9 for evacuation
[2026-10-07T18:58:16.503+0800][2771.907s][info][gc,mmu      ] GC(213) MMU target violated: 201.0ms (200.0ms/201.0ms)
[2026-10-07T18:58:16.510+0800][2771.914s][info][gc,phases   ] GC(213)   Pre Evacuate Collection Set: 6.5ms
[2026-10-07T18:58:16.510+0800][2771.914s][info][gc,phases   ] GC(213)   Merge Heap Roots: 4.1ms
[2026-10-07T18:58:16.514+0800][2771.918s][info][gc,phases   ] GC(213)   Evacuate Collection Set: 550.5ms
[2026-10-07T18:58:16.514+0800][2771.918s][info][gc,phases   ] GC(213)   Post Evacuate Collection Set: 72.0ms
[2026-10-07T18:58:16.514+0800][2771.918s][info][gc,phases   ] GC(213)   Other: 336.7ms
[2026-10-07T18:58:16.514+0800][2771.918s][info][gc,heap     ] GC(213) Eden regions: 24->0(23)
[2026-10-07T18:58:16.514+0800][2771.918s][info][gc,heap     ] GC(213) Survivor regions: 3->4(4)
[2026-10-07T18:58:16.514+0800][2771.918s][info][gc,heap     ] GC(213) Old regions: 249->249
[2026-10-07T18:58:16.514+0800][2771.918s][info][gc,heap     ] GC(213) Archive regions: 2->2
[2026-10-07T18:58:16.514+0800][2771.918s][info][gc,heap     ] GC(213) Humongous regions: 8->8
[2026-10-07T18:58:16.514+0800][2771.918s][info][gc,metaspace] GC(213) Metaspace: 153544K(155136K)->153544K(155136K) NonClass: 133677K(134464K)->133677K(134464K) Class: 19866K(20672K)->19866K(20672K)
[2026-10-07T18:58:16.517+0800][2771.921s][info][gc          ] GC(213) Pause Young (Normal) (G1 Evacuation Pause) 283M->261M(544M) 974.924ms
[2026-10-07T18:58:16.517+0800][2771.921s][info][gc,cpu      ] GC(213) User=0.01s Sys=0.06s Real=0.97s
[2026-10-07T18:58:16.521+0800][2771.925s][info][safepoint   ] Safepoint "G1CollectForAllocation", Time since last: 2035002250 ns, Reaching safepoint: 953959 ns, At safepoint: 984234583 ns, Total: 985188542 ns
[2026-10-07T18:58:18.060+0800][2773.464s][info][safepoint   ] Safepoint "ICBufferFull", Time since last: 1496109083 ns, Reaching safepoint: 42362834 ns, At safepoint: 25333 ns, Total: 42388167 ns
[2026-10-07T18:58:19.227+0800][2774.631s][info][safepoint   ] Safepoint "Cleanup", Time since last: 1126469625 ns, Reaching safepoint: 40537458 ns, At safepoint: 333667 ns, Total: 40871125 ns
[2026-10-07T18:58:20.372+0800][2775.776s][info][safepoint   ] Safepoint "Cleanup", Time since last: 1141093250 ns, Reaching safepoint: 2208958 ns, At safepoint: 1893209 ns, Total: 4102167 ns
[2026-10-07T18:58:21.811+0800][2777.215s][info][safepoint   ] Safepoint "Cleanup", Time since last: 1421636250 ns, Reaching safepoint: 16819416 ns, At safepoint: 483000 ns, Total: 17302416 ns
[2026-10-07T18:58:22.969+0800][2778.373s][info][safepoint   ] Safepoint "Cleanup", Time since last: 1097305750 ns, Reaching safepoint: 60099042 ns, At safepoint: 45750 ns, Total: 60144792 ns
[2026-10-07T18:58:23.882+0800][2779.286s][info][gc,start    ] GC(214) Pause Young (Normal) (G1 Evacuation Pause)
[2026-10-07T18:58:23.911+0800][2779.315s][info][gc,task     ] GC(214) Using 9 workers of 9 for evacuation
[2026-10-07T18:58:26.245+0800][2781.649s][info][gc,mmu      ] GC(214) MMU target violated: 201.0ms (200.0ms/201.0ms)
[2026-10-07T18:58:26.247+0800][2781.651s][info][gc,phases   ] GC(214)   Pre Evacuate Collection Set: 328.3ms
[2026-10-07T18:58:26.247+0800][2781.651s][info][gc,phases   ] GC(214)   Merge Heap Roots: 46.4ms
[2026-10-07T18:58:26.247+0800][2781.651s][info][gc,phases   ] GC(214)   Evacuate Collection Set: 1605.2ms
[2026-10-07T18:58:26.247+0800][2781.651s][info][gc,phases   ] GC(214)   Post Evacuate Collection Set: 217.2ms
[2026-10-07T18:58:26.247+0800][2781.651s][info][gc,phases   ] GC(214)   Other: 167.7ms
[2026-10-07T18:58:26.247+0800][2781.651s][info][gc,heap     ] GC(214) Eden regions: 23->0(23)
[2026-10-07T18:58:26.247+0800][2781.651s][info][gc,heap     ] GC(214) Survivor regions: 4->4(4)
[2026-10-07T18:58:26.247+0800][2781.651s][info][gc,heap     ] GC(214) Old regions: 249->251
[2026-10-07T18:58:26.247+0800][2781.651s][info][gc,heap     ] GC(214) Archive regions: 2->2
[2026-10-07T18:58:26.247+0800][2781.651s][info][gc,heap     ] GC(214) Humongous regions: 8->8
[2026-10-07T18:58:26.247+0800][2781.651s][info][gc,metaspace] GC(214) Metaspace: 153681K(155264K)->153681K(155264K) NonClass: 133802K(134592K)->133802K(134592K) Class: 19878K(20672K)->19878K(20672K)
[2026-10-07T18:58:26.257+0800][2781.660s][info][gc          ] GC(214) Pause Young (Normal) (G1 Evacuation Pause) 284M->263M(544M) 2373.479ms
[2026-10-07T18:58:26.257+0800][2781.661s][info][gc,cpu      ] GC(214) User=0.02s Sys=0.11s Real=2.37s
[2026-10-07T18:58:26.262+0800][2781.666s][info][safepoint   ] Safepoint "G1CollectForAllocation", Time since last: 694721125 ns, Reaching safepoint: 218692167 ns, At safepoint: 2379555125 ns, Total: 2598247292 ns
[2026-10-07T18:58:29.727+0800][2785.130s][info][safepoint   ] Safepoint "Cleanup", Time since last: 3416196041 ns, Reaching safepoint: 48656917 ns, At safepoint: 65542 ns, Total: 48722459 ns
[2026-10-07T18:58:37.401+0800][2792.805s][info][safepoint   ] Safepoint "Cleanup", Time since last: 7619142958 ns, Reaching safepoint: 55504208 ns, At safepoint: 27084 ns, Total: 55531292 ns
[2026-10-07T18:58:41.566+0800][2796.970s][info][safepoint   ] Safepoint "Cleanup", Time since last: 3911627500 ns, Reaching safepoint: 252915666 ns, At safepoint: 153125 ns, Total: 253068791 ns
[2026-10-07T18:58:47.768+0800][2803.172s][info][gc,start    ] GC(215) Pause Young (Normal) (G1 Evacuation Pause)
[2026-10-07T18:58:47.771+0800][2803.175s][info][gc,task     ] GC(215) Using 9 workers of 9 for evacuation
[2026-10-07T18:58:47.950+0800][2803.354s][info][gc,phases   ] GC(215)   Pre Evacuate Collection Set: 16.2ms
[2026-10-07T18:58:47.950+0800][2803.354s][info][gc,phases   ] GC(215)   Merge Heap Roots: 9.7ms
[2026-10-07T18:58:47.950+0800][2803.354s][info][gc,phases   ] GC(215)   Evacuate Collection Set: 117.6ms
[2026-10-07T18:58:47.950+0800][2803.354s][info][gc,phases   ] GC(215)   Post Evacuate Collection Set: 28.5ms
[2026-10-07T18:58:47.950+0800][2803.354s][info][gc,phases   ] GC(215)   Other: 17.1ms
[2026-10-07T18:58:47.950+0800][2803.354s][info][gc,heap     ] GC(215) Eden regions: 23->0(24)
[2026-10-07T18:58:47.950+0800][2803.354s][info][gc,heap     ] GC(215) Survivor regions: 4->3(4)
[2026-10-07T18:58:47.950+0800][2803.354s][info][gc,heap     ] GC(215) Old regions: 251->253
[2026-10-07T18:58:47.950+0800][2803.354s][info][gc,heap     ] GC(215) Archive regions: 2->2
[2026-10-07T18:58:47.950+0800][2803.354s][info][gc,heap     ] GC(215) Humongous regions: 8->8
[2026-10-07T18:58:47.951+0800][2803.355s][info][gc,metaspace] GC(215) Metaspace: 153682K(155264K)->153682K(155264K) NonClass: 133803K(134592K)->133803K(134592K) Class: 19878K(20672K)->19878K(20672K)
[2026-10-07T18:58:47.952+0800][2803.356s][info][gc          ] GC(215) Pause Young (Normal) (G1 Evacuation Pause) 286M->264M(544M) 183.955ms
[2026-10-07T18:58:47.952+0800][2803.356s][info][gc,cpu      ] GC(215) User=0.01s Sys=0.08s Real=0.19s
[2026-10-07T18:58:47.952+0800][2803.356s][info][safepoint   ] Safepoint "G1CollectForAllocation", Time since last: 6189488334 ns, Reaching safepoint: 2306041 ns, At safepoint: 194746125 ns, Total: 197052166 ns
[2026-10-07T18:58:48.866+0800][2804.270s][info][gc,start    ] GC(216) Pause Young (Normal) (G1 Evacuation Pause)
[2026-10-07T18:58:48.866+0800][2804.270s][info][gc,task     ] GC(216) Using 9 workers of 9 for evacuation
[2026-10-07T18:58:48.992+0800][2804.396s][info][gc,phases   ] GC(216)   Pre Evacuate Collection Set: 3.7ms
[2026-10-07T18:58:48.992+0800][2804.396s][info][gc,phases   ] GC(216)   Merge Heap Roots: 3.0ms
[2026-10-07T18:58:48.992+0800][2804.396s][info][gc,phases   ] GC(216)   Evacuate Collection Set: 110.7ms
[2026-10-07T18:58:48.992+0800][2804.396s][info][gc,phases   ] GC(216)   Post Evacuate Collection Set: 7.7ms
[2026-10-07T18:58:48.992+0800][2804.396s][info][gc,phases   ] GC(216)   Other: 1.4ms
[2026-10-07T18:58:48.992+0800][2804.396s][info][gc,heap     ] GC(216) Eden regions: 24->0(25)
[2026-10-07T18:58:48.992+0800][2804.396s][info][gc,heap     ] GC(216) Survivor regions: 3->2(4)
[2026-10-07T18:58:48.992+0800][2804.396s][info][gc,heap     ] GC(216) Old regions: 253->255
[2026-10-07T18:58:48.992+0800][2804.396s][info][gc,heap     ] GC(216) Archive regions: 2->2
[2026-10-07T18:58:48.992+0800][2804.396s][info][gc,heap     ] GC(216) Humongous regions: 8->8
[2026-10-07T18:58:48.992+0800][2804.396s][info][gc,metaspace] GC(216) Metaspace: 153688K(155264K)->153688K(155264K) NonClass: 133808K(134592K)->133808K(134592K) Class: 19880K(20672K)->19880K(20672K)
[2026-10-07T18:58:48.992+0800][2804.396s][info][gc          ] GC(216) Pause Young (Normal) (G1 Evacuation Pause) 288M->264M(544M) 126.612ms
[2026-10-07T18:58:48.992+0800][2804.396s][info][gc,cpu      ] GC(216) User=0.02s Sys=0.03s Real=0.13s
[2026-10-07T18:58:48.993+0800][2804.397s][info][safepoint   ] Safepoint "G1CollectForAllocation", Time since last: 905426417 ns, Reaching safepoint: 7594583 ns, At safepoint: 127512000 ns, Total: 135106583 ns
[2026-10-07T18:58:49.357+0800][2804.761s][info][gc,start    ] GC(217) Pause Young (Normal) (G1 Evacuation Pause)
[2026-10-07T18:58:49.357+0800][2804.762s][info][gc,task     ] GC(217) Using 9 workers of 9 for evacuation
[2026-10-07T18:58:49.428+0800][2804.832s][info][gc,phases   ] GC(217)   Pre Evacuate Collection Set: 2.8ms
[2026-10-07T18:58:49.428+0800][2804.832s][info][gc,phases   ] GC(217)   Merge Heap Roots: 1.8ms
[2026-10-07T18:58:49.428+0800][2804.832s][info][gc,phases   ] GC(217)   Evacuate Collection Set: 27.9ms
[2026-10-07T18:58:49.428+0800][2804.832s][info][gc,phases   ] GC(217)   Post Evacuate Collection Set: 35.0ms
[2026-10-07T18:58:49.428+0800][2804.832s][info][gc,phases   ] GC(217)   Other: 3.2ms
[2026-10-07T18:58:49.428+0800][2804.832s][info][gc,heap     ] GC(217) Eden regions: 25->0(24)
[2026-10-07T18:58:49.428+0800][2804.832s][info][gc,heap     ] GC(217) Survivor regions: 2->3(4)
[2026-10-07T18:58:49.428+0800][2804.832s][info][gc,heap     ] GC(217) Old regions: 255->255
[2026-10-07T18:58:49.428+0800][2804.832s][info][gc,heap     ] GC(217) Archive regions: 2->2
[2026-10-07T18:58:49.428+0800][2804.832s][info][gc,heap     ] GC(217) Humongous regions: 8->8
[2026-10-07T18:58:49.428+0800][2804.832s][info][gc,metaspace] GC(217) Metaspace: 153699K(155328K)->153699K(155328K) NonClass: 133818K(134656K)->133818K(134656K) Class: 19880K(20672K)->19880K(20672K)
[2026-10-07T18:58:49.428+0800][2804.832s][info][gc          ] GC(217) Pause Young (Normal) (G1 Evacuation Pause) 289M->265M(544M) 70.876ms
[2026-10-07T18:58:49.428+0800][2804.832s][info][gc,cpu      ] GC(217) User=0.03s Sys=0.01s Real=0.07s
[2026-10-07T18:58:49.428+0800][2804.832s][info][safepoint   ] Safepoint "G1CollectForAllocation", Time since last: 362545000 ns, Reaching safepoint: 1892959 ns, At safepoint: 71061458 ns, Total: 72954417 ns
[2026-10-07T18:58:49.691+0800][2805.095s][info][safepoint   ] Safepoint "ThreadDump", Time since last: 176595000 ns, Reaching safepoint: 65687500 ns, At safepoint: 20721250 ns, Total: 86408750 ns
[2026-10-07T18:58:50.660+0800][2806.064s][info][gc,start    ] GC(218) Pause Young (Normal) (G1 Evacuation Pause)
[2026-10-07T18:58:50.660+0800][2806.064s][info][gc,task     ] GC(218) Using 9 workers of 9 for evacuation
[2026-10-07T18:58:50.737+0800][2806.141s][info][gc,phases   ] GC(218)   Pre Evacuate Collection Set: 1.6ms
[2026-10-07T18:58:50.737+0800][2806.141s][info][gc,phases   ] GC(218)   Merge Heap Roots: 0.2ms
[2026-10-07T18:58:50.737+0800][2806.141s][info][gc,phases   ] GC(218)   Evacuate Collection Set: 71.3ms
[2026-10-07T18:58:50.737+0800][2806.141s][info][gc,phases   ] GC(218)   Post Evacuate Collection Set: 3.5ms
[2026-10-07T18:58:50.737+0800][2806.141s][info][gc,phases   ] GC(218)   Other: 0.7ms
[2026-10-07T18:58:50.737+0800][2806.141s][info][gc,heap     ] GC(218) Eden regions: 24->0(24)
[2026-10-07T18:58:50.737+0800][2806.141s][info][gc,heap     ] GC(218) Survivor regions: 3->3(4)
[2026-10-07T18:58:50.737+0800][2806.141s][info][gc,heap     ] GC(218) Old regions: 255->256
[2026-10-07T18:58:50.737+0800][2806.141s][info][gc,heap     ] GC(218) Archive regions: 2->2
[2026-10-07T18:58:50.737+0800][2806.141s][info][gc,heap     ] GC(218) Humongous regions: 8->8
[2026-10-07T18:58:50.737+0800][2806.141s][info][gc,metaspace] GC(218) Metaspace: 153714K(155328K)->153714K(155328K) NonClass: 133832K(134656K)->133832K(134656K) Class: 19881K(20672K)->19881K(20672K)
[2026-10-07T18:58:50.737+0800][2806.141s][info][gc          ] GC(218) Pause Young (Normal) (G1 Evacuation Pause) 289M->266M(544M) 77.447ms
[2026-10-07T18:58:50.737+0800][2806.142s][info][gc,cpu      ] GC(218) User=0.01s Sys=0.03s Real=0.07s
[2026-10-07T18:58:50.739+0800][2806.143s][info][safepoint   ] Safepoint "G1CollectForAllocation", Time since last: 945898708 ns, Reaching safepoint: 22674334 ns, At safepoint: 78615500 ns, Total: 101289834 ns
[2026-10-07T18:58:51.922+0800][2807.326s][info][safepoint   ] Safepoint "Cleanup", Time since last: 1147860833 ns, Reaching safepoint: 33362667 ns, At safepoint: 2278916 ns, Total: 35641583 ns
[2026-10-07T18:58:52.286+0800][2807.690s][info][gc,start    ] GC(219) Pause Young (Normal) (G1 Evacuation Pause)
[2026-10-07T18:58:52.286+0800][2807.690s][info][gc,task     ] GC(219) Using 9 workers of 9 for evacuation
[2026-10-07T18:58:52.317+0800][2807.721s][info][gc,phases   ] GC(219)   Pre Evacuate Collection Set: 1.2ms
[2026-10-07T18:58:52.317+0800][2807.721s][info][gc,phases   ] GC(219)   Merge Heap Roots: 0.2ms
[2026-10-07T18:58:52.317+0800][2807.721s][info][gc,phases   ] GC(219)   Evacuate Collection Set: 27.8ms
[2026-10-07T18:58:52.317+0800][2807.721s][info][gc,phases   ] GC(219)   Post Evacuate Collection Set: 0.9ms
[2026-10-07T18:58:52.317+0800][2807.721s][info][gc,phases   ] GC(219)   Other: 1.2ms
[2026-10-07T18:58:52.317+0800][2807.721s][info][gc,heap     ] GC(219) Eden regions: 24->0(25)
[2026-10-07T18:58:52.317+0800][2807.721s][info][gc,heap     ] GC(219) Survivor regions: 3->2(4)
[2026-10-07T18:58:52.317+0800][2807.721s][info][gc,heap     ] GC(219) Old regions: 256->256
[2026-10-07T18:58:52.317+0800][2807.721s][info][gc,heap     ] GC(219) Archive regions: 2->2
[2026-10-07T18:58:52.317+0800][2807.721s][info][gc,heap     ] GC(219) Humongous regions: 8->8
[2026-10-07T18:58:52.317+0800][2807.721s][info][gc,metaspace] GC(219) Metaspace: 153732K(155328K)->153732K(155328K) NonClass: 133851K(134656K)->133851K(134656K) Class: 19881K(20672K)->19881K(20672K)
[2026-10-07T18:58:52.317+0800][2807.721s][info][gc          ] GC(219) Pause Young (Normal) (G1 Evacuation Pause) 290M->265M(544M) 31.501ms
[2026-10-07T18:58:52.317+0800][2807.721s][info][gc,cpu      ] GC(219) User=0.02s Sys=0.02s Real=0.03s
[2026-10-07T18:58:52.317+0800][2807.721s][info][safepoint   ] Safepoint "G1CollectForAllocation", Time since last: 335340084 ns, Reaching safepoint: 28093958 ns, At safepoint: 31955250 ns, Total: 60049208 ns
[2026-10-07T18:58:52.676+0800][2808.080s][info][gc,start    ] GC(220) Pause Young (Normal) (G1 Evacuation Pause)
[2026-10-07T18:58:52.676+0800][2808.080s][info][gc,task     ] GC(220) Using 9 workers of 9 for evacuation
[2026-10-07T18:58:52.734+0800][2808.138s][info][gc,phases   ] GC(220)   Pre Evacuate Collection Set: 0.1ms
[2026-10-07T18:58:52.734+0800][2808.138s][info][gc,phases   ] GC(220)   Merge Heap Roots: 0.0ms
[2026-10-07T18:58:52.734+0800][2808.138s][info][gc,phases   ] GC(220)   Evacuate Collection Set: 57.9ms
[2026-10-07T18:58:52.734+0800][2808.138s][info][gc,phases   ] GC(220)   Post Evacuate Collection Set: 0.5ms
[2026-10-07T18:58:52.734+0800][2808.138s][info][gc,phases   ] GC(220)   Other: 0.1ms
[2026-10-07T18:58:52.734+0800][2808.138s][info][gc,heap     ] GC(220) Eden regions: 25->0(25)
[2026-10-07T18:58:52.734+0800][2808.138s][info][gc,heap     ] GC(220) Survivor regions: 2->2(4)
[2026-10-07T18:58:52.734+0800][2808.138s][info][gc,heap     ] GC(220) Old regions: 256->256
[2026-10-07T18:58:52.734+0800][2808.138s][info][gc,heap     ] GC(220) Archive regions: 2->2
[2026-10-07T18:58:52.734+0800][2808.138s][info][gc,heap     ] GC(220) Humongous regions: 8->8
[2026-10-07T18:58:52.734+0800][2808.138s][info][gc,metaspace] GC(220) Metaspace: 153757K(155392K)->153757K(155392K) NonClass: 133875K(134720K)->133875K(134720K) Class: 19882K(20672K)->19882K(20672K)
[2026-10-07T18:58:52.734+0800][2808.138s][info][gc          ] GC(220) Pause Young (Normal) (G1 Evacuation Pause) 290M->265M(544M) 58.607ms
[2026-10-07T18:58:52.734+0800][2808.138s][info][gc,cpu      ] GC(220) User=0.04s Sys=0.01s Real=0.06s
[2026-10-07T18:58:52.734+0800][2808.138s][info][safepoint   ] Safepoint "G1CollectForAllocation", Time since last: 357824875 ns, Reaching safepoint: 374250 ns, At safepoint: 58659583 ns, Total: 59033833 ns
[2026-10-07T18:58:53.847+0800][2809.251s][info][safepoint   ] Safepoint "Cleanup", Time since last: 1103926250 ns, Reaching safepoint: 8797500 ns, At safepoint: 153542 ns, Total: 8951042 ns
[2026-10-07T18:59:10.807+0800][2826.211s][info][gc,start    ] GC(221) Pause Young (Normal) (G1 Evacuation Pause)
[2026-10-07T18:59:10.811+0800][2826.215s][info][gc,task     ] GC(221) Using 9 workers of 9 for evacuation
[2026-10-07T18:59:11.120+0800][2826.524s][info][gc,mmu      ] GC(221) MMU target violated: 201.0ms (200.0ms/201.0ms)
[2026-10-07T18:59:11.120+0800][2826.525s][info][gc,phases   ] GC(221)   Pre Evacuate Collection Set: 29.1ms
[2026-10-07T18:59:11.120+0800][2826.525s][info][gc,phases   ] GC(221)   Merge Heap Roots: 28.1ms
[2026-10-07T18:59:11.120+0800][2826.525s][info][gc,phases   ] GC(221)   Evacuate Collection Set: 239.4ms
[2026-10-07T18:59:11.120+0800][2826.525s][info][gc,phases   ] GC(221)   Post Evacuate Collection Set: 7.4ms
[2026-10-07T18:59:11.121+0800][2826.525s][info][gc,phases   ] GC(221)   Other: 20.3ms
[2026-10-07T18:59:11.121+0800][2826.525s][info][gc,heap     ] GC(221) Eden regions: 25->0(25)
[2026-10-07T18:59:11.121+0800][2826.525s][info][gc,heap     ] GC(221) Survivor regions: 2->2(4)
[2026-10-07T18:59:11.121+0800][2826.525s][info][gc,heap     ] GC(221) Old regions: 256->256
[2026-10-07T18:59:11.121+0800][2826.525s][info][gc,heap     ] GC(221) Archive regions: 2->2
[2026-10-07T18:59:11.121+0800][2826.525s][info][gc,heap     ] GC(221) Humongous regions: 8->8
[2026-10-07T18:59:11.122+0800][2826.526s][info][gc,metaspace] GC(221) Metaspace: 153757K(155392K)->153757K(155392K) NonClass: 133875K(134720K)->133875K(134720K) Class: 19882K(20672K)->19882K(20672K)
[2026-10-07T18:59:11.122+0800][2826.526s][info][gc          ] GC(221) Pause Young (Normal) (G1 Evacuation Pause) 290M->266M(544M) 318.219ms
[2026-10-07T18:59:11.122+0800][2826.526s][info][gc,cpu      ] GC(221) User=0.01s Sys=0.07s Real=0.32s
[2026-10-07T18:59:11.122+0800][2826.526s][info][safepoint   ] Safepoint "G1CollectForAllocation", Time since last: 16809106042 ns, Reaching safepoint: 102295958 ns, At safepoint: 363600292 ns, Total: 465896250 ns
[2026-10-07T18:59:13.404+0800][2828.808s][info][safepoint   ] Safepoint "Cleanup", Time since last: 2239351333 ns, Reaching safepoint: 42362042 ns, At safepoint: 123291 ns, Total: 42485333 ns
[2026-10-07T18:59:14.561+0800][2829.965s][info][safepoint   ] Safepoint "Cleanup", Time since last: 1140294875 ns, Reaching safepoint: 16757875 ns, At safepoint: 91750 ns, Total: 16849625 ns
[2026-10-07T18:59:19.767+0800][2835.171s][info][gc,start    ] GC(222) Pause Young (Normal) (G1 Evacuation Pause)
[2026-10-07T18:59:19.820+0800][2835.224s][info][gc,task     ] GC(222) Using 9 workers of 9 for evacuation
[2026-10-07T18:59:20.787+0800][2836.191s][info][gc,mmu      ] GC(222) MMU target violated: 201.0ms (200.0ms/201.0ms)
[2026-10-07T18:59:22.639+0800][2838.043s][info][gc,phases   ] GC(222)   Pre Evacuate Collection Set: 120.0ms
[2026-10-07T18:59:22.639+0800][2838.043s][info][gc,phases   ] GC(222)   Merge Heap Roots: 55.7ms
[2026-10-07T18:59:22.639+0800][2838.043s][info][gc,phases   ] GC(222)   Evacuate Collection Set: 646.0ms
[2026-10-07T18:59:22.639+0800][2838.043s][info][gc,phases   ] GC(222)   Post Evacuate Collection Set: 123.2ms
[2026-10-07T18:59:22.639+0800][2838.043s][info][gc,phases   ] GC(222)   Other: 2042.0ms
[2026-10-07T18:59:22.639+0800][2838.043s][info][gc,heap     ] GC(222) Eden regions: 25->0(24)
[2026-10-07T18:59:22.639+0800][2838.043s][info][gc,heap     ] GC(222) Survivor regions: 2->3(4)
[2026-10-07T18:59:22.639+0800][2838.043s][info][gc,heap     ] GC(222) Old regions: 256->256
[2026-10-07T18:59:22.639+0800][2838.043s][info][gc,heap     ] GC(222) Archive regions: 2->2
[2026-10-07T18:59:22.639+0800][2838.043s][info][gc,heap     ] GC(222) Humongous regions: 8->8
[2026-10-07T18:59:22.639+0800][2838.043s][info][gc,metaspace] GC(222) Metaspace: 153757K(155392K)->153757K(155392K) NonClass: 133875K(134720K)->133875K(134720K) Class: 19882K(20672K)->19882K(20672K)
[2026-10-07T18:59:22.689+0800][2838.093s][info][gc          ] GC(222) Pause Young (Normal) (G1 Evacuation Pause) 291M->266M(544M) 2943.311ms
[2026-10-07T18:59:22.689+0800][2838.093s][info][gc,cpu      ] GC(222) User=0.15s Sys=0.06s Real=2.94s
[2026-10-07T18:59:22.691+0800][2838.095s][info][safepoint   ] Safepoint "G1CollectForAllocation", Time since last: 5016041917 ns, Reaching safepoint: 1518458 ns, At safepoint: 3112576875 ns, Total: 3114095333 ns
[2026-10-07T18:59:23.420+0800][2838.824s][info][safepoint   ] Safepoint "ThreadDump", Time since last: 696630375 ns, Reaching safepoint: 547000 ns, At safepoint: 31893834 ns, Total: 32440834 ns
[2026-10-07T18:59:23.678+0800][2839.082s][info][gc,heap,exit] Heap
[2026-10-07T18:59:23.678+0800][2839.082s][info][gc,heap,exit]  garbage-first heap   total 557056K, used 290636K [0x00000007d0000000, 0x0000000800000000)
[2026-10-07T18:59:23.678+0800][2839.082s][info][gc,heap,exit]   region size 1024K, 20 young (20480K), 3 survivors (3072K)
[2026-10-07T18:59:23.678+0800][2839.082s][info][gc,heap,exit]  Metaspace       used 153761K, committed 155392K, reserved 1245184K
[2026-10-07T18:59:23.678+0800][2839.082s][info][gc,heap,exit]   class space    used 19882K, committed 20672K, reserved 1048576K
