[2026-10-07T17:47:33.857+0800][0.022s][info][gc] Using G1
[2026-10-07T17:47:33.858+0800][0.023s][info][gc,init] Version: 17.0.19+9-LTS-183 (release)
[2026-10-07T17:47:33.858+0800][0.023s][info][gc,init] CPUs: 10 total, 10 available
[2026-10-07T17:47:33.858+0800][0.023s][info][gc,init] Memory: 16384M
[2026-10-07T17:47:33.858+0800][0.024s][info][gc,init] Large Page Support: Disabled
[2026-10-07T17:47:33.858+0800][0.024s][info][gc,init] NUMA Support: Disabled
[2026-10-07T17:47:33.858+0800][0.024s][info][gc,init] Compressed Oops: Enabled (Zero based)
[2026-10-07T17:47:33.858+0800][0.024s][info][gc,init] Heap Region Size: 1M
[2026-10-07T17:47:33.858+0800][0.024s][info][gc,init] Heap Min Capacity: 8M
[2026-10-07T17:47:33.858+0800][0.024s][info][gc,init] Heap Initial Capacity: 256M
[2026-10-07T17:47:33.858+0800][0.024s][info][gc,init] Heap Max Capacity: 768M
[2026-10-07T17:47:33.858+0800][0.024s][info][gc,init] Pre-touch: Disabled
[2026-10-07T17:47:33.858+0800][0.024s][info][gc,init] Parallel Workers: 9
[2026-10-07T17:47:33.858+0800][0.024s][info][gc,init] Concurrent Workers: 2
[2026-10-07T17:47:33.858+0800][0.024s][info][gc,init] Concurrent Refinement Workers: 9
[2026-10-07T17:47:33.858+0800][0.024s][info][gc,init] Periodic GC: Disabled
[2026-10-07T17:47:33.864+0800][0.029s][info][gc,metaspace] CDS archive(s) mapped at: [0x0000009000000000-0x0000009000be8000-0x0000009000be8000), size 12484608, SharedBaseAddress: 0x0000009000000000, ArchiveRelocationMode: 1.
[2026-10-07T17:47:33.864+0800][0.029s][info][gc,metaspace] Compressed class space mapped at: 0x0000009001000000-0x0000009041000000, reserved size: 1073741824
[2026-10-07T17:47:33.864+0800][0.029s][info][gc,metaspace] Narrow klass base: 0x0000009000000000, Narrow klass shift: 0, Narrow klass range: 0x100000000
[2026-10-07T17:47:34.147+0800][0.312s][info][safepoint   ] Safepoint "ICBufferFull", Time since last: 278152417 ns, Reaching safepoint: 158500 ns, At safepoint: 10958 ns, Total: 169458 ns
[2026-10-07T17:47:34.190+0800][0.355s][info][gc,start    ] GC(0) Pause Young (Normal) (G1 Evacuation Pause)
[2026-10-07T17:47:34.190+0800][0.356s][info][gc,task     ] GC(0) Using 6 workers of 9 for evacuation
[2026-10-07T17:47:34.192+0800][0.358s][info][gc,phases   ] GC(0)   Pre Evacuate Collection Set: 0.1ms
[2026-10-07T17:47:34.192+0800][0.358s][info][gc,phases   ] GC(0)   Merge Heap Roots: 0.0ms
[2026-10-07T17:47:34.192+0800][0.358s][info][gc,phases   ] GC(0)   Evacuate Collection Set: 1.7ms
[2026-10-07T17:47:34.192+0800][0.358s][info][gc,phases   ] GC(0)   Post Evacuate Collection Set: 0.2ms
[2026-10-07T17:47:34.192+0800][0.358s][info][gc,phases   ] GC(0)   Other: 0.2ms
[2026-10-07T17:47:34.192+0800][0.358s][info][gc,heap     ] GC(0) Eden regions: 23->0(35)
[2026-10-07T17:47:34.192+0800][0.358s][info][gc,heap     ] GC(0) Survivor regions: 0->3(3)
[2026-10-07T17:47:34.192+0800][0.358s][info][gc,heap     ] GC(0) Old regions: 0->5
[2026-10-07T17:47:34.192+0800][0.358s][info][gc,heap     ] GC(0) Archive regions: 2->2
[2026-10-07T17:47:34.192+0800][0.358s][info][gc,heap     ] GC(0) Humongous regions: 4->4
[2026-10-07T17:47:34.192+0800][0.358s][info][gc,metaspace] GC(0) Metaspace: 3343K(3456K)->3343K(3456K) NonClass: 2972K(3008K)->2972K(3008K) Class: 370K(448K)->370K(448K)
[2026-10-07T17:47:34.192+0800][0.358s][info][gc          ] GC(0) Pause Young (Normal) (G1 Evacuation Pause) 27M->12M(258M) 2.204ms
[2026-10-07T17:47:34.192+0800][0.358s][info][gc,cpu      ] GC(0) User=0.00s Sys=0.01s Real=0.00s
[2026-10-07T17:47:34.192+0800][0.358s][info][safepoint   ] Safepoint "G1CollectForAllocation", Time since last: 43092959 ns, Reaching safepoint: 15375 ns, At safepoint: 2246291 ns, Total: 2261666 ns
[2026-10-07T17:47:34.416+0800][0.581s][info][safepoint   ] Safepoint "ICBufferFull", Time since last: 222883000 ns, Reaching safepoint: 198375 ns, At safepoint: 223250 ns, Total: 421625 ns
[2026-10-07T17:47:34.474+0800][0.639s][info][safepoint   ] Safepoint "ICBufferFull", Time since last: 57732459 ns, Reaching safepoint: 232333 ns, At safepoint: 65042 ns, Total: 297375 ns
[2026-10-07T17:47:34.534+0800][0.699s][info][safepoint   ] Safepoint "ICBufferFull", Time since last: 59950083 ns, Reaching safepoint: 182625 ns, At safepoint: 6292 ns, Total: 188917 ns
[2026-10-07T17:47:34.640+0800][0.805s][info][safepoint   ] Safepoint "ICBufferFull", Time since last: 105571333 ns, Reaching safepoint: 197333 ns, At safepoint: 9584 ns, Total: 206917 ns
[2026-10-07T17:47:34.697+0800][0.862s][info][gc,start    ] GC(1) Pause Young (Normal) (G1 Evacuation Pause)
[2026-10-07T17:47:34.697+0800][0.862s][info][gc,task     ] GC(1) Using 6 workers of 9 for evacuation
[2026-10-07T17:47:34.699+0800][0.864s][info][gc,phases   ] GC(1)   Pre Evacuate Collection Set: 0.1ms
[2026-10-07T17:47:34.699+0800][0.864s][info][gc,phases   ] GC(1)   Merge Heap Roots: 0.1ms
[2026-10-07T17:47:34.699+0800][0.864s][info][gc,phases   ] GC(1)   Evacuate Collection Set: 1.4ms
[2026-10-07T17:47:34.699+0800][0.864s][info][gc,phases   ] GC(1)   Post Evacuate Collection Set: 0.2ms
[2026-10-07T17:47:34.699+0800][0.864s][info][gc,phases   ] GC(1)   Other: 0.1ms
[2026-10-07T17:47:34.699+0800][0.864s][info][gc,heap     ] GC(1) Eden regions: 35->0(109)
[2026-10-07T17:47:34.699+0800][0.864s][info][gc,heap     ] GC(1) Survivor regions: 3->2(5)
[2026-10-07T17:47:34.699+0800][0.864s][info][gc,heap     ] GC(1) Old regions: 5->8
[2026-10-07T17:47:34.699+0800][0.864s][info][gc,heap     ] GC(1) Archive regions: 2->2
[2026-10-07T17:47:34.699+0800][0.864s][info][gc,heap     ] GC(1) Humongous regions: 4->4
[2026-10-07T17:47:34.699+0800][0.864s][info][gc,metaspace] GC(1) Metaspace: 9155K(9344K)->9155K(9344K) NonClass: 8065K(8192K)->8065K(8192K) Class: 1090K(1152K)->1090K(1152K)
[2026-10-07T17:47:34.699+0800][0.864s][info][gc          ] GC(1) Pause Young (Normal) (G1 Evacuation Pause) 47M->14M(258M) 1.789ms
[2026-10-07T17:47:34.699+0800][0.864s][info][gc,cpu      ] GC(1) User=0.00s Sys=0.00s Real=0.00s
[2026-10-07T17:47:34.699+0800][0.864s][info][safepoint   ] Safepoint "G1CollectForAllocation", Time since last: 57081041 ns, Reaching safepoint: 62042 ns, At safepoint: 1822208 ns, Total: 1884250 ns
[2026-10-07T17:47:34.935+0800][1.100s][info][safepoint   ] Safepoint "ICBufferFull", Time since last: 236427459 ns, Reaching safepoint: 80791 ns, At safepoint: 1042 ns, Total: 81833 ns
[2026-10-07T17:47:35.060+0800][1.225s][info][safepoint   ] Safepoint "ICBufferFull", Time since last: 124476500 ns, Reaching safepoint: 49500 ns, At safepoint: 3708 ns, Total: 53208 ns
[2026-10-07T17:47:35.763+0800][1.928s][info][safepoint   ] Safepoint "ICBufferFull", Time since last: 702905834 ns, Reaching safepoint: 71583 ns, At safepoint: 3542 ns, Total: 75125 ns
[2026-10-07T17:47:36.363+0800][2.528s][info][safepoint   ] Safepoint "ICBufferFull", Time since last: 600298125 ns, Reaching safepoint: 157416 ns, At safepoint: 82334 ns, Total: 239750 ns
[2026-10-07T17:47:36.431+0800][2.597s][info][safepoint   ] Safepoint "ICBufferFull", Time since last: 68268666 ns, Reaching safepoint: 65625 ns, At safepoint: 1709 ns, Total: 67334 ns
[2026-10-07T17:47:36.565+0800][2.731s][info][safepoint   ] Safepoint "ICBufferFull", Time since last: 133764625 ns, Reaching safepoint: 49875 ns, At safepoint: 666 ns, Total: 50541 ns
[2026-10-07T17:47:36.594+0800][2.760s][info][gc,start    ] GC(2) Pause Young (Concurrent Start) (Metadata GC Threshold)
[2026-10-07T17:47:36.594+0800][2.760s][info][gc,task     ] GC(2) Using 6 workers of 9 for evacuation
[2026-10-07T17:47:36.615+0800][2.781s][info][gc,phases   ] GC(2)   Pre Evacuate Collection Set: 0.1ms
[2026-10-07T17:47:36.615+0800][2.781s][info][gc,phases   ] GC(2)   Merge Heap Roots: 0.1ms
[2026-10-07T17:47:36.615+0800][2.781s][info][gc,phases   ] GC(2)   Evacuate Collection Set: 19.6ms
[2026-10-07T17:47:36.615+0800][2.781s][info][gc,phases   ] GC(2)   Post Evacuate Collection Set: 0.9ms
[2026-10-07T17:47:36.615+0800][2.781s][info][gc,phases   ] GC(2)   Other: 0.2ms
[2026-10-07T17:47:36.615+0800][2.781s][info][gc,heap     ] GC(2) Eden regions: 98->0(145)
[2026-10-07T17:47:36.615+0800][2.781s][info][gc,heap     ] GC(2) Survivor regions: 2->8(14)
[2026-10-07T17:47:36.615+0800][2.781s][info][gc,heap     ] GC(2) Old regions: 8->8
[2026-10-07T17:47:36.615+0800][2.781s][info][gc,heap     ] GC(2) Archive regions: 2->2
[2026-10-07T17:47:36.615+0800][2.781s][info][gc,heap     ] GC(2) Humongous regions: 4->4
[2026-10-07T17:47:36.615+0800][2.781s][info][gc,metaspace] GC(2) Metaspace: 21237K(21504K)->21237K(21504K) NonClass: 18574K(18688K)->18574K(18688K) Class: 2662K(2816K)->2662K(2816K)
[2026-10-07T17:47:36.615+0800][2.781s][info][gc          ] GC(2) Pause Young (Concurrent Start) (Metadata GC Threshold) 112M->19M(258M) 21.004ms
[2026-10-07T17:47:36.615+0800][2.781s][info][gc,cpu      ] GC(2) User=0.03s Sys=0.04s Real=0.02s
[2026-10-07T17:47:36.615+0800][2.781s][info][gc          ] GC(3) Concurrent Mark Cycle
[2026-10-07T17:47:36.615+0800][2.781s][info][safepoint   ] Safepoint "CollectForMetadataAllocation", Time since last: 29084209 ns, Reaching safepoint: 33708 ns, At safepoint: 21088958 ns, Total: 21122666 ns
[2026-10-07T17:47:36.615+0800][2.781s][info][gc,marking  ] GC(3) Concurrent Clear Claimed Marks
[2026-10-07T17:47:36.616+0800][2.781s][info][gc,marking  ] GC(3) Concurrent Clear Claimed Marks 0.047ms
[2026-10-07T17:47:36.616+0800][2.781s][info][gc,marking  ] GC(3) Concurrent Scan Root Regions
[2026-10-07T17:47:36.619+0800][2.784s][info][gc,marking  ] GC(3) Concurrent Scan Root Regions 3.159ms
[2026-10-07T17:47:36.619+0800][2.784s][info][gc,marking  ] GC(3) Concurrent Mark
[2026-10-07T17:47:36.619+0800][2.784s][info][gc,marking  ] GC(3) Concurrent Mark From Roots
[2026-10-07T17:47:36.619+0800][2.784s][info][gc,task     ] GC(3) Using 2 workers of 2 for marking
[2026-10-07T17:47:36.622+0800][2.787s][info][gc,marking  ] GC(3) Concurrent Mark From Roots 3.382ms
[2026-10-07T17:47:36.622+0800][2.787s][info][gc,marking  ] GC(3) Concurrent Preclean
[2026-10-07T17:47:36.622+0800][2.788s][info][gc,marking  ] GC(3) Concurrent Preclean 0.084ms
[2026-10-07T17:47:36.623+0800][2.788s][info][gc,start    ] GC(3) Pause Remark
[2026-10-07T17:47:36.624+0800][2.790s][info][gc          ] GC(3) Pause Remark 20M->20M(77M) 1.516ms
[2026-10-07T17:47:36.624+0800][2.790s][info][gc,cpu      ] GC(3) User=0.01s Sys=0.00s Real=0.00s
[2026-10-07T17:47:36.624+0800][2.790s][info][safepoint   ] Safepoint "G1Concurrent", Time since last: 6882417 ns, Reaching safepoint: 479750 ns, At safepoint: 1616958 ns, Total: 2096708 ns
[2026-10-07T17:47:36.625+0800][2.790s][info][gc,marking  ] GC(3) Concurrent Mark 5.766ms
[2026-10-07T17:47:36.625+0800][2.790s][info][gc,marking  ] GC(3) Concurrent Rebuild Remembered Sets
[2026-10-07T17:47:36.625+0800][2.791s][info][gc,marking  ] GC(3) Concurrent Rebuild Remembered Sets 0.859ms
[2026-10-07T17:47:36.626+0800][2.791s][info][gc,start    ] GC(3) Pause Cleanup
[2026-10-07T17:47:36.626+0800][2.791s][info][gc          ] GC(3) Pause Cleanup 20M->20M(77M) 0.070ms
[2026-10-07T17:47:36.626+0800][2.791s][info][gc,cpu      ] GC(3) User=0.00s Sys=0.00s Real=0.00s
[2026-10-07T17:47:36.626+0800][2.791s][info][safepoint   ] Safepoint "G1Concurrent", Time since last: 963709 ns, Reaching safepoint: 138416 ns, At safepoint: 120417 ns, Total: 258833 ns
[2026-10-07T17:47:36.626+0800][2.791s][info][gc,marking  ] GC(3) Concurrent Cleanup for Next Mark
[2026-10-07T17:47:36.626+0800][2.791s][info][gc,marking  ] GC(3) Concurrent Cleanup for Next Mark 0.131ms
[2026-10-07T17:47:36.626+0800][2.791s][info][gc          ] GC(3) Concurrent Mark Cycle 10.362ms
[2026-10-07T17:47:37.658+0800][3.823s][info][safepoint   ] Safepoint "Cleanup", Time since last: 1031686125 ns, Reaching safepoint: 676833 ns, At safepoint: 10125 ns, Total: 686958 ns
[2026-10-07T17:47:38.614+0800][4.779s][info][gc,start    ] GC(4) Pause Young (Normal) (G1 Evacuation Pause)
[2026-10-07T17:47:38.614+0800][4.779s][info][gc,task     ] GC(4) Using 4 workers of 9 for evacuation
[2026-10-07T17:47:38.620+0800][4.785s][info][gc,phases   ] GC(4)   Pre Evacuate Collection Set: 0.0ms
[2026-10-07T17:47:38.620+0800][4.786s][info][gc,phases   ] GC(4)   Merge Heap Roots: 0.0ms
[2026-10-07T17:47:38.620+0800][4.786s][info][gc,phases   ] GC(4)   Evacuate Collection Set: 5.8ms
[2026-10-07T17:47:38.620+0800][4.786s][info][gc,phases   ] GC(4)   Post Evacuate Collection Set: 0.4ms
[2026-10-07T17:47:38.620+0800][4.786s][info][gc,phases   ] GC(4)   Other: 0.1ms
[2026-10-07T17:47:38.620+0800][4.786s][info][gc,heap     ] GC(4) Eden regions: 38->0(31)
[2026-10-07T17:47:38.620+0800][4.786s][info][gc,heap     ] GC(4) Survivor regions: 8->3(6)
[2026-10-07T17:47:38.620+0800][4.786s][info][gc,heap     ] GC(4) Old regions: 8->15
[2026-10-07T17:47:38.620+0800][4.786s][info][gc,heap     ] GC(4) Archive regions: 2->2
[2026-10-07T17:47:38.620+0800][4.786s][info][gc,heap     ] GC(4) Humongous regions: 4->4
[2026-10-07T17:47:38.620+0800][4.786s][info][gc,metaspace] GC(4) Metaspace: 25708K(26048K)->25708K(26048K) NonClass: 22385K(22592K)->22385K(22592K) Class: 3323K(3456K)->3323K(3456K)
[2026-10-07T17:47:38.620+0800][4.786s][info][gc          ] GC(4) Pause Young (Normal) (G1 Evacuation Pause) 57M->21M(77M) 6.427ms
[2026-10-07T17:47:38.620+0800][4.786s][info][gc,cpu      ] GC(4) User=0.02s Sys=0.00s Real=0.01s
[2026-10-07T17:47:38.620+0800][4.786s][info][safepoint   ] Safepoint "G1CollectForAllocation", Time since last: 955710709 ns, Reaching safepoint: 68000 ns, At safepoint: 6460791 ns, Total: 6528791 ns
[2026-10-07T17:47:38.718+0800][4.883s][info][safepoint   ] Safepoint "ICBufferFull", Time since last: 97159292 ns, Reaching safepoint: 196458 ns, At safepoint: 68709 ns, Total: 265167 ns
[2026-10-07T17:47:38.762+0800][4.927s][info][safepoint   ] Safepoint "ICBufferFull", Time since last: 44069500 ns, Reaching safepoint: 68791 ns, At safepoint: 709 ns, Total: 69500 ns
[2026-10-07T17:47:38.810+0800][4.975s][info][safepoint   ] Safepoint "G1CollectForAllocation", Time since last: 47799791 ns, Reaching safepoint: 25084 ns, At safepoint: 3625 ns, Total: 28709 ns
[2026-10-07T17:47:38.810+0800][4.975s][info][gc,start    ] GC(5) Pause Young (Normal) (GCLocker Initiated GC)
[2026-10-07T17:47:38.810+0800][4.975s][info][gc,task     ] GC(5) Using 4 workers of 9 for evacuation
[2026-10-07T17:47:38.811+0800][4.977s][info][gc,phases   ] GC(5)   Pre Evacuate Collection Set: 0.0ms
[2026-10-07T17:47:38.811+0800][4.977s][info][gc,phases   ] GC(5)   Merge Heap Roots: 0.0ms
[2026-10-07T17:47:38.811+0800][4.977s][info][gc,phases   ] GC(5)   Evacuate Collection Set: 1.3ms
[2026-10-07T17:47:38.811+0800][4.977s][info][gc,phases   ] GC(5)   Post Evacuate Collection Set: 0.1ms
[2026-10-07T17:47:38.811+0800][4.977s][info][gc,phases   ] GC(5)   Other: 0.0ms
[2026-10-07T17:47:38.811+0800][4.977s][info][gc,heap     ] GC(5) Eden regions: 31->0(32)
[2026-10-07T17:47:38.811+0800][4.977s][info][gc,heap     ] GC(5) Survivor regions: 3->4(5)
[2026-10-07T17:47:38.811+0800][4.977s][info][gc,heap     ] GC(5) Old regions: 15->15
[2026-10-07T17:47:38.811+0800][4.977s][info][gc,heap     ] GC(5) Archive regions: 2->2
[2026-10-07T17:47:38.811+0800][4.977s][info][gc,heap     ] GC(5) Humongous regions: 4->4
[2026-10-07T17:47:38.811+0800][4.977s][info][gc,metaspace] GC(5) Metaspace: 30801K(31168K)->30801K(31168K) NonClass: 26709K(26944K)->26709K(26944K) Class: 4091K(4224K)->4091K(4224K)
[2026-10-07T17:47:38.811+0800][4.977s][info][gc          ] GC(5) Pause Young (Normal) (GCLocker Initiated GC) 52M->22M(77M) 1.519ms
[2026-10-07T17:47:38.811+0800][4.977s][info][gc,cpu      ] GC(5) User=0.01s Sys=0.01s Real=0.00s
[2026-10-07T17:47:38.811+0800][4.977s][info][safepoint   ] Safepoint "G1CollectForAllocation", Time since last: 35958 ns, Reaching safepoint: 8625 ns, At safepoint: 1539083 ns, Total: 1547708 ns
[2026-10-07T17:47:38.908+0800][5.073s][info][gc,start    ] GC(6) Pause Young (Normal) (G1 Evacuation Pause)
[2026-10-07T17:47:38.908+0800][5.073s][info][gc,task     ] GC(6) Using 4 workers of 9 for evacuation
[2026-10-07T17:47:38.910+0800][5.075s][info][gc,phases   ] GC(6)   Pre Evacuate Collection Set: 0.0ms
[2026-10-07T17:47:38.910+0800][5.075s][info][gc,phases   ] GC(6)   Merge Heap Roots: 0.0ms
[2026-10-07T17:47:38.910+0800][5.075s][info][gc,phases   ] GC(6)   Evacuate Collection Set: 1.8ms
[2026-10-07T17:47:38.910+0800][5.075s][info][gc,phases   ] GC(6)   Post Evacuate Collection Set: 0.1ms
[2026-10-07T17:47:38.910+0800][5.075s][info][gc,phases   ] GC(6)   Other: 0.1ms
[2026-10-07T17:47:38.910+0800][5.075s][info][gc,heap     ] GC(6) Eden regions: 32->0(32)
[2026-10-07T17:47:38.910+0800][5.075s][info][gc,heap     ] GC(6) Survivor regions: 4->4(5)
[2026-10-07T17:47:38.910+0800][5.075s][info][gc,heap     ] GC(6) Old regions: 15->17
[2026-10-07T17:47:38.910+0800][5.075s][info][gc,heap     ] GC(6) Archive regions: 2->2
[2026-10-07T17:47:38.910+0800][5.075s][info][gc,heap     ] GC(6) Humongous regions: 4->4
[2026-10-07T17:47:38.910+0800][5.075s][info][gc,metaspace] GC(6) Metaspace: 33643K(33984K)->33643K(33984K) NonClass: 29091K(29248K)->29091K(29248K) Class: 4551K(4736K)->4551K(4736K)
[2026-10-07T17:47:38.910+0800][5.075s][info][gc          ] GC(6) Pause Young (Normal) (G1 Evacuation Pause) 54M->24M(77M) 2.119ms
[2026-10-07T17:47:38.910+0800][5.076s][info][gc,cpu      ] GC(6) User=0.01s Sys=0.01s Real=0.01s
[2026-10-07T17:47:38.910+0800][5.076s][info][safepoint   ] Safepoint "G1CollectForAllocation", Time since last: 96641125 ns, Reaching safepoint: 147292 ns, At safepoint: 2154792 ns, Total: 2302084 ns
[2026-10-07T17:47:39.016+0800][5.181s][info][gc,start    ] GC(7) Pause Young (Concurrent Start) (Metadata GC Threshold)
[2026-10-07T17:47:39.019+0800][5.184s][info][gc,task     ] GC(7) Using 4 workers of 9 for evacuation
[2026-10-07T17:47:39.022+0800][5.187s][info][gc,phases   ] GC(7)   Pre Evacuate Collection Set: 0.2ms
[2026-10-07T17:47:39.022+0800][5.187s][info][gc,phases   ] GC(7)   Merge Heap Roots: 0.2ms
[2026-10-07T17:47:39.022+0800][5.187s][info][gc,phases   ] GC(7)   Evacuate Collection Set: 2.6ms
[2026-10-07T17:47:39.022+0800][5.187s][info][gc,phases   ] GC(7)   Post Evacuate Collection Set: 0.2ms
[2026-10-07T17:47:39.022+0800][5.187s][info][gc,phases   ] GC(7)   Other: 3.2ms
[2026-10-07T17:47:39.022+0800][5.187s][info][gc,heap     ] GC(7) Eden regions: 16->0(33)
[2026-10-07T17:47:39.022+0800][5.187s][info][gc,heap     ] GC(7) Survivor regions: 4->3(5)
[2026-10-07T17:47:39.022+0800][5.187s][info][gc,heap     ] GC(7) Old regions: 17->18
[2026-10-07T17:47:39.022+0800][5.187s][info][gc,heap     ] GC(7) Archive regions: 2->2
[2026-10-07T17:47:39.022+0800][5.187s][info][gc,heap     ] GC(7) Humongous regions: 4->4
[2026-10-07T17:47:39.022+0800][5.187s][info][gc,metaspace] GC(7) Metaspace: 35775K(36096K)->35775K(36096K) NonClass: 30995K(31168K)->30995K(31168K) Class: 4779K(4928K)->4779K(4928K)
[2026-10-07T17:47:39.022+0800][5.187s][info][gc          ] GC(7) Pause Young (Concurrent Start) (Metadata GC Threshold) 40M->25M(77M) 6.464ms
[2026-10-07T17:47:39.022+0800][5.187s][info][gc,cpu      ] GC(7) User=0.00s Sys=0.01s Real=0.01s
[2026-10-07T17:47:39.022+0800][5.187s][info][gc          ] GC(8) Concurrent Mark Cycle
[2026-10-07T17:47:39.022+0800][5.187s][info][safepoint   ] Safepoint "CollectForMetadataAllocation", Time since last: 105312708 ns, Reaching safepoint: 57125 ns, At safepoint: 6525167 ns, Total: 6582292 ns
[2026-10-07T17:47:39.022+0800][5.187s][info][gc,marking  ] GC(8) Concurrent Clear Claimed Marks
[2026-10-07T17:47:39.022+0800][5.188s][info][gc,marking  ] GC(8) Concurrent Clear Claimed Marks 0.055ms
[2026-10-07T17:47:39.022+0800][5.188s][info][gc,marking  ] GC(8) Concurrent Scan Root Regions
[2026-10-07T17:47:39.024+0800][5.190s][info][gc,marking  ] GC(8) Concurrent Scan Root Regions 2.324ms
[2026-10-07T17:47:39.024+0800][5.190s][info][gc,marking  ] GC(8) Concurrent Mark
[2026-10-07T17:47:39.025+0800][5.190s][info][gc,marking  ] GC(8) Concurrent Mark From Roots
[2026-10-07T17:47:39.025+0800][5.190s][info][gc,task     ] GC(8) Using 2 workers of 2 for marking
[2026-10-07T17:47:39.032+0800][5.198s][info][gc,marking  ] GC(8) Concurrent Mark From Roots 7.594ms
[2026-10-07T17:47:39.032+0800][5.198s][info][gc,marking  ] GC(8) Concurrent Preclean
[2026-10-07T17:47:39.032+0800][5.198s][info][gc,marking  ] GC(8) Concurrent Preclean 0.043ms
[2026-10-07T17:47:39.032+0800][5.198s][info][gc,start    ] GC(8) Pause Remark
[2026-10-07T17:47:39.034+0800][5.199s][info][gc          ] GC(8) Pause Remark 28M->28M(77M) 1.427ms
[2026-10-07T17:47:39.034+0800][5.199s][info][gc,cpu      ] GC(8) User=0.00s Sys=0.00s Real=0.00s
[2026-10-07T17:47:39.034+0800][5.199s][info][safepoint   ] Safepoint "G1Concurrent", Time since last: 10180708 ns, Reaching safepoint: 25542 ns, At safepoint: 1494833 ns, Total: 1520375 ns
[2026-10-07T17:47:39.034+0800][5.199s][info][gc,marking  ] GC(8) Concurrent Mark 9.247ms
[2026-10-07T17:47:39.034+0800][5.199s][info][gc,marking  ] GC(8) Concurrent Rebuild Remembered Sets
[2026-10-07T17:47:39.037+0800][5.202s][info][gc,marking  ] GC(8) Concurrent Rebuild Remembered Sets 3.023ms
[2026-10-07T17:47:39.037+0800][5.202s][info][gc,start    ] GC(8) Pause Cleanup
[2026-10-07T17:47:39.037+0800][5.202s][info][gc          ] GC(8) Pause Cleanup 28M->28M(77M) 0.027ms
[2026-10-07T17:47:39.037+0800][5.202s][info][gc,cpu      ] GC(8) User=0.00s Sys=0.00s Real=0.00s
[2026-10-07T17:47:39.037+0800][5.202s][info][safepoint   ] Safepoint "G1Concurrent", Time since last: 3057000 ns, Reaching safepoint: 8792 ns, At safepoint: 41500 ns, Total: 50292 ns
[2026-10-07T17:47:39.037+0800][5.202s][info][gc,marking  ] GC(8) Concurrent Cleanup for Next Mark
[2026-10-07T17:47:39.037+0800][5.202s][info][gc,marking  ] GC(8) Concurrent Cleanup for Next Mark 0.072ms
[2026-10-07T17:47:39.037+0800][5.202s][info][gc          ] GC(8) Concurrent Mark Cycle 14.913ms
[2026-10-07T17:47:39.109+0800][5.275s][info][safepoint   ] Safepoint "ICBufferFull", Time since last: 72287750 ns, Reaching safepoint: 367125 ns, At safepoint: 6625 ns, Total: 373750 ns
[2026-10-07T17:47:39.237+0800][5.402s][info][gc,start    ] GC(9) Pause Young (Normal) (G1 Evacuation Pause)
[2026-10-07T17:47:39.237+0800][5.402s][info][gc,task     ] GC(9) Using 4 workers of 9 for evacuation
[2026-10-07T17:47:39.243+0800][5.409s][info][gc,phases   ] GC(9)   Pre Evacuate Collection Set: 0.1ms
[2026-10-07T17:47:39.243+0800][5.409s][info][gc,phases   ] GC(9)   Merge Heap Roots: 0.1ms
[2026-10-07T17:47:39.243+0800][5.409s][info][gc,phases   ] GC(9)   Evacuate Collection Set: 5.6ms
[2026-10-07T17:47:39.243+0800][5.409s][info][gc,phases   ] GC(9)   Post Evacuate Collection Set: 0.6ms
[2026-10-07T17:47:39.243+0800][5.409s][info][gc,phases   ] GC(9)   Other: 0.2ms
[2026-10-07T17:47:39.243+0800][5.409s][info][gc,heap     ] GC(9) Eden regions: 33->0(30)
[2026-10-07T17:47:39.243+0800][5.409s][info][gc,heap     ] GC(9) Survivor regions: 3->5(5)
[2026-10-07T17:47:39.243+0800][5.409s][info][gc,heap     ] GC(9) Old regions: 18->19
[2026-10-07T17:47:39.244+0800][5.409s][info][gc,heap     ] GC(9) Archive regions: 2->2
[2026-10-07T17:47:39.244+0800][5.409s][info][gc,heap     ] GC(9) Humongous regions: 4->4
[2026-10-07T17:47:39.244+0800][5.409s][info][gc,metaspace] GC(9) Metaspace: 38042K(38400K)->38042K(38400K) NonClass: 32943K(33152K)->32943K(33152K) Class: 5098K(5248K)->5098K(5248K)
[2026-10-07T17:47:39.244+0800][5.409s][info][gc          ] GC(9) Pause Young (Normal) (G1 Evacuation Pause) 58M->28M(77M) 6.711ms
[2026-10-07T17:47:39.244+0800][5.409s][info][gc,cpu      ] GC(9) User=0.01s Sys=0.01s Real=0.01s
[2026-10-07T17:47:39.244+0800][5.409s][info][safepoint   ] Safepoint "G1CollectForAllocation", Time since last: 127103416 ns, Reaching safepoint: 186042 ns, At safepoint: 7071250 ns, Total: 7257292 ns
[2026-10-07T17:47:39.428+0800][5.594s][info][safepoint   ] Safepoint "ICBufferFull", Time since last: 184416625 ns, Reaching safepoint: 63458 ns, At safepoint: 13834 ns, Total: 77292 ns
[2026-10-07T17:47:39.450+0800][5.616s][info][gc,start    ] GC(10) Pause Young (Normal) (G1 Evacuation Pause)
[2026-10-07T17:47:39.450+0800][5.616s][info][gc,task     ] GC(10) Using 3 workers of 9 for evacuation
[2026-10-07T17:47:39.453+0800][5.619s][info][gc,phases   ] GC(10)   Pre Evacuate Collection Set: 0.0ms
[2026-10-07T17:47:39.453+0800][5.619s][info][gc,phases   ] GC(10)   Merge Heap Roots: 0.0ms
[2026-10-07T17:47:39.453+0800][5.619s][info][gc,phases   ] GC(10)   Evacuate Collection Set: 3.0ms
[2026-10-07T17:47:39.453+0800][5.619s][info][gc,phases   ] GC(10)   Post Evacuate Collection Set: 0.1ms
[2026-10-07T17:47:39.454+0800][5.619s][info][gc,phases   ] GC(10)   Other: 0.1ms
[2026-10-07T17:47:39.454+0800][5.619s][info][gc,heap     ] GC(10) Eden regions: 30->0(28)
[2026-10-07T17:47:39.454+0800][5.619s][info][gc,heap     ] GC(10) Survivor regions: 5->3(5)
[2026-10-07T17:47:39.454+0800][5.619s][info][gc,heap     ] GC(10) Old regions: 19->24
[2026-10-07T17:47:39.454+0800][5.619s][info][gc,heap     ] GC(10) Archive regions: 2->2
[2026-10-07T17:47:39.454+0800][5.619s][info][gc,heap     ] GC(10) Humongous regions: 4->4
[2026-10-07T17:47:39.454+0800][5.619s][info][gc,metaspace] GC(10) Metaspace: 40678K(41024K)->40678K(41024K) NonClass: 35338K(35520K)->35338K(35520K) Class: 5340K(5504K)->5340K(5504K)
[2026-10-07T17:47:39.454+0800][5.619s][info][gc          ] GC(10) Pause Young (Normal) (G1 Evacuation Pause) 58M->31M(77M) 3.276ms
[2026-10-07T17:47:39.454+0800][5.619s][info][gc,cpu      ] GC(10) User=0.01s Sys=0.00s Real=0.00s
[2026-10-07T17:47:39.454+0800][5.619s][info][safepoint   ] Safepoint "G1CollectForAllocation", Time since last: 21879958 ns, Reaching safepoint: 19875 ns, At safepoint: 3304875 ns, Total: 3324750 ns
[2026-10-07T17:47:39.614+0800][5.779s][info][safepoint   ] Safepoint "ICBufferFull", Time since last: 159934000 ns, Reaching safepoint: 80333 ns, At safepoint: 6584 ns, Total: 86917 ns
[2026-10-07T17:47:39.637+0800][5.802s][info][gc,start    ] GC(11) Pause Young (Normal) (G1 Evacuation Pause)
[2026-10-07T17:47:39.637+0800][5.802s][info][gc,task     ] GC(11) Using 2 workers of 9 for evacuation
[2026-10-07T17:47:39.642+0800][5.807s][info][gc,phases   ] GC(11)   Pre Evacuate Collection Set: 0.1ms
[2026-10-07T17:47:39.642+0800][5.807s][info][gc,phases   ] GC(11)   Merge Heap Roots: 0.0ms
[2026-10-07T17:47:39.642+0800][5.807s][info][gc,phases   ] GC(11)   Evacuate Collection Set: 4.5ms
[2026-10-07T17:47:39.642+0800][5.807s][info][gc,phases   ] GC(11)   Post Evacuate Collection Set: 0.2ms
[2026-10-07T17:47:39.642+0800][5.807s][info][gc,phases   ] GC(11)   Other: 0.2ms
[2026-10-07T17:47:39.642+0800][5.807s][info][gc,heap     ] GC(11) Eden regions: 28->0(28)
[2026-10-07T17:47:39.642+0800][5.807s][info][gc,heap     ] GC(11) Survivor regions: 3->2(4)
[2026-10-07T17:47:39.642+0800][5.807s][info][gc,heap     ] GC(11) Old regions: 24->26
[2026-10-07T17:47:39.642+0800][5.807s][info][gc,heap     ] GC(11) Archive regions: 2->2
[2026-10-07T17:47:39.642+0800][5.807s][info][gc,heap     ] GC(11) Humongous regions: 4->4
[2026-10-07T17:47:39.642+0800][5.807s][info][gc,metaspace] GC(11) Metaspace: 41921K(42304K)->41921K(42304K) NonClass: 36417K(36608K)->36417K(36608K) Class: 5503K(5696K)->5503K(5696K)
[2026-10-07T17:47:39.642+0800][5.807s][info][gc          ] GC(11) Pause Young (Normal) (G1 Evacuation Pause) 59M->32M(77M) 4.965ms
[2026-10-07T17:47:39.642+0800][5.807s][info][gc,cpu      ] GC(11) User=0.00s Sys=0.00s Real=0.01s
[2026-10-07T17:47:39.642+0800][5.807s][info][safepoint   ] Safepoint "G1CollectForAllocation", Time since last: 23239000 ns, Reaching safepoint: 149916 ns, At safepoint: 5022125 ns, Total: 5172041 ns
[2026-10-07T17:47:39.949+0800][6.115s][info][safepoint   ] Safepoint "ICBufferFull", Time since last: 307315459 ns, Reaching safepoint: 65166 ns, At safepoint: 9084 ns, Total: 74250 ns
[2026-10-07T17:47:40.051+0800][6.217s][info][safepoint   ] Safepoint "ICBufferFull", Time since last: 101964458 ns, Reaching safepoint: 63958 ns, At safepoint: 1125 ns, Total: 65083 ns
[2026-10-07T17:47:40.052+0800][6.218s][info][gc,start    ] GC(12) Pause Young (Normal) (G1 Evacuation Pause)
[2026-10-07T17:47:40.052+0800][6.218s][info][gc,task     ] GC(12) Using 2 workers of 9 for evacuation
[2026-10-07T17:47:40.057+0800][6.223s][info][gc,phases   ] GC(12)   Pre Evacuate Collection Set: 0.0ms
[2026-10-07T17:47:40.057+0800][6.223s][info][gc,phases   ] GC(12)   Merge Heap Roots: 0.1ms
[2026-10-07T17:47:40.057+0800][6.223s][info][gc,phases   ] GC(12)   Evacuate Collection Set: 4.8ms
[2026-10-07T17:47:40.057+0800][6.223s][info][gc,phases   ] GC(12)   Post Evacuate Collection Set: 0.2ms
[2026-10-07T17:47:40.057+0800][6.223s][info][gc,phases   ] GC(12)   Other: 0.1ms
[2026-10-07T17:47:40.057+0800][6.223s][info][gc,heap     ] GC(12) Eden regions: 28->0(39)
[2026-10-07T17:47:40.057+0800][6.223s][info][gc,heap     ] GC(12) Survivor regions: 2->3(4)
[2026-10-07T17:47:40.057+0800][6.223s][info][gc,heap     ] GC(12) Old regions: 26->26
[2026-10-07T17:47:40.057+0800][6.223s][info][gc,heap     ] GC(12) Archive regions: 2->2
[2026-10-07T17:47:40.057+0800][6.223s][info][gc,heap     ] GC(12) Humongous regions: 4->4
[2026-10-07T17:47:40.057+0800][6.223s][info][gc,metaspace] GC(12) Metaspace: 44437K(44864K)->44437K(44864K) NonClass: 38585K(38848K)->38585K(38848K) Class: 5851K(6016K)->5851K(6016K)
[2026-10-07T17:47:40.057+0800][6.223s][info][gc          ] GC(12) Pause Young (Normal) (G1 Evacuation Pause) 60M->33M(93M) 5.212ms
[2026-10-07T17:47:40.057+0800][6.223s][info][gc,cpu      ] GC(12) User=0.01s Sys=0.01s Real=0.00s
[2026-10-07T17:47:40.057+0800][6.223s][info][safepoint   ] Safepoint "G1CollectForAllocation", Time since last: 572750 ns, Reaching safepoint: 117917 ns, At safepoint: 5265292 ns, Total: 5383209 ns
[2026-10-07T17:47:40.430+0800][6.596s][info][safepoint   ] Safepoint "ICBufferFull", Time since last: 373056416 ns, Reaching safepoint: 74875 ns, At safepoint: 542 ns, Total: 75417 ns
[2026-10-07T17:47:40.449+0800][6.615s][info][gc,start    ] GC(13) Pause Young (Normal) (G1 Evacuation Pause)
[2026-10-07T17:47:40.449+0800][6.615s][info][gc,task     ] GC(13) Using 2 workers of 9 for evacuation
[2026-10-07T17:47:40.453+0800][6.618s][info][gc,phases   ] GC(13)   Pre Evacuate Collection Set: 0.0ms
[2026-10-07T17:47:40.453+0800][6.618s][info][gc,phases   ] GC(13)   Merge Heap Roots: 0.0ms
[2026-10-07T17:47:40.453+0800][6.618s][info][gc,phases   ] GC(13)   Evacuate Collection Set: 3.5ms
[2026-10-07T17:47:40.453+0800][6.618s][info][gc,phases   ] GC(13)   Post Evacuate Collection Set: 0.1ms
[2026-10-07T17:47:40.453+0800][6.618s][info][gc,phases   ] GC(13)   Other: 0.1ms
[2026-10-07T17:47:40.453+0800][6.618s][info][gc,heap     ] GC(13) Eden regions: 39->0(38)
[2026-10-07T17:47:40.453+0800][6.618s][info][gc,heap     ] GC(13) Survivor regions: 3->5(6)
[2026-10-07T17:47:40.453+0800][6.618s][info][gc,heap     ] GC(13) Old regions: 26->26
[2026-10-07T17:47:40.453+0800][6.618s][info][gc,heap     ] GC(13) Archive regions: 2->2
[2026-10-07T17:47:40.453+0800][6.618s][info][gc,heap     ] GC(13) Humongous regions: 4->4
[2026-10-07T17:47:40.453+0800][6.618s][info][gc,metaspace] GC(13) Metaspace: 47559K(48000K)->47559K(48000K) NonClass: 41175K(41408K)->41175K(41408K) Class: 6384K(6592K)->6384K(6592K)
[2026-10-07T17:47:40.453+0800][6.618s][info][gc          ] GC(13) Pause Young (Normal) (G1 Evacuation Pause) 72M->35M(93M) 3.774ms
[2026-10-07T17:47:40.453+0800][6.618s][info][gc,cpu      ] GC(13) User=0.01s Sys=0.00s Real=0.01s
[2026-10-07T17:47:40.453+0800][6.618s][info][safepoint   ] Safepoint "G1CollectForAllocation", Time since last: 18636333 ns, Reaching safepoint: 22375 ns, At safepoint: 3806667 ns, Total: 3829042 ns
[2026-10-07T17:47:40.585+0800][6.750s][info][safepoint   ] Safepoint "ICBufferFull", Time since last: 131450667 ns, Reaching safepoint: 246166 ns, At safepoint: 33125 ns, Total: 279291 ns
[2026-10-07T17:47:40.648+0800][6.813s][info][safepoint   ] Safepoint "ICBufferFull", Time since last: 62912292 ns, Reaching safepoint: 49625 ns, At safepoint: 14292 ns, Total: 63917 ns
[2026-10-07T17:47:40.667+0800][6.832s][info][gc,start    ] GC(14) Pause Young (Normal) (G1 Evacuation Pause)
[2026-10-07T17:47:40.667+0800][6.832s][info][gc,task     ] GC(14) Using 2 workers of 9 for evacuation
[2026-10-07T17:47:40.673+0800][6.838s][info][gc,phases   ] GC(14)   Pre Evacuate Collection Set: 0.0ms
[2026-10-07T17:47:40.673+0800][6.838s][info][gc,phases   ] GC(14)   Merge Heap Roots: 0.1ms
[2026-10-07T17:47:40.673+0800][6.838s][info][gc,phases   ] GC(14)   Evacuate Collection Set: 5.4ms
[2026-10-07T17:47:40.673+0800][6.838s][info][gc,phases   ] GC(14)   Post Evacuate Collection Set: 0.1ms
[2026-10-07T17:47:40.673+0800][6.838s][info][gc,phases   ] GC(14)   Other: 0.1ms
[2026-10-07T17:47:40.673+0800][6.838s][info][gc,heap     ] GC(14) Eden regions: 38->0(37)
[2026-10-07T17:47:40.673+0800][6.838s][info][gc,heap     ] GC(14) Survivor regions: 5->5(6)
[2026-10-07T17:47:40.673+0800][6.838s][info][gc,heap     ] GC(14) Old regions: 26->28
[2026-10-07T17:47:40.673+0800][6.838s][info][gc,heap     ] GC(14) Archive regions: 2->2
[2026-10-07T17:47:40.673+0800][6.838s][info][gc,heap     ] GC(14) Humongous regions: 4->4
[2026-10-07T17:47:40.673+0800][6.838s][info][gc,metaspace] GC(14) Metaspace: 50002K(50368K)->50002K(50368K) NonClass: 43337K(43520K)->43337K(43520K) Class: 6665K(6848K)->6665K(6848K)
[2026-10-07T17:47:40.673+0800][6.838s][info][gc          ] GC(14) Pause Young (Normal) (G1 Evacuation Pause) 73M->37M(93M) 5.784ms
[2026-10-07T17:47:40.673+0800][6.838s][info][gc,cpu      ] GC(14) User=0.00s Sys=0.00s Real=0.01s
[2026-10-07T17:47:40.673+0800][6.838s][info][safepoint   ] Safepoint "G1CollectForAllocation", Time since last: 19248666 ns, Reaching safepoint: 25167 ns, At safepoint: 5821625 ns, Total: 5846792 ns
[2026-10-07T17:47:41.477+0800][7.642s][info][gc,start    ] GC(15) Pause Young (Normal) (G1 Evacuation Pause)
[2026-10-07T17:47:41.477+0800][7.642s][info][gc,task     ] GC(15) Using 2 workers of 9 for evacuation
[2026-10-07T17:47:41.484+0800][7.650s][info][gc,phases   ] GC(15)   Pre Evacuate Collection Set: 0.0ms
[2026-10-07T17:47:41.484+0800][7.650s][info][gc,phases   ] GC(15)   Merge Heap Roots: 0.1ms
[2026-10-07T17:47:41.484+0800][7.650s][info][gc,phases   ] GC(15)   Evacuate Collection Set: 7.2ms
[2026-10-07T17:47:41.484+0800][7.650s][info][gc,phases   ] GC(15)   Post Evacuate Collection Set: 0.2ms
[2026-10-07T17:47:41.484+0800][7.650s][info][gc,phases   ] GC(15)   Other: 0.1ms
[2026-10-07T17:47:41.484+0800][7.650s][info][gc,heap     ] GC(15) Eden regions: 37->0(36)
[2026-10-07T17:47:41.484+0800][7.650s][info][gc,heap     ] GC(15) Survivor regions: 5->4(6)
[2026-10-07T17:47:41.484+0800][7.650s][info][gc,heap     ] GC(15) Old regions: 28->31
[2026-10-07T17:47:41.484+0800][7.650s][info][gc,heap     ] GC(15) Archive regions: 2->2
[2026-10-07T17:47:41.484+0800][7.650s][info][gc,heap     ] GC(15) Humongous regions: 4->4
[2026-10-07T17:47:41.484+0800][7.650s][info][gc,metaspace] GC(15) Metaspace: 54412K(54848K)->54412K(54848K) NonClass: 46987K(47232K)->46987K(47232K) Class: 7424K(7616K)->7424K(7616K)
[2026-10-07T17:47:41.485+0800][7.650s][info][gc          ] GC(15) Pause Young (Normal) (G1 Evacuation Pause) 74M->39M(93M) 7.706ms
[2026-10-07T17:47:41.485+0800][7.650s][info][gc,cpu      ] GC(15) User=0.02s Sys=0.00s Real=0.01s
[2026-10-07T17:47:41.485+0800][7.650s][info][safepoint   ] Safepoint "G1CollectForAllocation", Time since last: 804006417 ns, Reaching safepoint: 62250 ns, At safepoint: 7755000 ns, Total: 7817250 ns
[2026-10-07T17:47:41.575+0800][7.741s][info][safepoint   ] Safepoint "ICBufferFull", Time since last: 90764875 ns, Reaching safepoint: 96583 ns, At safepoint: 2208 ns, Total: 98791 ns
[2026-10-07T17:47:41.731+0800][7.896s][info][safepoint   ] Safepoint "RedefineClasses", Time since last: 124964042 ns, Reaching safepoint: 156167 ns, At safepoint: 30405625 ns, Total: 30561792 ns
[2026-10-07T17:47:41.732+0800][7.897s][info][safepoint   ] Safepoint "ICBufferFull", Time since last: 764250 ns, Reaching safepoint: 148583 ns, At safepoint: 10208 ns, Total: 158791 ns
[2026-10-07T17:47:41.733+0800][7.899s][info][safepoint   ] Safepoint "ICBufferFull", Time since last: 1057917 ns, Reaching safepoint: 145292 ns, At safepoint: 7916 ns, Total: 153208 ns
[2026-10-07T17:47:41.734+0800][7.899s][info][safepoint   ] Safepoint "ICBufferFull", Time since last: 374125 ns, Reaching safepoint: 127334 ns, At safepoint: 9541 ns, Total: 136875 ns
[2026-10-07T17:47:41.734+0800][7.900s][info][safepoint   ] Safepoint "ICBufferFull", Time since last: 662167 ns, Reaching safepoint: 140625 ns, At safepoint: 8208 ns, Total: 148833 ns
[2026-10-07T17:47:41.735+0800][7.901s][info][safepoint   ] Safepoint "ICBufferFull", Time since last: 673542 ns, Reaching safepoint: 155167 ns, At safepoint: 8041 ns, Total: 163208 ns
[2026-10-07T17:47:41.736+0800][7.902s][info][safepoint   ] Safepoint "ICBufferFull", Time since last: 926792 ns, Reaching safepoint: 149708 ns, At safepoint: 9334 ns, Total: 159042 ns
[2026-10-07T17:47:41.737+0800][7.902s][info][safepoint   ] Safepoint "ICBufferFull", Time since last: 577958 ns, Reaching safepoint: 55750 ns, At safepoint: 8125 ns, Total: 63875 ns
[2026-10-07T17:47:41.737+0800][7.903s][info][safepoint   ] Safepoint "ICBufferFull", Time since last: 386042 ns, Reaching safepoint: 145458 ns, At safepoint: 7625 ns, Total: 153083 ns
[2026-10-07T17:47:41.738+0800][7.903s][info][safepoint   ] Safepoint "ICBufferFull", Time since last: 333667 ns, Reaching safepoint: 199708 ns, At safepoint: 9292 ns, Total: 209000 ns
[2026-10-07T17:47:41.739+0800][7.904s][info][safepoint   ] Safepoint "ICBufferFull", Time since last: 572458 ns, Reaching safepoint: 144667 ns, At safepoint: 7875 ns, Total: 152542 ns
[2026-10-07T17:47:41.739+0800][7.905s][info][safepoint   ] Safepoint "ICBufferFull", Time since last: 240500 ns, Reaching safepoint: 188791 ns, At safepoint: 9917 ns, Total: 198708 ns
[2026-10-07T17:47:41.740+0800][7.905s][info][safepoint   ] Safepoint "ICBufferFull", Time since last: 404625 ns, Reaching safepoint: 205917 ns, At safepoint: 8708 ns, Total: 214625 ns
[2026-10-07T17:47:41.740+0800][7.906s][info][safepoint   ] Safepoint "ICBufferFull", Time since last: 278125 ns, Reaching safepoint: 141667 ns, At safepoint: 13875 ns, Total: 155542 ns
[2026-10-07T17:47:41.741+0800][7.907s][info][safepoint   ] Safepoint "ICBufferFull", Time since last: 729666 ns, Reaching safepoint: 121334 ns, At safepoint: 26916 ns, Total: 148250 ns
[2026-10-07T17:47:41.742+0800][7.907s][info][safepoint   ] Safepoint "ICBufferFull", Time since last: 273500 ns, Reaching safepoint: 240709 ns, At safepoint: 117041 ns, Total: 357750 ns
[2026-10-07T17:47:41.768+0800][7.933s][info][safepoint   ] Safepoint "ICBufferFull", Time since last: 26064584 ns, Reaching safepoint: 98708 ns, At safepoint: 6583 ns, Total: 105291 ns
[2026-10-07T17:47:41.845+0800][8.010s][info][safepoint   ] Safepoint "ICBufferFull", Time since last: 76535667 ns, Reaching safepoint: 229792 ns, At safepoint: 282333 ns, Total: 512125 ns
[2026-10-07T17:47:41.966+0800][8.132s][info][safepoint   ] Safepoint "ICBufferFull", Time since last: 121048750 ns, Reaching safepoint: 171042 ns, At safepoint: 5916 ns, Total: 176958 ns
[2026-10-07T17:47:42.054+0800][8.219s][info][safepoint   ] Safepoint "ICBufferFull", Time since last: 86473500 ns, Reaching safepoint: 734667 ns, At safepoint: 643417 ns, Total: 1378084 ns
[2026-10-07T17:47:42.091+0800][8.256s][info][gc,start    ] GC(16) Pause Young (Normal) (G1 Evacuation Pause)
[2026-10-07T17:47:42.091+0800][8.256s][info][gc,task     ] GC(16) Using 2 workers of 9 for evacuation
[2026-10-07T17:47:42.109+0800][8.274s][info][gc,phases   ] GC(16)   Pre Evacuate Collection Set: 0.1ms
[2026-10-07T17:47:42.109+0800][8.274s][info][gc,phases   ] GC(16)   Merge Heap Roots: 0.2ms
[2026-10-07T17:47:42.109+0800][8.274s][info][gc,phases   ] GC(16)   Evacuate Collection Set: 17.2ms
[2026-10-07T17:47:42.109+0800][8.274s][info][gc,phases   ] GC(16)   Post Evacuate Collection Set: 0.4ms
[2026-10-07T17:47:42.109+0800][8.274s][info][gc,phases   ] GC(16)   Other: 0.1ms
[2026-10-07T17:47:42.109+0800][8.274s][info][gc,heap     ] GC(16) Eden regions: 36->0(34)
[2026-10-07T17:47:42.109+0800][8.274s][info][gc,heap     ] GC(16) Survivor regions: 4->4(5)
[2026-10-07T17:47:42.109+0800][8.274s][info][gc,heap     ] GC(16) Old regions: 31->33
[2026-10-07T17:47:42.109+0800][8.274s][info][gc,heap     ] GC(16) Archive regions: 2->2
[2026-10-07T17:47:42.109+0800][8.274s][info][gc,heap     ] GC(16) Humongous regions: 4->4
[2026-10-07T17:47:42.109+0800][8.274s][info][gc,metaspace] GC(16) Metaspace: 58008K(58496K)->58008K(58496K) NonClass: 49939K(50176K)->49939K(50176K) Class: 8069K(8320K)->8069K(8320K)
[2026-10-07T17:47:42.109+0800][8.274s][info][gc          ] GC(16) Pause Young (Normal) (G1 Evacuation Pause) 75M->40M(93M) 18.021ms
[2026-10-07T17:47:42.109+0800][8.274s][info][gc,cpu      ] GC(16) User=0.01s Sys=0.01s Real=0.01s
[2026-10-07T17:47:42.109+0800][8.274s][info][safepoint   ] Safepoint "G1CollectForAllocation", Time since last: 36586375 ns, Reaching safepoint: 51583 ns, At safepoint: 18167125 ns, Total: 18218708 ns
[2026-10-07T17:47:42.275+0800][8.440s][info][gc,start    ] GC(17) Pause Young (Concurrent Start) (Metadata GC Threshold)
[2026-10-07T17:47:42.275+0800][8.440s][info][gc,task     ] GC(17) Using 2 workers of 9 for evacuation
[2026-10-07T17:47:42.287+0800][8.452s][info][gc,phases   ] GC(17)   Pre Evacuate Collection Set: 0.1ms
[2026-10-07T17:47:42.287+0800][8.452s][info][gc,phases   ] GC(17)   Merge Heap Roots: 0.0ms
[2026-10-07T17:47:42.287+0800][8.452s][info][gc,phases   ] GC(17)   Evacuate Collection Set: 9.3ms
[2026-10-07T17:47:42.287+0800][8.452s][info][gc,phases   ] GC(17)   Post Evacuate Collection Set: 2.2ms
[2026-10-07T17:47:42.287+0800][8.452s][info][gc,phases   ] GC(17)   Other: 0.1ms
[2026-10-07T17:47:42.287+0800][8.452s][info][gc,heap     ] GC(17) Eden regions: 15->0(33)
[2026-10-07T17:47:42.287+0800][8.452s][info][gc,heap     ] GC(17) Survivor regions: 4->3(5)
[2026-10-07T17:47:42.287+0800][8.452s][info][gc,heap     ] GC(17) Old regions: 33->34
[2026-10-07T17:47:42.287+0800][8.452s][info][gc,heap     ] GC(17) Archive regions: 2->2
[2026-10-07T17:47:42.287+0800][8.452s][info][gc,heap     ] GC(17) Humongous regions: 4->4
[2026-10-07T17:47:42.287+0800][8.452s][info][gc,metaspace] GC(17) Metaspace: 59952K(60480K)->59952K(60480K) NonClass: 51653K(51904K)->51653K(51904K) Class: 8299K(8576K)->8299K(8576K)
[2026-10-07T17:47:42.287+0800][8.452s][info][gc          ] GC(17) Pause Young (Concurrent Start) (Metadata GC Threshold) 55M->41M(93M) 11.872ms
[2026-10-07T17:47:42.287+0800][8.452s][info][gc,cpu      ] GC(17) User=0.02s Sys=0.00s Real=0.01s
[2026-10-07T17:47:42.287+0800][8.452s][info][safepoint   ] Safepoint "CollectForMetadataAllocation", Time since last: 166003458 ns, Reaching safepoint: 139667 ns, At safepoint: 11948708 ns, Total: 12088375 ns
[2026-10-07T17:47:42.287+0800][8.453s][info][gc          ] GC(18) Concurrent Mark Cycle
[2026-10-07T17:47:42.287+0800][8.453s][info][gc,marking  ] GC(18) Concurrent Clear Claimed Marks
[2026-10-07T17:47:42.287+0800][8.453s][info][gc,marking  ] GC(18) Concurrent Clear Claimed Marks 0.079ms
[2026-10-07T17:47:42.287+0800][8.453s][info][gc,marking  ] GC(18) Concurrent Scan Root Regions
[2026-10-07T17:47:42.290+0800][8.456s][info][gc,marking  ] GC(18) Concurrent Scan Root Regions 3.010ms
[2026-10-07T17:47:42.290+0800][8.456s][info][gc,marking  ] GC(18) Concurrent Mark
[2026-10-07T17:47:42.290+0800][8.456s][info][gc,marking  ] GC(18) Concurrent Mark From Roots
[2026-10-07T17:47:42.290+0800][8.456s][info][gc,task     ] GC(18) Using 2 workers of 2 for marking
[2026-10-07T17:47:42.315+0800][8.481s][info][gc,marking  ] GC(18) Concurrent Mark From Roots 24.975ms
[2026-10-07T17:47:42.315+0800][8.481s][info][gc,marking  ] GC(18) Concurrent Preclean
[2026-10-07T17:47:42.315+0800][8.481s][info][gc,marking  ] GC(18) Concurrent Preclean 0.079ms
[2026-10-07T17:47:42.316+0800][8.481s][info][gc,start    ] GC(18) Pause Remark
[2026-10-07T17:47:42.329+0800][8.495s][info][gc          ] GC(18) Pause Remark 42M->42M(93M) 13.712ms
[2026-10-07T17:47:42.330+0800][8.495s][info][gc,cpu      ] GC(18) User=0.02s Sys=0.01s Real=0.02s
[2026-10-07T17:47:42.330+0800][8.495s][info][safepoint   ] Safepoint "G1Concurrent", Time since last: 28461167 ns, Reaching safepoint: 367208 ns, At safepoint: 13955209 ns, Total: 14322417 ns
[2026-10-07T17:47:42.330+0800][8.495s][info][gc,marking  ] GC(18) Concurrent Mark 39.780ms
[2026-10-07T17:47:42.330+0800][8.496s][info][gc,marking  ] GC(18) Concurrent Rebuild Remembered Sets
[2026-10-07T17:47:42.345+0800][8.511s][info][gc,marking  ] GC(18) Concurrent Rebuild Remembered Sets 15.305ms
[2026-10-07T17:47:42.345+0800][8.511s][info][gc,start    ] GC(18) Pause Cleanup
[2026-10-07T17:47:42.346+0800][8.511s][info][gc          ] GC(18) Pause Cleanup 42M->42M(93M) 0.087ms
[2026-10-07T17:47:42.346+0800][8.511s][info][gc,cpu      ] GC(18) User=0.00s Sys=0.00s Real=0.00s
[2026-10-07T17:47:42.346+0800][8.511s][info][safepoint   ] Safepoint "G1Concurrent", Time since last: 15708916 ns, Reaching safepoint: 27459 ns, At safepoint: 135916 ns, Total: 163375 ns
[2026-10-07T17:47:42.346+0800][8.511s][info][gc,marking  ] GC(18) Concurrent Cleanup for Next Mark
[2026-10-07T17:47:42.347+0800][8.513s][info][gc,marking  ] GC(18) Concurrent Cleanup for Next Mark 1.556ms
[2026-10-07T17:47:42.347+0800][8.513s][info][gc          ] GC(18) Concurrent Mark Cycle 60.157ms
[2026-10-07T17:47:42.445+0800][8.611s][info][safepoint   ] Safepoint "ICBufferFull", Time since last: 99499250 ns, Reaching safepoint: 422125 ns, At safepoint: 1625 ns, Total: 423750 ns
[2026-10-07T17:47:42.538+0800][8.703s][info][safepoint   ] Safepoint "ICBufferFull", Time since last: 92355542 ns, Reaching safepoint: 53792 ns, At safepoint: 833 ns, Total: 54625 ns
[2026-10-07T17:47:42.572+0800][8.738s][info][safepoint   ] Safepoint "ICBufferFull", Time since last: 34033292 ns, Reaching safepoint: 179083 ns, At safepoint: 16083 ns, Total: 195166 ns
[2026-10-07T17:47:42.597+0800][8.762s][info][safepoint   ] Safepoint "ICBufferFull", Time since last: 24423250 ns, Reaching safepoint: 180584 ns, At safepoint: 2875 ns, Total: 183459 ns
[2026-10-07T17:47:42.624+0800][8.789s][info][gc,start    ] GC(19) Pause Young (Prepare Mixed) (G1 Evacuation Pause)
[2026-10-07T17:47:42.624+0800][8.789s][info][gc,task     ] GC(19) Using 2 workers of 9 for evacuation
[2026-10-07T17:47:42.632+0800][8.798s][info][gc,phases   ] GC(19)   Pre Evacuate Collection Set: 0.0ms
[2026-10-07T17:47:42.632+0800][8.798s][info][gc,phases   ] GC(19)   Merge Heap Roots: 0.0ms
[2026-10-07T17:47:42.632+0800][8.798s][info][gc,phases   ] GC(19)   Evacuate Collection Set: 7.9ms
[2026-10-07T17:47:42.632+0800][8.798s][info][gc,phases   ] GC(19)   Post Evacuate Collection Set: 0.4ms
[2026-10-07T17:47:42.632+0800][8.798s][info][gc,phases   ] GC(19)   Other: 0.1ms
[2026-10-07T17:47:42.632+0800][8.798s][info][gc,heap     ] GC(19) Eden regions: 33->0(1)
[2026-10-07T17:47:42.632+0800][8.798s][info][gc,heap     ] GC(19) Survivor regions: 3->4(5)
[2026-10-07T17:47:42.632+0800][8.798s][info][gc,heap     ] GC(19) Old regions: 34->34
[2026-10-07T17:47:42.632+0800][8.798s][info][gc,heap     ] GC(19) Archive regions: 2->2
[2026-10-07T17:47:42.632+0800][8.798s][info][gc,heap     ] GC(19) Humongous regions: 4->4
[2026-10-07T17:47:42.632+0800][8.798s][info][gc,metaspace] GC(19) Metaspace: 61092K(61568K)->61092K(61568K) NonClass: 52643K(52864K)->52643K(52864K) Class: 8448K(8704K)->8448K(8704K)
[2026-10-07T17:47:42.632+0800][8.798s][info][gc          ] GC(19) Pause Young (Prepare Mixed) (G1 Evacuation Pause) 74M->42M(93M) 8.505ms
[2026-10-07T17:47:42.632+0800][8.798s][info][gc,cpu      ] GC(19) User=0.00s Sys=0.00s Real=0.01s
[2026-10-07T17:47:42.632+0800][8.798s][info][safepoint   ] Safepoint "G1CollectForAllocation", Time since last: 27065791 ns, Reaching safepoint: 35042 ns, At safepoint: 8543917 ns, Total: 8578959 ns
[2026-10-07T17:47:42.644+0800][8.809s][info][gc,start    ] GC(20) Pause Young (Mixed) (G1 Evacuation Pause)
[2026-10-07T17:47:42.644+0800][8.809s][info][gc,task     ] GC(20) Using 2 workers of 9 for evacuation
[2026-10-07T17:47:42.657+0800][8.822s][info][gc,phases   ] GC(20)   Pre Evacuate Collection Set: 0.3ms
[2026-10-07T17:47:42.657+0800][8.822s][info][gc,phases   ] GC(20)   Merge Heap Roots: 0.2ms
[2026-10-07T17:47:42.657+0800][8.822s][info][gc,phases   ] GC(20)   Evacuate Collection Set: 10.2ms
[2026-10-07T17:47:42.657+0800][8.822s][info][gc,phases   ] GC(20)   Post Evacuate Collection Set: 2.5ms
[2026-10-07T17:47:42.657+0800][8.822s][info][gc,phases   ] GC(20)   Other: 0.1ms
[2026-10-07T17:47:42.657+0800][8.822s][info][gc,heap     ] GC(20) Eden regions: 1->0(33)
[2026-10-07T17:47:42.657+0800][8.822s][info][gc,heap     ] GC(20) Survivor regions: 4->1(1)
[2026-10-07T17:47:42.657+0800][8.822s][info][gc,heap     ] GC(20) Old regions: 34->37
[2026-10-07T17:47:42.657+0800][8.822s][info][gc,heap     ] GC(20) Archive regions: 2->2
[2026-10-07T17:47:42.657+0800][8.822s][info][gc,heap     ] GC(20) Humongous regions: 4->4
[2026-10-07T17:47:42.657+0800][8.822s][info][gc,metaspace] GC(20) Metaspace: 61177K(61696K)->61177K(61696K) NonClass: 52725K(52992K)->52725K(52992K) Class: 8452K(8704K)->8452K(8704K)
[2026-10-07T17:47:42.657+0800][8.823s][info][gc          ] GC(20) Pause Young (Mixed) (G1 Evacuation Pause) 43M->41M(93M) 13.475ms
[2026-10-07T17:47:42.657+0800][8.823s][info][gc,cpu      ] GC(20) User=0.02s Sys=0.00s Real=0.01s
[2026-10-07T17:47:42.658+0800][8.823s][info][safepoint   ] Safepoint "G1CollectForAllocation", Time since last: 10670875 ns, Reaching safepoint: 472416 ns, At safepoint: 14107917 ns, Total: 14580333 ns
[2026-10-07T17:47:42.742+0800][8.908s][info][safepoint   ] Safepoint "ICBufferFull", Time since last: 84410167 ns, Reaching safepoint: 54500 ns, At safepoint: 3333 ns, Total: 57833 ns
[2026-10-07T17:47:42.907+0800][9.072s][info][gc,start    ] GC(21) Pause Young (Concurrent Start) (G1 Evacuation Pause)
[2026-10-07T17:47:42.907+0800][9.072s][info][gc,task     ] GC(21) Using 2 workers of 9 for evacuation
[2026-10-07T17:47:42.912+0800][9.077s][info][gc,phases   ] GC(21)   Pre Evacuate Collection Set: 0.1ms
[2026-10-07T17:47:42.912+0800][9.077s][info][gc,phases   ] GC(21)   Merge Heap Roots: 0.1ms
[2026-10-07T17:47:42.912+0800][9.077s][info][gc,phases   ] GC(21)   Evacuate Collection Set: 4.7ms
[2026-10-07T17:47:42.912+0800][9.077s][info][gc,phases   ] GC(21)   Post Evacuate Collection Set: 0.4ms
[2026-10-07T17:47:42.912+0800][9.077s][info][gc,phases   ] GC(21)   Other: 0.1ms
[2026-10-07T17:47:42.912+0800][9.077s][info][gc,heap     ] GC(21) Eden regions: 33->0(116)
[2026-10-07T17:47:42.912+0800][9.077s][info][gc,heap     ] GC(21) Survivor regions: 1->1(5)
[2026-10-07T17:47:42.912+0800][9.077s][info][gc,heap     ] GC(21) Old regions: 37->37
[2026-10-07T17:47:42.912+0800][9.077s][info][gc,heap     ] GC(21) Archive regions: 2->2
[2026-10-07T17:47:42.912+0800][9.077s][info][gc,heap     ] GC(21) Humongous regions: 4->4
[2026-10-07T17:47:42.912+0800][9.077s][info][gc,metaspace] GC(21) Metaspace: 63358K(63872K)->63358K(63872K) NonClass: 54593K(54848K)->54593K(54848K) Class: 8764K(9024K)->8764K(9024K)
[2026-10-07T17:47:42.912+0800][9.077s][info][gc          ] GC(21) Pause Young (Concurrent Start) (G1 Evacuation Pause) 74M->42M(199M) 5.358ms
[2026-10-07T17:47:42.912+0800][9.078s][info][gc,cpu      ] GC(21) User=0.01s Sys=0.00s Real=0.01s
[2026-10-07T17:47:42.912+0800][9.078s][info][gc          ] GC(22) Concurrent Mark Cycle
[2026-10-07T17:47:42.912+0800][9.078s][info][gc,marking  ] GC(22) Concurrent Clear Claimed Marks
[2026-10-07T17:47:42.912+0800][9.078s][info][gc,marking  ] GC(22) Concurrent Clear Claimed Marks 0.029ms
[2026-10-07T17:47:42.912+0800][9.078s][info][gc,marking  ] GC(22) Concurrent Scan Root Regions
[2026-10-07T17:47:42.912+0800][9.078s][info][safepoint   ] Safepoint "G1CollectForAllocation", Time since last: 164448292 ns, Reaching safepoint: 90833 ns, At safepoint: 5471333 ns, Total: 5562166 ns
[2026-10-07T17:47:42.914+0800][9.079s][info][gc,marking  ] GC(22) Concurrent Scan Root Regions 1.485ms
[2026-10-07T17:47:42.914+0800][9.079s][info][gc,marking  ] GC(22) Concurrent Mark
[2026-10-07T17:47:42.914+0800][9.079s][info][gc,marking  ] GC(22) Concurrent Mark From Roots
[2026-10-07T17:47:42.914+0800][9.079s][info][gc,task     ] GC(22) Using 2 workers of 2 for marking
[2026-10-07T17:47:42.929+0800][9.095s][info][gc,marking  ] GC(22) Concurrent Mark From Roots 15.401ms
[2026-10-07T17:47:42.929+0800][9.095s][info][gc,marking  ] GC(22) Concurrent Preclean
[2026-10-07T17:47:42.929+0800][9.095s][info][gc,marking  ] GC(22) Concurrent Preclean 0.107ms
[2026-10-07T17:47:42.929+0800][9.095s][info][gc,start    ] GC(22) Pause Remark
[2026-10-07T17:47:42.939+0800][9.104s][info][gc          ] GC(22) Pause Remark 43M->43M(154M) 9.662ms
[2026-10-07T17:47:42.939+0800][9.104s][info][gc,cpu      ] GC(22) User=0.02s Sys=0.01s Real=0.01s
[2026-10-07T17:47:42.939+0800][9.104s][info][safepoint   ] Safepoint "G1Concurrent", Time since last: 17104667 ns, Reaching safepoint: 28542 ns, At safepoint: 9712333 ns, Total: 9740875 ns
[2026-10-07T17:47:42.939+0800][9.104s][info][gc,marking  ] GC(22) Concurrent Mark 25.340ms
[2026-10-07T17:47:42.939+0800][9.104s][info][gc,marking  ] GC(22) Concurrent Rebuild Remembered Sets
[2026-10-07T17:47:42.948+0800][9.114s][info][gc,marking  ] GC(22) Concurrent Rebuild Remembered Sets 9.135ms
[2026-10-07T17:47:42.948+0800][9.114s][info][gc,start    ] GC(22) Pause Cleanup
[2026-10-07T17:47:42.948+0800][9.114s][info][gc          ] GC(22) Pause Cleanup 44M->44M(154M) 0.086ms
[2026-10-07T17:47:42.948+0800][9.114s][info][gc,cpu      ] GC(22) User=0.00s Sys=0.00s Real=0.00s
[2026-10-07T17:47:42.948+0800][9.114s][info][safepoint   ] Safepoint "G1Concurrent", Time since last: 9203750 ns, Reaching safepoint: 115875 ns, At safepoint: 132375 ns, Total: 248250 ns
[2026-10-07T17:47:42.948+0800][9.114s][info][gc,marking  ] GC(22) Concurrent Cleanup for Next Mark
[2026-10-07T17:47:42.949+0800][9.114s][info][gc,marking  ] GC(22) Concurrent Cleanup for Next Mark 0.355ms
[2026-10-07T17:47:42.949+0800][9.114s][info][gc          ] GC(22) Concurrent Mark Cycle 36.770ms
[2026-10-07T17:47:43.194+0800][9.360s][info][safepoint   ] Safepoint "ICBufferFull", Time since last: 245709917 ns, Reaching safepoint: 83708 ns, At safepoint: 1417 ns, Total: 85125 ns
[2026-10-07T17:47:43.352+0800][9.517s][info][safepoint   ] Safepoint "ICBufferFull", Time since last: 157573041 ns, Reaching safepoint: 94500 ns, At safepoint: 6042 ns, Total: 100542 ns
[2026-10-07T17:47:43.690+0800][9.856s][info][safepoint   ] Safepoint "ICBufferFull", Time since last: 338300208 ns, Reaching safepoint: 78250 ns, At safepoint: 6292 ns, Total: 84542 ns
[2026-10-07T17:47:43.987+0800][10.152s][info][safepoint   ] Safepoint "ICBufferFull", Time since last: 296217125 ns, Reaching safepoint: 157083 ns, At safepoint: 2959 ns, Total: 160042 ns
[2026-10-07T17:47:44.027+0800][10.192s][info][safepoint   ] Safepoint "ICBufferFull", Time since last: 39890541 ns, Reaching safepoint: 79000 ns, At safepoint: 709 ns, Total: 79709 ns
[2026-10-07T17:47:44.056+0800][10.222s][info][safepoint   ] Safepoint "ICBufferFull", Time since last: 29742583 ns, Reaching safepoint: 51625 ns, At safepoint: 500 ns, Total: 52125 ns
[2026-10-07T17:47:44.256+0800][10.421s][info][safepoint   ] Safepoint "ICBufferFull", Time since last: 199195625 ns, Reaching safepoint: 188083 ns, At safepoint: 5209 ns, Total: 193292 ns
[2026-10-07T17:47:44.790+0800][10.956s][info][gc,start    ] GC(23) Pause Young (Prepare Mixed) (G1 Preventive Collection)
[2026-10-07T17:47:44.790+0800][10.956s][info][gc,task     ] GC(23) Using 3 workers of 9 for evacuation
[2026-10-07T17:47:44.826+0800][10.991s][info][gc,phases   ] GC(23)   Pre Evacuate Collection Set: 0.1ms
[2026-10-07T17:47:44.826+0800][10.991s][info][gc,phases   ] GC(23)   Merge Heap Roots: 0.2ms
[2026-10-07T17:47:44.826+0800][10.991s][info][gc,phases   ] GC(23)   Evacuate Collection Set: 31.7ms
[2026-10-07T17:47:44.826+0800][10.991s][info][gc,phases   ] GC(23)   Post Evacuate Collection Set: 3.0ms
[2026-10-07T17:47:44.826+0800][10.991s][info][gc,phases   ] GC(23)   Other: 0.2ms
[2026-10-07T17:47:44.826+0800][10.991s][info][gc,heap     ] GC(23) Eden regions: 101->0(3)
[2026-10-07T17:47:44.826+0800][10.991s][info][gc,heap     ] GC(23) Survivor regions: 1->4(15)
[2026-10-07T17:47:44.826+0800][10.991s][info][gc,heap     ] GC(23) Old regions: 37->37
[2026-10-07T17:47:44.826+0800][10.991s][info][gc,heap     ] GC(23) Archive regions: 2->2
[2026-10-07T17:47:44.826+0800][10.991s][info][gc,heap     ] GC(23) Humongous regions: 4->4
[2026-10-07T17:47:44.826+0800][10.991s][info][gc,metaspace] GC(23) Metaspace: 74305K(74944K)->74305K(74944K) NonClass: 64059K(64384K)->64059K(64384K) Class: 10245K(10560K)->10245K(10560K)
[2026-10-07T17:47:44.826+0800][10.991s][info][gc          ] GC(23) Pause Young (Prepare Mixed) (G1 Preventive Collection) 143M->45M(154M) 35.373ms
[2026-10-07T17:47:44.826+0800][10.991s][info][gc,cpu      ] GC(23) User=0.02s Sys=0.04s Real=0.03s
[2026-10-07T17:47:44.826+0800][10.991s][info][safepoint   ] Safepoint "G1CollectForAllocation", Time since last: 534321291 ns, Reaching safepoint: 264917 ns, At safepoint: 35501833 ns, Total: 35766750 ns
[2026-10-07T17:47:44.946+0800][11.111s][info][gc,start    ] GC(24) Pause Young (Mixed) (G1 Evacuation Pause)
[2026-10-07T17:47:44.946+0800][11.111s][info][gc,task     ] GC(24) Using 3 workers of 9 for evacuation
[2026-10-07T17:47:44.960+0800][11.125s][info][gc,phases   ] GC(24)   Pre Evacuate Collection Set: 0.1ms
[2026-10-07T17:47:44.960+0800][11.125s][info][gc,phases   ] GC(24)   Merge Heap Roots: 0.1ms
[2026-10-07T17:47:44.960+0800][11.125s][info][gc,phases   ] GC(24)   Evacuate Collection Set: 11.6ms
[2026-10-07T17:47:44.960+0800][11.125s][info][gc,phases   ] GC(24)   Post Evacuate Collection Set: 2.1ms
[2026-10-07T17:47:44.960+0800][11.125s][info][gc,phases   ] GC(24)   Other: 0.1ms
[2026-10-07T17:47:44.960+0800][11.125s][info][gc,heap     ] GC(24) Eden regions: 3->0(78)
[2026-10-07T17:47:44.960+0800][11.125s][info][gc,heap     ] GC(24) Survivor regions: 4->1(1)
[2026-10-07T17:47:44.960+0800][11.125s][info][gc,heap     ] GC(24) Old regions: 37->41
[2026-10-07T17:47:44.960+0800][11.125s][info][gc,heap     ] GC(24) Archive regions: 2->2
[2026-10-07T17:47:44.960+0800][11.125s][info][gc,heap     ] GC(24) Humongous regions: 4->4
[2026-10-07T17:47:44.960+0800][11.126s][info][gc,metaspace] GC(24) Metaspace: 74714K(75392K)->74714K(75392K) NonClass: 64421K(64768K)->64421K(64768K) Class: 10292K(10624K)->10292K(10624K)
[2026-10-07T17:47:44.960+0800][11.126s][info][gc          ] GC(24) Pause Young (Mixed) (G1 Evacuation Pause) 48M->45M(154M) 14.120ms
[2026-10-07T17:47:44.960+0800][11.126s][info][gc,cpu      ] GC(24) User=0.02s Sys=0.01s Real=0.02s
[2026-10-07T17:47:44.960+0800][11.126s][info][safepoint   ] Safepoint "G1CollectForAllocation", Time since last: 119904959 ns, Reaching safepoint: 118416 ns, At safepoint: 14249250 ns, Total: 14367666 ns
[2026-10-07T17:47:45.071+0800][11.236s][info][safepoint   ] Safepoint "ICBufferFull", Time since last: 110740000 ns, Reaching safepoint: 46667 ns, At safepoint: 542 ns, Total: 47209 ns
[2026-10-07T17:47:45.121+0800][11.287s][info][safepoint   ] Safepoint "ICBufferFull", Time since last: 50219416 ns, Reaching safepoint: 155917 ns, At safepoint: 3542 ns, Total: 159459 ns
[2026-10-07T17:47:45.167+0800][11.332s][info][safepoint   ] Safepoint "ICBufferFull", Time since last: 45021583 ns, Reaching safepoint: 241792 ns, At safepoint: 10041 ns, Total: 251833 ns
[2026-10-07T17:47:45.192+0800][11.358s][info][safepoint   ] Safepoint "ICBufferFull", Time since last: 25579792 ns, Reaching safepoint: 38667 ns, At safepoint: 2875 ns, Total: 41542 ns
[2026-10-07T17:47:45.352+0800][11.517s][info][safepoint   ] Safepoint "ICBufferFull", Time since last: 159331041 ns, Reaching safepoint: 139834 ns, At safepoint: 3458 ns, Total: 143292 ns
[2026-10-07T17:47:45.365+0800][11.530s][info][safepoint   ] Safepoint "ICBufferFull", Time since last: 13146083 ns, Reaching safepoint: 55334 ns, At safepoint: 750 ns, Total: 56084 ns
[2026-10-07T17:47:45.431+0800][11.597s][info][safepoint   ] Safepoint "ICBufferFull", Time since last: 66327333 ns, Reaching safepoint: 152458 ns, At safepoint: 5042 ns, Total: 157500 ns
[2026-10-07T17:47:45.450+0800][11.616s][info][safepoint   ] Safepoint "ICBufferFull", Time since last: 18773875 ns, Reaching safepoint: 39417 ns, At safepoint: 3208 ns, Total: 42625 ns
[2026-10-07T17:47:45.467+0800][11.633s][info][safepoint   ] Safepoint "ICBufferFull", Time since last: 17052750 ns, Reaching safepoint: 148417 ns, At safepoint: 22666 ns, Total: 171083 ns
[2026-10-07T17:47:45.495+0800][11.660s][info][safepoint   ] Safepoint "ICBufferFull", Time since last: 27314459 ns, Reaching safepoint: 66208 ns, At safepoint: 3208 ns, Total: 69416 ns
[2026-10-07T17:47:45.507+0800][11.672s][info][safepoint   ] Safepoint "ICBufferFull", Time since last: 11798834 ns, Reaching safepoint: 142875 ns, At safepoint: 16541 ns, Total: 159416 ns
[2026-10-07T17:47:45.514+0800][11.679s][info][gc,start    ] GC(25) Pause Young (Normal) (G1 Evacuation Pause)
[2026-10-07T17:47:45.514+0800][11.679s][info][gc,task     ] GC(25) Using 3 workers of 9 for evacuation
[2026-10-07T17:47:45.522+0800][11.687s][info][gc,phases   ] GC(25)   Pre Evacuate Collection Set: 0.0ms
[2026-10-07T17:47:45.522+0800][11.687s][info][gc,phases   ] GC(25)   Merge Heap Roots: 0.1ms
[2026-10-07T17:47:45.522+0800][11.687s][info][gc,phases   ] GC(25)   Evacuate Collection Set: 7.7ms
[2026-10-07T17:47:45.522+0800][11.687s][info][gc,phases   ] GC(25)   Post Evacuate Collection Set: 0.2ms
[2026-10-07T17:47:45.522+0800][11.687s][info][gc,phases   ] GC(25)   Other: 0.1ms
[2026-10-07T17:47:45.522+0800][11.687s][info][gc,heap     ] GC(25) Eden regions: 78->0(76)
[2026-10-07T17:47:45.522+0800][11.687s][info][gc,heap     ] GC(25) Survivor regions: 1->4(10)
[2026-10-07T17:47:45.522+0800][11.687s][info][gc,heap     ] GC(25) Old regions: 41->41
[2026-10-07T17:47:45.522+0800][11.687s][info][gc,heap     ] GC(25) Archive regions: 2->2
[2026-10-07T17:47:45.522+0800][11.687s][info][gc,heap     ] GC(25) Humongous regions: 4->4
[2026-10-07T17:47:45.522+0800][11.687s][info][gc,metaspace] GC(25) Metaspace: 83752K(84416K)->83752K(84416K) NonClass: 72222K(72576K)->72222K(72576K) Class: 11529K(11840K)->11529K(11840K)
[2026-10-07T17:47:45.522+0800][11.687s][info][gc          ] GC(25) Pause Young (Normal) (G1 Evacuation Pause) 123M->48M(154M) 8.129ms
[2026-10-07T17:47:45.522+0800][11.687s][info][gc,cpu      ] GC(25) User=0.00s Sys=0.01s Real=0.01s
[2026-10-07T17:47:45.522+0800][11.687s][info][safepoint   ] Safepoint "G1CollectForAllocation", Time since last: 6883209 ns, Reaching safepoint: 19041 ns, At safepoint: 8167209 ns, Total: 8186250 ns
[2026-10-07T17:47:45.534+0800][11.699s][info][safepoint   ] Safepoint "ICBufferFull", Time since last: 12007750 ns, Reaching safepoint: 34250 ns, At safepoint: 583 ns, Total: 34833 ns
[2026-10-07T17:47:45.577+0800][11.743s][info][safepoint   ] Safepoint "ICBufferFull", Time since last: 43091958 ns, Reaching safepoint: 43750 ns, At safepoint: 25042 ns, Total: 68792 ns
[2026-10-07T17:47:45.614+0800][11.779s][info][safepoint   ] Safepoint "ICBufferFull", Time since last: 36619333 ns, Reaching safepoint: 68042 ns, At safepoint: 1417 ns, Total: 69459 ns
[2026-10-07T17:47:45.676+0800][11.842s][info][safepoint   ] Safepoint "ICBufferFull", Time since last: 62537125 ns, Reaching safepoint: 144041 ns, At safepoint: 5500 ns, Total: 149541 ns
[2026-10-07T17:47:46.031+0800][12.197s][info][safepoint   ] Safepoint "ICBufferFull", Time since last: 354720917 ns, Reaching safepoint: 125792 ns, At safepoint: 53708 ns, Total: 179500 ns
[2026-10-07T17:47:46.218+0800][12.384s][info][safepoint   ] Safepoint "ICBufferFull", Time since last: 186597750 ns, Reaching safepoint: 115583 ns, At safepoint: 84209 ns, Total: 199792 ns
[2026-10-07T17:47:46.741+0800][12.906s][info][safepoint   ] Safepoint "ICBufferFull", Time since last: 522441375 ns, Reaching safepoint: 93625 ns, At safepoint: 9416 ns, Total: 103041 ns
[2026-10-07T17:47:46.940+0800][13.106s][info][gc,start    ] GC(26) Pause Young (Normal) (G1 Evacuation Pause)
[2026-10-07T17:47:46.940+0800][13.106s][info][gc,task     ] GC(26) Using 3 workers of 9 for evacuation
[2026-10-07T17:47:46.975+0800][13.140s][info][gc,phases   ] GC(26)   Pre Evacuate Collection Set: 0.1ms
[2026-10-07T17:47:46.975+0800][13.140s][info][gc,phases   ] GC(26)   Merge Heap Roots: 0.2ms
[2026-10-07T17:47:46.975+0800][13.140s][info][gc,phases   ] GC(26)   Evacuate Collection Set: 31.8ms
[2026-10-07T17:47:46.975+0800][13.140s][info][gc,phases   ] GC(26)   Post Evacuate Collection Set: 2.1ms
[2026-10-07T17:47:46.975+0800][13.140s][info][gc,phases   ] GC(26)   Other: 0.2ms
[2026-10-07T17:47:46.975+0800][13.140s][info][gc,heap     ] GC(26) Eden regions: 76->0(73)
[2026-10-07T17:47:46.975+0800][13.140s][info][gc,heap     ] GC(26) Survivor regions: 4->7(10)
[2026-10-07T17:47:46.975+0800][13.140s][info][gc,heap     ] GC(26) Old regions: 41->41
[2026-10-07T17:47:46.975+0800][13.140s][info][gc,heap     ] GC(26) Archive regions: 2->2
[2026-10-07T17:47:46.975+0800][13.141s][info][gc,heap     ] GC(26) Humongous regions: 4->4
[2026-10-07T17:47:46.975+0800][13.141s][info][gc,metaspace] GC(26) Metaspace: 87971K(88704K)->87971K(88704K) NonClass: 75864K(76288K)->75864K(76288K) Class: 12106K(12416K)->12106K(12416K)
[2026-10-07T17:47:46.975+0800][13.141s][info][gc          ] GC(26) Pause Young (Normal) (G1 Evacuation Pause) 124M->51M(154M) 34.920ms
[2026-10-07T17:47:46.975+0800][13.141s][info][gc,cpu      ] GC(26) User=0.03s Sys=0.03s Real=0.03s
[2026-10-07T17:47:46.975+0800][13.141s][info][safepoint   ] Safepoint "G1CollectForAllocation", Time since last: 199428417 ns, Reaching safepoint: 167083 ns, At safepoint: 35167250 ns, Total: 35334333 ns
[2026-10-07T17:47:47.070+0800][13.236s][info][safepoint   ] Safepoint "ICBufferFull", Time since last: 94547334 ns, Reaching safepoint: 153083 ns, At safepoint: 73083 ns, Total: 226166 ns
[2026-10-07T17:47:47.581+0800][13.746s][info][safepoint   ] Safepoint "ICBufferFull", Time since last: 510477792 ns, Reaching safepoint: 180333 ns, At safepoint: 24209 ns, Total: 204542 ns
[2026-10-07T17:47:47.791+0800][13.957s][info][safepoint   ] Safepoint "ICBufferFull", Time since last: 210262416 ns, Reaching safepoint: 73959 ns, At safepoint: 49666 ns, Total: 123625 ns
[2026-10-07T17:47:48.102+0800][14.268s][info][safepoint   ] Safepoint "ICBufferFull", Time since last: 310786125 ns, Reaching safepoint: 67125 ns, At safepoint: 5292 ns, Total: 72417 ns
[2026-10-07T17:47:48.119+0800][14.285s][info][gc,start    ] GC(27) Pause Young (Normal) (G1 Evacuation Pause)
[2026-10-07T17:47:48.119+0800][14.285s][info][gc,task     ] GC(27) Using 3 workers of 9 for evacuation
[2026-10-07T17:47:48.129+0800][14.295s][info][gc,phases   ] GC(27)   Pre Evacuate Collection Set: 0.0ms
[2026-10-07T17:47:48.129+0800][14.295s][info][gc,phases   ] GC(27)   Merge Heap Roots: 0.1ms
[2026-10-07T17:47:48.129+0800][14.295s][info][gc,phases   ] GC(27)   Evacuate Collection Set: 9.2ms
[2026-10-07T17:47:48.129+0800][14.295s][info][gc,phases   ] GC(27)   Post Evacuate Collection Set: 0.3ms
[2026-10-07T17:47:48.129+0800][14.295s][info][gc,phases   ] GC(27)   Other: 0.1ms
[2026-10-07T17:47:48.129+0800][14.295s][info][gc,heap     ] GC(27) Eden regions: 73->0(71)
[2026-10-07T17:47:48.129+0800][14.295s][info][gc,heap     ] GC(27) Survivor regions: 7->7(10)
[2026-10-07T17:47:48.129+0800][14.295s][info][gc,heap     ] GC(27) Old regions: 41->44
[2026-10-07T17:47:48.129+0800][14.295s][info][gc,heap     ] GC(27) Archive regions: 2->2
[2026-10-07T17:47:48.129+0800][14.295s][info][gc,heap     ] GC(27) Humongous regions: 4->4
[2026-10-07T17:47:48.129+0800][14.295s][info][gc,metaspace] GC(27) Metaspace: 93482K(94272K)->93482K(94272K) NonClass: 80451K(80832K)->80451K(80832K) Class: 13030K(13440K)->13030K(13440K)
[2026-10-07T17:47:48.129+0800][14.295s][info][gc          ] GC(27) Pause Young (Normal) (G1 Evacuation Pause) 124M->54M(154M) 9.773ms
[2026-10-07T17:47:48.129+0800][14.295s][info][gc,cpu      ] GC(27) User=0.01s Sys=0.01s Real=0.01s
[2026-10-07T17:47:48.129+0800][14.295s][info][safepoint   ] Safepoint "G1CollectForAllocation", Time since last: 17188500 ns, Reaching safepoint: 29125 ns, At safepoint: 9836167 ns, Total: 9865292 ns
[2026-10-07T17:47:48.143+0800][14.308s][info][safepoint   ] Safepoint "ICBufferFull", Time since last: 13706208 ns, Reaching safepoint: 42167 ns, At safepoint: 3875 ns, Total: 46042 ns
[2026-10-07T17:47:48.540+0800][14.705s][info][gc,start    ] GC(28) Pause Young (Normal) (G1 Evacuation Pause)
[2026-10-07T17:47:48.540+0800][14.705s][info][gc,task     ] GC(28) Using 3 workers of 9 for evacuation
[2026-10-07T17:47:48.559+0800][14.724s][info][gc,phases   ] GC(28)   Pre Evacuate Collection Set: 0.1ms
[2026-10-07T17:47:48.559+0800][14.724s][info][gc,phases   ] GC(28)   Merge Heap Roots: 0.2ms
[2026-10-07T17:47:48.559+0800][14.724s][info][gc,phases   ] GC(28)   Evacuate Collection Set: 18.0ms
[2026-10-07T17:47:48.559+0800][14.724s][info][gc,phases   ] GC(28)   Post Evacuate Collection Set: 0.7ms
[2026-10-07T17:47:48.559+0800][14.724s][info][gc,phases   ] GC(28)   Other: 0.3ms
[2026-10-07T17:47:48.559+0800][14.724s][info][gc,heap     ] GC(28) Eden regions: 71->0(66)
[2026-10-07T17:47:48.559+0800][14.724s][info][gc,heap     ] GC(28) Survivor regions: 7->8(10)
[2026-10-07T17:47:48.559+0800][14.724s][info][gc,heap     ] GC(28) Old regions: 44->47
[2026-10-07T17:47:48.559+0800][14.725s][info][gc,heap     ] GC(28) Archive regions: 2->2
[2026-10-07T17:47:48.559+0800][14.725s][info][gc,heap     ] GC(28) Humongous regions: 4->4
[2026-10-07T17:47:48.559+0800][14.725s][info][gc,metaspace] GC(28) Metaspace: 96656K(97408K)->96656K(97408K) NonClass: 83075K(83456K)->83075K(83456K) Class: 13580K(13952K)->13580K(13952K)
[2026-10-07T17:47:48.559+0800][14.725s][info][gc          ] GC(28) Pause Young (Normal) (G1 Evacuation Pause) 125M->59M(154M) 19.423ms
[2026-10-07T17:47:48.559+0800][14.725s][info][gc,cpu      ] GC(28) User=0.04s Sys=0.02s Real=0.01s
[2026-10-07T17:47:48.559+0800][14.725s][info][safepoint   ] Safepoint "G1CollectForAllocation", Time since last: 396421083 ns, Reaching safepoint: 214708 ns, At safepoint: 19584959 ns, Total: 19799667 ns
[2026-10-07T17:47:48.723+0800][14.889s][info][safepoint   ] Safepoint "ICBufferFull", Time since last: 163940333 ns, Reaching safepoint: 54000 ns, At safepoint: 583 ns, Total: 54583 ns
[2026-10-07T17:47:48.735+0800][14.901s][info][safepoint   ] Safepoint "ICBufferFull", Time since last: 12151584 ns, Reaching safepoint: 159041 ns, At safepoint: 7375 ns, Total: 166416 ns
[2026-10-07T17:47:48.735+0800][14.901s][info][safepoint   ] Safepoint "ICBufferFull", Time since last: 49917 ns, Reaching safepoint: 114333 ns, At safepoint: 12417 ns, Total: 126750 ns
[2026-10-07T17:47:48.882+0800][15.048s][info][safepoint   ] Safepoint "ICBufferFull", Time since last: 146662208 ns, Reaching safepoint: 118667 ns, At safepoint: 98708 ns, Total: 217375 ns
[2026-10-07T17:47:48.889+0800][15.054s][info][gc,start    ] GC(29) Pause Young (Normal) (G1 Evacuation Pause)
[2026-10-07T17:47:48.889+0800][15.054s][info][gc,task     ] GC(29) Using 3 workers of 9 for evacuation
[2026-10-07T17:47:48.902+0800][15.067s][info][gc,phases   ] GC(29)   Pre Evacuate Collection Set: 0.1ms
[2026-10-07T17:47:48.902+0800][15.067s][info][gc,phases   ] GC(29)   Merge Heap Roots: 0.1ms
[2026-10-07T17:47:48.902+0800][15.067s][info][gc,phases   ] GC(29)   Evacuate Collection Set: 12.4ms
[2026-10-07T17:47:48.902+0800][15.068s][info][gc,phases   ] GC(29)   Post Evacuate Collection Set: 0.4ms
[2026-10-07T17:47:48.902+0800][15.068s][info][gc,phases   ] GC(29)   Other: 0.1ms
[2026-10-07T17:47:48.902+0800][15.068s][info][gc,heap     ] GC(29) Eden regions: 66->0(67)
[2026-10-07T17:47:48.902+0800][15.068s][info][gc,heap     ] GC(29) Survivor regions: 8->4(10)
[2026-10-07T17:47:48.902+0800][15.068s][info][gc,heap     ] GC(29) Old regions: 47->50
[2026-10-07T17:47:48.902+0800][15.068s][info][gc,heap     ] GC(29) Archive regions: 2->2
[2026-10-07T17:47:48.902+0800][15.068s][info][gc,heap     ] GC(29) Humongous regions: 4->4
[2026-10-07T17:47:48.902+0800][15.068s][info][gc,metaspace] GC(29) Metaspace: 97223K(97984K)->97223K(97984K) NonClass: 83590K(83968K)->83590K(83968K) Class: 13633K(14016K)->13633K(14016K)
[2026-10-07T17:47:48.902+0800][15.068s][info][gc          ] GC(29) Pause Young (Normal) (G1 Evacuation Pause) 125M->58M(154M) 13.259ms
[2026-10-07T17:47:48.902+0800][15.068s][info][gc,cpu      ] GC(29) User=0.03s Sys=0.01s Real=0.02s
[2026-10-07T17:47:48.902+0800][15.068s][info][safepoint   ] Safepoint "G1CollectForAllocation", Time since last: 6296084 ns, Reaching safepoint: 21250 ns, At safepoint: 13325875 ns, Total: 13347125 ns
[2026-10-07T17:47:49.006+0800][15.172s][info][safepoint   ] Safepoint "ICBufferFull", Time since last: 103980125 ns, Reaching safepoint: 155708 ns, At safepoint: 3917 ns, Total: 159625 ns
[2026-10-07T17:47:49.189+0800][15.354s][info][safepoint   ] Safepoint "ICBufferFull", Time since last: 182484291 ns, Reaching safepoint: 53500 ns, At safepoint: 9167 ns, Total: 62667 ns
[2026-10-07T17:47:49.350+0800][15.516s][info][safepoint   ] Safepoint "ICBufferFull", Time since last: 161683208 ns, Reaching safepoint: 64875 ns, At safepoint: 3500 ns, Total: 68375 ns
[2026-10-07T17:47:49.430+0800][15.596s][info][gc,start    ] GC(30) Pause Young (Normal) (G1 Evacuation Pause)
[2026-10-07T17:47:49.430+0800][15.596s][info][gc,task     ] GC(30) Using 3 workers of 9 for evacuation
[2026-10-07T17:47:49.443+0800][15.609s][info][gc,phases   ] GC(30)   Pre Evacuate Collection Set: 0.2ms
[2026-10-07T17:47:49.443+0800][15.609s][info][gc,phases   ] GC(30)   Merge Heap Roots: 0.9ms
[2026-10-07T17:47:49.443+0800][15.609s][info][gc,phases   ] GC(30)   Evacuate Collection Set: 11.4ms
[2026-10-07T17:47:49.443+0800][15.609s][info][gc,phases   ] GC(30)   Post Evacuate Collection Set: 0.6ms
[2026-10-07T17:47:49.443+0800][15.609s][info][gc,phases   ] GC(30)   Other: 0.1ms
[2026-10-07T17:47:49.443+0800][15.609s][info][gc,heap     ] GC(30) Eden regions: 67->0(67)
[2026-10-07T17:47:49.443+0800][15.609s][info][gc,heap     ] GC(30) Survivor regions: 4->6(9)
[2026-10-07T17:47:49.444+0800][15.609s][info][gc,heap     ] GC(30) Old regions: 50->50
[2026-10-07T17:47:49.444+0800][15.609s][info][gc,heap     ] GC(30) Archive regions: 2->2
[2026-10-07T17:47:49.444+0800][15.609s][info][gc,heap     ] GC(30) Humongous regions: 4->4
[2026-10-07T17:47:49.444+0800][15.609s][info][gc,metaspace] GC(30) Metaspace: 100550K(101248K)->100550K(101248K) NonClass: 86486K(86848K)->86486K(86848K) Class: 14063K(14400K)->14063K(14400K)
[2026-10-07T17:47:49.444+0800][15.609s][info][gc          ] GC(30) Pause Young (Normal) (G1 Evacuation Pause) 125M->60M(154M) 13.467ms
[2026-10-07T17:47:49.444+0800][15.609s][info][gc,cpu      ] GC(30) User=0.02s Sys=0.01s Real=0.01s
[2026-10-07T17:47:49.444+0800][15.609s][info][safepoint   ] Safepoint "G1CollectForAllocation", Time since last: 79535334 ns, Reaching safepoint: 161125 ns, At safepoint: 13636375 ns, Total: 13797500 ns
[2026-10-07T17:47:49.828+0800][15.994s][info][safepoint   ] Safepoint "ICBufferFull", Time since last: 384516250 ns, Reaching safepoint: 86625 ns, At safepoint: 708 ns, Total: 87333 ns
[2026-10-07T17:47:49.878+0800][16.043s][info][gc,start    ] GC(31) Pause Young (Concurrent Start) (Metadata GC Threshold)
[2026-10-07T17:47:49.878+0800][16.043s][info][gc,task     ] GC(31) Using 3 workers of 9 for evacuation
[2026-10-07T17:47:49.886+0800][16.051s][info][gc,phases   ] GC(31)   Pre Evacuate Collection Set: 0.1ms
[2026-10-07T17:47:49.886+0800][16.051s][info][gc,phases   ] GC(31)   Merge Heap Roots: 0.1ms
[2026-10-07T17:47:49.886+0800][16.051s][info][gc,phases   ] GC(31)   Evacuate Collection Set: 6.9ms
[2026-10-07T17:47:49.886+0800][16.051s][info][gc,phases   ] GC(31)   Post Evacuate Collection Set: 0.3ms
[2026-10-07T17:47:49.886+0800][16.051s][info][gc,phases   ] GC(31)   Other: 0.4ms
[2026-10-07T17:47:49.886+0800][16.051s][info][gc,heap     ] GC(31) Eden regions: 62->0(63)
[2026-10-07T17:47:49.886+0800][16.051s][info][gc,heap     ] GC(31) Survivor regions: 6->8(10)
[2026-10-07T17:47:49.886+0800][16.051s][info][gc,heap     ] GC(31) Old regions: 50->52
[2026-10-07T17:47:49.886+0800][16.051s][info][gc,heap     ] GC(31) Archive regions: 2->2
[2026-10-07T17:47:49.886+0800][16.051s][info][gc,heap     ] GC(31) Humongous regions: 6->4
[2026-10-07T17:47:49.886+0800][16.051s][info][gc,metaspace] GC(31) Metaspace: 106079K(106816K)->106079K(106816K) NonClass: 91520K(91904K)->91520K(91904K) Class: 14559K(14912K)->14559K(14912K)
[2026-10-07T17:47:49.886+0800][16.051s][info][gc          ] GC(31) Pause Young (Concurrent Start) (Metadata GC Threshold) 123M->63M(154M) 7.891ms
[2026-10-07T17:47:49.886+0800][16.051s][info][gc,cpu      ] GC(31) User=0.03s Sys=0.01s Real=0.01s
[2026-10-07T17:47:49.886+0800][16.051s][info][gc          ] GC(32) Concurrent Mark Cycle
[2026-10-07T17:47:49.886+0800][16.051s][info][safepoint   ] Safepoint "CollectForMetadataAllocation", Time since last: 49306500 ns, Reaching safepoint: 44958 ns, At safepoint: 7963292 ns, Total: 8008250 ns
[2026-10-07T17:47:49.886+0800][16.051s][info][gc,marking  ] GC(32) Concurrent Clear Claimed Marks
[2026-10-07T17:47:49.886+0800][16.051s][info][gc,marking  ] GC(32) Concurrent Clear Claimed Marks 0.120ms
[2026-10-07T17:47:49.886+0800][16.051s][info][gc,marking  ] GC(32) Concurrent Scan Root Regions
[2026-10-07T17:47:49.890+0800][16.056s][info][gc,marking  ] GC(32) Concurrent Scan Root Regions 4.645ms
[2026-10-07T17:47:49.890+0800][16.056s][info][gc,marking  ] GC(32) Concurrent Mark
[2026-10-07T17:47:49.891+0800][16.056s][info][gc,marking  ] GC(32) Concurrent Mark From Roots
[2026-10-07T17:47:49.891+0800][16.056s][info][gc,task     ] GC(32) Using 2 workers of 2 for marking
[2026-10-07T17:47:49.925+0800][16.090s][info][gc,marking  ] GC(32) Concurrent Mark From Roots 34.070ms
[2026-10-07T17:47:49.925+0800][16.090s][info][gc,marking  ] GC(32) Concurrent Preclean
[2026-10-07T17:47:49.925+0800][16.090s][info][gc,marking  ] GC(32) Concurrent Preclean 0.099ms
[2026-10-07T17:47:49.925+0800][16.091s][info][gc,start    ] GC(32) Pause Remark
[2026-10-07T17:47:49.936+0800][16.102s][info][gc          ] GC(32) Pause Remark 70M->70M(154M) 11.136ms
[2026-10-07T17:47:49.936+0800][16.102s][info][gc,cpu      ] GC(32) User=0.01s Sys=0.01s Real=0.01s
[2026-10-07T17:47:49.936+0800][16.102s][info][safepoint   ] Safepoint "G1Concurrent", Time since last: 39141125 ns, Reaching safepoint: 31000 ns, At safepoint: 11211333 ns, Total: 11242333 ns
[2026-10-07T17:47:49.936+0800][16.102s][info][gc,marking  ] GC(32) Concurrent Mark 45.576ms
[2026-10-07T17:47:49.936+0800][16.102s][info][gc,marking  ] GC(32) Concurrent Rebuild Remembered Sets
[2026-10-07T17:47:49.952+0800][16.117s][info][gc,marking  ] GC(32) Concurrent Rebuild Remembered Sets 15.583ms
[2026-10-07T17:47:49.952+0800][16.118s][info][gc,start    ] GC(32) Pause Cleanup
[2026-10-07T17:47:49.952+0800][16.118s][info][gc          ] GC(32) Pause Cleanup 73M->73M(154M) 0.068ms
[2026-10-07T17:47:49.952+0800][16.118s][info][gc,cpu      ] GC(32) User=0.00s Sys=0.00s Real=0.00s
[2026-10-07T17:47:49.952+0800][16.118s][info][safepoint   ] Safepoint "G1Concurrent", Time since last: 15715500 ns, Reaching safepoint: 111459 ns, At safepoint: 96541 ns, Total: 208000 ns
[2026-10-07T17:47:49.952+0800][16.118s][info][gc,marking  ] GC(32) Concurrent Cleanup for Next Mark
[2026-10-07T17:47:49.952+0800][16.118s][info][gc,marking  ] GC(32) Concurrent Cleanup for Next Mark 0.336ms
[2026-10-07T17:47:49.952+0800][16.118s][info][gc          ] GC(32) Concurrent Mark Cycle 66.677ms
[2026-10-07T17:47:50.125+0800][16.290s][info][gc,start    ] GC(33) Pause Young (Prepare Mixed) (G1 Evacuation Pause)
[2026-10-07T17:47:50.125+0800][16.290s][info][gc,task     ] GC(33) Using 3 workers of 9 for evacuation
[2026-10-07T17:47:50.130+0800][16.295s][info][gc,phases   ] GC(33)   Pre Evacuate Collection Set: 0.0ms
[2026-10-07T17:47:50.130+0800][16.295s][info][gc,phases   ] GC(33)   Merge Heap Roots: 0.1ms
[2026-10-07T17:47:50.130+0800][16.295s][info][gc,phases   ] GC(33)   Evacuate Collection Set: 4.6ms
[2026-10-07T17:47:50.130+0800][16.295s][info][gc,phases   ] GC(33)   Post Evacuate Collection Set: 0.2ms
[2026-10-07T17:47:50.130+0800][16.295s][info][gc,phases   ] GC(33)   Other: 0.1ms
[2026-10-07T17:47:50.130+0800][16.295s][info][gc,heap     ] GC(33) Eden regions: 63->0(2)
[2026-10-07T17:47:50.130+0800][16.295s][info][gc,heap     ] GC(33) Survivor regions: 8->5(9)
[2026-10-07T17:47:50.130+0800][16.295s][info][gc,heap     ] GC(33) Old regions: 52->56
[2026-10-07T17:47:50.130+0800][16.295s][info][gc,heap     ] GC(33) Archive regions: 2->2
[2026-10-07T17:47:50.130+0800][16.295s][info][gc,heap     ] GC(33) Humongous regions: 4->4
[2026-10-07T17:47:50.130+0800][16.295s][info][gc,metaspace] GC(33) Metaspace: 106581K(107328K)->106581K(107328K) NonClass: 91893K(92288K)->91893K(92288K) Class: 14688K(15040K)->14688K(15040K)
[2026-10-07T17:47:50.130+0800][16.295s][info][gc          ] GC(33) Pause Young (Prepare Mixed) (G1 Evacuation Pause) 126M->64M(154M) 5.138ms
[2026-10-07T17:47:50.130+0800][16.295s][info][gc,cpu      ] GC(33) User=0.02s Sys=0.00s Real=0.01s
[2026-10-07T17:47:50.130+0800][16.295s][info][safepoint   ] Safepoint "G1CollectForAllocation", Time since last: 172510792 ns, Reaching safepoint: 58167 ns, At safepoint: 5176333 ns, Total: 5234500 ns
[2026-10-07T17:47:50.132+0800][16.298s][info][gc,start    ] GC(34) Pause Young (Mixed) (G1 Evacuation Pause)
[2026-10-07T17:47:50.133+0800][16.298s][info][gc,task     ] GC(34) Using 3 workers of 9 for evacuation
[2026-10-07T17:47:50.138+0800][16.304s][info][gc,phases   ] GC(34)   Pre Evacuate Collection Set: 0.0ms
[2026-10-07T17:47:50.138+0800][16.304s][info][gc,phases   ] GC(34)   Merge Heap Roots: 0.1ms
[2026-10-07T17:47:50.138+0800][16.304s][info][gc,phases   ] GC(34)   Evacuate Collection Set: 5.1ms
[2026-10-07T17:47:50.138+0800][16.304s][info][gc,phases   ] GC(34)   Post Evacuate Collection Set: 0.1ms
[2026-10-07T17:47:50.138+0800][16.304s][info][gc,phases   ] GC(34)   Other: 0.0ms
[2026-10-07T17:47:50.138+0800][16.304s][info][gc,heap     ] GC(34) Eden regions: 2->0(63)
[2026-10-07T17:47:50.138+0800][16.304s][info][gc,heap     ] GC(34) Survivor regions: 5->1(1)
[2026-10-07T17:47:50.138+0800][16.304s][info][gc,heap     ] GC(34) Old regions: 56->59
[2026-10-07T17:47:50.138+0800][16.304s][info][gc,heap     ] GC(34) Archive regions: 2->2
[2026-10-07T17:47:50.138+0800][16.304s][info][gc,heap     ] GC(34) Humongous regions: 4->4
[2026-10-07T17:47:50.138+0800][16.304s][info][gc,metaspace] GC(34) Metaspace: 106583K(107328K)->106583K(107328K) NonClass: 91895K(92288K)->91895K(92288K) Class: 14688K(15040K)->14688K(15040K)
[2026-10-07T17:47:50.138+0800][16.304s][info][gc          ] GC(34) Pause Young (Mixed) (G1 Evacuation Pause) 66M->64M(154M) 5.454ms
[2026-10-07T17:47:50.138+0800][16.304s][info][gc,cpu      ] GC(34) User=0.02s Sys=0.00s Real=0.00s
[2026-10-07T17:47:50.138+0800][16.304s][info][safepoint   ] Safepoint "G1CollectForAllocation", Time since last: 2763833 ns, Reaching safepoint: 11000 ns, At safepoint: 5496250 ns, Total: 5507250 ns
[2026-10-07T17:47:50.443+0800][16.608s][info][gc,start    ] GC(35) Pause Young (Normal) (G1 Evacuation Pause)
[2026-10-07T17:47:50.443+0800][16.609s][info][gc,task     ] GC(35) Using 3 workers of 9 for evacuation
[2026-10-07T17:47:50.448+0800][16.614s][info][gc,phases   ] GC(35)   Pre Evacuate Collection Set: 0.1ms
[2026-10-07T17:47:50.448+0800][16.614s][info][gc,phases   ] GC(35)   Merge Heap Roots: 0.1ms
[2026-10-07T17:47:50.448+0800][16.614s][info][gc,phases   ] GC(35)   Evacuate Collection Set: 4.2ms
[2026-10-07T17:47:50.448+0800][16.614s][info][gc,phases   ] GC(35)   Post Evacuate Collection Set: 0.6ms
[2026-10-07T17:47:50.448+0800][16.614s][info][gc,phases   ] GC(35)   Other: 0.1ms
[2026-10-07T17:47:50.448+0800][16.614s][info][gc,heap     ] GC(35) Eden regions: 63->0(194)
[2026-10-07T17:47:50.448+0800][16.614s][info][gc,heap     ] GC(35) Survivor regions: 1->2(8)
[2026-10-07T17:47:50.448+0800][16.614s][info][gc,heap     ] GC(35) Old regions: 59->59
[2026-10-07T17:47:50.448+0800][16.614s][info][gc,heap     ] GC(35) Archive regions: 2->2
[2026-10-07T17:47:50.448+0800][16.614s][info][gc,heap     ] GC(35) Humongous regions: 6->4
[2026-10-07T17:47:50.448+0800][16.614s][info][gc,metaspace] GC(35) Metaspace: 109117K(110016K)->109117K(110016K) NonClass: 94276K(94720K)->94276K(94720K) Class: 14840K(15296K)->14840K(15296K)
[2026-10-07T17:47:50.448+0800][16.614s][info][gc          ] GC(35) Pause Young (Normal) (G1 Evacuation Pause) 129M->65M(327M) 5.098ms
[2026-10-07T17:47:50.448+0800][16.614s][info][gc,cpu      ] GC(35) User=0.00s Sys=0.00s Real=0.00s
[2026-10-07T17:47:50.448+0800][16.614s][info][safepoint   ] Safepoint "G1CollectForAllocation", Time since last: 304739042 ns, Reaching safepoint: 66583 ns, At safepoint: 5174542 ns, Total: 5241125 ns
[2026-10-07T17:47:50.903+0800][17.069s][info][safepoint   ] Safepoint "ICBufferFull", Time since last: 455065833 ns, Reaching safepoint: 103042 ns, At safepoint: 2167 ns, Total: 105209 ns
[2026-10-07T17:47:50.994+0800][17.160s][info][safepoint   ] Safepoint "ICBufferFull", Time since last: 91143583 ns, Reaching safepoint: 146583 ns, At safepoint: 3500 ns, Total: 150083 ns
[2026-10-07T17:47:51.195+0800][17.361s][info][safepoint   ] Safepoint "RedefineClasses", Time since last: 4348292 ns, Reaching safepoint: 40583 ns, At safepoint: 196256792 ns, Total: 196297375 ns
[2026-10-07T17:47:51.275+0800][17.441s][info][safepoint   ] Safepoint "RedefineClasses", Time since last: 65389083 ns, Reaching safepoint: 91250 ns, At safepoint: 14536000 ns, Total: 14627250 ns
[2026-10-07T17:47:51.302+0800][17.468s][info][safepoint   ] Safepoint "ICBufferFull", Time since last: 27217167 ns, Reaching safepoint: 65792 ns, At safepoint: 708 ns, Total: 66500 ns
[2026-10-07T17:47:51.454+0800][17.620s][info][safepoint   ] Safepoint "ICBufferFull", Time since last: 151443875 ns, Reaching safepoint: 49542 ns, At safepoint: 666 ns, Total: 50208 ns
[2026-10-07T17:47:51.629+0800][17.795s][info][safepoint   ] Safepoint "ICBufferFull", Time since last: 175338667 ns, Reaching safepoint: 193708 ns, At safepoint: 5334 ns, Total: 199042 ns
[2026-10-07T17:47:51.786+0800][17.952s][info][gc,start    ] GC(36) Pause Young (Normal) (G1 Evacuation Pause)
[2026-10-07T17:47:51.786+0800][17.952s][info][gc,task     ] GC(36) Using 7 workers of 9 for evacuation
[2026-10-07T17:47:51.821+0800][17.987s][info][gc,phases   ] GC(36)   Pre Evacuate Collection Set: 0.1ms
[2026-10-07T17:47:51.821+0800][17.987s][info][gc,phases   ] GC(36)   Merge Heap Roots: 0.2ms
[2026-10-07T17:47:51.821+0800][17.987s][info][gc,phases   ] GC(36)   Evacuate Collection Set: 33.4ms
[2026-10-07T17:47:51.821+0800][17.987s][info][gc,phases   ] GC(36)   Post Evacuate Collection Set: 1.6ms
[2026-10-07T17:47:51.821+0800][17.987s][info][gc,phases   ] GC(36)   Other: 0.3ms
[2026-10-07T17:47:51.821+0800][17.987s][info][gc,heap     ] GC(36) Eden regions: 194->0(187)
[2026-10-07T17:47:51.821+0800][17.987s][info][gc,heap     ] GC(36) Survivor regions: 2->9(25)
[2026-10-07T17:47:51.821+0800][17.987s][info][gc,heap     ] GC(36) Old regions: 59->59
[2026-10-07T17:47:51.821+0800][17.987s][info][gc,heap     ] GC(36) Archive regions: 2->2
[2026-10-07T17:47:51.821+0800][17.987s][info][gc,heap     ] GC(36) Humongous regions: 4->4
[2026-10-07T17:47:51.822+0800][17.987s][info][gc,metaspace] GC(36) Metaspace: 110976K(111872K)->110976K(111872K) NonClass: 96002K(96448K)->96002K(96448K) Class: 14974K(15424K)->14974K(15424K)
[2026-10-07T17:47:51.822+0800][17.987s][info][gc          ] GC(36) Pause Young (Normal) (G1 Evacuation Pause) 259M->72M(327M) 35.574ms
[2026-10-07T17:47:51.822+0800][17.987s][info][gc,cpu      ] GC(36) User=0.03s Sys=0.07s Real=0.04s
[2026-10-07T17:47:51.822+0800][17.987s][info][safepoint   ] Safepoint "G1CollectForAllocation", Time since last: 156348791 ns, Reaching safepoint: 110709 ns, At safepoint: 35728833 ns, Total: 35839542 ns
[2026-10-07T17:47:52.310+0800][18.476s][info][safepoint   ] Safepoint "ICBufferFull", Time since last: 488379083 ns, Reaching safepoint: 79834 ns, At safepoint: 42291 ns, Total: 122125 ns
[2026-10-07T17:47:53.457+0800][19.622s][info][safepoint   ] Safepoint "Cleanup", Time since last: 1144587834 ns, Reaching safepoint: 1815708 ns, At safepoint: 186417 ns, Total: 2002125 ns
[2026-10-07T17:47:53.988+0800][20.154s][info][safepoint   ] Safepoint "ICBufferFull", Time since last: 531156416 ns, Reaching safepoint: 163500 ns, At safepoint: 8875 ns, Total: 172375 ns
[2026-10-07T17:47:54.104+0800][20.270s][info][safepoint   ] Safepoint "ICBufferFull", Time since last: 77680542 ns, Reaching safepoint: 38451708 ns, At safepoint: 167709 ns, Total: 38619417 ns
[2026-10-07T17:47:54.288+0800][20.453s][info][gc,start    ] GC(37) Pause Young (Normal) (G1 Evacuation Pause)
[2026-10-07T17:47:54.288+0800][20.453s][info][gc,task     ] GC(37) Using 7 workers of 9 for evacuation
[2026-10-07T17:47:54.312+0800][20.478s][info][gc,phases   ] GC(37)   Pre Evacuate Collection Set: 0.1ms
[2026-10-07T17:47:54.312+0800][20.478s][info][gc,phases   ] GC(37)   Merge Heap Roots: 0.1ms
[2026-10-07T17:47:54.312+0800][20.478s][info][gc,phases   ] GC(37)   Evacuate Collection Set: 22.0ms
[2026-10-07T17:47:54.312+0800][20.478s][info][gc,phases   ] GC(37)   Post Evacuate Collection Set: 2.0ms
[2026-10-07T17:47:54.312+0800][20.478s][info][gc,phases   ] GC(37)   Other: 0.2ms
[2026-10-07T17:47:54.312+0800][20.478s][info][gc,heap     ] GC(37) Eden regions: 187->0(181)
[2026-10-07T17:47:54.312+0800][20.478s][info][gc,heap     ] GC(37) Survivor regions: 9->15(25)
[2026-10-07T17:47:54.312+0800][20.478s][info][gc,heap     ] GC(37) Old regions: 59->59
[2026-10-07T17:47:54.312+0800][20.478s][info][gc,heap     ] GC(37) Archive regions: 2->2
[2026-10-07T17:47:54.312+0800][20.478s][info][gc,heap     ] GC(37) Humongous regions: 5->5
[2026-10-07T17:47:54.312+0800][20.478s][info][gc,metaspace] GC(37) Metaspace: 113554K(114432K)->113554K(114432K) NonClass: 98249K(98688K)->98249K(98688K) Class: 15305K(15744K)->15305K(15744K)
[2026-10-07T17:47:54.312+0800][20.478s][info][gc          ] GC(37) Pause Young (Normal) (G1 Evacuation Pause) 260M->79M(327M) 24.402ms
[2026-10-07T17:47:54.312+0800][20.478s][info][gc,cpu      ] GC(37) User=0.03s Sys=0.03s Real=0.03s
[2026-10-07T17:47:54.313+0800][20.478s][info][safepoint   ] Safepoint "G1CollectForAllocation", Time since last: 183171875 ns, Reaching safepoint: 101291 ns, At safepoint: 24837500 ns, Total: 24938791 ns
[2026-10-07T17:47:55.313+0800][21.479s][info][safepoint   ] Safepoint "Cleanup", Time since last: 1000432417 ns, Reaching safepoint: 153542 ns, At safepoint: 2333 ns, Total: 155875 ns
[2026-10-07T17:47:55.686+0800][21.852s][info][safepoint   ] Safepoint "ICBufferFull", Time since last: 373110083 ns, Reaching safepoint: 80334 ns, At safepoint: 2208 ns, Total: 82542 ns
[2026-10-07T17:47:55.788+0800][21.954s][info][gc,start    ] GC(38) Pause Young (Normal) (G1 Evacuation Pause)
[2026-10-07T17:47:55.788+0800][21.954s][info][gc,task     ] GC(38) Using 7 workers of 9 for evacuation
[2026-10-07T17:47:55.933+0800][22.099s][info][gc,phases   ] GC(38)   Pre Evacuate Collection Set: 0.2ms
[2026-10-07T17:47:55.933+0800][22.099s][info][gc,phases   ] GC(38)   Merge Heap Roots: 0.4ms
[2026-10-07T17:47:55.933+0800][22.099s][info][gc,phases   ] GC(38)   Evacuate Collection Set: 130.4ms
[2026-10-07T17:47:55.933+0800][22.099s][info][gc,phases   ] GC(38)   Post Evacuate Collection Set: 14.1ms
[2026-10-07T17:47:55.933+0800][22.099s][info][gc,phases   ] GC(38)   Other: 0.1ms
[2026-10-07T17:47:55.933+0800][22.099s][info][gc,heap     ] GC(38) Eden regions: 181->0(184)
[2026-10-07T17:47:55.933+0800][22.099s][info][gc,heap     ] GC(38) Survivor regions: 15->12(25)
[2026-10-07T17:47:55.933+0800][22.099s][info][gc,heap     ] GC(38) Old regions: 59->67
[2026-10-07T17:47:55.933+0800][22.099s][info][gc,heap     ] GC(38) Archive regions: 2->2
[2026-10-07T17:47:55.933+0800][22.099s][info][gc,heap     ] GC(38) Humongous regions: 5->5
[2026-10-07T17:47:55.933+0800][22.099s][info][gc,metaspace] GC(38) Metaspace: 119319K(120256K)->119319K(120256K) NonClass: 103202K(103680K)->103202K(103680K) Class: 16116K(16576K)->16116K(16576K)
[2026-10-07T17:47:55.933+0800][22.099s][info][gc          ] GC(38) Pause Young (Normal) (G1 Evacuation Pause) 260M->84M(327M) 145.330ms
[2026-10-07T17:47:55.933+0800][22.099s][info][gc,cpu      ] GC(38) User=0.05s Sys=0.07s Real=0.15s
[2026-10-07T17:47:55.934+0800][22.100s][info][safepoint   ] Safepoint "G1CollectForAllocation", Time since last: 101971708 ns, Reaching safepoint: 48750 ns, At safepoint: 146380334 ns, Total: 146429084 ns
[2026-10-07T17:47:56.495+0800][22.661s][info][safepoint   ] Safepoint "ICBufferFull", Time since last: 560866958 ns, Reaching safepoint: 106542 ns, At safepoint: 2041 ns, Total: 108583 ns
[2026-10-07T17:47:56.597+0800][22.763s][info][safepoint   ] Safepoint "ICBufferFull", Time since last: 101380709 ns, Reaching safepoint: 94541 ns, At safepoint: 7875 ns, Total: 102416 ns
[2026-10-07T17:47:56.868+0800][23.034s][info][safepoint   ] Safepoint "ICBufferFull", Time since last: 271277459 ns, Reaching safepoint: 118000 ns, At safepoint: 1833 ns, Total: 119833 ns
[2026-10-07T17:47:57.139+0800][23.305s][info][safepoint   ] Safepoint "ICBufferFull", Time since last: 270825875 ns, Reaching safepoint: 67000 ns, At safepoint: 1250 ns, Total: 68250 ns
[2026-10-07T17:47:57.832+0800][23.997s][info][safepoint   ] Safepoint "ICBufferFull", Time since last: 691587500 ns, Reaching safepoint: 744167 ns, At safepoint: 3500 ns, Total: 747667 ns
[2026-10-07T17:47:57.832+0800][23.998s][info][safepoint   ] Safepoint "ICBufferFull", Time since last: 232458 ns, Reaching safepoint: 543000 ns, At safepoint: 65292 ns, Total: 608292 ns
[2026-10-07T17:47:57.931+0800][24.097s][info][gc,start    ] GC(39) Pause Young (Normal) (G1 Evacuation Pause)
[2026-10-07T17:47:57.931+0800][24.097s][info][gc,task     ] GC(39) Using 7 workers of 9 for evacuation
[2026-10-07T17:47:58.004+0800][24.169s][info][gc,phases   ] GC(39)   Pre Evacuate Collection Set: 0.1ms
[2026-10-07T17:47:58.004+0800][24.169s][info][gc,phases   ] GC(39)   Merge Heap Roots: 0.4ms
[2026-10-07T17:47:58.004+0800][24.169s][info][gc,phases   ] GC(39)   Evacuate Collection Set: 68.2ms
[2026-10-07T17:47:58.004+0800][24.169s][info][gc,phases   ] GC(39)   Post Evacuate Collection Set: 3.4ms
[2026-10-07T17:47:58.004+0800][24.169s][info][gc,phases   ] GC(39)   Other: 0.2ms
[2026-10-07T17:47:58.004+0800][24.169s][info][gc,heap     ] GC(39) Eden regions: 184->0(182)
[2026-10-07T17:47:58.004+0800][24.169s][info][gc,heap     ] GC(39) Survivor regions: 12->14(25)
[2026-10-07T17:47:58.004+0800][24.170s][info][gc,heap     ] GC(39) Old regions: 67->67
[2026-10-07T17:47:58.004+0800][24.170s][info][gc,heap     ] GC(39) Archive regions: 2->2
[2026-10-07T17:47:58.004+0800][24.170s][info][gc,heap     ] GC(39) Humongous regions: 5->5
[2026-10-07T17:47:58.004+0800][24.170s][info][gc,metaspace] GC(39) Metaspace: 127293K(128256K)->127293K(128256K) NonClass: 110008K(110464K)->110008K(110464K) Class: 17285K(17792K)->17285K(17792K)
[2026-10-07T17:47:58.004+0800][24.170s][info][gc          ] GC(39) Pause Young (Normal) (G1 Evacuation Pause) 268M->86M(327M) 72.476ms
[2026-10-07T17:47:58.004+0800][24.170s][info][gc,cpu      ] GC(39) User=0.04s Sys=0.10s Real=0.07s
[2026-10-07T17:47:58.005+0800][24.171s][info][safepoint   ] Safepoint "G1CollectForAllocation", Time since last: 98805666 ns, Reaching safepoint: 143667 ns, At safepoint: 73778042 ns, Total: 73921709 ns
[2026-10-07T17:47:58.284+0800][24.450s][info][safepoint   ] Safepoint "ICBufferFull", Time since last: 278225208 ns, Reaching safepoint: 437583 ns, At safepoint: 110584 ns, Total: 548167 ns
[2026-10-07T17:47:58.549+0800][24.715s][info][safepoint   ] Safepoint "ICBufferFull", Time since last: 265086708 ns, Reaching safepoint: 104292 ns, At safepoint: 2666 ns, Total: 106958 ns
[2026-10-07T17:47:58.948+0800][25.114s][info][safepoint   ] Safepoint "ICBufferFull", Time since last: 398851417 ns, Reaching safepoint: 107500 ns, At safepoint: 2333 ns, Total: 109833 ns
[2026-10-07T17:47:59.031+0800][25.196s][info][safepoint   ] Safepoint "ICBufferFull", Time since last: 82455542 ns, Reaching safepoint: 161000 ns, At safepoint: 6625 ns, Total: 167625 ns
[2026-10-07T17:47:59.126+0800][25.292s][info][safepoint   ] Safepoint "ICBufferFull", Time since last: 95166208 ns, Reaching safepoint: 61334 ns, At safepoint: 708 ns, Total: 62042 ns
[2026-10-07T17:47:59.328+0800][25.494s][info][safepoint   ] Safepoint "ICBufferFull", Time since last: 202238875 ns, Reaching safepoint: 73500 ns, At safepoint: 7083 ns, Total: 80583 ns
[2026-10-07T17:47:59.371+0800][25.537s][info][safepoint   ] Safepoint "ICBufferFull", Time since last: 43114542 ns, Reaching safepoint: 153167 ns, At safepoint: 19250 ns, Total: 172417 ns
[2026-10-07T17:47:59.564+0800][25.730s][info][safepoint   ] Safepoint "ICBufferFull", Time since last: 192291833 ns, Reaching safepoint: 110042 ns, At safepoint: 7666 ns, Total: 117708 ns
[2026-10-07T17:47:59.833+0800][25.998s][info][safepoint   ] Safepoint "ICBufferFull", Time since last: 268576500 ns, Reaching safepoint: 124042 ns, At safepoint: 74167 ns, Total: 198209 ns
[2026-10-07T17:48:00.174+0800][26.340s][info][safepoint   ] Safepoint "ICBufferFull", Time since last: 341212291 ns, Reaching safepoint: 349084 ns, At safepoint: 47666 ns, Total: 396750 ns
[2026-10-07T17:48:00.520+0800][26.686s][info][safepoint   ] Safepoint "ICBufferFull", Time since last: 345277375 ns, Reaching safepoint: 301709 ns, At safepoint: 1041 ns, Total: 302750 ns
[2026-10-07T17:48:00.583+0800][26.749s][info][safepoint   ] Safepoint "ICBufferFull", Time since last: 63382167 ns, Reaching safepoint: 168375 ns, At safepoint: 1250 ns, Total: 169625 ns
[2026-10-07T17:48:00.735+0800][26.901s][info][safepoint   ] Safepoint "ICBufferFull", Time since last: 151230292 ns, Reaching safepoint: 51458 ns, At safepoint: 3500 ns, Total: 54958 ns
[2026-10-07T17:48:00.857+0800][27.023s][info][safepoint   ] Safepoint "ICBufferFull", Time since last: 122620417 ns, Reaching safepoint: 156291 ns, At safepoint: 18500 ns, Total: 174791 ns
[2026-10-07T17:48:00.871+0800][27.037s][info][safepoint   ] Safepoint "ICBufferFull", Time since last: 12992375 ns, Reaching safepoint: 169625 ns, At safepoint: 31334 ns, Total: 200959 ns
[2026-10-07T17:48:01.010+0800][27.176s][info][safepoint   ] Safepoint "ICBufferFull", Time since last: 138839291 ns, Reaching safepoint: 158084 ns, At safepoint: 2916 ns, Total: 161000 ns
[2026-10-07T17:48:01.120+0800][27.286s][info][safepoint   ] Safepoint "ICBufferFull", Time since last: 110429625 ns, Reaching safepoint: 71292 ns, At safepoint: 542 ns, Total: 71834 ns
[2026-10-07T17:48:01.375+0800][27.541s][info][safepoint   ] Safepoint "ICBufferFull", Time since last: 254716166 ns, Reaching safepoint: 77750 ns, At safepoint: 5084 ns, Total: 82834 ns
[2026-10-07T17:48:01.669+0800][27.835s][info][safepoint   ] Safepoint "ICBufferFull", Time since last: 294284291 ns, Reaching safepoint: 71375 ns, At safepoint: 1125 ns, Total: 72500 ns
[2026-10-07T17:48:01.961+0800][28.127s][info][safepoint   ] Safepoint "ICBufferFull", Time since last: 291266459 ns, Reaching safepoint: 224500 ns, At safepoint: 47708 ns, Total: 272208 ns
[2026-10-07T17:48:02.245+0800][28.410s][info][safepoint   ] Safepoint "ICBufferFull", Time since last: 283471000 ns, Reaching safepoint: 305125 ns, At safepoint: 2542 ns, Total: 307667 ns
[2026-10-07T17:48:02.530+0800][28.696s][info][safepoint   ] Safepoint "ICBufferFull", Time since last: 285327541 ns, Reaching safepoint: 106250 ns, At safepoint: 5959 ns, Total: 112209 ns
[2026-10-07T17:48:02.765+0800][28.931s][info][safepoint   ] Safepoint "ICBufferFull", Time since last: 235399500 ns, Reaching safepoint: 63750 ns, At safepoint: 2041 ns, Total: 65791 ns
[2026-10-07T17:48:02.802+0800][28.968s][info][safepoint   ] Safepoint "ICBufferFull", Time since last: 36897042 ns, Reaching safepoint: 66833 ns, At safepoint: 1042 ns, Total: 67875 ns
[2026-10-07T17:48:02.947+0800][29.113s][info][safepoint   ] Safepoint "ICBufferFull", Time since last: 144947208 ns, Reaching safepoint: 117417 ns, At safepoint: 2500 ns, Total: 119917 ns
[2026-10-07T17:48:03.094+0800][29.260s][info][safepoint   ] Safepoint "ICBufferFull", Time since last: 146834917 ns, Reaching safepoint: 65791 ns, At safepoint: 7584 ns, Total: 73375 ns
[2026-10-07T17:48:03.872+0800][30.038s][info][safepoint   ] Safepoint "ICBufferFull", Time since last: 777425625 ns, Reaching safepoint: 270208 ns, At safepoint: 43542 ns, Total: 313750 ns
[2026-10-07T17:48:03.916+0800][30.082s][info][safepoint   ] Safepoint "ICBufferFull", Time since last: 41533000 ns, Reaching safepoint: 2598625 ns, At safepoint: 2375 ns, Total: 2601000 ns
[2026-10-07T17:48:04.361+0800][30.527s][info][safepoint   ] Safepoint "ICBufferFull", Time since last: 443112208 ns, Reaching safepoint: 542125 ns, At safepoint: 720625 ns, Total: 1262750 ns
[2026-10-07T17:48:04.674+0800][30.840s][info][safepoint   ] Safepoint "ICBufferFull", Time since last: 313864708 ns, Reaching safepoint: 62125 ns, At safepoint: 2792 ns, Total: 64917 ns
[2026-10-07T17:48:04.980+0800][31.146s][info][safepoint   ] Safepoint "ICBufferFull", Time since last: 305634833 ns, Reaching safepoint: 211584 ns, At safepoint: 1250 ns, Total: 212834 ns
[2026-10-07T17:48:05.147+0800][31.313s][info][safepoint   ] Safepoint "ICBufferFull", Time since last: 166819208 ns, Reaching safepoint: 95375 ns, At safepoint: 625 ns, Total: 96000 ns
[2026-10-07T17:48:05.256+0800][31.422s][info][safepoint   ] Safepoint "ICBufferFull", Time since last: 108378750 ns, Reaching safepoint: 82250 ns, At safepoint: 38375 ns, Total: 120625 ns
[2026-10-07T17:48:05.474+0800][31.640s][info][safepoint   ] Safepoint "ICBufferFull", Time since last: 218247375 ns, Reaching safepoint: 77500 ns, At safepoint: 3458 ns, Total: 80958 ns
[2026-10-07T17:48:06.053+0800][32.219s][info][safepoint   ] Safepoint "ICBufferFull", Time since last: 579258167 ns, Reaching safepoint: 102500 ns, At safepoint: 9750 ns, Total: 112250 ns
[2026-10-07T17:48:06.463+0800][32.629s][info][safepoint   ] Safepoint "ICBufferFull", Time since last: 408911167 ns, Reaching safepoint: 580083 ns, At safepoint: 2417 ns, Total: 582500 ns
[2026-10-07T17:48:06.617+0800][32.783s][info][safepoint   ] Safepoint "ICBufferFull", Time since last: 153972583 ns, Reaching safepoint: 188583 ns, At safepoint: 9167 ns, Total: 197750 ns
[2026-10-07T17:48:06.926+0800][33.092s][info][safepoint   ] Safepoint "ICBufferFull", Time since last: 308744417 ns, Reaching safepoint: 80375 ns, At safepoint: 5416 ns, Total: 85791 ns
[2026-10-07T17:48:07.166+0800][33.332s][info][safepoint   ] Safepoint "ICBufferFull", Time since last: 240228209 ns, Reaching safepoint: 64916 ns, At safepoint: 39125 ns, Total: 104041 ns
[2026-10-07T17:48:07.694+0800][33.860s][info][safepoint   ] Safepoint "ICBufferFull", Time since last: 527192375 ns, Reaching safepoint: 156709 ns, At safepoint: 1166 ns, Total: 157875 ns
[2026-10-07T17:48:07.896+0800][34.062s][info][safepoint   ] Safepoint "ICBufferFull", Time since last: 201920000 ns, Reaching safepoint: 57834 ns, At safepoint: 875 ns, Total: 58709 ns
[2026-10-07T17:48:08.587+0800][34.753s][info][safepoint   ] Safepoint "ICBufferFull", Time since last: 691353291 ns, Reaching safepoint: 273459 ns, At safepoint: 40000 ns, Total: 313459 ns
[2026-10-07T17:48:09.039+0800][35.205s][info][gc,start    ] GC(40) Pause Young (Normal) (G1 Evacuation Pause)
[2026-10-07T17:48:09.039+0800][35.205s][info][gc,task     ] GC(40) Using 9 workers of 9 for evacuation
[2026-10-07T17:48:09.084+0800][35.250s][info][gc,phases   ] GC(40)   Pre Evacuate Collection Set: 0.1ms
[2026-10-07T17:48:09.084+0800][35.250s][info][gc,phases   ] GC(40)   Merge Heap Roots: 0.1ms
[2026-10-07T17:48:09.084+0800][35.250s][info][gc,phases   ] GC(40)   Evacuate Collection Set: 43.5ms
[2026-10-07T17:48:09.084+0800][35.250s][info][gc,phases   ] GC(40)   Post Evacuate Collection Set: 1.3ms
[2026-10-07T17:48:09.084+0800][35.250s][info][gc,phases   ] GC(40)   Other: 0.1ms
[2026-10-07T17:48:09.084+0800][35.250s][info][gc,heap     ] GC(40) Eden regions: 182->0(178)
[2026-10-07T17:48:09.084+0800][35.250s][info][gc,heap     ] GC(40) Survivor regions: 14->18(25)
[2026-10-07T17:48:09.084+0800][35.250s][info][gc,heap     ] GC(40) Old regions: 67->67
[2026-10-07T17:48:09.084+0800][35.250s][info][gc,heap     ] GC(40) Archive regions: 2->2
[2026-10-07T17:48:09.084+0800][35.250s][info][gc,heap     ] GC(40) Humongous regions: 5->5
[2026-10-07T17:48:09.084+0800][35.250s][info][gc,metaspace] GC(40) Metaspace: 142110K(143296K)->142110K(143296K) NonClass: 123087K(123712K)->123087K(123712K) Class: 19023K(19584K)->19023K(19584K)
[2026-10-07T17:48:09.084+0800][35.250s][info][gc          ] GC(40) Pause Young (Normal) (G1 Evacuation Pause) 268M->90M(327M) 45.323ms
[2026-10-07T17:48:09.084+0800][35.250s][info][gc,cpu      ] GC(40) User=0.05s Sys=0.11s Real=0.05s
[2026-10-07T17:48:09.084+0800][35.250s][info][safepoint   ] Safepoint "G1CollectForAllocation", Time since last: 451203541 ns, Reaching safepoint: 142292 ns, At safepoint: 45730167 ns, Total: 45872459 ns
[2026-10-07T17:48:09.176+0800][35.342s][info][safepoint   ] Safepoint "ICBufferFull", Time since last: 91456500 ns, Reaching safepoint: 99000 ns, At safepoint: 8500 ns, Total: 107500 ns
[2026-10-07T17:48:09.214+0800][35.380s][info][safepoint   ] Safepoint "ICBufferFull", Time since last: 38113583 ns, Reaching safepoint: 136583 ns, At safepoint: 3084 ns, Total: 139667 ns
[2026-10-07T17:48:09.249+0800][35.415s][info][safepoint   ] Safepoint "ICBufferFull", Time since last: 34992166 ns, Reaching safepoint: 148875 ns, At safepoint: 5709 ns, Total: 154584 ns
[2026-10-07T17:48:09.327+0800][35.493s][info][safepoint   ] Safepoint "ICBufferFull", Time since last: 77105208 ns, Reaching safepoint: 824042 ns, At safepoint: 130916 ns, Total: 954958 ns
[2026-10-07T17:48:10.702+0800][36.868s][info][safepoint   ] Safepoint "ICBufferFull", Time since last: 1374053417 ns, Reaching safepoint: 669958 ns, At safepoint: 2334 ns, Total: 672292 ns
[2026-10-07T17:48:10.788+0800][36.954s][info][safepoint   ] Safepoint "ICBufferFull", Time since last: 85992666 ns, Reaching safepoint: 150250 ns, At safepoint: 3584 ns, Total: 153834 ns
[2026-10-07T17:48:10.964+0800][37.130s][info][safepoint   ] Safepoint "ICBufferFull", Time since last: 175178583 ns, Reaching safepoint: 560458 ns, At safepoint: 37042 ns, Total: 597500 ns
[2026-10-07T17:48:11.607+0800][37.774s][info][safepoint   ] Safepoint "ICBufferFull", Time since last: 643403500 ns, Reaching safepoint: 189958 ns, At safepoint: 2125 ns, Total: 192083 ns
[2026-10-07T17:48:11.923+0800][38.089s][info][safepoint   ] Safepoint "ICBufferFull", Time since last: 315345334 ns, Reaching safepoint: 105583 ns, At safepoint: 1292 ns, Total: 106875 ns
[2026-10-07T17:48:12.459+0800][38.625s][info][safepoint   ] Safepoint "ICBufferFull", Time since last: 535939083 ns, Reaching safepoint: 295917 ns, At safepoint: 1250 ns, Total: 297167 ns
[2026-10-07T17:48:12.683+0800][38.849s][info][safepoint   ] Safepoint "ICBufferFull", Time since last: 223617250 ns, Reaching safepoint: 215291 ns, At safepoint: 5417 ns, Total: 220708 ns
[2026-10-07T17:48:12.759+0800][38.925s][info][gc,start    ] GC(41) Pause Young (Normal) (G1 Evacuation Pause)
[2026-10-07T17:48:12.759+0800][38.925s][info][gc,task     ] GC(41) Using 9 workers of 9 for evacuation
[2026-10-07T17:48:12.799+0800][38.965s][info][gc,phases   ] GC(41)   Pre Evacuate Collection Set: 0.1ms
[2026-10-07T17:48:12.799+0800][38.965s][info][gc,phases   ] GC(41)   Merge Heap Roots: 0.2ms
[2026-10-07T17:48:12.799+0800][38.965s][info][gc,phases   ] GC(41)   Evacuate Collection Set: 38.9ms
[2026-10-07T17:48:12.799+0800][38.965s][info][gc,phases   ] GC(41)   Post Evacuate Collection Set: 0.6ms
[2026-10-07T17:48:12.799+0800][38.965s][info][gc,phases   ] GC(41)   Other: 0.2ms
[2026-10-07T17:48:12.799+0800][38.965s][info][gc,heap     ] GC(41) Eden regions: 178->0(167)
[2026-10-07T17:48:12.799+0800][38.965s][info][gc,heap     ] GC(41) Survivor regions: 18->23(25)
[2026-10-07T17:48:12.799+0800][38.965s][info][gc,heap     ] GC(41) Old regions: 67->74
[2026-10-07T17:48:12.799+0800][38.965s][info][gc,heap     ] GC(41) Archive regions: 2->2
[2026-10-07T17:48:12.799+0800][38.965s][info][gc,heap     ] GC(41) Humongous regions: 5->5
[2026-10-07T17:48:12.799+0800][38.965s][info][gc,metaspace] GC(41) Metaspace: 143589K(144832K)->143589K(144832K) NonClass: 124488K(125120K)->124488K(125120K) Class: 19100K(19712K)->19100K(19712K)
[2026-10-07T17:48:12.799+0800][38.965s][info][gc          ] GC(41) Pause Young (Normal) (G1 Evacuation Pause) 268M->102M(327M) 39.999ms
[2026-10-07T17:48:12.799+0800][38.965s][info][gc,cpu      ] GC(41) User=0.06s Sys=0.08s Real=0.04s
[2026-10-07T17:48:12.799+0800][38.965s][info][safepoint   ] Safepoint "G1CollectForAllocation", Time since last: 76062083 ns, Reaching safepoint: 60209 ns, At safepoint: 40069500 ns, Total: 40129709 ns
[2026-10-07T17:48:13.274+0800][39.440s][info][safepoint   ] Safepoint "ICBufferFull", Time since last: 474933083 ns, Reaching safepoint: 143875 ns, At safepoint: 11125 ns, Total: 155000 ns
[2026-10-07T17:48:13.720+0800][39.886s][info][safepoint   ] Safepoint "ICBufferFull", Time since last: 445100417 ns, Reaching safepoint: 396833 ns, At safepoint: 545667 ns, Total: 942500 ns
[2026-10-07T17:48:13.824+0800][39.990s][info][safepoint   ] Safepoint "ICBufferFull", Time since last: 103596250 ns, Reaching safepoint: 60083 ns, At safepoint: 2583 ns, Total: 62666 ns
[2026-10-07T17:48:13.983+0800][40.149s][info][safepoint   ] Safepoint "ICBufferFull", Time since last: 158469667 ns, Reaching safepoint: 115667 ns, At safepoint: 33958 ns, Total: 149625 ns
[2026-10-07T17:48:14.193+0800][40.360s][info][safepoint   ] Safepoint "ICBufferFull", Time since last: 210815292 ns, Reaching safepoint: 123125 ns, At safepoint: 916 ns, Total: 124041 ns
[2026-10-07T17:48:14.279+0800][40.445s][info][gc,start    ] GC(42) Pause Young (Normal) (G1 Evacuation Pause)
[2026-10-07T17:48:14.279+0800][40.445s][info][gc,task     ] GC(42) Using 9 workers of 9 for evacuation
[2026-10-07T17:48:14.325+0800][40.491s][info][gc,phases   ] GC(42)   Pre Evacuate Collection Set: 0.4ms
[2026-10-07T17:48:14.325+0800][40.491s][info][gc,phases   ] GC(42)   Merge Heap Roots: 0.7ms
[2026-10-07T17:48:14.325+0800][40.491s][info][gc,phases   ] GC(42)   Evacuate Collection Set: 43.4ms
[2026-10-07T17:48:14.325+0800][40.491s][info][gc,phases   ] GC(42)   Post Evacuate Collection Set: 1.3ms
[2026-10-07T17:48:14.325+0800][40.491s][info][gc,phases   ] GC(42)   Other: 0.3ms
[2026-10-07T17:48:14.325+0800][40.491s][info][gc,heap     ] GC(42) Eden regions: 167->0(163)
[2026-10-07T17:48:14.325+0800][40.491s][info][gc,heap     ] GC(42) Survivor regions: 23->19(24)
[2026-10-07T17:48:14.325+0800][40.491s][info][gc,heap     ] GC(42) Old regions: 74->84
[2026-10-07T17:48:14.325+0800][40.491s][info][gc,heap     ] GC(42) Archive regions: 2->2
[2026-10-07T17:48:14.325+0800][40.491s][info][gc,heap     ] GC(42) Humongous regions: 5->5
[2026-10-07T17:48:14.325+0800][40.491s][info][gc,metaspace] GC(42) Metaspace: 144141K(145344K)->144141K(145344K) NonClass: 125029K(125632K)->125029K(125632K) Class: 19112K(19712K)->19112K(19712K)
[2026-10-07T17:48:14.325+0800][40.491s][info][gc          ] GC(42) Pause Young (Normal) (G1 Evacuation Pause) 269M->108M(327M) 46.245ms
[2026-10-07T17:48:14.325+0800][40.491s][info][gc,cpu      ] GC(42) User=0.06s Sys=0.07s Real=0.05s
[2026-10-07T17:48:14.325+0800][40.492s][info][safepoint   ] Safepoint "G1CollectForAllocation", Time since last: 85168084 ns, Reaching safepoint: 176000 ns, At safepoint: 46634291 ns, Total: 46810291 ns
[2026-10-07T17:48:15.059+0800][41.225s][info][safepoint   ] Safepoint "ICBufferFull", Time since last: 733699084 ns, Reaching safepoint: 108833 ns, At safepoint: 1042 ns, Total: 109875 ns
[2026-10-07T17:48:15.743+0800][41.909s][info][gc,start    ] GC(43) Pause Young (Normal) (G1 Evacuation Pause)
[2026-10-07T17:48:15.766+0800][41.933s][info][gc,task     ] GC(43) Using 9 workers of 9 for evacuation
[2026-10-07T17:48:15.853+0800][42.020s][info][gc,phases   ] GC(43)   Pre Evacuate Collection Set: 0.6ms
[2026-10-07T17:48:15.853+0800][42.020s][info][gc,phases   ] GC(43)   Merge Heap Roots: 0.4ms
[2026-10-07T17:48:15.853+0800][42.020s][info][gc,phases   ] GC(43)   Evacuate Collection Set: 84.4ms
[2026-10-07T17:48:15.853+0800][42.020s][info][gc,phases   ] GC(43)   Post Evacuate Collection Set: 1.3ms
[2026-10-07T17:48:15.853+0800][42.020s][info][gc,phases   ] GC(43)   Other: 23.5ms
[2026-10-07T17:48:15.853+0800][42.020s][info][gc,heap     ] GC(43) Eden regions: 163->0(160)
[2026-10-07T17:48:15.853+0800][42.020s][info][gc,heap     ] GC(43) Survivor regions: 19->13(23)
[2026-10-07T17:48:15.853+0800][42.020s][info][gc,heap     ] GC(43) Old regions: 84->95
[2026-10-07T17:48:15.853+0800][42.020s][info][gc,heap     ] GC(43) Archive regions: 2->2
[2026-10-07T17:48:15.853+0800][42.020s][info][gc,heap     ] GC(43) Humongous regions: 5->5
[2026-10-07T17:48:15.853+0800][42.020s][info][gc,metaspace] GC(43) Metaspace: 144258K(145472K)->144258K(145472K) NonClass: 125146K(125760K)->125146K(125760K) Class: 19112K(19712K)->19112K(19712K)
[2026-10-07T17:48:15.853+0800][42.020s][info][gc          ] GC(43) Pause Young (Normal) (G1 Evacuation Pause) 271M->113M(327M) 110.256ms
[2026-10-07T17:48:15.853+0800][42.020s][info][gc,cpu      ] GC(43) User=0.04s Sys=0.07s Real=0.11s
[2026-10-07T17:48:15.854+0800][42.020s][info][safepoint   ] Safepoint "G1CollectForAllocation", Time since last: 682373375 ns, Reaching safepoint: 1455291 ns, At safepoint: 110724084 ns, Total: 112179375 ns
[2026-10-07T17:48:15.972+0800][42.139s][info][safepoint   ] Safepoint "ICBufferFull", Time since last: 118505291 ns, Reaching safepoint: 143500 ns, At safepoint: 55250 ns, Total: 198750 ns
[2026-10-07T17:48:15.991+0800][42.157s][info][safepoint   ] Safepoint "ICBufferFull", Time since last: 18036167 ns, Reaching safepoint: 154208 ns, At safepoint: 13084 ns, Total: 167292 ns
[2026-10-07T17:48:16.052+0800][42.219s][info][safepoint   ] Safepoint "ICBufferFull", Time since last: 61370625 ns, Reaching safepoint: 116416 ns, At safepoint: 76375 ns, Total: 192791 ns
[2026-10-07T17:48:16.063+0800][42.230s][info][safepoint   ] Safepoint "ICBufferFull", Time since last: 10950250 ns, Reaching safepoint: 208750 ns, At safepoint: 26125 ns, Total: 234875 ns
[2026-10-07T17:48:16.262+0800][42.428s][info][safepoint   ] Safepoint "RedefineClasses", Time since last: 15879875 ns, Reaching safepoint: 43084 ns, At safepoint: 182298625 ns, Total: 182341709 ns
[2026-10-07T17:48:16.793+0800][42.959s][info][gc,start    ] GC(44) Pause Young (Normal) (G1 Evacuation Pause)
[2026-10-07T17:48:16.793+0800][42.959s][info][gc,task     ] GC(44) Using 9 workers of 9 for evacuation
[2026-10-07T17:48:16.804+0800][42.970s][info][gc,phases   ] GC(44)   Pre Evacuate Collection Set: 0.1ms
[2026-10-07T17:48:16.804+0800][42.970s][info][gc,phases   ] GC(44)   Merge Heap Roots: 0.1ms
[2026-10-07T17:48:16.804+0800][42.970s][info][gc,phases   ] GC(44)   Evacuate Collection Set: 10.2ms
[2026-10-07T17:48:16.804+0800][42.970s][info][gc,phases   ] GC(44)   Post Evacuate Collection Set: 0.9ms
[2026-10-07T17:48:16.804+0800][42.970s][info][gc,phases   ] GC(44)   Other: 0.1ms
[2026-10-07T17:48:16.804+0800][42.970s][info][gc,heap     ] GC(44) Eden regions: 160->0(159)
[2026-10-07T17:48:16.804+0800][42.971s][info][gc,heap     ] GC(44) Survivor regions: 13->16(22)
[2026-10-07T17:48:16.804+0800][42.971s][info][gc,heap     ] GC(44) Old regions: 95->95
[2026-10-07T17:48:16.804+0800][42.971s][info][gc,heap     ] GC(44) Archive regions: 2->2
[2026-10-07T17:48:16.804+0800][42.971s][info][gc,heap     ] GC(44) Humongous regions: 5->5
[2026-10-07T17:48:16.804+0800][42.971s][info][gc,metaspace] GC(44) Metaspace: 144537K(145728K)->144537K(145728K) NonClass: 125413K(126016K)->125413K(126016K) Class: 19124K(19712K)->19124K(19712K)
[2026-10-07T17:48:16.804+0800][42.971s][info][gc          ] GC(44) Pause Young (Normal) (G1 Evacuation Pause) 273M->116M(327M) 11.597ms
[2026-10-07T17:48:16.804+0800][42.971s][info][gc,cpu      ] GC(44) User=0.03s Sys=0.03s Real=0.01s
[2026-10-07T17:48:16.804+0800][42.971s][info][safepoint   ] Safepoint "G1CollectForAllocation", Time since last: 530807583 ns, Reaching safepoint: 205792 ns, At safepoint: 11667708 ns, Total: 11873500 ns
[2026-10-07T17:48:17.614+0800][43.780s][info][safepoint   ] Safepoint "ICBufferFull", Time since last: 809429083 ns, Reaching safepoint: 165167 ns, At safepoint: 1208 ns, Total: 166375 ns
[2026-10-07T17:48:17.623+0800][43.789s][info][gc,start    ] GC(45) Pause Young (Normal) (G1 Evacuation Pause)
[2026-10-07T17:48:17.623+0800][43.789s][info][gc,task     ] GC(45) Using 9 workers of 9 for evacuation
[2026-10-07T17:48:17.642+0800][43.808s][info][gc,phases   ] GC(45)   Pre Evacuate Collection Set: 0.1ms
[2026-10-07T17:48:17.642+0800][43.808s][info][gc,phases   ] GC(45)   Merge Heap Roots: 0.1ms
[2026-10-07T17:48:17.642+0800][43.808s][info][gc,phases   ] GC(45)   Evacuate Collection Set: 17.4ms
[2026-10-07T17:48:17.642+0800][43.808s][info][gc,phases   ] GC(45)   Post Evacuate Collection Set: 1.1ms
[2026-10-07T17:48:17.642+0800][43.808s][info][gc,phases   ] GC(45)   Other: 0.4ms
[2026-10-07T17:48:17.642+0800][43.808s][info][gc,heap     ] GC(45) Eden regions: 159->0(155)
[2026-10-07T17:48:17.642+0800][43.808s][info][gc,heap     ] GC(45) Survivor regions: 16->14(22)
[2026-10-07T17:48:17.642+0800][43.808s][info][gc,heap     ] GC(45) Old regions: 95->102
[2026-10-07T17:48:17.642+0800][43.808s][info][gc,heap     ] GC(45) Archive regions: 2->2
[2026-10-07T17:48:17.642+0800][43.808s][info][gc,heap     ] GC(45) Humongous regions: 5->5
[2026-10-07T17:48:17.642+0800][43.808s][info][gc,metaspace] GC(45) Metaspace: 144580K(145792K)->144580K(145792K) NonClass: 125451K(126080K)->125451K(126080K) Class: 19128K(19712K)->19128K(19712K)
[2026-10-07T17:48:17.642+0800][43.808s][info][gc          ] GC(45) Pause Young (Normal) (G1 Evacuation Pause) 275M->121M(327M) 19.250ms
[2026-10-07T17:48:17.642+0800][43.808s][info][gc,cpu      ] GC(45) User=0.03s Sys=0.05s Real=0.02s
[2026-10-07T17:48:17.642+0800][43.808s][info][safepoint   ] Safepoint "G1CollectForAllocation", Time since last: 8633250 ns, Reaching safepoint: 30417 ns, At safepoint: 19477542 ns, Total: 19507959 ns
[2026-10-07T17:48:17.950+0800][44.117s][info][gc,start    ] GC(46) Pause Young (Normal) (G1 Evacuation Pause)
[2026-10-07T17:48:17.950+0800][44.117s][info][gc,task     ] GC(46) Using 9 workers of 9 for evacuation
[2026-10-07T17:48:17.956+0800][44.122s][info][gc,phases   ] GC(46)   Pre Evacuate Collection Set: 0.1ms
[2026-10-07T17:48:17.956+0800][44.122s][info][gc,phases   ] GC(46)   Merge Heap Roots: 0.1ms
[2026-10-07T17:48:17.956+0800][44.122s][info][gc,phases   ] GC(46)   Evacuate Collection Set: 4.4ms
[2026-10-07T17:48:17.956+0800][44.122s][info][gc,phases   ] GC(46)   Post Evacuate Collection Set: 0.5ms
[2026-10-07T17:48:17.956+0800][44.122s][info][gc,phases   ] GC(46)   Other: 0.1ms
[2026-10-07T17:48:17.956+0800][44.122s][info][gc,heap     ] GC(46) Eden regions: 155->0(155)
[2026-10-07T17:48:17.956+0800][44.122s][info][gc,heap     ] GC(46) Survivor regions: 14->12(22)
[2026-10-07T17:48:17.956+0800][44.122s][info][gc,heap     ] GC(46) Old regions: 102->106
[2026-10-07T17:48:17.956+0800][44.122s][info][gc,heap     ] GC(46) Archive regions: 2->2
[2026-10-07T17:48:17.956+0800][44.122s][info][gc,heap     ] GC(46) Humongous regions: 5->5
[2026-10-07T17:48:17.956+0800][44.122s][info][gc,metaspace] GC(46) Metaspace: 144583K(145792K)->144583K(145792K) NonClass: 125454K(126080K)->125454K(126080K) Class: 19128K(19712K)->19128K(19712K)
[2026-10-07T17:48:17.956+0800][44.122s][info][gc          ] GC(46) Pause Young (Normal) (G1 Evacuation Pause) 276M->123M(327M) 5.293ms
[2026-10-07T17:48:17.956+0800][44.122s][info][gc,cpu      ] GC(46) User=0.03s Sys=0.00s Real=0.00s
[2026-10-07T17:48:17.956+0800][44.122s][info][safepoint   ] Safepoint "G1CollectForAllocation", Time since last: 308216375 ns, Reaching safepoint: 74916 ns, At safepoint: 5360750 ns, Total: 5435666 ns
[2026-10-07T17:48:18.293+0800][44.459s][info][safepoint   ] Safepoint "ICBufferFull", Time since last: 337049459 ns, Reaching safepoint: 204875 ns, At safepoint: 5750 ns, Total: 210625 ns
[2026-10-07T17:48:18.350+0800][44.517s][info][safepoint   ] Safepoint "ICBufferFull", Time since last: 57471208 ns, Reaching safepoint: 60500 ns, At safepoint: 750 ns, Total: 61250 ns
[2026-10-07T17:48:18.679+0800][44.845s][info][safepoint   ] Safepoint "ICBufferFull", Time since last: 328596583 ns, Reaching safepoint: 88584 ns, At safepoint: 3458 ns, Total: 92042 ns
[2026-10-07T17:48:18.987+0800][45.153s][info][safepoint   ] Safepoint "ICBufferFull", Time since last: 307339583 ns, Reaching safepoint: 140125 ns, At safepoint: 24459 ns, Total: 164584 ns
[2026-10-07T17:48:19.015+0800][45.181s][info][gc,start    ] GC(47) Pause Young (Normal) (G1 Evacuation Pause)
[2026-10-07T17:48:19.015+0800][45.181s][info][gc,task     ] GC(47) Using 9 workers of 9 for evacuation
[2026-10-07T17:48:19.059+0800][45.225s][info][gc,phases   ] GC(47)   Pre Evacuate Collection Set: 0.3ms
[2026-10-07T17:48:19.059+0800][45.225s][info][gc,phases   ] GC(47)   Merge Heap Roots: 0.7ms
[2026-10-07T17:48:19.059+0800][45.225s][info][gc,phases   ] GC(47)   Evacuate Collection Set: 42.3ms
[2026-10-07T17:48:19.059+0800][45.225s][info][gc,phases   ] GC(47)   Post Evacuate Collection Set: 0.9ms
[2026-10-07T17:48:19.059+0800][45.226s][info][gc,phases   ] GC(47)   Other: 0.2ms
[2026-10-07T17:48:19.059+0800][45.226s][info][gc,heap     ] GC(47) Eden regions: 155->0(158)
[2026-10-07T17:48:19.059+0800][45.226s][info][gc,heap     ] GC(47) Survivor regions: 12->7(21)
[2026-10-07T17:48:19.059+0800][45.226s][info][gc,heap     ] GC(47) Old regions: 106->109
[2026-10-07T17:48:19.059+0800][45.226s][info][gc,heap     ] GC(47) Archive regions: 2->2
[2026-10-07T17:48:19.059+0800][45.226s][info][gc,heap     ] GC(47) Humongous regions: 5->5
[2026-10-07T17:48:19.059+0800][45.226s][info][gc,metaspace] GC(47) Metaspace: 144861K(146176K)->144861K(146176K) NonClass: 125704K(126400K)->125704K(126400K) Class: 19156K(19776K)->19156K(19776K)
[2026-10-07T17:48:19.059+0800][45.226s][info][gc          ] GC(47) Pause Young (Normal) (G1 Evacuation Pause) 278M->120M(327M) 44.489ms
[2026-10-07T17:48:19.059+0800][45.226s][info][gc,cpu      ] GC(47) User=0.03s Sys=0.10s Real=0.04s
[2026-10-07T17:48:19.059+0800][45.226s][info][safepoint   ] Safepoint "G1CollectForAllocation", Time since last: 27852833 ns, Reaching safepoint: 150583 ns, At safepoint: 44701584 ns, Total: 44852167 ns
[2026-10-07T17:48:19.554+0800][45.721s][info][safepoint   ] Safepoint "ICBufferFull", Time since last: 494522875 ns, Reaching safepoint: 284125 ns, At safepoint: 74083 ns, Total: 358208 ns
[2026-10-07T17:48:20.103+0800][46.270s][info][safepoint   ] Safepoint "ICBufferFull", Time since last: 549172833 ns, Reaching safepoint: 116167 ns, At safepoint: 7167 ns, Total: 123334 ns
[2026-10-07T17:48:20.173+0800][46.340s][info][safepoint   ] Safepoint "ICBufferFull", Time since last: 69553791 ns, Reaching safepoint: 124084 ns, At safepoint: 2708 ns, Total: 126792 ns
[2026-10-07T17:48:21.078+0800][47.244s][info][safepoint   ] Safepoint "ICBufferFull", Time since last: 904236750 ns, Reaching safepoint: 153833 ns, At safepoint: 8125 ns, Total: 161958 ns
[2026-10-07T17:48:22.222+0800][48.389s][info][safepoint   ] Safepoint "Cleanup", Time since last: 1144219334 ns, Reaching safepoint: 454000 ns, At safepoint: 20333 ns, Total: 474333 ns
[2026-10-07T17:48:22.352+0800][48.519s][info][safepoint   ] Safepoint "ICBufferFull", Time since last: 130085042 ns, Reaching safepoint: 62291 ns, At safepoint: 834 ns, Total: 63125 ns
[2026-10-07T17:48:23.030+0800][49.196s][info][safepoint   ] Safepoint "ICBufferFull", Time since last: 677499458 ns, Reaching safepoint: 126667 ns, At safepoint: 14000 ns, Total: 140667 ns
[2026-10-07T17:48:24.123+0800][50.289s][info][safepoint   ] Safepoint "ICBufferFull", Time since last: 1092809333 ns, Reaching safepoint: 221792 ns, At safepoint: 38708 ns, Total: 260500 ns
[2026-10-07T17:48:25.111+0800][51.278s][info][safepoint   ] Safepoint "RedefineClasses", Time since last: 492384333 ns, Reaching safepoint: 117209 ns, At safepoint: 495567916 ns, Total: 495685125 ns
[2026-10-07T17:48:25.143+0800][51.310s][info][safepoint   ] Safepoint "ICBufferFull", Time since last: 31975209 ns, Reaching safepoint: 82041 ns, At safepoint: 6625 ns, Total: 88666 ns
[2026-10-07T17:48:25.193+0800][51.359s][info][safepoint   ] Safepoint "ICBufferFull", Time since last: 49420167 ns, Reaching safepoint: 81708 ns, At safepoint: 8125 ns, Total: 89833 ns
[2026-10-07T17:48:25.247+0800][51.414s][info][safepoint   ] Safepoint "ICBufferFull", Time since last: 54730959 ns, Reaching safepoint: 78958 ns, At safepoint: 1375 ns, Total: 80333 ns
[2026-10-07T17:48:26.249+0800][52.416s][info][safepoint   ] Safepoint "Cleanup", Time since last: 1001189500 ns, Reaching safepoint: 682667 ns, At safepoint: 1625 ns, Total: 684292 ns
[2026-10-07T17:48:27.369+0800][53.536s][info][safepoint   ] Safepoint "Cleanup", Time since last: 1119312500 ns, Reaching safepoint: 833458 ns, At safepoint: 46208 ns, Total: 879666 ns
[2026-10-07T17:48:28.216+0800][54.383s][info][safepoint   ] Safepoint "ICBufferFull", Time since last: 846384459 ns, Reaching safepoint: 170833 ns, At safepoint: 5292 ns, Total: 176125 ns
[2026-10-07T17:48:29.023+0800][55.189s][info][safepoint   ] Safepoint "ICBufferFull", Time since last: 805924458 ns, Reaching safepoint: 957667 ns, At safepoint: 18791 ns, Total: 976458 ns
[2026-10-07T17:48:30.135+0800][56.302s][info][safepoint   ] Safepoint "Cleanup", Time since last: 1111022834 ns, Reaching safepoint: 1224583 ns, At safepoint: 175542 ns, Total: 1400125 ns
[2026-10-07T17:48:30.816+0800][56.983s][info][gc,start    ] GC(48) Pause Young (Normal) (G1 Evacuation Pause)
[2026-10-07T17:48:30.816+0800][56.983s][info][gc,task     ] GC(48) Using 9 workers of 9 for evacuation
[2026-10-07T17:48:30.936+0800][57.103s][info][gc,phases   ] GC(48)   Pre Evacuate Collection Set: 0.5ms
[2026-10-07T17:48:30.936+0800][57.103s][info][gc,phases   ] GC(48)   Merge Heap Roots: 1.2ms
[2026-10-07T17:48:30.936+0800][57.103s][info][gc,phases   ] GC(48)   Evacuate Collection Set: 117.6ms
[2026-10-07T17:48:30.936+0800][57.103s][info][gc,phases   ] GC(48)   Post Evacuate Collection Set: 0.9ms
[2026-10-07T17:48:30.937+0800][57.103s][info][gc,phases   ] GC(48)   Other: 0.1ms
[2026-10-07T17:48:30.937+0800][57.103s][info][gc,heap     ] GC(48) Eden regions: 158->0(154)
[2026-10-07T17:48:30.937+0800][57.103s][info][gc,heap     ] GC(48) Survivor regions: 7->10(21)
[2026-10-07T17:48:30.937+0800][57.103s][info][gc,heap     ] GC(48) Old regions: 109->109
[2026-10-07T17:48:30.937+0800][57.103s][info][gc,heap     ] GC(48) Archive regions: 2->2
[2026-10-07T17:48:30.937+0800][57.103s][info][gc,heap     ] GC(48) Humongous regions: 5->5
[2026-10-07T17:48:30.937+0800][57.103s][info][gc,metaspace] GC(48) Metaspace: 146584K(147904K)->146584K(147904K) NonClass: 127279K(127936K)->127279K(127936K) Class: 19304K(19968K)->19304K(19968K)
[2026-10-07T17:48:30.937+0800][57.103s][info][gc          ] GC(48) Pause Young (Normal) (G1 Evacuation Pause) 278M->124M(327M) 120.359ms
[2026-10-07T17:48:30.937+0800][57.103s][info][gc,cpu      ] GC(48) User=0.08s Sys=0.10s Real=0.12s
[2026-10-07T17:48:30.937+0800][57.103s][info][safepoint   ] Safepoint "G1CollectForAllocation", Time since last: 680663958 ns, Reaching safepoint: 248208 ns, At safepoint: 120503250 ns, Total: 120751458 ns
[2026-10-07T17:48:31.258+0800][57.425s][info][safepoint   ] Safepoint "ICBufferFull", Time since last: 321300250 ns, Reaching safepoint: 139417 ns, At safepoint: 54583 ns, Total: 194000 ns
[2026-10-07T17:48:32.409+0800][58.575s][info][safepoint   ] Safepoint "Cleanup", Time since last: 1147352959 ns, Reaching safepoint: 1463333 ns, At safepoint: 1646042 ns, Total: 3109375 ns
[2026-10-07T17:48:33.479+0800][59.646s][info][safepoint   ] Safepoint "Cleanup", Time since last: 1066127666 ns, Reaching safepoint: 3953000 ns, At safepoint: 313042 ns, Total: 4266042 ns
[2026-10-07T17:48:34.498+0800][60.665s][info][safepoint   ] Safepoint "Cleanup", Time since last: 1018288667 ns, Reaching safepoint: 893625 ns, At safepoint: 304583 ns, Total: 1198208 ns
[2026-10-07T17:48:34.593+0800][60.760s][info][safepoint   ] Safepoint "ICBufferFull", Time since last: 94807917 ns, Reaching safepoint: 120375 ns, At safepoint: 63250 ns, Total: 183625 ns
[2026-10-07T17:48:34.623+0800][60.789s][info][gc,start    ] GC(49) Pause Young (Normal) (G1 Evacuation Pause)
[2026-10-07T17:48:34.623+0800][60.789s][info][gc,task     ] GC(49) Using 9 workers of 9 for evacuation
[2026-10-07T17:48:34.715+0800][60.882s][info][gc,phases   ] GC(49)   Pre Evacuate Collection Set: 0.2ms
[2026-10-07T17:48:34.715+0800][60.882s][info][gc,phases   ] GC(49)   Merge Heap Roots: 0.2ms
[2026-10-07T17:48:34.715+0800][60.882s][info][gc,phases   ] GC(49)   Evacuate Collection Set: 90.7ms
[2026-10-07T17:48:34.715+0800][60.882s][info][gc,phases   ] GC(49)   Post Evacuate Collection Set: 1.0ms
[2026-10-07T17:48:34.715+0800][60.882s][info][gc,phases   ] GC(49)   Other: 0.2ms
[2026-10-07T17:48:34.715+0800][60.882s][info][gc,heap     ] GC(49) Eden regions: 154->0(142)
[2026-10-07T17:48:34.715+0800][60.882s][info][gc,heap     ] GC(49) Survivor regions: 10->18(21)
[2026-10-07T17:48:34.715+0800][60.882s][info][gc,heap     ] GC(49) Old regions: 109->109
[2026-10-07T17:48:34.715+0800][60.882s][info][gc,heap     ] GC(49) Archive regions: 2->2
[2026-10-07T17:48:34.715+0800][60.882s][info][gc,heap     ] GC(49) Humongous regions: 5->5
[2026-10-07T17:48:34.715+0800][60.882s][info][gc,metaspace] GC(49) Metaspace: 146800K(148160K)->146800K(148160K) NonClass: 127491K(128192K)->127491K(128192K) Class: 19309K(19968K)->19309K(19968K)
[2026-10-07T17:48:34.715+0800][60.882s][info][gc          ] GC(49) Pause Young (Normal) (G1 Evacuation Pause) 278M->131M(327M) 92.328ms
[2026-10-07T17:48:34.715+0800][60.882s][info][gc,cpu      ] GC(49) User=0.04s Sys=0.09s Real=0.09s
[2026-10-07T17:48:34.715+0800][60.882s][info][safepoint   ] Safepoint "G1CollectForAllocation", Time since last: 29090875 ns, Reaching safepoint: 98125 ns, At safepoint: 92484875 ns, Total: 92583000 ns
[2026-10-07T17:48:34.953+0800][61.119s][info][safepoint   ] Safepoint "ICBufferFull", Time since last: 237337125 ns, Reaching safepoint: 166708 ns, At safepoint: 4375 ns, Total: 171083 ns
[2026-10-07T17:48:36.103+0800][62.270s][info][safepoint   ] Safepoint "Cleanup", Time since last: 1145999083 ns, Reaching safepoint: 4790500 ns, At safepoint: 66500 ns, Total: 4857000 ns
[2026-10-07T17:48:36.772+0800][62.938s][info][gc,start    ] GC(50) Pause Young (Normal) (G1 Evacuation Pause)
[2026-10-07T17:48:36.772+0800][62.939s][info][gc,task     ] GC(50) Using 9 workers of 9 for evacuation
[2026-10-07T17:48:36.837+0800][63.004s][info][gc,phases   ] GC(50)   Pre Evacuate Collection Set: 0.1ms
[2026-10-07T17:48:36.837+0800][63.004s][info][gc,phases   ] GC(50)   Merge Heap Roots: 0.2ms
[2026-10-07T17:48:36.837+0800][63.004s][info][gc,phases   ] GC(50)   Evacuate Collection Set: 64.0ms
[2026-10-07T17:48:36.837+0800][63.004s][info][gc,phases   ] GC(50)   Post Evacuate Collection Set: 1.0ms
[2026-10-07T17:48:36.837+0800][63.004s][info][gc,phases   ] GC(50)   Other: 0.2ms
[2026-10-07T17:48:36.837+0800][63.004s][info][gc,heap     ] GC(50) Eden regions: 142->0(139)
[2026-10-07T17:48:36.837+0800][63.004s][info][gc,heap     ] GC(50) Survivor regions: 18->14(20)
[2026-10-07T17:48:36.837+0800][63.004s][info][gc,heap     ] GC(50) Old regions: 109->118
[2026-10-07T17:48:36.837+0800][63.004s][info][gc,heap     ] GC(50) Archive regions: 2->2
[2026-10-07T17:48:36.837+0800][63.004s][info][gc,heap     ] GC(50) Humongous regions: 5->5
[2026-10-07T17:48:36.837+0800][63.004s][info][gc,metaspace] GC(50) Metaspace: 146926K(148288K)->146926K(148288K) NonClass: 127617K(128320K)->127617K(128320K) Class: 19309K(19968K)->19309K(19968K)
[2026-10-07T17:48:36.837+0800][63.004s][info][gc          ] GC(50) Pause Young (Normal) (G1 Evacuation Pause) 273M->137M(327M) 65.674ms
[2026-10-07T17:48:36.837+0800][63.004s][info][gc,cpu      ] GC(50) User=0.05s Sys=0.09s Real=0.06s
[2026-10-07T17:48:36.837+0800][63.004s][info][safepoint   ] Safepoint "G1CollectForAllocation", Time since last: 668037292 ns, Reaching safepoint: 177042 ns, At safepoint: 65819625 ns, Total: 65996667 ns
[2026-10-07T17:48:37.121+0800][63.288s][info][safepoint   ] Safepoint "ICBufferFull", Time since last: 283588250 ns, Reaching safepoint: 74750 ns, At safepoint: 2250 ns, Total: 77000 ns
[2026-10-07T17:48:37.296+0800][63.463s][info][gc,start    ] GC(51) Pause Young (Normal) (G1 Evacuation Pause)
[2026-10-07T17:48:37.296+0800][63.463s][info][gc,task     ] GC(51) Using 9 workers of 9 for evacuation
[2026-10-07T17:48:37.318+0800][63.485s][info][gc,phases   ] GC(51)   Pre Evacuate Collection Set: 0.2ms
[2026-10-07T17:48:37.318+0800][63.485s][info][gc,phases   ] GC(51)   Merge Heap Roots: 0.1ms
[2026-10-07T17:48:37.318+0800][63.485s][info][gc,phases   ] GC(51)   Evacuate Collection Set: 21.1ms
[2026-10-07T17:48:37.318+0800][63.485s][info][gc,phases   ] GC(51)   Post Evacuate Collection Set: 0.9ms
[2026-10-07T17:48:37.318+0800][63.485s][info][gc,phases   ] GC(51)   Other: 0.2ms
[2026-10-07T17:48:37.318+0800][63.485s][info][gc,heap     ] GC(51) Eden regions: 139->0(136)
[2026-10-07T17:48:37.318+0800][63.485s][info][gc,heap     ] GC(51) Survivor regions: 14->11(20)
[2026-10-07T17:48:37.318+0800][63.485s][info][gc,heap     ] GC(51) Old regions: 118->125
[2026-10-07T17:48:37.318+0800][63.485s][info][gc,heap     ] GC(51) Archive regions: 2->2
[2026-10-07T17:48:37.318+0800][63.485s][info][gc,heap     ] GC(51) Humongous regions: 5->5
[2026-10-07T17:48:37.318+0800][63.485s][info][gc,metaspace] GC(51) Metaspace: 147282K(148672K)->147282K(148672K) NonClass: 127972K(128704K)->127972K(128704K) Class: 19310K(19968K)->19310K(19968K)
[2026-10-07T17:48:37.318+0800][63.485s][info][gc          ] GC(51) Pause Young (Normal) (G1 Evacuation Pause) 276M->141M(327M) 22.541ms
[2026-10-07T17:48:37.318+0800][63.485s][info][gc,cpu      ] GC(51) User=0.03s Sys=0.01s Real=0.02s
[2026-10-07T17:48:37.318+0800][63.485s][info][safepoint   ] Safepoint "G1CollectForAllocation", Time since last: 174337125 ns, Reaching safepoint: 407166 ns, At safepoint: 22654542 ns, Total: 23061708 ns
[2026-10-07T17:48:37.728+0800][63.895s][info][gc,start    ] GC(52) Pause Young (Normal) (G1 Evacuation Pause)
[2026-10-07T17:48:37.728+0800][63.895s][info][gc,task     ] GC(52) Using 9 workers of 9 for evacuation
[2026-10-07T17:48:37.736+0800][63.902s][info][gc,phases   ] GC(52)   Pre Evacuate Collection Set: 0.1ms
[2026-10-07T17:48:37.736+0800][63.903s][info][gc,phases   ] GC(52)   Merge Heap Roots: 0.1ms
[2026-10-07T17:48:37.736+0800][63.903s][info][gc,phases   ] GC(52)   Evacuate Collection Set: 6.2ms
[2026-10-07T17:48:37.736+0800][63.903s][info][gc,phases   ] GC(52)   Post Evacuate Collection Set: 0.7ms
[2026-10-07T17:48:37.736+0800][63.903s][info][gc,phases   ] GC(52)   Other: 0.3ms
[2026-10-07T17:48:37.736+0800][63.903s][info][gc,heap     ] GC(52) Eden regions: 136->0(134)
[2026-10-07T17:48:37.736+0800][63.903s][info][gc,heap     ] GC(52) Survivor regions: 11->14(19)
[2026-10-07T17:48:37.736+0800][63.903s][info][gc,heap     ] GC(52) Old regions: 125->125
[2026-10-07T17:48:37.736+0800][63.903s][info][gc,heap     ] GC(52) Archive regions: 2->2
[2026-10-07T17:48:37.736+0800][63.903s][info][gc,heap     ] GC(52) Humongous regions: 5->5
[2026-10-07T17:48:37.736+0800][63.903s][info][gc,metaspace] GC(52) Metaspace: 147374K(148736K)->147374K(148736K) NonClass: 128058K(128768K)->128058K(128768K) Class: 19316K(19968K)->19316K(19968K)
[2026-10-07T17:48:37.736+0800][63.903s][info][gc          ] GC(52) Pause Young (Normal) (G1 Evacuation Pause) 277M->144M(327M) 7.543ms
[2026-10-07T17:48:37.736+0800][63.903s][info][gc,cpu      ] GC(52) User=0.04s Sys=0.00s Real=0.01s
[2026-10-07T17:48:37.736+0800][63.903s][info][safepoint   ] Safepoint "G1CollectForAllocation", Time since last: 409466333 ns, Reaching safepoint: 244834 ns, At safepoint: 7637250 ns, Total: 7882084 ns
[2026-10-07T17:48:38.070+0800][64.237s][info][gc,start    ] GC(53) Pause Young (Normal) (G1 Evacuation Pause)
[2026-10-07T17:48:38.070+0800][64.237s][info][gc,task     ] GC(53) Using 9 workers of 9 for evacuation
[2026-10-07T17:48:38.083+0800][64.250s][info][gc,phases   ] GC(53)   Pre Evacuate Collection Set: 0.1ms
[2026-10-07T17:48:38.083+0800][64.250s][info][gc,phases   ] GC(53)   Merge Heap Roots: 0.1ms
[2026-10-07T17:48:38.083+0800][64.250s][info][gc,phases   ] GC(53)   Evacuate Collection Set: 11.4ms
[2026-10-07T17:48:38.083+0800][64.250s][info][gc,phases   ] GC(53)   Post Evacuate Collection Set: 1.1ms
[2026-10-07T17:48:38.083+0800][64.250s][info][gc,phases   ] GC(53)   Other: 0.1ms
[2026-10-07T17:48:38.083+0800][64.250s][info][gc,heap     ] GC(53) Eden regions: 134->0(132)
[2026-10-07T17:48:38.083+0800][64.250s][info][gc,heap     ] GC(53) Survivor regions: 14->12(19)
[2026-10-07T17:48:38.083+0800][64.250s][info][gc,heap     ] GC(53) Old regions: 125->131
[2026-10-07T17:48:38.083+0800][64.250s][info][gc,heap     ] GC(53) Archive regions: 2->2
[2026-10-07T17:48:38.083+0800][64.250s][info][gc,heap     ] GC(53) Humongous regions: 5->5
[2026-10-07T17:48:38.083+0800][64.250s][info][gc,metaspace] GC(53) Metaspace: 147503K(148864K)->147503K(148864K) NonClass: 128184K(128896K)->128184K(128896K) Class: 19319K(19968K)->19319K(19968K)
[2026-10-07T17:48:38.083+0800][64.250s][info][gc          ] GC(53) Pause Young (Normal) (G1 Evacuation Pause) 278M->147M(327M) 12.812ms
[2026-10-07T17:48:38.083+0800][64.250s][info][gc,cpu      ] GC(53) User=0.03s Sys=0.01s Real=0.01s
[2026-10-07T17:48:38.083+0800][64.250s][info][safepoint   ] Safepoint "G1CollectForAllocation", Time since last: 334210583 ns, Reaching safepoint: 46250 ns, At safepoint: 12907333 ns, Total: 12953583 ns
[2026-10-07T17:48:38.559+0800][64.726s][info][gc,start    ] GC(54) Pause Young (Normal) (G1 Evacuation Pause)
[2026-10-07T17:48:38.560+0800][64.726s][info][gc,task     ] GC(54) Using 9 workers of 9 for evacuation
[2026-10-07T17:48:38.565+0800][64.732s][info][gc,phases   ] GC(54)   Pre Evacuate Collection Set: 0.1ms
[2026-10-07T17:48:38.565+0800][64.732s][info][gc,phases   ] GC(54)   Merge Heap Roots: 0.1ms
[2026-10-07T17:48:38.565+0800][64.732s][info][gc,phases   ] GC(54)   Evacuate Collection Set: 4.8ms
[2026-10-07T17:48:38.565+0800][64.732s][info][gc,phases   ] GC(54)   Post Evacuate Collection Set: 0.5ms
[2026-10-07T17:48:38.565+0800][64.732s][info][gc,phases   ] GC(54)   Other: 0.1ms
[2026-10-07T17:48:38.565+0800][64.732s][info][gc,heap     ] GC(54) Eden regions: 132->0(131)
[2026-10-07T17:48:38.565+0800][64.732s][info][gc,heap     ] GC(54) Survivor regions: 12->10(18)
[2026-10-07T17:48:38.565+0800][64.732s][info][gc,heap     ] GC(54) Old regions: 131->135
[2026-10-07T17:48:38.565+0800][64.732s][info][gc,heap     ] GC(54) Archive regions: 2->2
[2026-10-07T17:48:38.565+0800][64.732s][info][gc,heap     ] GC(54) Humongous regions: 5->5
[2026-10-07T17:48:38.565+0800][64.732s][info][gc,metaspace] GC(54) Metaspace: 147508K(148864K)->147508K(148864K) NonClass: 128189K(128896K)->128189K(128896K) Class: 19319K(19968K)->19319K(19968K)
[2026-10-07T17:48:38.565+0800][64.732s][info][gc          ] GC(54) Pause Young (Normal) (G1 Evacuation Pause) 279M->150M(327M) 5.646ms
[2026-10-07T17:48:38.565+0800][64.732s][info][gc,cpu      ] GC(54) User=0.03s Sys=0.02s Real=0.01s
[2026-10-07T17:48:38.565+0800][64.732s][info][safepoint   ] Safepoint "G1CollectForAllocation", Time since last: 476354084 ns, Reaching safepoint: 90916 ns, At safepoint: 5728375 ns, Total: 5819291 ns
[2026-10-07T17:48:39.695+0800][65.862s][info][safepoint   ] Safepoint "Cleanup", Time since last: 1129003042 ns, Reaching safepoint: 1319958 ns, At safepoint: 2667 ns, Total: 1322625 ns
[2026-10-07T17:48:40.845+0800][67.012s][info][safepoint   ] Safepoint "Cleanup", Time since last: 1145279708 ns, Reaching safepoint: 3826709 ns, At safepoint: 174750 ns, Total: 4001459 ns
[2026-10-07T17:48:41.992+0800][68.159s][info][safepoint   ] Safepoint "Cleanup", Time since last: 1146882500 ns, Reaching safepoint: 428541 ns, At safepoint: 7542 ns, Total: 436083 ns
[2026-10-07T17:48:42.564+0800][68.731s][info][safepoint   ] Safepoint "ICBufferFull", Time since last: 571207875 ns, Reaching safepoint: 400417 ns, At safepoint: 46625 ns, Total: 447042 ns
[2026-10-07T17:48:42.713+0800][68.880s][info][gc,start    ] GC(55) Pause Young (Normal) (G1 Evacuation Pause)
[2026-10-07T17:48:42.713+0800][68.880s][info][gc,task     ] GC(55) Using 9 workers of 9 for evacuation
[2026-10-07T17:48:42.765+0800][68.932s][info][gc,phases   ] GC(55)   Pre Evacuate Collection Set: 0.1ms
[2026-10-07T17:48:42.765+0800][68.932s][info][gc,phases   ] GC(55)   Merge Heap Roots: 0.2ms
[2026-10-07T17:48:42.765+0800][68.932s][info][gc,phases   ] GC(55)   Evacuate Collection Set: 50.3ms
[2026-10-07T17:48:42.765+0800][68.932s][info][gc,phases   ] GC(55)   Post Evacuate Collection Set: 0.7ms
[2026-10-07T17:48:42.765+0800][68.932s][info][gc,phases   ] GC(55)   Other: 1.5ms
[2026-10-07T17:48:42.765+0800][68.932s][info][gc,heap     ] GC(55) Eden regions: 131->0(124)
[2026-10-07T17:48:42.765+0800][68.932s][info][gc,heap     ] GC(55) Survivor regions: 10->11(18)
[2026-10-07T17:48:42.766+0800][68.932s][info][gc,heap     ] GC(55) Old regions: 135->137
[2026-10-07T17:48:42.766+0800][68.932s][info][gc,heap     ] GC(55) Archive regions: 2->2
[2026-10-07T17:48:42.766+0800][68.932s][info][gc,heap     ] GC(55) Humongous regions: 5->5
[2026-10-07T17:48:42.766+0800][68.932s][info][gc,metaspace] GC(55) Metaspace: 147840K(149184K)->147840K(149184K) NonClass: 128479K(129152K)->128479K(129152K) Class: 19361K(20032K)->19361K(20032K)
[2026-10-07T17:48:42.766+0800][68.932s][info][gc          ] GC(55) Pause Young (Normal) (G1 Evacuation Pause) 281M->153M(327M) 52.900ms
[2026-10-07T17:48:42.766+0800][68.932s][info][gc,cpu      ] GC(55) User=0.04s Sys=0.06s Real=0.05s
[2026-10-07T17:48:42.766+0800][68.933s][info][safepoint   ] Safepoint "G1CollectForAllocation", Time since last: 148926958 ns, Reaching safepoint: 73000 ns, At safepoint: 52973708 ns, Total: 53046708 ns
[2026-10-07T17:48:42.988+0800][69.155s][info][safepoint   ] Safepoint "ICBufferFull", Time since last: 221933209 ns, Reaching safepoint: 302666 ns, At safepoint: 45459 ns, Total: 348125 ns
[2026-10-07T17:48:43.294+0800][69.461s][info][gc,start    ] GC(56) Pause Young (Normal) (G1 Evacuation Pause)
[2026-10-07T17:48:43.294+0800][69.461s][info][gc,task     ] GC(56) Using 9 workers of 9 for evacuation
[2026-10-07T17:48:43.300+0800][69.467s][info][gc,phases   ] GC(56)   Pre Evacuate Collection Set: 0.0ms
[2026-10-07T17:48:43.300+0800][69.467s][info][gc,phases   ] GC(56)   Merge Heap Roots: 0.0ms
[2026-10-07T17:48:43.300+0800][69.467s][info][gc,phases   ] GC(56)   Evacuate Collection Set: 5.5ms
[2026-10-07T17:48:43.300+0800][69.467s][info][gc,phases   ] GC(56)   Post Evacuate Collection Set: 0.4ms
[2026-10-07T17:48:43.300+0800][69.467s][info][gc,phases   ] GC(56)   Other: 0.1ms
[2026-10-07T17:48:43.300+0800][69.467s][info][gc,heap     ] GC(56) Eden regions: 124->0(117)
[2026-10-07T17:48:43.300+0800][69.467s][info][gc,heap     ] GC(56) Survivor regions: 11->15(17)
[2026-10-07T17:48:43.300+0800][69.467s][info][gc,heap     ] GC(56) Old regions: 137->139
[2026-10-07T17:48:43.300+0800][69.467s][info][gc,heap     ] GC(56) Archive regions: 2->2
[2026-10-07T17:48:43.300+0800][69.467s][info][gc,heap     ] GC(56) Humongous regions: 5->5
[2026-10-07T17:48:43.300+0800][69.467s][info][gc,metaspace] GC(56) Metaspace: 148018K(149440K)->148018K(149440K) NonClass: 128653K(129408K)->128653K(129408K) Class: 19364K(20032K)->19364K(20032K)
[2026-10-07T17:48:43.300+0800][69.467s][info][gc          ] GC(56) Pause Young (Normal) (G1 Evacuation Pause) 277M->158M(327M) 6.108ms
[2026-10-07T17:48:43.300+0800][69.467s][info][gc,cpu      ] GC(56) User=0.03s Sys=0.01s Real=0.01s
[2026-10-07T17:48:43.300+0800][69.467s][info][safepoint   ] Safepoint "G1CollectForAllocation", Time since last: 305939250 ns, Reaching safepoint: 123500 ns, At safepoint: 6161250 ns, Total: 6284750 ns
[2026-10-07T17:48:43.645+0800][69.811s][info][gc,start    ] GC(57) Pause Young (Normal) (G1 Evacuation Pause)
[2026-10-07T17:48:43.645+0800][69.811s][info][gc,task     ] GC(57) Using 9 workers of 9 for evacuation
[2026-10-07T17:48:43.689+0800][69.855s][info][gc,phases   ] GC(57)   Pre Evacuate Collection Set: 0.1ms
[2026-10-07T17:48:43.689+0800][69.856s][info][gc,phases   ] GC(57)   Merge Heap Roots: 0.4ms
[2026-10-07T17:48:43.689+0800][69.856s][info][gc,phases   ] GC(57)   Evacuate Collection Set: 39.3ms
[2026-10-07T17:48:43.689+0800][69.856s][info][gc,phases   ] GC(57)   Post Evacuate Collection Set: 3.8ms
[2026-10-07T17:48:43.689+0800][69.856s][info][gc,phases   ] GC(57)   Other: 0.4ms
[2026-10-07T17:48:43.689+0800][69.856s][info][gc,heap     ] GC(57) Eden regions: 117->0(116)
[2026-10-07T17:48:43.689+0800][69.856s][info][gc,heap     ] GC(57) Survivor regions: 15->10(17)
[2026-10-07T17:48:43.689+0800][69.856s][info][gc,heap     ] GC(57) Old regions: 139->147
[2026-10-07T17:48:43.689+0800][69.856s][info][gc,heap     ] GC(57) Archive regions: 2->2
[2026-10-07T17:48:43.689+0800][69.856s][info][gc,heap     ] GC(57) Humongous regions: 5->5
[2026-10-07T17:48:43.689+0800][69.856s][info][gc,metaspace] GC(57) Metaspace: 148068K(149440K)->148068K(149440K) NonClass: 128703K(129408K)->128703K(129408K) Class: 19364K(20032K)->19364K(20032K)
[2026-10-07T17:48:43.689+0800][69.856s][info][gc          ] GC(57) Pause Young (Normal) (G1 Evacuation Pause) 275M->162M(327M) 44.130ms
[2026-10-07T17:48:43.689+0800][69.856s][info][gc,cpu      ] GC(57) User=0.03s Sys=0.05s Real=0.04s
[2026-10-07T17:48:43.690+0800][69.857s][info][safepoint   ] Safepoint "G1CollectForAllocation", Time since last: 344266291 ns, Reaching safepoint: 145959 ns, At safepoint: 45299250 ns, Total: 45445209 ns
[2026-10-07T17:48:43.945+0800][70.111s][info][gc,start    ] GC(58) Pause Young (Normal) (G1 Evacuation Pause)
[2026-10-07T17:48:43.945+0800][70.112s][info][gc,task     ] GC(58) Using 9 workers of 9 for evacuation
[2026-10-07T17:48:43.954+0800][70.121s][info][gc,phases   ] GC(58)   Pre Evacuate Collection Set: 0.1ms
[2026-10-07T17:48:43.954+0800][70.121s][info][gc,phases   ] GC(58)   Merge Heap Roots: 0.1ms
[2026-10-07T17:48:43.954+0800][70.121s][info][gc,phases   ] GC(58)   Evacuate Collection Set: 8.7ms
[2026-10-07T17:48:43.954+0800][70.121s][info][gc,phases   ] GC(58)   Post Evacuate Collection Set: 0.6ms
[2026-10-07T17:48:43.954+0800][70.121s][info][gc,phases   ] GC(58)   Other: 0.1ms
[2026-10-07T17:48:43.954+0800][70.121s][info][gc,heap     ] GC(58) Eden regions: 116->0(113)
[2026-10-07T17:48:43.954+0800][70.121s][info][gc,heap     ] GC(58) Survivor regions: 10->8(16)
[2026-10-07T17:48:43.954+0800][70.121s][info][gc,heap     ] GC(58) Old regions: 147->153
[2026-10-07T17:48:43.954+0800][70.121s][info][gc,heap     ] GC(58) Archive regions: 2->2
[2026-10-07T17:48:43.954+0800][70.121s][info][gc,heap     ] GC(58) Humongous regions: 5->5
[2026-10-07T17:48:43.954+0800][70.121s][info][gc,metaspace] GC(58) Metaspace: 148174K(149568K)->148174K(149568K) NonClass: 128809K(129536K)->128809K(129536K) Class: 19365K(20032K)->19365K(20032K)
[2026-10-07T17:48:43.954+0800][70.121s][info][gc          ] GC(58) Pause Young (Normal) (G1 Evacuation Pause) 278M->166M(327M) 9.641ms
[2026-10-07T17:48:43.954+0800][70.121s][info][gc,cpu      ] GC(58) User=0.03s Sys=0.02s Real=0.01s
[2026-10-07T17:48:43.954+0800][70.121s][info][safepoint   ] Safepoint "G1CollectForAllocation", Time since last: 254611750 ns, Reaching safepoint: 99916 ns, At safepoint: 9710542 ns, Total: 9810458 ns
[2026-10-07T17:48:44.250+0800][70.417s][info][gc,start    ] GC(59) Pause Young (Normal) (G1 Evacuation Pause)
[2026-10-07T17:48:44.250+0800][70.417s][info][gc,task     ] GC(59) Using 9 workers of 9 for evacuation
[2026-10-07T17:48:44.267+0800][70.434s][info][gc,phases   ] GC(59)   Pre Evacuate Collection Set: 0.1ms
[2026-10-07T17:48:44.267+0800][70.434s][info][gc,phases   ] GC(59)   Merge Heap Roots: 0.9ms
[2026-10-07T17:48:44.268+0800][70.435s][info][gc,phases   ] GC(59)   Evacuate Collection Set: 15.7ms
[2026-10-07T17:48:44.268+0800][70.435s][info][gc,phases   ] GC(59)   Post Evacuate Collection Set: 0.7ms
[2026-10-07T17:48:44.268+0800][70.435s][info][gc,phases   ] GC(59)   Other: 0.2ms
[2026-10-07T17:48:44.268+0800][70.435s][info][gc,heap     ] GC(59) Eden regions: 113->0(111)
[2026-10-07T17:48:44.268+0800][70.435s][info][gc,heap     ] GC(59) Survivor regions: 8->11(16)
[2026-10-07T17:48:44.268+0800][70.435s][info][gc,heap     ] GC(59) Old regions: 153->153
[2026-10-07T17:48:44.268+0800][70.435s][info][gc,heap     ] GC(59) Archive regions: 2->2
[2026-10-07T17:48:44.268+0800][70.435s][info][gc,heap     ] GC(59) Humongous regions: 5->5
[2026-10-07T17:48:44.268+0800][70.435s][info][gc,metaspace] GC(59) Metaspace: 148263K(149632K)->148263K(149632K) NonClass: 128893K(129600K)->128893K(129600K) Class: 19370K(20032K)->19370K(20032K)
[2026-10-07T17:48:44.268+0800][70.435s][info][gc          ] GC(59) Pause Young (Normal) (G1 Evacuation Pause) 279M->169M(327M) 17.732ms
[2026-10-07T17:48:44.268+0800][70.435s][info][gc,cpu      ] GC(59) User=0.03s Sys=0.03s Real=0.01s
[2026-10-07T17:48:44.268+0800][70.435s][info][safepoint   ] Safepoint "G1CollectForAllocation", Time since last: 295549042 ns, Reaching safepoint: 97208 ns, At safepoint: 17868333 ns, Total: 17965541 ns
[2026-10-07T17:48:44.527+0800][70.694s][info][gc,start    ] GC(60) Pause Young (Normal) (G1 Evacuation Pause)
[2026-10-07T17:48:44.527+0800][70.694s][info][gc,task     ] GC(60) Using 9 workers of 9 for evacuation
[2026-10-07T17:48:44.535+0800][70.702s][info][gc,phases   ] GC(60)   Pre Evacuate Collection Set: 0.1ms
[2026-10-07T17:48:44.536+0800][70.703s][info][gc,phases   ] GC(60)   Merge Heap Roots: 0.1ms
[2026-10-07T17:48:44.536+0800][70.703s][info][gc,phases   ] GC(60)   Evacuate Collection Set: 7.2ms
[2026-10-07T17:48:44.536+0800][70.703s][info][gc,phases   ] GC(60)   Post Evacuate Collection Set: 0.8ms
[2026-10-07T17:48:44.536+0800][70.703s][info][gc,phases   ] GC(60)   Other: 0.1ms
[2026-10-07T17:48:44.536+0800][70.703s][info][gc,heap     ] GC(60) Eden regions: 111->0(109)
[2026-10-07T17:48:44.536+0800][70.703s][info][gc,heap     ] GC(60) Survivor regions: 11->11(16)
[2026-10-07T17:48:44.536+0800][70.703s][info][gc,heap     ] GC(60) Old regions: 153->156
[2026-10-07T17:48:44.536+0800][70.703s][info][gc,heap     ] GC(60) Archive regions: 2->2
[2026-10-07T17:48:44.536+0800][70.703s][info][gc,heap     ] GC(60) Humongous regions: 5->5
[2026-10-07T17:48:44.536+0800][70.703s][info][gc,metaspace] GC(60) Metaspace: 148365K(149696K)->148365K(149696K) NonClass: 128989K(129664K)->128989K(129664K) Class: 19375K(20032K)->19375K(20032K)
[2026-10-07T17:48:44.536+0800][70.703s][info][gc          ] GC(60) Pause Young (Normal) (G1 Evacuation Pause) 280M->172M(327M) 8.308ms
[2026-10-07T17:48:44.536+0800][70.703s][info][gc,cpu      ] GC(60) User=0.02s Sys=0.01s Real=0.01s
[2026-10-07T17:48:44.536+0800][70.703s][info][safepoint   ] Safepoint "G1CollectForAllocation", Time since last: 259448792 ns, Reaching safepoint: 157000 ns, At safepoint: 8369292 ns, Total: 8526292 ns
[2026-10-07T17:48:44.728+0800][70.895s][info][gc,start    ] GC(61) Pause Young (Normal) (G1 Evacuation Pause)
[2026-10-07T17:48:44.728+0800][70.895s][info][gc,task     ] GC(61) Using 9 workers of 9 for evacuation
[2026-10-07T17:48:44.750+0800][70.917s][info][gc,phases   ] GC(61)   Pre Evacuate Collection Set: 0.1ms
[2026-10-07T17:48:44.750+0800][70.917s][info][gc,phases   ] GC(61)   Merge Heap Roots: 0.2ms
[2026-10-07T17:48:44.750+0800][70.917s][info][gc,phases   ] GC(61)   Evacuate Collection Set: 20.7ms
[2026-10-07T17:48:44.750+0800][70.917s][info][gc,phases   ] GC(61)   Post Evacuate Collection Set: 0.9ms
[2026-10-07T17:48:44.750+0800][70.917s][info][gc,phases   ] GC(61)   Other: 0.2ms
[2026-10-07T17:48:44.750+0800][70.917s][info][gc,heap     ] GC(61) Eden regions: 109->0(107)
[2026-10-07T17:48:44.750+0800][70.917s][info][gc,heap     ] GC(61) Survivor regions: 11->10(15)
[2026-10-07T17:48:44.750+0800][70.917s][info][gc,heap     ] GC(61) Old regions: 156->160
[2026-10-07T17:48:44.750+0800][70.917s][info][gc,heap     ] GC(61) Archive regions: 2->2
[2026-10-07T17:48:44.750+0800][70.917s][info][gc,heap     ] GC(61) Humongous regions: 5->5
[2026-10-07T17:48:44.750+0800][70.917s][info][gc,metaspace] GC(61) Metaspace: 148378K(149696K)->148378K(149696K) NonClass: 129002K(129664K)->129002K(129664K) Class: 19376K(20032K)->19376K(20032K)
[2026-10-07T17:48:44.750+0800][70.917s][info][gc          ] GC(61) Pause Young (Normal) (G1 Evacuation Pause) 281M->174M(327M) 22.160ms
[2026-10-07T17:48:44.750+0800][70.917s][info][gc,cpu      ] GC(61) User=0.04s Sys=0.01s Real=0.03s
[2026-10-07T17:48:44.750+0800][70.917s][info][safepoint   ] Safepoint "G1CollectForAllocation", Time since last: 192349875 ns, Reaching safepoint: 117958 ns, At safepoint: 22316750 ns, Total: 22434708 ns
[2026-10-07T17:48:45.892+0800][72.059s][info][safepoint   ] Safepoint "Cleanup", Time since last: 1141526792 ns, Reaching safepoint: 373708 ns, At safepoint: 50000 ns, Total: 423708 ns
[2026-10-07T17:48:47.040+0800][73.207s][info][safepoint   ] Safepoint "Cleanup", Time since last: 1147004708 ns, Reaching safepoint: 738375 ns, At safepoint: 145625 ns, Total: 884000 ns
[2026-10-07T17:48:47.830+0800][73.998s][info][safepoint   ] Safepoint "ICBufferFull", Time since last: 790089292 ns, Reaching safepoint: 167208 ns, At safepoint: 500 ns, Total: 167708 ns
[2026-10-07T17:48:48.145+0800][74.312s][info][gc,start    ] GC(62) Pause Young (Normal) (G1 Evacuation Pause)
[2026-10-07T17:48:48.145+0800][74.312s][info][gc,task     ] GC(62) Using 9 workers of 9 for evacuation
[2026-10-07T17:48:48.235+0800][74.402s][info][gc,phases   ] GC(62)   Pre Evacuate Collection Set: 0.2ms
[2026-10-07T17:48:48.235+0800][74.402s][info][gc,phases   ] GC(62)   Merge Heap Roots: 0.3ms
[2026-10-07T17:48:48.235+0800][74.402s][info][gc,phases   ] GC(62)   Evacuate Collection Set: 64.4ms
[2026-10-07T17:48:48.235+0800][74.402s][info][gc,phases   ] GC(62)   Post Evacuate Collection Set: 24.7ms
[2026-10-07T17:48:48.235+0800][74.402s][info][gc,phases   ] GC(62)   Other: 1.0ms
[2026-10-07T17:48:48.235+0800][74.402s][info][gc,heap     ] GC(62) Eden regions: 107->0(107)
[2026-10-07T17:48:48.235+0800][74.402s][info][gc,heap     ] GC(62) Survivor regions: 10->7(15)
[2026-10-07T17:48:48.235+0800][74.402s][info][gc,heap     ] GC(62) Old regions: 160->162
[2026-10-07T17:48:48.235+0800][74.402s][info][gc,heap     ] GC(62) Archive regions: 2->2
[2026-10-07T17:48:48.235+0800][74.402s][info][gc,heap     ] GC(62) Humongous regions: 5->5
[2026-10-07T17:48:48.235+0800][74.402s][info][gc,metaspace] GC(62) Metaspace: 148469K(149824K)->148469K(149824K) NonClass: 129091K(129792K)->129091K(129792K) Class: 19377K(20032K)->19377K(20032K)
[2026-10-07T17:48:48.235+0800][74.402s][info][gc          ] GC(62) Pause Young (Normal) (G1 Evacuation Pause) 281M->173M(327M) 90.613ms
[2026-10-07T17:48:48.235+0800][74.402s][info][gc,cpu      ] GC(62) User=0.02s Sys=0.05s Real=0.09s
[2026-10-07T17:48:48.235+0800][74.402s][info][safepoint   ] Safepoint "G1CollectForAllocation", Time since last: 313497084 ns, Reaching safepoint: 107958 ns, At safepoint: 91219083 ns, Total: 91327041 ns
[2026-10-07T17:48:49.379+0800][75.546s][info][safepoint   ] Safepoint "Cleanup", Time since last: 1143767250 ns, Reaching safepoint: 146250 ns, At safepoint: 76209 ns, Total: 222459 ns
[2026-10-07T17:48:50.004+0800][76.171s][info][safepoint   ] Safepoint "ICBufferFull", Time since last: 624711416 ns, Reaching safepoint: 99292 ns, At safepoint: 3333 ns, Total: 102625 ns
[2026-10-07T17:48:50.030+0800][76.197s][info][gc,start    ] GC(63) Pause Young (Normal) (G1 Evacuation Pause)
[2026-10-07T17:48:50.030+0800][76.197s][info][gc,task     ] GC(63) Using 9 workers of 9 for evacuation
[2026-10-07T17:48:50.045+0800][76.213s][info][gc,phases   ] GC(63)   Pre Evacuate Collection Set: 0.1ms
[2026-10-07T17:48:50.045+0800][76.213s][info][gc,phases   ] GC(63)   Merge Heap Roots: 0.1ms
[2026-10-07T17:48:50.045+0800][76.213s][info][gc,phases   ] GC(63)   Evacuate Collection Set: 14.0ms
[2026-10-07T17:48:50.045+0800][76.213s][info][gc,phases   ] GC(63)   Post Evacuate Collection Set: 1.3ms
[2026-10-07T17:48:50.046+0800][76.213s][info][gc,phases   ] GC(63)   Other: 0.1ms
[2026-10-07T17:48:50.046+0800][76.213s][info][gc,heap     ] GC(63) Eden regions: 107->0(101)
[2026-10-07T17:48:50.046+0800][76.213s][info][gc,heap     ] GC(63) Survivor regions: 7->12(15)
[2026-10-07T17:48:50.046+0800][76.213s][info][gc,heap     ] GC(63) Old regions: 162->162
[2026-10-07T17:48:50.046+0800][76.213s][info][gc,heap     ] GC(63) Archive regions: 2->2
[2026-10-07T17:48:50.046+0800][76.213s][info][gc,heap     ] GC(63) Humongous regions: 5->5
[2026-10-07T17:48:50.046+0800][76.213s][info][gc,metaspace] GC(63) Metaspace: 148510K(149888K)->148510K(149888K) NonClass: 129130K(129856K)->129130K(129856K) Class: 19379K(20032K)->19379K(20032K)
[2026-10-07T17:48:50.046+0800][76.213s][info][gc          ] GC(63) Pause Young (Normal) (G1 Evacuation Pause) 280M->179M(327M) 15.656ms
[2026-10-07T17:48:50.046+0800][76.213s][info][gc,cpu      ] GC(63) User=0.02s Sys=0.05s Real=0.01s
[2026-10-07T17:48:50.046+0800][76.213s][info][safepoint   ] Safepoint "G1CollectForAllocation", Time since last: 25783250 ns, Reaching safepoint: 34709 ns, At safepoint: 15759583 ns, Total: 15794292 ns
[2026-10-07T17:48:51.195+0800][77.362s][info][safepoint   ] Safepoint "Cleanup", Time since last: 1149428542 ns, Reaching safepoint: 240750 ns, At safepoint: 58291 ns, Total: 299041 ns
[2026-10-07T17:48:51.670+0800][77.837s][info][safepoint   ] Safepoint "ICBufferFull", Time since last: 473812375 ns, Reaching safepoint: 495917 ns, At safepoint: 67333 ns, Total: 563250 ns
[2026-10-07T17:48:51.946+0800][78.113s][info][gc,start    ] GC(64) Pause Young (Normal) (G1 Evacuation Pause)
[2026-10-07T17:48:51.946+0800][78.113s][info][gc,task     ] GC(64) Using 9 workers of 9 for evacuation
[2026-10-07T17:48:52.056+0800][78.223s][info][gc,phases   ] GC(64)   Pre Evacuate Collection Set: 0.4ms
[2026-10-07T17:48:52.056+0800][78.223s][info][gc,phases   ] GC(64)   Merge Heap Roots: 0.3ms
[2026-10-07T17:48:52.056+0800][78.223s][info][gc,phases   ] GC(64)   Evacuate Collection Set: 105.6ms
[2026-10-07T17:48:52.056+0800][78.223s][info][gc,phases   ] GC(64)   Post Evacuate Collection Set: 3.7ms
[2026-10-07T17:48:52.056+0800][78.223s][info][gc,phases   ] GC(64)   Other: 0.2ms
[2026-10-07T17:48:52.056+0800][78.223s][info][gc,heap     ] GC(64) Eden regions: 101->0(96)
[2026-10-07T17:48:52.056+0800][78.223s][info][gc,heap     ] GC(64) Survivor regions: 12->11(15)
[2026-10-07T17:48:52.056+0800][78.223s][info][gc,heap     ] GC(64) Old regions: 162->167
[2026-10-07T17:48:52.056+0800][78.223s][info][gc,heap     ] GC(64) Archive regions: 2->2
[2026-10-07T17:48:52.056+0800][78.223s][info][gc,heap     ] GC(64) Humongous regions: 5->5
[2026-10-07T17:48:52.056+0800][78.223s][info][gc,metaspace] GC(64) Metaspace: 148619K(150016K)->148619K(150016K) NonClass: 129239K(129984K)->129239K(129984K) Class: 19379K(20032K)->19379K(20032K)
[2026-10-07T17:48:52.056+0800][78.223s][info][gc          ] GC(64) Pause Young (Normal) (G1 Evacuation Pause) 280M->183M(327M) 110.353ms
[2026-10-07T17:48:52.056+0800][78.223s][info][gc,cpu      ] GC(64) User=0.04s Sys=0.05s Real=0.11s
[2026-10-07T17:48:52.056+0800][78.223s][info][safepoint   ] Safepoint "G1CollectForAllocation", Time since last: 275385167 ns, Reaching safepoint: 475042 ns, At safepoint: 110588750 ns, Total: 111063792 ns
[2026-10-07T17:48:52.680+0800][78.847s][info][gc,start    ] GC(65) Pause Young (Normal) (G1 Evacuation Pause)
[2026-10-07T17:48:52.680+0800][78.847s][info][gc,task     ] GC(65) Using 9 workers of 9 for evacuation
[2026-10-07T17:48:52.692+0800][78.859s][info][gc,phases   ] GC(65)   Pre Evacuate Collection Set: 0.1ms
[2026-10-07T17:48:52.692+0800][78.860s][info][gc,phases   ] GC(65)   Merge Heap Roots: 0.1ms
[2026-10-07T17:48:52.692+0800][78.860s][info][gc,phases   ] GC(65)   Evacuate Collection Set: 11.6ms
[2026-10-07T17:48:52.692+0800][78.860s][info][gc,phases   ] GC(65)   Post Evacuate Collection Set: 0.6ms
[2026-10-07T17:48:52.692+0800][78.860s][info][gc,phases   ] GC(65)   Other: 0.2ms
[2026-10-07T17:48:52.692+0800][78.860s][info][gc,heap     ] GC(65) Eden regions: 96->0(94)
[2026-10-07T17:48:52.692+0800][78.860s][info][gc,heap     ] GC(65) Survivor regions: 11->8(14)
[2026-10-07T17:48:52.692+0800][78.860s][info][gc,heap     ] GC(65) Old regions: 167->173
[2026-10-07T17:48:52.692+0800][78.860s][info][gc,heap     ] GC(65) Archive regions: 2->2
[2026-10-07T17:48:52.692+0800][78.860s][info][gc,heap     ] GC(65) Humongous regions: 5->5
[2026-10-07T17:48:52.692+0800][78.860s][info][gc,metaspace] GC(65) Metaspace: 148655K(150016K)->148655K(150016K) NonClass: 129275K(129984K)->129275K(129984K) Class: 19379K(20032K)->19379K(20032K)
[2026-10-07T17:48:52.692+0800][78.860s][info][gc          ] GC(65) Pause Young (Normal) (G1 Evacuation Pause) 279M->186M(327M) 12.630ms
[2026-10-07T17:48:52.692+0800][78.860s][info][gc,cpu      ] GC(65) User=0.02s Sys=0.03s Real=0.01s
[2026-10-07T17:48:52.692+0800][78.860s][info][safepoint   ] Safepoint "G1CollectForAllocation", Time since last: 618632458 ns, Reaching safepoint: 4964625 ns, At safepoint: 12718583 ns, Total: 17683208 ns
[2026-10-07T17:48:52.852+0800][79.020s][info][gc,start    ] GC(66) Pause Young (Normal) (G1 Evacuation Pause)
[2026-10-07T17:48:52.852+0800][79.020s][info][gc,task     ] GC(66) Using 9 workers of 9 for evacuation
[2026-10-07T17:48:52.859+0800][79.026s][info][gc,phases   ] GC(66)   Pre Evacuate Collection Set: 0.0ms
[2026-10-07T17:48:52.859+0800][79.026s][info][gc,phases   ] GC(66)   Merge Heap Roots: 0.0ms
[2026-10-07T17:48:52.859+0800][79.026s][info][gc,phases   ] GC(66)   Evacuate Collection Set: 5.9ms
[2026-10-07T17:48:52.859+0800][79.026s][info][gc,phases   ] GC(66)   Post Evacuate Collection Set: 0.4ms
[2026-10-07T17:48:52.859+0800][79.026s][info][gc,phases   ] GC(66)   Other: 0.1ms
[2026-10-07T17:48:52.859+0800][79.026s][info][gc,heap     ] GC(66) Eden regions: 94->0(93)
[2026-10-07T17:48:52.859+0800][79.026s][info][gc,heap     ] GC(66) Survivor regions: 8->6(13)
[2026-10-07T17:48:52.859+0800][79.026s][info][gc,heap     ] GC(66) Old regions: 173->178
[2026-10-07T17:48:52.859+0800][79.026s][info][gc,heap     ] GC(66) Archive regions: 2->2
[2026-10-07T17:48:52.859+0800][79.026s][info][gc,heap     ] GC(66) Humongous regions: 5->5
[2026-10-07T17:48:52.859+0800][79.026s][info][gc,metaspace] GC(66) Metaspace: 148676K(150016K)->148676K(150016K) NonClass: 129296K(129984K)->129296K(129984K) Class: 19380K(20032K)->19380K(20032K)
[2026-10-07T17:48:52.859+0800][79.026s][info][gc          ] GC(66) Pause Young (Normal) (G1 Evacuation Pause) 280M->189M(327M) 6.451ms
[2026-10-07T17:48:52.859+0800][79.026s][info][gc,cpu      ] GC(66) User=0.02s Sys=0.00s Real=0.00s
[2026-10-07T17:48:52.859+0800][79.026s][info][safepoint   ] Safepoint "G1CollectForAllocation", Time since last: 159937542 ns, Reaching safepoint: 53583 ns, At safepoint: 6496542 ns, Total: 6550125 ns
[2026-10-07T17:48:53.024+0800][79.191s][info][gc,start    ] GC(67) Pause Young (Normal) (G1 Evacuation Pause)
[2026-10-07T17:48:53.024+0800][79.191s][info][gc,task     ] GC(67) Using 9 workers of 9 for evacuation
[2026-10-07T17:48:53.027+0800][79.194s][info][gc,phases   ] GC(67)   Pre Evacuate Collection Set: 0.1ms
[2026-10-07T17:48:53.027+0800][79.194s][info][gc,phases   ] GC(67)   Merge Heap Roots: 0.1ms
[2026-10-07T17:48:53.027+0800][79.194s][info][gc,phases   ] GC(67)   Evacuate Collection Set: 1.8ms
[2026-10-07T17:48:53.027+0800][79.194s][info][gc,phases   ] GC(67)   Post Evacuate Collection Set: 0.3ms
[2026-10-07T17:48:53.027+0800][79.194s][info][gc,phases   ] GC(67)   Other: 0.1ms
[2026-10-07T17:48:53.027+0800][79.194s][info][gc,heap     ] GC(67) Eden regions: 93->0(90)
[2026-10-07T17:48:53.027+0800][79.194s][info][gc,heap     ] GC(67) Survivor regions: 6->9(13)
[2026-10-07T17:48:53.027+0800][79.194s][info][gc,heap     ] GC(67) Old regions: 178->178
[2026-10-07T17:48:53.027+0800][79.194s][info][gc,heap     ] GC(67) Archive regions: 2->2
[2026-10-07T17:48:53.027+0800][79.194s][info][gc,heap     ] GC(67) Humongous regions: 5->5
[2026-10-07T17:48:53.027+0800][79.194s][info][gc,metaspace] GC(67) Metaspace: 148724K(150080K)->148724K(150080K) NonClass: 129343K(130048K)->129343K(130048K) Class: 19380K(20032K)->19380K(20032K)
[2026-10-07T17:48:53.027+0800][79.194s][info][gc          ] GC(67) Pause Young (Normal) (G1 Evacuation Pause) 282M->192M(327M) 2.396ms
[2026-10-07T17:48:53.027+0800][79.194s][info][gc,cpu      ] GC(67) User=0.01s Sys=0.00s Real=0.00s
[2026-10-07T17:48:53.027+0800][79.194s][info][safepoint   ] Safepoint "G1CollectForAllocation", Time since last: 165277292 ns, Reaching safepoint: 33041 ns, At safepoint: 2440250 ns, Total: 2473291 ns
[2026-10-07T17:48:53.324+0800][79.491s][info][gc,start    ] GC(68) Pause Young (Normal) (G1 Evacuation Pause)
[2026-10-07T17:48:53.324+0800][79.491s][info][gc,task     ] GC(68) Using 9 workers of 9 for evacuation
[2026-10-07T17:48:53.342+0800][79.509s][info][gc,phases   ] GC(68)   Pre Evacuate Collection Set: 0.1ms
[2026-10-07T17:48:53.342+0800][79.509s][info][gc,phases   ] GC(68)   Merge Heap Roots: 0.1ms
[2026-10-07T17:48:53.342+0800][79.509s][info][gc,phases   ] GC(68)   Evacuate Collection Set: 17.1ms
[2026-10-07T17:48:53.342+0800][79.509s][info][gc,phases   ] GC(68)   Post Evacuate Collection Set: 0.9ms
[2026-10-07T17:48:53.342+0800][79.509s][info][gc,phases   ] GC(68)   Other: 0.2ms
[2026-10-07T17:48:53.342+0800][79.509s][info][gc,heap     ] GC(68) Eden regions: 90->0(88)
[2026-10-07T17:48:53.342+0800][79.509s][info][gc,heap     ] GC(68) Survivor regions: 9->9(13)
[2026-10-07T17:48:53.342+0800][79.510s][info][gc,heap     ] GC(68) Old regions: 178->181
[2026-10-07T17:48:53.342+0800][79.510s][info][gc,heap     ] GC(68) Archive regions: 2->2
[2026-10-07T17:48:53.342+0800][79.510s][info][gc,heap     ] GC(68) Humongous regions: 5->5
[2026-10-07T17:48:53.342+0800][79.510s][info][gc,metaspace] GC(68) Metaspace: 148851K(150272K)->148851K(150272K) NonClass: 129465K(130176K)->129465K(130176K) Class: 19385K(20096K)->19385K(20096K)
[2026-10-07T17:48:53.342+0800][79.510s][info][gc          ] GC(68) Pause Young (Normal) (G1 Evacuation Pause) 282M->195M(327M) 18.613ms
[2026-10-07T17:48:53.342+0800][79.510s][info][gc,cpu      ] GC(68) User=0.03s Sys=0.03s Real=0.02s
[2026-10-07T17:48:53.343+0800][79.510s][info][safepoint   ] Safepoint "G1CollectForAllocation", Time since last: 297030209 ns, Reaching safepoint: 108666 ns, At safepoint: 18739750 ns, Total: 18848416 ns
[2026-10-07T17:48:53.553+0800][79.720s][info][gc,start    ] GC(69) Pause Young (Normal) (G1 Evacuation Pause)
[2026-10-07T17:48:53.553+0800][79.720s][info][gc,task     ] GC(69) Using 9 workers of 9 for evacuation
[2026-10-07T17:48:53.558+0800][79.726s][info][gc,phases   ] GC(69)   Pre Evacuate Collection Set: 0.0ms
[2026-10-07T17:48:53.558+0800][79.726s][info][gc,phases   ] GC(69)   Merge Heap Roots: 0.1ms
[2026-10-07T17:48:53.558+0800][79.726s][info][gc,phases   ] GC(69)   Evacuate Collection Set: 4.9ms
[2026-10-07T17:48:53.558+0800][79.726s][info][gc,phases   ] GC(69)   Post Evacuate Collection Set: 0.4ms
[2026-10-07T17:48:53.558+0800][79.726s][info][gc,phases   ] GC(69)   Other: 0.1ms
[2026-10-07T17:48:53.558+0800][79.726s][info][gc,heap     ] GC(69) Eden regions: 88->0(86)
[2026-10-07T17:48:53.558+0800][79.726s][info][gc,heap     ] GC(69) Survivor regions: 9->9(13)
[2026-10-07T17:48:53.558+0800][79.726s][info][gc,heap     ] GC(69) Old regions: 181->183
[2026-10-07T17:48:53.558+0800][79.726s][info][gc,heap     ] GC(69) Archive regions: 2->2
[2026-10-07T17:48:53.558+0800][79.726s][info][gc,heap     ] GC(69) Humongous regions: 5->5
[2026-10-07T17:48:53.558+0800][79.726s][info][gc,metaspace] GC(69) Metaspace: 148898K(150336K)->148898K(150336K) NonClass: 129511K(130240K)->129511K(130240K) Class: 19387K(20096K)->19387K(20096K)
[2026-10-07T17:48:53.558+0800][79.726s][info][gc          ] GC(69) Pause Young (Normal) (G1 Evacuation Pause) 283M->197M(327M) 5.613ms
[2026-10-07T17:48:53.558+0800][79.726s][info][gc,cpu      ] GC(69) User=0.02s Sys=0.00s Real=0.00s
[2026-10-07T17:48:53.559+0800][79.726s][info][safepoint   ] Safepoint "G1CollectForAllocation", Time since last: 210287167 ns, Reaching safepoint: 42167 ns, At safepoint: 5659875 ns, Total: 5702042 ns
[2026-10-07T17:48:53.662+0800][79.830s][info][gc,start    ] GC(70) Pause Young (Normal) (G1 Evacuation Pause)
[2026-10-07T17:48:53.662+0800][79.830s][info][gc,task     ] GC(70) Using 9 workers of 9 for evacuation
[2026-10-07T17:48:53.667+0800][79.834s][info][gc,phases   ] GC(70)   Pre Evacuate Collection Set: 0.0ms
[2026-10-07T17:48:53.667+0800][79.834s][info][gc,phases   ] GC(70)   Merge Heap Roots: 0.0ms
[2026-10-07T17:48:53.667+0800][79.834s][info][gc,phases   ] GC(70)   Evacuate Collection Set: 4.3ms
[2026-10-07T17:48:53.667+0800][79.834s][info][gc,phases   ] GC(70)   Post Evacuate Collection Set: 0.5ms
[2026-10-07T17:48:53.667+0800][79.834s][info][gc,phases   ] GC(70)   Other: 0.1ms
[2026-10-07T17:48:53.667+0800][79.834s][info][gc,heap     ] GC(70) Eden regions: 86->0(86)
[2026-10-07T17:48:53.667+0800][79.834s][info][gc,heap     ] GC(70) Survivor regions: 9->7(12)
[2026-10-07T17:48:53.667+0800][79.834s][info][gc,heap     ] GC(70) Old regions: 183->186
[2026-10-07T17:48:53.667+0800][79.834s][info][gc,heap     ] GC(70) Archive regions: 2->2
[2026-10-07T17:48:53.667+0800][79.834s][info][gc,heap     ] GC(70) Humongous regions: 5->5
[2026-10-07T17:48:53.667+0800][79.835s][info][gc,metaspace] GC(70) Metaspace: 148915K(150336K)->148915K(150336K) NonClass: 129528K(130240K)->129528K(130240K) Class: 19387K(20096K)->19387K(20096K)
[2026-10-07T17:48:53.667+0800][79.835s][info][gc          ] GC(70) Pause Young (Normal) (G1 Evacuation Pause) 283M->198M(327M) 5.004ms
[2026-10-07T17:48:53.667+0800][79.835s][info][gc,cpu      ] GC(70) User=0.02s Sys=0.00s Real=0.00s
[2026-10-07T17:48:53.667+0800][79.835s][info][safepoint   ] Safepoint "G1CollectForAllocation", Time since last: 103758541 ns, Reaching safepoint: 46959 ns, At safepoint: 5062333 ns, Total: 5109292 ns
[2026-10-07T17:48:53.777+0800][79.944s][info][gc,start    ] GC(71) Pause Young (Normal) (G1 Evacuation Pause)
[2026-10-07T17:48:53.777+0800][79.944s][info][gc,task     ] GC(71) Using 9 workers of 9 for evacuation
[2026-10-07T17:48:53.781+0800][79.948s][info][gc,phases   ] GC(71)   Pre Evacuate Collection Set: 0.0ms
[2026-10-07T17:48:53.781+0800][79.948s][info][gc,phases   ] GC(71)   Merge Heap Roots: 0.0ms
[2026-10-07T17:48:53.781+0800][79.948s][info][gc,phases   ] GC(71)   Evacuate Collection Set: 3.7ms
[2026-10-07T17:48:53.781+0800][79.948s][info][gc,phases   ] GC(71)   Post Evacuate Collection Set: 0.3ms
[2026-10-07T17:48:53.781+0800][79.948s][info][gc,phases   ] GC(71)   Other: 0.1ms
[2026-10-07T17:48:53.781+0800][79.948s][info][gc,heap     ] GC(71) Eden regions: 86->0(85)
[2026-10-07T17:48:53.781+0800][79.948s][info][gc,heap     ] GC(71) Survivor regions: 7->6(12)
[2026-10-07T17:48:53.781+0800][79.948s][info][gc,heap     ] GC(71) Old regions: 186->189
[2026-10-07T17:48:53.781+0800][79.948s][info][gc,heap     ] GC(71) Archive regions: 2->2
[2026-10-07T17:48:53.781+0800][79.948s][info][gc,heap     ] GC(71) Humongous regions: 5->5
[2026-10-07T17:48:53.781+0800][79.948s][info][gc,metaspace] GC(71) Metaspace: 148922K(150336K)->148922K(150336K) NonClass: 129535K(130240K)->129535K(130240K) Class: 19387K(20096K)->19387K(20096K)
[2026-10-07T17:48:53.781+0800][79.948s][info][gc          ] GC(71) Pause Young (Normal) (G1 Evacuation Pause) 284M->200M(327M) 4.209ms
[2026-10-07T17:48:53.781+0800][79.948s][info][gc,cpu      ] GC(71) User=0.02s Sys=0.00s Real=0.01s
[2026-10-07T17:48:53.781+0800][79.948s][info][safepoint   ] Safepoint "G1CollectForAllocation", Time since last: 109427458 ns, Reaching safepoint: 79917 ns, At safepoint: 4277875 ns, Total: 4357792 ns
[2026-10-07T17:48:54.135+0800][80.302s][info][safepoint   ] Safepoint "ICBufferFull", Time since last: 353648750 ns, Reaching safepoint: 134958 ns, At safepoint: 6125 ns, Total: 141083 ns
[2026-10-07T17:48:54.987+0800][81.155s][info][gc,start    ] GC(72) Pause Young (Normal) (G1 Evacuation Pause)
[2026-10-07T17:48:54.988+0800][81.155s][info][gc,task     ] GC(72) Using 9 workers of 9 for evacuation
[2026-10-07T17:48:55.030+0800][81.198s][info][gc,phases   ] GC(72)   Pre Evacuate Collection Set: 0.7ms
[2026-10-07T17:48:55.030+0800][81.198s][info][gc,phases   ] GC(72)   Merge Heap Roots: 1.2ms
[2026-10-07T17:48:55.030+0800][81.198s][info][gc,phases   ] GC(72)   Evacuate Collection Set: 38.8ms
[2026-10-07T17:48:55.030+0800][81.198s][info][gc,phases   ] GC(72)   Post Evacuate Collection Set: 1.5ms
[2026-10-07T17:48:55.030+0800][81.198s][info][gc,phases   ] GC(72)   Other: 0.8ms
[2026-10-07T17:48:55.030+0800][81.198s][info][gc,heap     ] GC(72) Eden regions: 85->0(78)
[2026-10-07T17:48:55.030+0800][81.198s][info][gc,heap     ] GC(72) Survivor regions: 6->9(12)
[2026-10-07T17:48:55.030+0800][81.198s][info][gc,heap     ] GC(72) Old regions: 189->189
[2026-10-07T17:48:55.030+0800][81.198s][info][gc,heap     ] GC(72) Archive regions: 2->2
[2026-10-07T17:48:55.030+0800][81.198s][info][gc,heap     ] GC(72) Humongous regions: 5->5
[2026-10-07T17:48:55.030+0800][81.198s][info][gc,metaspace] GC(72) Metaspace: 149050K(150464K)->149050K(150464K) NonClass: 129659K(130368K)->129659K(130368K) Class: 19390K(20096K)->19390K(20096K)
[2026-10-07T17:48:55.031+0800][81.198s][info][gc          ] GC(72) Pause Young (Normal) (G1 Evacuation Pause) 285M->203M(327M) 43.035ms
[2026-10-07T17:48:55.031+0800][81.198s][info][gc,cpu      ] GC(72) User=0.03s Sys=0.07s Real=0.05s
[2026-10-07T17:48:55.031+0800][81.198s][info][safepoint   ] Safepoint "G1CollectForAllocation", Time since last: 851718834 ns, Reaching safepoint: 702000 ns, At safepoint: 43353916 ns, Total: 44055916 ns
[2026-10-07T17:48:55.486+0800][81.653s][info][gc,start    ] GC(73) Pause Young (Normal) (G1 Evacuation Pause)
[2026-10-07T17:48:55.486+0800][81.653s][info][gc,task     ] GC(73) Using 9 workers of 9 for evacuation
[2026-10-07T17:48:55.514+0800][81.681s][info][gc,phases   ] GC(73)   Pre Evacuate Collection Set: 0.1ms
[2026-10-07T17:48:55.514+0800][81.681s][info][gc,phases   ] GC(73)   Merge Heap Roots: 0.1ms
[2026-10-07T17:48:55.514+0800][81.681s][info][gc,phases   ] GC(73)   Evacuate Collection Set: 27.1ms
[2026-10-07T17:48:55.514+0800][81.681s][info][gc,phases   ] GC(73)   Post Evacuate Collection Set: 0.5ms
[2026-10-07T17:48:55.514+0800][81.681s][info][gc,phases   ] GC(73)   Other: 0.2ms
[2026-10-07T17:48:55.514+0800][81.681s][info][gc,heap     ] GC(73) Eden regions: 78->0(74)
[2026-10-07T17:48:55.514+0800][81.681s][info][gc,heap     ] GC(73) Survivor regions: 9->5(11)
[2026-10-07T17:48:55.514+0800][81.681s][info][gc,heap     ] GC(73) Old regions: 189->197
[2026-10-07T17:48:55.514+0800][81.681s][info][gc,heap     ] GC(73) Archive regions: 2->2
[2026-10-07T17:48:55.514+0800][81.681s][info][gc,heap     ] GC(73) Humongous regions: 5->5
[2026-10-07T17:48:55.514+0800][81.681s][info][gc,metaspace] GC(73) Metaspace: 149110K(150528K)->149110K(150528K) NonClass: 129719K(130432K)->129719K(130432K) Class: 19390K(20096K)->19390K(20096K)
[2026-10-07T17:48:55.514+0800][81.681s][info][gc          ] GC(73) Pause Young (Normal) (G1 Evacuation Pause) 281M->206M(327M) 28.074ms
[2026-10-07T17:48:55.514+0800][81.681s][info][gc,cpu      ] GC(73) User=0.04s Sys=0.02s Real=0.03s
[2026-10-07T17:48:55.514+0800][81.681s][info][safepoint   ] Safepoint "G1CollectForAllocation", Time since last: 455001500 ns, Reaching safepoint: 131792 ns, At safepoint: 28207333 ns, Total: 28339125 ns
[2026-10-07T17:48:56.135+0800][82.303s][info][safepoint   ] Safepoint "ICBufferFull", Time since last: 620072917 ns, Reaching safepoint: 1134250 ns, At safepoint: 121875 ns, Total: 1256125 ns
[2026-10-07T17:48:56.238+0800][82.405s][info][gc,start    ] GC(74) Pause Young (Normal) (G1 Evacuation Pause)
[2026-10-07T17:48:56.238+0800][82.405s][info][gc,task     ] GC(74) Using 9 workers of 9 for evacuation
[2026-10-07T17:48:56.251+0800][82.418s][info][gc,phases   ] GC(74)   Pre Evacuate Collection Set: 0.2ms
[2026-10-07T17:48:56.251+0800][82.418s][info][gc,phases   ] GC(74)   Merge Heap Roots: 0.3ms
[2026-10-07T17:48:56.251+0800][82.418s][info][gc,phases   ] GC(74)   Evacuate Collection Set: 11.2ms
[2026-10-07T17:48:56.251+0800][82.418s][info][gc,phases   ] GC(74)   Post Evacuate Collection Set: 1.5ms
[2026-10-07T17:48:56.251+0800][82.418s][info][gc,phases   ] GC(74)   Other: 0.3ms
[2026-10-07T17:48:56.251+0800][82.418s][info][gc,heap     ] GC(74) Eden regions: 74->0(71)
[2026-10-07T17:48:56.251+0800][82.418s][info][gc,heap     ] GC(74) Survivor regions: 5->8(10)
[2026-10-07T17:48:56.251+0800][82.418s][info][gc,heap     ] GC(74) Old regions: 197->197
[2026-10-07T17:48:56.251+0800][82.419s][info][gc,heap     ] GC(74) Archive regions: 2->2
[2026-10-07T17:48:56.251+0800][82.419s][info][gc,heap     ] GC(74) Humongous regions: 5->5
[2026-10-07T17:48:56.251+0800][82.419s][info][gc,metaspace] GC(74) Metaspace: 149158K(150592K)->149158K(150592K) NonClass: 129766K(130496K)->129766K(130496K) Class: 19391K(20096K)->19391K(20096K)
[2026-10-07T17:48:56.251+0800][82.419s][info][gc          ] GC(74) Pause Young (Normal) (G1 Evacuation Pause) 280M->210M(327M) 13.393ms
[2026-10-07T17:48:56.251+0800][82.419s][info][gc,cpu      ] GC(74) User=0.02s Sys=0.02s Real=0.02s
[2026-10-07T17:48:56.251+0800][82.419s][info][safepoint   ] Safepoint "G1CollectForAllocation", Time since last: 102485958 ns, Reaching safepoint: 47709 ns, At safepoint: 13537708 ns, Total: 13585417 ns
[2026-10-07T17:48:56.429+0800][82.597s][info][gc,start    ] GC(75) Pause Young (Normal) (G1 Evacuation Pause)
[2026-10-07T17:48:56.430+0800][82.597s][info][gc,task     ] GC(75) Using 9 workers of 9 for evacuation
[2026-10-07T17:48:56.468+0800][82.635s][info][gc,phases   ] GC(75)   Pre Evacuate Collection Set: 0.1ms
[2026-10-07T17:48:56.468+0800][82.635s][info][gc,phases   ] GC(75)   Merge Heap Roots: 11.1ms
[2026-10-07T17:48:56.468+0800][82.635s][info][gc,phases   ] GC(75)   Evacuate Collection Set: 23.5ms
[2026-10-07T17:48:56.468+0800][82.635s][info][gc,phases   ] GC(75)   Post Evacuate Collection Set: 2.9ms
[2026-10-07T17:48:56.468+0800][82.635s][info][gc,phases   ] GC(75)   Other: 10.8ms
[2026-10-07T17:48:56.468+0800][82.635s][info][gc,heap     ] GC(75) Eden regions: 71->0(70)
[2026-10-07T17:48:56.468+0800][82.635s][info][gc,heap     ] GC(75) Survivor regions: 8->7(10)
[2026-10-07T17:48:56.468+0800][82.635s][info][gc,heap     ] GC(75) Old regions: 197->200
[2026-10-07T17:48:56.468+0800][82.635s][info][gc,heap     ] GC(75) Archive regions: 2->2
[2026-10-07T17:48:56.468+0800][82.635s][info][gc,heap     ] GC(75) Humongous regions: 5->5
[2026-10-07T17:48:56.468+0800][82.635s][info][gc,metaspace] GC(75) Metaspace: 149186K(150592K)->149186K(150592K) NonClass: 129794K(130496K)->129794K(130496K) Class: 19391K(20096K)->19391K(20096K)
[2026-10-07T17:48:56.468+0800][82.635s][info][gc          ] GC(75) Pause Young (Normal) (G1 Evacuation Pause) 281M->212M(327M) 38.302ms
[2026-10-07T17:48:56.468+0800][82.635s][info][gc,cpu      ] GC(75) User=0.02s Sys=0.01s Real=0.04s
[2026-10-07T17:48:56.468+0800][82.635s][info][safepoint   ] Safepoint "G1CollectForAllocation", Time since last: 166690583 ns, Reaching safepoint: 1084375 ns, At safepoint: 48898209 ns, Total: 49982584 ns
[2026-10-07T17:48:57.194+0800][83.361s][info][gc,start    ] GC(76) Pause Young (Normal) (G1 Evacuation Pause)
[2026-10-07T17:48:57.194+0800][83.362s][info][gc,task     ] GC(76) Using 9 workers of 9 for evacuation
[2026-10-07T17:48:57.208+0800][83.376s][info][gc,phases   ] GC(76)   Pre Evacuate Collection Set: 0.2ms
[2026-10-07T17:48:57.209+0800][83.376s][info][gc,phases   ] GC(76)   Merge Heap Roots: 0.5ms
[2026-10-07T17:48:57.209+0800][83.376s][info][gc,phases   ] GC(76)   Evacuate Collection Set: 12.0ms
[2026-10-07T17:48:57.209+0800][83.376s][info][gc,phases   ] GC(76)   Post Evacuate Collection Set: 1.4ms
[2026-10-07T17:48:57.209+0800][83.376s][info][gc,phases   ] GC(76)   Other: 0.9ms
[2026-10-07T17:48:57.209+0800][83.376s][info][gc,heap     ] GC(76) Eden regions: 70->0(69)
[2026-10-07T17:48:57.209+0800][83.376s][info][gc,heap     ] GC(76) Survivor regions: 7->5(10)
[2026-10-07T17:48:57.209+0800][83.376s][info][gc,heap     ] GC(76) Old regions: 200->204
[2026-10-07T17:48:57.209+0800][83.376s][info][gc,heap     ] GC(76) Archive regions: 2->2
[2026-10-07T17:48:57.209+0800][83.376s][info][gc,heap     ] GC(76) Humongous regions: 5->5
[2026-10-07T17:48:57.209+0800][83.376s][info][gc,metaspace] GC(76) Metaspace: 149258K(150720K)->149258K(150720K) NonClass: 129867K(130624K)->129867K(130624K) Class: 19391K(20096K)->19391K(20096K)
[2026-10-07T17:48:57.209+0800][83.376s][info][gc          ] GC(76) Pause Young (Normal) (G1 Evacuation Pause) 282M->214M(327M) 15.029ms
[2026-10-07T17:48:57.209+0800][83.376s][info][gc,cpu      ] GC(76) User=0.02s Sys=0.04s Real=0.01s
[2026-10-07T17:48:57.209+0800][83.376s][info][safepoint   ] Safepoint "G1CollectForAllocation", Time since last: 724812458 ns, Reaching safepoint: 673542 ns, At safepoint: 15146458 ns, Total: 15820000 ns
[2026-10-07T17:48:57.464+0800][83.631s][info][gc,start    ] GC(77) Pause Young (Normal) (G1 Evacuation Pause)
[2026-10-07T17:48:57.464+0800][83.631s][info][gc,task     ] GC(77) Using 9 workers of 9 for evacuation
[2026-10-07T17:48:57.468+0800][83.635s][info][gc,phases   ] GC(77)   Pre Evacuate Collection Set: 0.1ms
[2026-10-07T17:48:57.468+0800][83.636s][info][gc,phases   ] GC(77)   Merge Heap Roots: 0.1ms
[2026-10-07T17:48:57.468+0800][83.636s][info][gc,phases   ] GC(77)   Evacuate Collection Set: 3.2ms
[2026-10-07T17:48:57.468+0800][83.636s][info][gc,phases   ] GC(77)   Post Evacuate Collection Set: 0.7ms
[2026-10-07T17:48:57.468+0800][83.636s][info][gc,phases   ] GC(77)   Other: 0.1ms
[2026-10-07T17:48:57.468+0800][83.636s][info][gc,heap     ] GC(77) Eden regions: 69->0(68)
[2026-10-07T17:48:57.468+0800][83.636s][info][gc,heap     ] GC(77) Survivor regions: 5->7(10)
[2026-10-07T17:48:57.468+0800][83.636s][info][gc,heap     ] GC(77) Old regions: 204->204
[2026-10-07T17:48:57.468+0800][83.636s][info][gc,heap     ] GC(77) Archive regions: 2->2
[2026-10-07T17:48:57.468+0800][83.636s][info][gc,heap     ] GC(77) Humongous regions: 5->5
[2026-10-07T17:48:57.468+0800][83.636s][info][gc,metaspace] GC(77) Metaspace: 149295K(150720K)->149295K(150720K) NonClass: 129904K(130624K)->129904K(130624K) Class: 19391K(20096K)->19391K(20096K)
[2026-10-07T17:48:57.468+0800][83.636s][info][gc          ] GC(77) Pause Young (Normal) (G1 Evacuation Pause) 283M->216M(327M) 4.523ms
[2026-10-07T17:48:57.468+0800][83.636s][info][gc,cpu      ] GC(77) User=0.01s Sys=0.00s Real=0.00s
[2026-10-07T17:48:57.469+0800][83.636s][info][safepoint   ] Safepoint "G1CollectForAllocation", Time since last: 255113833 ns, Reaching safepoint: 83334 ns, At safepoint: 4866833 ns, Total: 4950167 ns
[2026-10-07T17:48:57.592+0800][83.759s][info][gc,start    ] GC(78) Pause Young (Normal) (G1 Evacuation Pause)
[2026-10-07T17:48:57.592+0800][83.760s][info][gc,task     ] GC(78) Using 9 workers of 9 for evacuation
[2026-10-07T17:48:57.650+0800][83.817s][info][gc,phases   ] GC(78)   Pre Evacuate Collection Set: 0.0ms
[2026-10-07T17:48:57.650+0800][83.817s][info][gc,phases   ] GC(78)   Merge Heap Roots: 0.0ms
[2026-10-07T17:48:57.650+0800][83.817s][info][gc,phases   ] GC(78)   Evacuate Collection Set: 56.6ms
[2026-10-07T17:48:57.650+0800][83.817s][info][gc,phases   ] GC(78)   Post Evacuate Collection Set: 0.6ms
[2026-10-07T17:48:57.650+0800][83.817s][info][gc,phases   ] GC(78)   Other: 0.1ms
[2026-10-07T17:48:57.650+0800][83.817s][info][gc,heap     ] GC(78) Eden regions: 68->0(65)
[2026-10-07T17:48:57.650+0800][83.817s][info][gc,heap     ] GC(78) Survivor regions: 7->7(10)
[2026-10-07T17:48:57.650+0800][83.817s][info][gc,heap     ] GC(78) Old regions: 204->207
[2026-10-07T17:48:57.650+0800][83.817s][info][gc,heap     ] GC(78) Archive regions: 2->2
[2026-10-07T17:48:57.650+0800][83.817s][info][gc,heap     ] GC(78) Humongous regions: 5->5
[2026-10-07T17:48:57.650+0800][83.817s][info][gc,metaspace] GC(78) Metaspace: 149301K(150720K)->149301K(150720K) NonClass: 129910K(130624K)->129910K(130624K) Class: 19391K(20096K)->19391K(20096K)
[2026-10-07T17:48:57.650+0800][83.817s][info][gc          ] GC(78) Pause Young (Normal) (G1 Evacuation Pause) 284M->218M(327M) 57.392ms
[2026-10-07T17:48:57.650+0800][83.817s][info][gc,cpu      ] GC(78) User=0.04s Sys=0.01s Real=0.06s
[2026-10-07T17:48:57.650+0800][83.817s][info][safepoint   ] Safepoint "G1CollectForAllocation", Time since last: 123391250 ns, Reaching safepoint: 55292 ns, At safepoint: 57444666 ns, Total: 57499958 ns
[2026-10-07T17:48:57.824+0800][83.992s][info][gc,start    ] GC(79) Pause Young (Normal) (G1 Evacuation Pause)
[2026-10-07T17:48:57.824+0800][83.992s][info][gc,task     ] GC(79) Using 9 workers of 9 for evacuation
[2026-10-07T17:48:57.828+0800][83.995s][info][gc,phases   ] GC(79)   Pre Evacuate Collection Set: 0.1ms
[2026-10-07T17:48:57.828+0800][83.995s][info][gc,phases   ] GC(79)   Merge Heap Roots: 0.1ms
[2026-10-07T17:48:57.828+0800][83.995s][info][gc,phases   ] GC(79)   Evacuate Collection Set: 3.2ms
[2026-10-07T17:48:57.828+0800][83.995s][info][gc,phases   ] GC(79)   Post Evacuate Collection Set: 0.2ms
[2026-10-07T17:48:57.828+0800][83.995s][info][gc,phases   ] GC(79)   Other: 0.1ms
[2026-10-07T17:48:57.828+0800][83.995s][info][gc,heap     ] GC(79) Eden regions: 65->0(65)
[2026-10-07T17:48:57.828+0800][83.995s][info][gc,heap     ] GC(79) Survivor regions: 7->7(9)
[2026-10-07T17:48:57.828+0800][83.995s][info][gc,heap     ] GC(79) Old regions: 207->208
[2026-10-07T17:48:57.828+0800][83.995s][info][gc,heap     ] GC(79) Archive regions: 2->2
[2026-10-07T17:48:57.828+0800][83.995s][info][gc,heap     ] GC(79) Humongous regions: 5->5
[2026-10-07T17:48:57.828+0800][83.995s][info][gc,metaspace] GC(79) Metaspace: 149311K(150720K)->149311K(150720K) NonClass: 129919K(130624K)->129919K(130624K) Class: 19391K(20096K)->19391K(20096K)
[2026-10-07T17:48:57.828+0800][83.995s][info][gc          ] GC(79) Pause Young (Normal) (G1 Evacuation Pause) 283M->220M(327M) 3.690ms
[2026-10-07T17:48:57.828+0800][83.995s][info][gc,cpu      ] GC(79) User=0.01s Sys=0.00s Real=0.00s
[2026-10-07T17:48:57.828+0800][83.995s][info][safepoint   ] Safepoint "G1CollectForAllocation", Time since last: 174523542 ns, Reaching safepoint: 54542 ns, At safepoint: 3750750 ns, Total: 3805292 ns
[2026-10-07T17:48:57.924+0800][84.091s][info][gc,start    ] GC(80) Pause Young (Normal) (G1 Evacuation Pause)
[2026-10-07T17:48:57.924+0800][84.091s][info][gc,task     ] GC(80) Using 9 workers of 9 for evacuation
[2026-10-07T17:48:57.932+0800][84.099s][info][gc,phases   ] GC(80)   Pre Evacuate Collection Set: 0.0ms
[2026-10-07T17:48:57.932+0800][84.099s][info][gc,phases   ] GC(80)   Merge Heap Roots: 0.0ms
[2026-10-07T17:48:57.932+0800][84.099s][info][gc,phases   ] GC(80)   Evacuate Collection Set: 7.3ms
[2026-10-07T17:48:57.932+0800][84.099s][info][gc,phases   ] GC(80)   Post Evacuate Collection Set: 0.3ms
[2026-10-07T17:48:57.932+0800][84.099s][info][gc,phases   ] GC(80)   Other: 0.1ms
[2026-10-07T17:48:57.932+0800][84.099s][info][gc,heap     ] GC(80) Eden regions: 65->0(63)
[2026-10-07T17:48:57.932+0800][84.099s][info][gc,heap     ] GC(80) Survivor regions: 7->7(9)
[2026-10-07T17:48:57.932+0800][84.099s][info][gc,heap     ] GC(80) Old regions: 208->210
[2026-10-07T17:48:57.932+0800][84.099s][info][gc,heap     ] GC(80) Archive regions: 2->2
[2026-10-07T17:48:57.932+0800][84.099s][info][gc,heap     ] GC(80) Humongous regions: 5->5
[2026-10-07T17:48:57.932+0800][84.099s][info][gc,metaspace] GC(80) Metaspace: 149406K(150848K)->149406K(150848K) NonClass: 130010K(130752K)->130010K(130752K) Class: 19395K(20096K)->19395K(20096K)
[2026-10-07T17:48:57.932+0800][84.099s][info][gc          ] GC(80) Pause Young (Normal) (G1 Evacuation Pause) 285M->222M(327M) 7.858ms
[2026-10-07T17:48:57.932+0800][84.099s][info][gc,cpu      ] GC(80) User=0.02s Sys=0.00s Real=0.01s
[2026-10-07T17:48:57.932+0800][84.099s][info][safepoint   ] Safepoint "G1CollectForAllocation", Time since last: 96074583 ns, Reaching safepoint: 51292 ns, At safepoint: 7964375 ns, Total: 8015667 ns
[2026-10-07T17:48:58.073+0800][84.241s][info][gc,start    ] GC(81) Pause Young (Normal) (G1 Evacuation Pause)
[2026-10-07T17:48:58.073+0800][84.241s][info][gc,task     ] GC(81) Using 9 workers of 9 for evacuation
[2026-10-07T17:48:58.082+0800][84.249s][info][gc,phases   ] GC(81)   Pre Evacuate Collection Set: 0.1ms
[2026-10-07T17:48:58.082+0800][84.249s][info][gc,phases   ] GC(81)   Merge Heap Roots: 0.1ms
[2026-10-07T17:48:58.082+0800][84.249s][info][gc,phases   ] GC(81)   Evacuate Collection Set: 7.8ms
[2026-10-07T17:48:58.082+0800][84.249s][info][gc,phases   ] GC(81)   Post Evacuate Collection Set: 0.6ms
[2026-10-07T17:48:58.082+0800][84.249s][info][gc,phases   ] GC(81)   Other: 0.2ms
[2026-10-07T17:48:58.082+0800][84.249s][info][gc,heap     ] GC(81) Eden regions: 63->0(62)
[2026-10-07T17:48:58.082+0800][84.249s][info][gc,heap     ] GC(81) Survivor regions: 7->6(9)
[2026-10-07T17:48:58.082+0800][84.249s][info][gc,heap     ] GC(81) Old regions: 210->213
[2026-10-07T17:48:58.082+0800][84.249s][info][gc,heap     ] GC(81) Archive regions: 2->2
[2026-10-07T17:48:58.082+0800][84.249s][info][gc,heap     ] GC(81) Humongous regions: 5->5
[2026-10-07T17:48:58.082+0800][84.249s][info][gc,metaspace] GC(81) Metaspace: 149442K(150848K)->149442K(150848K) NonClass: 130044K(130752K)->130044K(130752K) Class: 19397K(20096K)->19397K(20096K)
[2026-10-07T17:48:58.082+0800][84.249s][info][gc          ] GC(81) Pause Young (Normal) (G1 Evacuation Pause) 285M->223M(327M) 8.791ms
[2026-10-07T17:48:58.082+0800][84.249s][info][gc,cpu      ] GC(81) User=0.01s Sys=0.01s Real=0.01s
[2026-10-07T17:48:58.082+0800][84.249s][info][safepoint   ] Safepoint "G1CollectForAllocation", Time since last: 141222000 ns, Reaching safepoint: 45583 ns, At safepoint: 8846667 ns, Total: 8892250 ns
[2026-10-07T17:48:58.146+0800][84.313s][info][gc,start    ] GC(82) Pause Young (Normal) (G1 Evacuation Pause)
[2026-10-07T17:48:58.146+0800][84.313s][info][gc,task     ] GC(82) Using 9 workers of 9 for evacuation
[2026-10-07T17:48:58.150+0800][84.317s][info][gc,phases   ] GC(82)   Pre Evacuate Collection Set: 0.0ms
[2026-10-07T17:48:58.150+0800][84.317s][info][gc,phases   ] GC(82)   Merge Heap Roots: 0.0ms
[2026-10-07T17:48:58.150+0800][84.317s][info][gc,phases   ] GC(82)   Evacuate Collection Set: 3.7ms
[2026-10-07T17:48:58.150+0800][84.317s][info][gc,phases   ] GC(82)   Post Evacuate Collection Set: 0.4ms
[2026-10-07T17:48:58.150+0800][84.317s][info][gc,phases   ] GC(82)   Other: 0.1ms
[2026-10-07T17:48:58.150+0800][84.317s][info][gc,heap     ] GC(82) Eden regions: 62->0(62)
[2026-10-07T17:48:58.150+0800][84.317s][info][gc,heap     ] GC(82) Survivor regions: 6->5(9)
[2026-10-07T17:48:58.150+0800][84.317s][info][gc,heap     ] GC(82) Old regions: 213->215
[2026-10-07T17:48:58.150+0800][84.317s][info][gc,heap     ] GC(82) Archive regions: 2->2
[2026-10-07T17:48:58.150+0800][84.317s][info][gc,heap     ] GC(82) Humongous regions: 5->5
[2026-10-07T17:48:58.150+0800][84.317s][info][gc,metaspace] GC(82) Metaspace: 149446K(150848K)->149446K(150848K) NonClass: 130048K(130752K)->130048K(130752K) Class: 19397K(20096K)->19397K(20096K)
[2026-10-07T17:48:58.150+0800][84.317s][info][gc          ] GC(82) Pause Young (Normal) (G1 Evacuation Pause) 285M->225M(327M) 4.463ms
[2026-10-07T17:48:58.150+0800][84.317s][info][gc,cpu      ] GC(82) User=0.01s Sys=0.01s Real=0.01s
[2026-10-07T17:48:58.150+0800][84.317s][info][safepoint   ] Safepoint "G1CollectForAllocation", Time since last: 63321625 ns, Reaching safepoint: 28750 ns, At safepoint: 4521583 ns, Total: 4550333 ns
[2026-10-07T17:48:58.206+0800][84.374s][info][gc,start    ] GC(83) Pause Young (Normal) (G1 Evacuation Pause)
[2026-10-07T17:48:58.206+0800][84.374s][info][gc,task     ] GC(83) Using 9 workers of 9 for evacuation
[2026-10-07T17:48:58.209+0800][84.376s][info][gc,phases   ] GC(83)   Pre Evacuate Collection Set: 0.0ms
[2026-10-07T17:48:58.209+0800][84.376s][info][gc,phases   ] GC(83)   Merge Heap Roots: 0.0ms
[2026-10-07T17:48:58.209+0800][84.376s][info][gc,phases   ] GC(83)   Evacuate Collection Set: 1.9ms
[2026-10-07T17:48:58.209+0800][84.376s][info][gc,phases   ] GC(83)   Post Evacuate Collection Set: 0.3ms
[2026-10-07T17:48:58.209+0800][84.376s][info][gc,phases   ] GC(83)   Other: 0.1ms
[2026-10-07T17:48:58.209+0800][84.376s][info][gc,heap     ] GC(83) Eden regions: 62->0(60)
[2026-10-07T17:48:58.209+0800][84.376s][info][gc,heap     ] GC(83) Survivor regions: 5->6(9)
[2026-10-07T17:48:58.209+0800][84.376s][info][gc,heap     ] GC(83) Old regions: 215->215
[2026-10-07T17:48:58.209+0800][84.376s][info][gc,heap     ] GC(83) Archive regions: 2->2
[2026-10-07T17:48:58.209+0800][84.376s][info][gc,heap     ] GC(83) Humongous regions: 5->5
[2026-10-07T17:48:58.209+0800][84.376s][info][gc,metaspace] GC(83) Metaspace: 149446K(150848K)->149446K(150848K) NonClass: 130048K(130752K)->130048K(130752K) Class: 19397K(20096K)->19397K(20096K)
[2026-10-07T17:48:58.209+0800][84.376s][info][gc          ] GC(83) Pause Young (Normal) (G1 Evacuation Pause) 287M->226M(327M) 2.493ms
[2026-10-07T17:48:58.209+0800][84.376s][info][gc,cpu      ] GC(83) User=0.02s Sys=0.00s Real=0.00s
[2026-10-07T17:48:58.209+0800][84.376s][info][safepoint   ] Safepoint "G1CollectForAllocation", Time since last: 56296500 ns, Reaching safepoint: 40875 ns, At safepoint: 2535000 ns, Total: 2575875 ns
[2026-10-07T17:48:58.286+0800][84.453s][info][gc,start    ] GC(84) Pause Young (Normal) (G1 Evacuation Pause)
[2026-10-07T17:48:58.286+0800][84.453s][info][gc,task     ] GC(84) Using 9 workers of 9 for evacuation
[2026-10-07T17:48:58.295+0800][84.463s][info][gc,phases   ] GC(84)   Pre Evacuate Collection Set: 0.0ms
[2026-10-07T17:48:58.295+0800][84.463s][info][gc,phases   ] GC(84)   Merge Heap Roots: 0.1ms
[2026-10-07T17:48:58.295+0800][84.463s][info][gc,phases   ] GC(84)   Evacuate Collection Set: 9.0ms
[2026-10-07T17:48:58.295+0800][84.463s][info][gc,phases   ] GC(84)   Post Evacuate Collection Set: 0.3ms
[2026-10-07T17:48:58.295+0800][84.463s][info][gc,phases   ] GC(84)   Other: 0.1ms
[2026-10-07T17:48:58.295+0800][84.463s][info][gc,heap     ] GC(84) Eden regions: 60->0(58)
[2026-10-07T17:48:58.295+0800][84.463s][info][gc,heap     ] GC(84) Survivor regions: 6->6(9)
[2026-10-07T17:48:58.296+0800][84.463s][info][gc,heap     ] GC(84) Old regions: 215->217
[2026-10-07T17:48:58.296+0800][84.463s][info][gc,heap     ] GC(84) Archive regions: 2->2
[2026-10-07T17:48:58.296+0800][84.463s][info][gc,heap     ] GC(84) Humongous regions: 5->5
[2026-10-07T17:48:58.296+0800][84.463s][info][gc,metaspace] GC(84) Metaspace: 149450K(150848K)->149450K(150848K) NonClass: 130053K(130752K)->130053K(130752K) Class: 19397K(20096K)->19397K(20096K)
[2026-10-07T17:48:58.296+0800][84.463s][info][gc          ] GC(84) Pause Young (Normal) (G1 Evacuation Pause) 286M->227M(327M) 9.567ms
[2026-10-07T17:48:58.296+0800][84.463s][info][gc,cpu      ] GC(84) User=0.03s Sys=0.01s Real=0.01s
[2026-10-07T17:48:58.296+0800][84.463s][info][safepoint   ] Safepoint "G1CollectForAllocation", Time since last: 77006125 ns, Reaching safepoint: 39042 ns, At safepoint: 9613875 ns, Total: 9652917 ns
[2026-10-07T17:48:58.864+0800][85.031s][info][gc,start    ] GC(85) Pause Young (Normal) (G1 Evacuation Pause)
[2026-10-07T17:48:58.864+0800][85.031s][info][gc,task     ] GC(85) Using 9 workers of 9 for evacuation
[2026-10-07T17:48:58.872+0800][85.039s][info][gc,phases   ] GC(85)   Pre Evacuate Collection Set: 0.1ms
[2026-10-07T17:48:58.872+0800][85.039s][info][gc,phases   ] GC(85)   Merge Heap Roots: 0.2ms
[2026-10-07T17:48:58.872+0800][85.039s][info][gc,phases   ] GC(85)   Evacuate Collection Set: 6.9ms
[2026-10-07T17:48:58.872+0800][85.039s][info][gc,phases   ] GC(85)   Post Evacuate Collection Set: 0.8ms
[2026-10-07T17:48:58.872+0800][85.039s][info][gc,phases   ] GC(85)   Other: 0.2ms
[2026-10-07T17:48:58.872+0800][85.039s][info][gc,heap     ] GC(85) Eden regions: 58->0(131)
[2026-10-07T17:48:58.872+0800][85.039s][info][gc,heap     ] GC(85) Survivor regions: 6->7(8)
[2026-10-07T17:48:58.872+0800][85.039s][info][gc,heap     ] GC(85) Old regions: 217->217
[2026-10-07T17:48:58.872+0800][85.039s][info][gc,heap     ] GC(85) Archive regions: 2->2
[2026-10-07T17:48:58.872+0800][85.039s][info][gc,heap     ] GC(85) Humongous regions: 5->5
[2026-10-07T17:48:58.872+0800][85.039s][info][gc,metaspace] GC(85) Metaspace: 149507K(150912K)->149507K(150912K) NonClass: 130106K(130816K)->130106K(130816K) Class: 19400K(20096K)->19400K(20096K)
[2026-10-07T17:48:58.872+0800][85.039s][info][gc          ] GC(85) Pause Young (Normal) (G1 Evacuation Pause) 285M->229M(416M) 8.213ms
[2026-10-07T17:48:58.872+0800][85.039s][info][gc,cpu      ] GC(85) User=0.02s Sys=0.02s Real=0.01s
[2026-10-07T17:48:58.872+0800][85.039s][info][safepoint   ] Safepoint "G1CollectForAllocation", Time since last: 567897583 ns, Reaching safepoint: 148625 ns, At safepoint: 8350292 ns, Total: 8498917 ns
[2026-10-07T17:48:59.675+0800][85.842s][info][gc,start    ] GC(86) Pause Young (Normal) (G1 Evacuation Pause)
[2026-10-07T17:48:59.675+0800][85.842s][info][gc,task     ] GC(86) Using 9 workers of 9 for evacuation
[2026-10-07T17:48:59.719+0800][85.886s][info][gc,phases   ] GC(86)   Pre Evacuate Collection Set: 0.1ms
[2026-10-07T17:48:59.719+0800][85.886s][info][gc,phases   ] GC(86)   Merge Heap Roots: 0.3ms
[2026-10-07T17:48:59.719+0800][85.886s][info][gc,phases   ] GC(86)   Evacuate Collection Set: 33.4ms
[2026-10-07T17:48:59.719+0800][85.886s][info][gc,phases   ] GC(86)   Post Evacuate Collection Set: 10.1ms
[2026-10-07T17:48:59.719+0800][85.887s][info][gc,phases   ] GC(86)   Other: 0.1ms
[2026-10-07T17:48:59.719+0800][85.887s][info][gc,heap     ] GC(86) Eden regions: 131->0(124)
[2026-10-07T17:48:59.719+0800][85.887s][info][gc,heap     ] GC(86) Survivor regions: 7->12(18)
[2026-10-07T17:48:59.719+0800][85.887s][info][gc,heap     ] GC(86) Old regions: 217->217
[2026-10-07T17:48:59.719+0800][85.887s][info][gc,heap     ] GC(86) Archive regions: 2->2
[2026-10-07T17:48:59.719+0800][85.887s][info][gc,heap     ] GC(86) Humongous regions: 5->5
[2026-10-07T17:48:59.719+0800][85.887s][info][gc,metaspace] GC(86) Metaspace: 149586K(150976K)->149586K(150976K) NonClass: 130184K(130880K)->130184K(130880K) Class: 19401K(20096K)->19401K(20096K)
[2026-10-07T17:48:59.720+0800][85.887s][info][gc          ] GC(86) Pause Young (Normal) (G1 Evacuation Pause) 360M->234M(416M) 44.578ms
[2026-10-07T17:48:59.720+0800][85.887s][info][gc,cpu      ] GC(86) User=0.02s Sys=0.06s Real=0.05s
[2026-10-07T17:48:59.720+0800][85.887s][info][safepoint   ] Safepoint "G1CollectForAllocation", Time since last: 802809500 ns, Reaching safepoint: 166958 ns, At safepoint: 45063208 ns, Total: 45230166 ns
[2026-10-07T17:48:59.997+0800][86.164s][info][safepoint   ] Safepoint "ICBufferFull", Time since last: 276597167 ns, Reaching safepoint: 77500 ns, At safepoint: 5083 ns, Total: 82583 ns
[2026-10-07T17:49:00.167+0800][86.334s][info][gc,start    ] GC(87) Pause Young (Normal) (G1 Evacuation Pause)
[2026-10-07T17:49:00.167+0800][86.334s][info][gc,task     ] GC(87) Using 9 workers of 9 for evacuation
[2026-10-07T17:49:00.172+0800][86.340s][info][gc,phases   ] GC(87)   Pre Evacuate Collection Set: 0.1ms
[2026-10-07T17:49:00.172+0800][86.340s][info][gc,phases   ] GC(87)   Merge Heap Roots: 0.1ms
[2026-10-07T17:49:00.172+0800][86.340s][info][gc,phases   ] GC(87)   Evacuate Collection Set: 4.9ms
[2026-10-07T17:49:00.172+0800][86.340s][info][gc,phases   ] GC(87)   Post Evacuate Collection Set: 0.4ms
[2026-10-07T17:49:00.172+0800][86.340s][info][gc,phases   ] GC(87)   Other: 0.1ms
[2026-10-07T17:49:00.172+0800][86.340s][info][gc,heap     ] GC(87) Eden regions: 124->0(118)
[2026-10-07T17:49:00.172+0800][86.340s][info][gc,heap     ] GC(87) Survivor regions: 12->12(17)
[2026-10-07T17:49:00.173+0800][86.340s][info][gc,heap     ] GC(87) Old regions: 217->223
[2026-10-07T17:49:00.173+0800][86.340s][info][gc,heap     ] GC(87) Archive regions: 2->2
[2026-10-07T17:49:00.173+0800][86.340s][info][gc,heap     ] GC(87) Humongous regions: 5->5
[2026-10-07T17:49:00.173+0800][86.340s][info][gc,metaspace] GC(87) Metaspace: 149846K(151232K)->149846K(151232K) NonClass: 130444K(131136K)->130444K(131136K) Class: 19402K(20096K)->19402K(20096K)
[2026-10-07T17:49:00.173+0800][86.340s][info][gc          ] GC(87) Pause Young (Normal) (G1 Evacuation Pause) 358M->239M(416M) 5.625ms
[2026-10-07T17:49:00.173+0800][86.340s][info][gc,cpu      ] GC(87) User=0.03s Sys=0.01s Real=0.01s
[2026-10-07T17:49:00.173+0800][86.340s][info][safepoint   ] Safepoint "G1CollectForAllocation", Time since last: 170212167 ns, Reaching safepoint: 44208 ns, At safepoint: 5672459 ns, Total: 5716667 ns
[2026-10-07T17:49:00.600+0800][86.767s][info][safepoint   ] Safepoint "RedefineClasses", Time since last: 122588791 ns, Reaching safepoint: 959459 ns, At safepoint: 303708666 ns, Total: 304668125 ns
[2026-10-07T17:49:00.787+0800][86.954s][info][gc,start    ] GC(88) Pause Young (Normal) (G1 Evacuation Pause)
[2026-10-07T17:49:00.787+0800][86.954s][info][gc,task     ] GC(88) Using 9 workers of 9 for evacuation
[2026-10-07T17:49:00.803+0800][86.971s][info][gc,phases   ] GC(88)   Pre Evacuate Collection Set: 0.1ms
[2026-10-07T17:49:00.803+0800][86.971s][info][gc,phases   ] GC(88)   Merge Heap Roots: 0.1ms
[2026-10-07T17:49:00.803+0800][86.971s][info][gc,phases   ] GC(88)   Evacuate Collection Set: 15.3ms
[2026-10-07T17:49:00.803+0800][86.971s][info][gc,phases   ] GC(88)   Post Evacuate Collection Set: 0.6ms
[2026-10-07T17:49:00.803+0800][86.971s][info][gc,phases   ] GC(88)   Other: 0.1ms
[2026-10-07T17:49:00.803+0800][86.971s][info][gc,heap     ] GC(88) Eden regions: 118->0(115)
[2026-10-07T17:49:00.803+0800][86.971s][info][gc,heap     ] GC(88) Survivor regions: 12->11(17)
[2026-10-07T17:49:00.803+0800][86.971s][info][gc,heap     ] GC(88) Old regions: 223->228
[2026-10-07T17:49:00.803+0800][86.971s][info][gc,heap     ] GC(88) Archive regions: 2->2
[2026-10-07T17:49:00.803+0800][86.971s][info][gc,heap     ] GC(88) Humongous regions: 5->5
[2026-10-07T17:49:00.803+0800][86.971s][info][gc,metaspace] GC(88) Metaspace: 149937K(151360K)->149937K(151360K) NonClass: 130533K(131264K)->130533K(131264K) Class: 19404K(20096K)->19404K(20096K)
[2026-10-07T17:49:00.803+0800][86.971s][info][gc          ] GC(88) Pause Young (Normal) (G1 Evacuation Pause) 357M->243M(416M) 16.241ms
[2026-10-07T17:49:00.803+0800][86.971s][info][gc,cpu      ] GC(88) User=0.02s Sys=0.05s Real=0.02s
[2026-10-07T17:49:00.803+0800][86.971s][info][safepoint   ] Safepoint "G1CollectForAllocation", Time since last: 187167459 ns, Reaching safepoint: 95125 ns, At safepoint: 16300041 ns, Total: 16395166 ns
[2026-10-07T17:49:00.974+0800][87.141s][info][gc,start    ] GC(89) Pause Young (Normal) (G1 Evacuation Pause)
[2026-10-07T17:49:00.974+0800][87.141s][info][gc,task     ] GC(89) Using 9 workers of 9 for evacuation
[2026-10-07T17:49:00.982+0800][87.150s][info][gc,phases   ] GC(89)   Pre Evacuate Collection Set: 0.2ms
[2026-10-07T17:49:00.983+0800][87.150s][info][gc,phases   ] GC(89)   Merge Heap Roots: 0.1ms
[2026-10-07T17:49:00.983+0800][87.150s][info][gc,phases   ] GC(89)   Evacuate Collection Set: 7.4ms
[2026-10-07T17:49:00.983+0800][87.150s][info][gc,phases   ] GC(89)   Post Evacuate Collection Set: 0.9ms
[2026-10-07T17:49:00.983+0800][87.150s][info][gc,phases   ] GC(89)   Other: 0.1ms
[2026-10-07T17:49:00.983+0800][87.150s][info][gc,heap     ] GC(89) Eden regions: 115->0(113)
[2026-10-07T17:49:00.983+0800][87.150s][info][gc,heap     ] GC(89) Survivor regions: 11->8(16)
[2026-10-07T17:49:00.983+0800][87.150s][info][gc,heap     ] GC(89) Old regions: 228->234
[2026-10-07T17:49:00.983+0800][87.150s][info][gc,heap     ] GC(89) Archive regions: 2->2
[2026-10-07T17:49:00.983+0800][87.150s][info][gc,heap     ] GC(89) Humongous regions: 5->5
[2026-10-07T17:49:00.983+0800][87.150s][info][gc,metaspace] GC(89) Metaspace: 149958K(151424K)->149958K(151424K) NonClass: 130553K(131328K)->130553K(131328K) Class: 19404K(20096K)->19404K(20096K)
[2026-10-07T17:49:00.983+0800][87.150s][info][gc          ] GC(89) Pause Young (Normal) (G1 Evacuation Pause) 358M->247M(416M) 8.881ms
[2026-10-07T17:49:00.983+0800][87.150s][info][gc,cpu      ] GC(89) User=0.02s Sys=0.01s Real=0.01s
[2026-10-07T17:49:00.983+0800][87.150s][info][safepoint   ] Safepoint "G1CollectForAllocation", Time since last: 170299375 ns, Reaching safepoint: 60834 ns, At safepoint: 8991708 ns, Total: 9052542 ns
[2026-10-07T17:49:01.186+0800][87.354s][info][gc,start    ] GC(90) Pause Young (Normal) (G1 Evacuation Pause)
[2026-10-07T17:49:01.187+0800][87.354s][info][gc,task     ] GC(90) Using 9 workers of 9 for evacuation
[2026-10-07T17:49:01.189+0800][87.357s][info][gc,phases   ] GC(90)   Pre Evacuate Collection Set: 0.0ms
[2026-10-07T17:49:01.189+0800][87.357s][info][gc,phases   ] GC(90)   Merge Heap Roots: 0.0ms
[2026-10-07T17:49:01.189+0800][87.357s][info][gc,phases   ] GC(90)   Evacuate Collection Set: 2.3ms
[2026-10-07T17:49:01.189+0800][87.357s][info][gc,phases   ] GC(90)   Post Evacuate Collection Set: 0.2ms
[2026-10-07T17:49:01.189+0800][87.357s][info][gc,phases   ] GC(90)   Other: 0.1ms
[2026-10-07T17:49:01.189+0800][87.357s][info][gc,heap     ] GC(90) Eden regions: 113->0(111)
[2026-10-07T17:49:01.189+0800][87.357s][info][gc,heap     ] GC(90) Survivor regions: 8->11(16)
[2026-10-07T17:49:01.189+0800][87.357s][info][gc,heap     ] GC(90) Old regions: 234->234
[2026-10-07T17:49:01.189+0800][87.357s][info][gc,heap     ] GC(90) Archive regions: 2->2
[2026-10-07T17:49:01.189+0800][87.357s][info][gc,heap     ] GC(90) Humongous regions: 5->5
[2026-10-07T17:49:01.189+0800][87.357s][info][gc,metaspace] GC(90) Metaspace: 150025K(151488K)->150025K(151488K) NonClass: 130616K(131392K)->130616K(131392K) Class: 19409K(20096K)->19409K(20096K)
[2026-10-07T17:49:01.189+0800][87.357s][info][gc          ] GC(90) Pause Young (Normal) (G1 Evacuation Pause) 360M->249M(416M) 2.768ms
[2026-10-07T17:49:01.189+0800][87.357s][info][gc,cpu      ] GC(90) User=0.02s Sys=0.00s Real=0.00s
[2026-10-07T17:49:01.189+0800][87.357s][info][safepoint   ] Safepoint "G1CollectForAllocation", Time since last: 203708292 ns, Reaching safepoint: 53916 ns, At safepoint: 2819459 ns, Total: 2873375 ns
[2026-10-07T17:49:01.532+0800][87.699s][info][gc,start    ] GC(91) Pause Young (Normal) (G1 Evacuation Pause)
[2026-10-07T17:49:01.532+0800][87.699s][info][gc,task     ] GC(91) Using 9 workers of 9 for evacuation
[2026-10-07T17:49:01.551+0800][87.718s][info][gc,phases   ] GC(91)   Pre Evacuate Collection Set: 0.2ms
[2026-10-07T17:49:01.551+0800][87.718s][info][gc,phases   ] GC(91)   Merge Heap Roots: 0.1ms
[2026-10-07T17:49:01.551+0800][87.718s][info][gc,phases   ] GC(91)   Evacuate Collection Set: 16.5ms
[2026-10-07T17:49:01.551+0800][87.718s][info][gc,phases   ] GC(91)   Post Evacuate Collection Set: 2.1ms
[2026-10-07T17:49:01.551+0800][87.719s][info][gc,phases   ] GC(91)   Other: 0.2ms
[2026-10-07T17:49:01.551+0800][87.719s][info][gc,heap     ] GC(91) Eden regions: 111->0(110)
[2026-10-07T17:49:01.551+0800][87.719s][info][gc,heap     ] GC(91) Survivor regions: 11->9(16)
[2026-10-07T17:49:01.551+0800][87.719s][info][gc,heap     ] GC(91) Old regions: 234->238
[2026-10-07T17:49:01.551+0800][87.719s][info][gc,heap     ] GC(91) Archive regions: 2->2
[2026-10-07T17:49:01.551+0800][87.719s][info][gc,heap     ] GC(91) Humongous regions: 5->5
[2026-10-07T17:49:01.551+0800][87.719s][info][gc,metaspace] GC(91) Metaspace: 150057K(151488K)->150057K(151488K) NonClass: 130646K(131392K)->130646K(131392K) Class: 19410K(20096K)->19410K(20096K)
[2026-10-07T17:49:01.551+0800][87.719s][info][gc          ] GC(91) Pause Young (Normal) (G1 Evacuation Pause) 360M->252M(416M) 19.378ms
[2026-10-07T17:49:01.551+0800][87.719s][info][gc,cpu      ] GC(91) User=0.03s Sys=0.03s Real=0.02s
[2026-10-07T17:49:01.551+0800][87.719s][info][safepoint   ] Safepoint "G1CollectForAllocation", Time since last: 342281541 ns, Reaching safepoint: 230750 ns, At safepoint: 19496084 ns, Total: 19726834 ns
[2026-10-07T17:49:02.091+0800][88.258s][info][gc,start    ] GC(92) Pause Young (Normal) (G1 Evacuation Pause)
[2026-10-07T17:49:02.113+0800][88.280s][info][gc,task     ] GC(92) Using 9 workers of 9 for evacuation
[2026-10-07T17:49:02.151+0800][88.319s][info][gc,phases   ] GC(92)   Pre Evacuate Collection Set: 0.1ms
[2026-10-07T17:49:02.151+0800][88.319s][info][gc,phases   ] GC(92)   Merge Heap Roots: 0.1ms
[2026-10-07T17:49:02.151+0800][88.319s][info][gc,phases   ] GC(92)   Evacuate Collection Set: 36.8ms
[2026-10-07T17:49:02.151+0800][88.319s][info][gc,phases   ] GC(92)   Post Evacuate Collection Set: 1.0ms
[2026-10-07T17:49:02.151+0800][88.319s][info][gc,phases   ] GC(92)   Other: 22.5ms
[2026-10-07T17:49:02.151+0800][88.319s][info][gc,heap     ] GC(92) Eden regions: 110->0(109)
[2026-10-07T17:49:02.151+0800][88.319s][info][gc,heap     ] GC(92) Survivor regions: 9->8(15)
[2026-10-07T17:49:02.151+0800][88.319s][info][gc,heap     ] GC(92) Old regions: 238->241
[2026-10-07T17:49:02.151+0800][88.319s][info][gc,heap     ] GC(92) Archive regions: 2->2
[2026-10-07T17:49:02.151+0800][88.319s][info][gc,heap     ] GC(92) Humongous regions: 5->5
[2026-10-07T17:49:02.151+0800][88.319s][info][gc,metaspace] GC(92) Metaspace: 150061K(151488K)->150061K(151488K) NonClass: 130651K(131392K)->130651K(131392K) Class: 19410K(20096K)->19410K(20096K)
[2026-10-07T17:49:02.151+0800][88.319s][info][gc          ] GC(92) Pause Young (Normal) (G1 Evacuation Pause) 362M->254M(416M) 60.712ms
[2026-10-07T17:49:02.151+0800][88.319s][info][gc,cpu      ] GC(92) User=0.03s Sys=0.05s Real=0.06s
[2026-10-07T17:49:02.152+0800][88.319s][info][safepoint   ] Safepoint "G1CollectForAllocation", Time since last: 539158958 ns, Reaching safepoint: 243458 ns, At safepoint: 60846125 ns, Total: 61089583 ns
[2026-10-07T17:49:03.295+0800][89.463s][info][safepoint   ] Safepoint "Cleanup", Time since last: 1143516792 ns, Reaching safepoint: 370917 ns, At safepoint: 55541 ns, Total: 426458 ns
[2026-10-07T17:49:04.449+0800][90.617s][info][safepoint   ] Safepoint "Cleanup", Time since last: 1144041084 ns, Reaching safepoint: 9574875 ns, At safepoint: 60041 ns, Total: 9634916 ns
[2026-10-07T17:49:04.992+0800][91.159s][info][gc,start    ] GC(93) Pause Young (Normal) (G1 Evacuation Pause)
[2026-10-07T17:49:04.992+0800][91.159s][info][gc,task     ] GC(93) Using 9 workers of 9 for evacuation
[2026-10-07T17:49:05.022+0800][91.189s][info][gc,phases   ] GC(93)   Pre Evacuate Collection Set: 0.2ms
[2026-10-07T17:49:05.022+0800][91.189s][info][gc,phases   ] GC(93)   Merge Heap Roots: 0.2ms
[2026-10-07T17:49:05.022+0800][91.189s][info][gc,phases   ] GC(93)   Evacuate Collection Set: 28.5ms
[2026-10-07T17:49:05.022+0800][91.189s][info][gc,phases   ] GC(93)   Post Evacuate Collection Set: 0.7ms
[2026-10-07T17:49:05.022+0800][91.189s][info][gc,phases   ] GC(93)   Other: 0.2ms
[2026-10-07T17:49:05.022+0800][91.189s][info][gc,heap     ] GC(93) Eden regions: 109->0(102)
[2026-10-07T17:49:05.022+0800][91.189s][info][gc,heap     ] GC(93) Survivor regions: 8->11(15)
[2026-10-07T17:49:05.022+0800][91.189s][info][gc,heap     ] GC(93) Old regions: 241->241
[2026-10-07T17:49:05.022+0800][91.189s][info][gc,heap     ] GC(93) Archive regions: 2->2
[2026-10-07T17:49:05.022+0800][91.189s][info][gc,heap     ] GC(93) Humongous regions: 5->5
[2026-10-07T17:49:05.022+0800][91.189s][info][gc,metaspace] GC(93) Metaspace: 150219K(151680K)->150219K(151680K) NonClass: 130790K(131520K)->130790K(131520K) Class: 19428K(20160K)->19428K(20160K)
[2026-10-07T17:49:05.022+0800][91.189s][info][gc          ] GC(93) Pause Young (Normal) (G1 Evacuation Pause) 363M->256M(416M) 29.872ms
[2026-10-07T17:49:05.022+0800][91.189s][info][gc,cpu      ] GC(93) User=0.03s Sys=0.07s Real=0.03s
[2026-10-07T17:49:05.022+0800][91.189s][info][safepoint   ] Safepoint "G1CollectForAllocation", Time since last: 542669084 ns, Reaching safepoint: 147791 ns, At safepoint: 29983875 ns, Total: 30131666 ns
[2026-10-07T17:49:05.680+0800][91.848s][info][safepoint   ] Safepoint "ICBufferFull", Time since last: 658049459 ns, Reaching safepoint: 222833 ns, At safepoint: 12375 ns, Total: 235208 ns
[2026-10-07T17:49:05.702+0800][91.869s][info][gc,start    ] GC(94) Pause Young (Normal) (G1 Evacuation Pause)
[2026-10-07T17:49:05.702+0800][91.869s][info][gc,task     ] GC(94) Using 9 workers of 9 for evacuation
[2026-10-07T17:49:05.714+0800][91.882s][info][gc,phases   ] GC(94)   Pre Evacuate Collection Set: 0.1ms
[2026-10-07T17:49:05.715+0800][91.882s][info][gc,phases   ] GC(94)   Merge Heap Roots: 0.1ms
[2026-10-07T17:49:05.715+0800][91.882s][info][gc,phases   ] GC(94)   Evacuate Collection Set: 12.0ms
[2026-10-07T17:49:05.715+0800][91.882s][info][gc,phases   ] GC(94)   Post Evacuate Collection Set: 0.5ms
[2026-10-07T17:49:05.715+0800][91.882s][info][gc,phases   ] GC(94)   Other: 0.1ms
[2026-10-07T17:49:05.715+0800][91.882s][info][gc,heap     ] GC(94) Eden regions: 102->0(97)
[2026-10-07T17:49:05.715+0800][91.882s][info][gc,heap     ] GC(94) Survivor regions: 11->13(15)
[2026-10-07T17:49:05.715+0800][91.882s][info][gc,heap     ] GC(94) Old regions: 241->244
[2026-10-07T17:49:05.715+0800][91.882s][info][gc,heap     ] GC(94) Archive regions: 2->2
[2026-10-07T17:49:05.715+0800][91.882s][info][gc,heap     ] GC(94) Humongous regions: 5->5
[2026-10-07T17:49:05.715+0800][91.882s][info][gc,metaspace] GC(94) Metaspace: 150373K(151808K)->150373K(151808K) NonClass: 130942K(131648K)->130942K(131648K) Class: 19430K(20160K)->19430K(20160K)
[2026-10-07T17:49:05.715+0800][91.882s][info][gc          ] GC(94) Pause Young (Normal) (G1 Evacuation Pause) 358M->261M(416M) 13.072ms
[2026-10-07T17:49:05.715+0800][91.882s][info][gc,cpu      ] GC(94) User=0.03s Sys=0.03s Real=0.01s
[2026-10-07T17:49:05.715+0800][91.882s][info][safepoint   ] Safepoint "G1CollectForAllocation", Time since last: 21379625 ns, Reaching safepoint: 70083 ns, At safepoint: 13188542 ns, Total: 13258625 ns
[2026-10-07T17:49:05.899+0800][92.066s][info][gc,start    ] GC(95) Pause Young (Normal) (G1 Evacuation Pause)
[2026-10-07T17:49:05.899+0800][92.066s][info][gc,task     ] GC(95) Using 9 workers of 9 for evacuation
[2026-10-07T17:49:05.908+0800][92.076s][info][gc,phases   ] GC(95)   Pre Evacuate Collection Set: 0.1ms
[2026-10-07T17:49:05.908+0800][92.076s][info][gc,phases   ] GC(95)   Merge Heap Roots: 0.1ms
[2026-10-07T17:49:05.908+0800][92.076s][info][gc,phases   ] GC(95)   Evacuate Collection Set: 8.2ms
[2026-10-07T17:49:05.908+0800][92.076s][info][gc,phases   ] GC(95)   Post Evacuate Collection Set: 0.6ms
[2026-10-07T17:49:05.908+0800][92.076s][info][gc,phases   ] GC(95)   Other: 0.1ms
[2026-10-07T17:49:05.908+0800][92.076s][info][gc,heap     ] GC(95) Eden regions: 97->0(93)
[2026-10-07T17:49:05.908+0800][92.076s][info][gc,heap     ] GC(95) Survivor regions: 13->10(14)
[2026-10-07T17:49:05.908+0800][92.076s][info][gc,heap     ] GC(95) Old regions: 244->251
[2026-10-07T17:49:05.908+0800][92.076s][info][gc,heap     ] GC(95) Archive regions: 2->2
[2026-10-07T17:49:05.908+0800][92.076s][info][gc,heap     ] GC(95) Humongous regions: 5->5
[2026-10-07T17:49:05.908+0800][92.076s][info][gc,metaspace] GC(95) Metaspace: 150423K(151872K)->150423K(151872K) NonClass: 130993K(131712K)->130993K(131712K) Class: 19430K(20160K)->19430K(20160K)
[2026-10-07T17:49:05.908+0800][92.076s][info][gc          ] GC(95) Pause Young (Normal) (G1 Evacuation Pause) 358M->265M(416M) 9.449ms
[2026-10-07T17:49:05.908+0800][92.076s][info][gc,cpu      ] GC(95) User=0.03s Sys=0.01s Real=0.01s
[2026-10-07T17:49:05.908+0800][92.076s][info][safepoint   ] Safepoint "G1CollectForAllocation", Time since last: 184005750 ns, Reaching safepoint: 91250 ns, At safepoint: 9567000 ns, Total: 9658250 ns
[2026-10-07T17:49:06.246+0800][92.413s][info][gc,start    ] GC(96) Pause Young (Normal) (G1 Evacuation Pause)
[2026-10-07T17:49:06.246+0800][92.413s][info][gc,task     ] GC(96) Using 9 workers of 9 for evacuation
[2026-10-07T17:49:06.254+0800][92.421s][info][gc,phases   ] GC(96)   Pre Evacuate Collection Set: 0.1ms
[2026-10-07T17:49:06.254+0800][92.421s][info][gc,phases   ] GC(96)   Merge Heap Roots: 0.1ms
[2026-10-07T17:49:06.254+0800][92.421s][info][gc,phases   ] GC(96)   Evacuate Collection Set: 6.3ms
[2026-10-07T17:49:06.254+0800][92.421s][info][gc,phases   ] GC(96)   Post Evacuate Collection Set: 1.3ms
[2026-10-07T17:49:06.254+0800][92.421s][info][gc,phases   ] GC(96)   Other: 0.2ms
[2026-10-07T17:49:06.254+0800][92.421s][info][gc,heap     ] GC(96) Eden regions: 93->0(93)
[2026-10-07T17:49:06.254+0800][92.421s][info][gc,heap     ] GC(96) Survivor regions: 10->8(13)
[2026-10-07T17:49:06.254+0800][92.421s][info][gc,heap     ] GC(96) Old regions: 251->255
[2026-10-07T17:49:06.254+0800][92.421s][info][gc,heap     ] GC(96) Archive regions: 2->2
[2026-10-07T17:49:06.254+0800][92.421s][info][gc,heap     ] GC(96) Humongous regions: 5->5
[2026-10-07T17:49:06.254+0800][92.421s][info][gc,metaspace] GC(96) Metaspace: 150485K(151936K)->150485K(151936K) NonClass: 131052K(131776K)->131052K(131776K) Class: 19433K(20160K)->19433K(20160K)
[2026-10-07T17:49:06.254+0800][92.421s][info][gc          ] GC(96) Pause Young (Normal) (G1 Evacuation Pause) 358M->268M(416M) 8.218ms
[2026-10-07T17:49:06.254+0800][92.421s][info][gc,cpu      ] GC(96) User=0.02s Sys=0.01s Real=0.01s
[2026-10-07T17:49:06.254+0800][92.421s][info][safepoint   ] Safepoint "G1CollectForAllocation", Time since last: 336932083 ns, Reaching safepoint: 134375 ns, At safepoint: 8404625 ns, Total: 8539000 ns
[2026-10-07T17:49:06.749+0800][92.916s][info][gc,start    ] GC(97) Pause Young (Normal) (G1 Evacuation Pause)
[2026-10-07T17:49:06.749+0800][92.916s][info][gc,task     ] GC(97) Using 9 workers of 9 for evacuation
[2026-10-07T17:49:06.759+0800][92.926s][info][gc,phases   ] GC(97)   Pre Evacuate Collection Set: 0.1ms
[2026-10-07T17:49:06.759+0800][92.926s][info][gc,phases   ] GC(97)   Merge Heap Roots: 0.1ms
[2026-10-07T17:49:06.759+0800][92.926s][info][gc,phases   ] GC(97)   Evacuate Collection Set: 9.1ms
[2026-10-07T17:49:06.759+0800][92.926s][info][gc,phases   ] GC(97)   Post Evacuate Collection Set: 0.7ms
[2026-10-07T17:49:06.759+0800][92.926s][info][gc,phases   ] GC(97)   Other: 0.1ms
[2026-10-07T17:49:06.759+0800][92.926s][info][gc,heap     ] GC(97) Eden regions: 93->0(91)
[2026-10-07T17:49:06.759+0800][92.926s][info][gc,heap     ] GC(97) Survivor regions: 8->10(13)
[2026-10-07T17:49:06.759+0800][92.926s][info][gc,heap     ] GC(97) Old regions: 255->255
[2026-10-07T17:49:06.759+0800][92.926s][info][gc,heap     ] GC(97) Archive regions: 2->2
[2026-10-07T17:49:06.759+0800][92.926s][info][gc,heap     ] GC(97) Humongous regions: 5->5
[2026-10-07T17:49:06.759+0800][92.926s][info][gc,metaspace] GC(97) Metaspace: 150544K(152000K)->150544K(152000K) NonClass: 131111K(131840K)->131111K(131840K) Class: 19433K(20160K)->19433K(20160K)
[2026-10-07T17:49:06.759+0800][92.926s][info][gc          ] GC(97) Pause Young (Normal) (G1 Evacuation Pause) 361M->270M(416M) 10.200ms
[2026-10-07T17:49:06.759+0800][92.926s][info][gc,cpu      ] GC(97) User=0.02s Sys=0.02s Real=0.01s
[2026-10-07T17:49:06.759+0800][92.927s][info][safepoint   ] Safepoint "G1CollectForAllocation", Time since last: 494693542 ns, Reaching safepoint: 136125 ns, At safepoint: 10323333 ns, Total: 10459458 ns
[2026-10-07T17:49:06.891+0800][93.059s][info][gc,start    ] GC(98) Pause Young (Normal) (G1 Evacuation Pause)
[2026-10-07T17:49:06.891+0800][93.059s][info][gc,task     ] GC(98) Using 9 workers of 9 for evacuation
[2026-10-07T17:49:06.897+0800][93.064s][info][gc,phases   ] GC(98)   Pre Evacuate Collection Set: 0.0ms
[2026-10-07T17:49:06.897+0800][93.064s][info][gc,phases   ] GC(98)   Merge Heap Roots: 0.1ms
[2026-10-07T17:49:06.897+0800][93.064s][info][gc,phases   ] GC(98)   Evacuate Collection Set: 4.7ms
[2026-10-07T17:49:06.897+0800][93.064s][info][gc,phases   ] GC(98)   Post Evacuate Collection Set: 0.7ms
[2026-10-07T17:49:06.897+0800][93.064s][info][gc,phases   ] GC(98)   Other: 0.1ms
[2026-10-07T17:49:06.897+0800][93.064s][info][gc,heap     ] GC(98) Eden regions: 91->0(88)
[2026-10-07T17:49:06.897+0800][93.064s][info][gc,heap     ] GC(98) Survivor regions: 10->9(13)
[2026-10-07T17:49:06.897+0800][93.064s][info][gc,heap     ] GC(98) Old regions: 255->260
[2026-10-07T17:49:06.897+0800][93.064s][info][gc,heap     ] GC(98) Archive regions: 2->2
[2026-10-07T17:49:06.897+0800][93.064s][info][gc,heap     ] GC(98) Humongous regions: 5->5
[2026-10-07T17:49:06.897+0800][93.064s][info][gc,metaspace] GC(98) Metaspace: 150577K(152064K)->150577K(152064K) NonClass: 131142K(131904K)->131142K(131904K) Class: 19435K(20160K)->19435K(20160K)
[2026-10-07T17:49:06.897+0800][93.065s][info][gc          ] GC(98) Pause Young (Normal) (G1 Evacuation Pause) 361M->274M(416M) 5.804ms
[2026-10-07T17:49:06.897+0800][93.065s][info][gc,cpu      ] GC(98) User=0.02s Sys=0.00s Real=0.00s
[2026-10-07T17:49:06.897+0800][93.065s][info][safepoint   ] Safepoint "G1CollectForAllocation", Time since last: 132042375 ns, Reaching safepoint: 89000 ns, At safepoint: 5921500 ns, Total: 6010500 ns
[2026-10-07T17:49:07.010+0800][93.178s][info][gc,start    ] GC(99) Pause Young (Normal) (G1 Evacuation Pause)
[2026-10-07T17:49:07.010+0800][93.178s][info][gc,task     ] GC(99) Using 9 workers of 9 for evacuation
[2026-10-07T17:49:07.014+0800][93.182s][info][gc,phases   ] GC(99)   Pre Evacuate Collection Set: 0.1ms
[2026-10-07T17:49:07.015+0800][93.182s][info][gc,phases   ] GC(99)   Merge Heap Roots: 0.1ms
[2026-10-07T17:49:07.015+0800][93.182s][info][gc,phases   ] GC(99)   Evacuate Collection Set: 3.8ms
[2026-10-07T17:49:07.015+0800][93.182s][info][gc,phases   ] GC(99)   Post Evacuate Collection Set: 0.3ms
[2026-10-07T17:49:07.015+0800][93.182s][info][gc,phases   ] GC(99)   Other: 0.1ms
[2026-10-07T17:49:07.015+0800][93.182s][info][gc,heap     ] GC(99) Eden regions: 88->0(87)
[2026-10-07T17:49:07.015+0800][93.182s][info][gc,heap     ] GC(99) Survivor regions: 9->9(13)
[2026-10-07T17:49:07.015+0800][93.182s][info][gc,heap     ] GC(99) Old regions: 260->262
[2026-10-07T17:49:07.015+0800][93.182s][info][gc,heap     ] GC(99) Archive regions: 2->2
[2026-10-07T17:49:07.015+0800][93.182s][info][gc,heap     ] GC(99) Humongous regions: 5->5
[2026-10-07T17:49:07.015+0800][93.182s][info][gc,metaspace] GC(99) Metaspace: 150648K(152128K)->150648K(152128K) NonClass: 131210K(131968K)->131210K(131968K) Class: 19438K(20160K)->19438K(20160K)
[2026-10-07T17:49:07.015+0800][93.182s][info][gc          ] GC(99) Pause Young (Normal) (G1 Evacuation Pause) 362M->276M(416M) 4.375ms
[2026-10-07T17:49:07.015+0800][93.182s][info][gc,cpu      ] GC(99) User=0.02s Sys=0.01s Real=0.00s
[2026-10-07T17:49:07.015+0800][93.182s][info][safepoint   ] Safepoint "G1CollectForAllocation", Time since last: 113044750 ns, Reaching safepoint: 50750 ns, At safepoint: 4426292 ns, Total: 4477042 ns
[2026-10-07T17:49:07.149+0800][93.316s][info][gc,start    ] GC(100) Pause Young (Normal) (G1 Evacuation Pause)
[2026-10-07T17:49:07.154+0800][93.321s][info][gc,task     ] GC(100) Using 9 workers of 9 for evacuation
[2026-10-07T17:49:07.163+0800][93.330s][info][gc,phases   ] GC(100)   Pre Evacuate Collection Set: 0.2ms
[2026-10-07T17:49:07.163+0800][93.331s][info][gc,phases   ] GC(100)   Merge Heap Roots: 0.1ms
[2026-10-07T17:49:07.163+0800][93.331s][info][gc,phases   ] GC(100)   Evacuate Collection Set: 8.2ms
[2026-10-07T17:49:07.163+0800][93.331s][info][gc,phases   ] GC(100)   Post Evacuate Collection Set: 0.8ms
[2026-10-07T17:49:07.163+0800][93.331s][info][gc,phases   ] GC(100)   Other: 5.2ms
[2026-10-07T17:49:07.163+0800][93.331s][info][gc,heap     ] GC(100) Eden regions: 87->0(86)
[2026-10-07T17:49:07.163+0800][93.331s][info][gc,heap     ] GC(100) Survivor regions: 9->8(12)
[2026-10-07T17:49:07.163+0800][93.331s][info][gc,heap     ] GC(100) Old regions: 262->265
[2026-10-07T17:49:07.163+0800][93.331s][info][gc,heap     ] GC(100) Archive regions: 2->2
[2026-10-07T17:49:07.163+0800][93.331s][info][gc,heap     ] GC(100) Humongous regions: 5->5
[2026-10-07T17:49:07.163+0800][93.331s][info][gc,metaspace] GC(100) Metaspace: 150695K(152128K)->150695K(152128K) NonClass: 131253K(131968K)->131253K(131968K) Class: 19441K(20160K)->19441K(20160K)
[2026-10-07T17:49:07.163+0800][93.331s][info][gc          ] GC(100) Pause Young (Normal) (G1 Evacuation Pause) 363M->278M(416M) 14.617ms
[2026-10-07T17:49:07.163+0800][93.331s][info][gc,cpu      ] GC(100) User=0.02s Sys=0.01s Real=0.02s
[2026-10-07T17:49:07.163+0800][93.331s][info][safepoint   ] Safepoint "G1CollectForAllocation", Time since last: 133811708 ns, Reaching safepoint: 70417 ns, At safepoint: 14724833 ns, Total: 14795250 ns
[2026-10-07T17:49:07.445+0800][93.612s][info][gc,start    ] GC(101) Pause Young (Normal) (G1 Evacuation Pause)
[2026-10-07T17:49:07.445+0800][93.613s][info][gc,task     ] GC(101) Using 9 workers of 9 for evacuation
[2026-10-07T17:49:07.492+0800][93.659s][info][gc,phases   ] GC(101)   Pre Evacuate Collection Set: 0.4ms
[2026-10-07T17:49:07.492+0800][93.659s][info][gc,phases   ] GC(101)   Merge Heap Roots: 0.4ms
[2026-10-07T17:49:07.492+0800][93.659s][info][gc,phases   ] GC(101)   Evacuate Collection Set: 43.3ms
[2026-10-07T17:49:07.492+0800][93.659s][info][gc,phases   ] GC(101)   Post Evacuate Collection Set: 2.0ms
[2026-10-07T17:49:07.492+0800][93.659s][info][gc,phases   ] GC(101)   Other: 0.9ms
[2026-10-07T17:49:07.492+0800][93.659s][info][gc,heap     ] GC(101) Eden regions: 86->0(85)
[2026-10-07T17:49:07.492+0800][93.659s][info][gc,heap     ] GC(101) Survivor regions: 8->7(12)
[2026-10-07T17:49:07.492+0800][93.659s][info][gc,heap     ] GC(101) Old regions: 265->268
[2026-10-07T17:49:07.492+0800][93.659s][info][gc,heap     ] GC(101) Archive regions: 2->2
[2026-10-07T17:49:07.492+0800][93.659s][info][gc,heap     ] GC(101) Humongous regions: 5->5
[2026-10-07T17:49:07.492+0800][93.659s][info][gc,metaspace] GC(101) Metaspace: 150698K(152128K)->150698K(152128K) NonClass: 131256K(131968K)->131256K(131968K) Class: 19442K(20160K)->19442K(20160K)
[2026-10-07T17:49:07.492+0800][93.660s][info][gc          ] GC(101) Pause Young (Normal) (G1 Evacuation Pause) 364M->280M(416M) 47.183ms
[2026-10-07T17:49:07.492+0800][93.660s][info][gc,cpu      ] GC(101) User=0.03s Sys=0.03s Real=0.05s
[2026-10-07T17:49:07.492+0800][93.660s][info][safepoint   ] Safepoint "G1CollectForAllocation", Time since last: 278471084 ns, Reaching safepoint: 3044416 ns, At safepoint: 47376709 ns, Total: 50421125 ns
[2026-10-07T17:49:08.992+0800][95.159s][info][safepoint   ] Safepoint "Cleanup", Time since last: 1494428125 ns, Reaching safepoint: 5136041 ns, At safepoint: 14334 ns, Total: 5150375 ns
[2026-10-07T17:49:10.142+0800][96.310s][info][safepoint   ] Safepoint "Cleanup", Time since last: 1150469625 ns, Reaching safepoint: 285916 ns, At safepoint: 6584 ns, Total: 292500 ns
[2026-10-07T17:49:10.422+0800][96.590s][info][gc,start    ] GC(102) Pause Young (Normal) (G1 Evacuation Pause)
[2026-10-07T17:49:10.423+0800][96.590s][info][gc,task     ] GC(102) Using 9 workers of 9 for evacuation
[2026-10-07T17:49:10.450+0800][96.617s][info][gc,phases   ] GC(102)   Pre Evacuate Collection Set: 0.1ms
[2026-10-07T17:49:10.450+0800][96.617s][info][gc,phases   ] GC(102)   Merge Heap Roots: 0.2ms
[2026-10-07T17:49:10.450+0800][96.617s][info][gc,phases   ] GC(102)   Evacuate Collection Set: 25.4ms
[2026-10-07T17:49:10.450+0800][96.617s][info][gc,phases   ] GC(102)   Post Evacuate Collection Set: 1.5ms
[2026-10-07T17:49:10.450+0800][96.617s][info][gc,phases   ] GC(102)   Other: 0.1ms
[2026-10-07T17:49:10.450+0800][96.617s][info][gc,heap     ] GC(102) Eden regions: 85->0(83)
[2026-10-07T17:49:10.450+0800][96.617s][info][gc,heap     ] GC(102) Survivor regions: 7->7(12)
[2026-10-07T17:49:10.450+0800][96.618s][info][gc,heap     ] GC(102) Old regions: 268->268
[2026-10-07T17:49:10.450+0800][96.618s][info][gc,heap     ] GC(102) Archive regions: 2->2
[2026-10-07T17:49:10.450+0800][96.618s][info][gc,heap     ] GC(102) Humongous regions: 5->5
[2026-10-07T17:49:10.450+0800][96.618s][info][gc,metaspace] GC(102) Metaspace: 150795K(152256K)->150795K(152256K) NonClass: 131349K(132096K)->131349K(132096K) Class: 19445K(20160K)->19445K(20160K)
[2026-10-07T17:49:10.450+0800][96.618s][info][gc          ] GC(102) Pause Young (Normal) (G1 Evacuation Pause) 365M->280M(416M) 27.472ms
[2026-10-07T17:49:10.450+0800][96.618s][info][gc,cpu      ] GC(102) User=0.02s Sys=0.08s Real=0.03s
[2026-10-07T17:49:10.450+0800][96.618s][info][safepoint   ] Safepoint "G1CollectForAllocation", Time since last: 280060416 ns, Reaching safepoint: 47917 ns, At safepoint: 27762250 ns, Total: 27810167 ns
[2026-10-07T17:49:10.888+0800][97.056s][info][gc,start    ] GC(103) Pause Young (Normal) (G1 Evacuation Pause)
[2026-10-07T17:49:10.888+0800][97.056s][info][gc,task     ] GC(103) Using 9 workers of 9 for evacuation
[2026-10-07T17:49:10.893+0800][97.060s][info][gc,phases   ] GC(103)   Pre Evacuate Collection Set: 0.1ms
[2026-10-07T17:49:10.893+0800][97.060s][info][gc,phases   ] GC(103)   Merge Heap Roots: 0.1ms
[2026-10-07T17:49:10.893+0800][97.060s][info][gc,phases   ] GC(103)   Evacuate Collection Set: 3.6ms
[2026-10-07T17:49:10.893+0800][97.060s][info][gc,phases   ] GC(103)   Post Evacuate Collection Set: 0.2ms
[2026-10-07T17:49:10.893+0800][97.060s][info][gc,phases   ] GC(103)   Other: 0.1ms
[2026-10-07T17:49:10.893+0800][97.060s][info][gc,heap     ] GC(103) Eden regions: 83->0(75)
[2026-10-07T17:49:10.893+0800][97.060s][info][gc,heap     ] GC(103) Survivor regions: 7->12(12)
[2026-10-07T17:49:10.893+0800][97.060s][info][gc,heap     ] GC(103) Old regions: 268->268
[2026-10-07T17:49:10.893+0800][97.060s][info][gc,heap     ] GC(103) Archive regions: 2->2
[2026-10-07T17:49:10.893+0800][97.060s][info][gc,heap     ] GC(103) Humongous regions: 5->5
[2026-10-07T17:49:10.893+0800][97.060s][info][gc,metaspace] GC(103) Metaspace: 150839K(152256K)->150839K(152256K) NonClass: 131387K(132096K)->131387K(132096K) Class: 19451K(20160K)->19451K(20160K)
[2026-10-07T17:49:10.893+0800][97.060s][info][gc          ] GC(103) Pause Young (Normal) (G1 Evacuation Pause) 363M->285M(416M) 4.177ms
[2026-10-07T17:49:10.893+0800][97.060s][info][gc,cpu      ] GC(103) User=0.02s Sys=0.00s Real=0.01s
[2026-10-07T17:49:10.893+0800][97.060s][info][safepoint   ] Safepoint "G1CollectForAllocation", Time since last: 438093833 ns, Reaching safepoint: 89042 ns, At safepoint: 4224750 ns, Total: 4313792 ns
[2026-10-07T17:49:11.650+0800][97.817s][info][gc,start    ] GC(104) Pause Young (Normal) (G1 Evacuation Pause)
[2026-10-07T17:49:11.650+0800][97.817s][info][gc,task     ] GC(104) Using 9 workers of 9 for evacuation
[2026-10-07T17:49:11.683+0800][97.851s][info][gc,phases   ] GC(104)   Pre Evacuate Collection Set: 0.1ms
[2026-10-07T17:49:11.684+0800][97.851s][info][gc,phases   ] GC(104)   Merge Heap Roots: 0.1ms
[2026-10-07T17:49:11.684+0800][97.851s][info][gc,phases   ] GC(104)   Evacuate Collection Set: 32.8ms
[2026-10-07T17:49:11.684+0800][97.851s][info][gc,phases   ] GC(104)   Post Evacuate Collection Set: 0.7ms
[2026-10-07T17:49:11.684+0800][97.851s][info][gc,phases   ] GC(104)   Other: 0.1ms
[2026-10-07T17:49:11.684+0800][97.851s][info][gc,heap     ] GC(104) Eden regions: 75->0(75)
[2026-10-07T17:49:11.684+0800][97.851s][info][gc,heap     ] GC(104) Survivor regions: 12->8(11)
[2026-10-07T17:49:11.684+0800][97.851s][info][gc,heap     ] GC(104) Old regions: 268->274
[2026-10-07T17:49:11.684+0800][97.851s][info][gc,heap     ] GC(104) Archive regions: 2->2
[2026-10-07T17:49:11.684+0800][97.851s][info][gc,heap     ] GC(104) Humongous regions: 5->5
[2026-10-07T17:49:11.684+0800][97.851s][info][gc,metaspace] GC(104) Metaspace: 150886K(152384K)->150886K(152384K) NonClass: 131434K(132224K)->131434K(132224K) Class: 19451K(20160K)->19451K(20160K)
[2026-10-07T17:49:11.684+0800][97.851s][info][gc          ] GC(104) Pause Young (Normal) (G1 Evacuation Pause) 360M->287M(416M) 33.892ms
[2026-10-07T17:49:11.684+0800][97.851s][info][gc,cpu      ] GC(104) User=0.03s Sys=0.06s Real=0.03s
[2026-10-07T17:49:11.684+0800][97.851s][info][safepoint   ] Safepoint "G1CollectForAllocation", Time since last: 756859542 ns, Reaching safepoint: 201000 ns, At safepoint: 34025833 ns, Total: 34226833 ns
[2026-10-07T17:49:11.880+0800][98.047s][info][gc,start    ] GC(105) Pause Young (Normal) (G1 Evacuation Pause)
[2026-10-07T17:49:11.880+0800][98.047s][info][gc,task     ] GC(105) Using 9 workers of 9 for evacuation
[2026-10-07T17:49:11.888+0800][98.056s][info][gc,phases   ] GC(105)   Pre Evacuate Collection Set: 0.0ms
[2026-10-07T17:49:11.888+0800][98.056s][info][gc,phases   ] GC(105)   Merge Heap Roots: 0.0ms
[2026-10-07T17:49:11.888+0800][98.056s][info][gc,phases   ] GC(105)   Evacuate Collection Set: 8.1ms
[2026-10-07T17:49:11.888+0800][98.056s][info][gc,phases   ] GC(105)   Post Evacuate Collection Set: 0.4ms
[2026-10-07T17:49:11.888+0800][98.056s][info][gc,phases   ] GC(105)   Other: 0.2ms
[2026-10-07T17:49:11.888+0800][98.056s][info][gc,heap     ] GC(105) Eden regions: 75->0(71)
[2026-10-07T17:49:11.888+0800][98.056s][info][gc,heap     ] GC(105) Survivor regions: 8->7(11)
[2026-10-07T17:49:11.888+0800][98.056s][info][gc,heap     ] GC(105) Old regions: 274->279
[2026-10-07T17:49:11.888+0800][98.056s][info][gc,heap     ] GC(105) Archive regions: 2->2
[2026-10-07T17:49:11.888+0800][98.056s][info][gc,heap     ] GC(105) Humongous regions: 5->5
[2026-10-07T17:49:11.888+0800][98.056s][info][gc,metaspace] GC(105) Metaspace: 150940K(152384K)->150940K(152384K) NonClass: 131489K(132224K)->131489K(132224K) Class: 19451K(20160K)->19451K(20160K)
[2026-10-07T17:49:11.888+0800][98.056s][info][gc          ] GC(105) Pause Young (Normal) (G1 Evacuation Pause) 362M->291M(416M) 8.891ms
[2026-10-07T17:49:11.888+0800][98.056s][info][gc,cpu      ] GC(105) User=0.02s Sys=0.00s Real=0.00s
[2026-10-07T17:49:11.888+0800][98.056s][info][safepoint   ] Safepoint "G1CollectForAllocation", Time since last: 195770167 ns, Reaching safepoint: 58500 ns, At safepoint: 8947541 ns, Total: 9006041 ns
[2026-10-07T17:49:12.202+0800][98.369s][info][gc,start    ] GC(106) Pause Young (Normal) (G1 Evacuation Pause)
[2026-10-07T17:49:12.202+0800][98.369s][info][gc,task     ] GC(106) Using 9 workers of 9 for evacuation
[2026-10-07T17:49:12.252+0800][98.420s][info][gc,phases   ] GC(106)   Pre Evacuate Collection Set: 0.1ms
[2026-10-07T17:49:12.252+0800][98.420s][info][gc,phases   ] GC(106)   Merge Heap Roots: 0.0ms
[2026-10-07T17:49:12.252+0800][98.420s][info][gc,phases   ] GC(106)   Evacuate Collection Set: 49.6ms
[2026-10-07T17:49:12.252+0800][98.420s][info][gc,phases   ] GC(106)   Post Evacuate Collection Set: 0.6ms
[2026-10-07T17:49:12.252+0800][98.420s][info][gc,phases   ] GC(106)   Other: 0.2ms
[2026-10-07T17:49:12.252+0800][98.420s][info][gc,heap     ] GC(106) Eden regions: 71->0(70)
[2026-10-07T17:49:12.252+0800][98.420s][info][gc,heap     ] GC(106) Survivor regions: 7->7(10)
[2026-10-07T17:49:12.252+0800][98.420s][info][gc,heap     ] GC(106) Old regions: 279->281
[2026-10-07T17:49:12.252+0800][98.420s][info][gc,heap     ] GC(106) Archive regions: 2->2
[2026-10-07T17:49:12.252+0800][98.420s][info][gc,heap     ] GC(106) Humongous regions: 5->5
[2026-10-07T17:49:12.252+0800][98.420s][info][gc,metaspace] GC(106) Metaspace: 150948K(152384K)->150948K(152384K) NonClass: 131497K(132224K)->131497K(132224K) Class: 19451K(20160K)->19451K(20160K)
[2026-10-07T17:49:12.252+0800][98.420s][info][gc          ] GC(106) Pause Young (Normal) (G1 Evacuation Pause) 362M->293M(416M) 50.489ms
[2026-10-07T17:49:12.252+0800][98.420s][info][gc,cpu      ] GC(106) User=0.05s Sys=0.01s Real=0.05s
[2026-10-07T17:49:12.252+0800][98.420s][info][safepoint   ] Safepoint "G1CollectForAllocation", Time since last: 313018042 ns, Reaching safepoint: 79333 ns, At safepoint: 50555834 ns, Total: 50635167 ns
[2026-10-07T17:49:12.872+0800][99.039s][info][gc,start    ] GC(107) Pause Young (Normal) (G1 Evacuation Pause)
[2026-10-07T17:49:12.872+0800][99.039s][info][gc,task     ] GC(107) Using 9 workers of 9 for evacuation
[2026-10-07T17:49:12.890+0800][99.057s][info][gc,phases   ] GC(107)   Pre Evacuate Collection Set: 0.6ms
[2026-10-07T17:49:12.890+0800][99.057s][info][gc,phases   ] GC(107)   Merge Heap Roots: 0.9ms
[2026-10-07T17:49:12.890+0800][99.057s][info][gc,phases   ] GC(107)   Evacuate Collection Set: 15.3ms
[2026-10-07T17:49:12.890+0800][99.057s][info][gc,phases   ] GC(107)   Post Evacuate Collection Set: 1.0ms
[2026-10-07T17:49:12.890+0800][99.057s][info][gc,phases   ] GC(107)   Other: 0.4ms
[2026-10-07T17:49:12.890+0800][99.057s][info][gc,heap     ] GC(107) Eden regions: 70->0(68)
[2026-10-07T17:49:12.890+0800][99.057s][info][gc,heap     ] GC(107) Survivor regions: 7->5(10)
[2026-10-07T17:49:12.890+0800][99.057s][info][gc,heap     ] GC(107) Old regions: 281->286
[2026-10-07T17:49:12.890+0800][99.057s][info][gc,heap     ] GC(107) Archive regions: 2->2
[2026-10-07T17:49:12.890+0800][99.057s][info][gc,heap     ] GC(107) Humongous regions: 5->5
[2026-10-07T17:49:12.890+0800][99.057s][info][gc,metaspace] GC(107) Metaspace: 150963K(152448K)->150963K(152448K) NonClass: 131512K(132288K)->131512K(132288K) Class: 19451K(20160K)->19451K(20160K)
[2026-10-07T17:49:12.890+0800][99.057s][info][gc          ] GC(107) Pause Young (Normal) (G1 Evacuation Pause) 363M->296M(416M) 18.257ms
[2026-10-07T17:49:12.890+0800][99.057s][info][gc,cpu      ] GC(107) User=0.02s Sys=0.03s Real=0.02s
[2026-10-07T17:49:12.890+0800][99.058s][info][safepoint   ] Safepoint "G1CollectForAllocation", Time since last: 618924541 ns, Reaching safepoint: 358584 ns, At safepoint: 18520125 ns, Total: 18878709 ns
[2026-10-07T17:49:13.094+0800][99.262s][info][gc,start    ] GC(108) Pause Young (Normal) (G1 Evacuation Pause)
[2026-10-07T17:49:13.094+0800][99.262s][info][gc,task     ] GC(108) Using 9 workers of 9 for evacuation
[2026-10-07T17:49:13.096+0800][99.264s][info][gc,phases   ] GC(108)   Pre Evacuate Collection Set: 0.1ms
[2026-10-07T17:49:13.096+0800][99.264s][info][gc,phases   ] GC(108)   Merge Heap Roots: 0.0ms
[2026-10-07T17:49:13.096+0800][99.264s][info][gc,phases   ] GC(108)   Evacuate Collection Set: 1.7ms
[2026-10-07T17:49:13.097+0800][99.264s][info][gc,phases   ] GC(108)   Post Evacuate Collection Set: 0.3ms
[2026-10-07T17:49:13.097+0800][99.264s][info][gc,phases   ] GC(108)   Other: 0.1ms
[2026-10-07T17:49:13.097+0800][99.264s][info][gc,heap     ] GC(108) Eden regions: 68->0(67)
[2026-10-07T17:49:13.097+0800][99.264s][info][gc,heap     ] GC(108) Survivor regions: 5->7(10)
[2026-10-07T17:49:13.097+0800][99.264s][info][gc,heap     ] GC(108) Old regions: 286->286
[2026-10-07T17:49:13.097+0800][99.264s][info][gc,heap     ] GC(108) Archive regions: 2->2
[2026-10-07T17:49:13.097+0800][99.264s][info][gc,heap     ] GC(108) Humongous regions: 5->5
[2026-10-07T17:49:13.097+0800][99.264s][info][gc,metaspace] GC(108) Metaspace: 150997K(152448K)->150997K(152448K) NonClass: 131546K(132288K)->131546K(132288K) Class: 19451K(20160K)->19451K(20160K)
[2026-10-07T17:49:13.097+0800][99.264s][info][gc          ] GC(108) Pause Young (Normal) (G1 Evacuation Pause) 364M->297M(416M) 2.394ms
[2026-10-07T17:49:13.097+0800][99.264s][info][gc,cpu      ] GC(108) User=0.01s Sys=0.00s Real=0.00s
[2026-10-07T17:49:13.097+0800][99.264s][info][safepoint   ] Safepoint "G1CollectForAllocation", Time since last: 204256500 ns, Reaching safepoint: 45291 ns, At safepoint: 2447500 ns, Total: 2492791 ns
[2026-10-07T17:49:13.194+0800][99.362s][info][gc,start    ] GC(109) Pause Young (Normal) (G1 Evacuation Pause)
[2026-10-07T17:49:13.195+0800][99.362s][info][gc,task     ] GC(109) Using 9 workers of 9 for evacuation
[2026-10-07T17:49:13.198+0800][99.366s][info][gc,phases   ] GC(109)   Pre Evacuate Collection Set: 0.1ms
[2026-10-07T17:49:13.198+0800][99.366s][info][gc,phases   ] GC(109)   Merge Heap Roots: 0.1ms
[2026-10-07T17:49:13.198+0800][99.366s][info][gc,phases   ] GC(109)   Evacuate Collection Set: 3.1ms
[2026-10-07T17:49:13.198+0800][99.366s][info][gc,phases   ] GC(109)   Post Evacuate Collection Set: 0.4ms
[2026-10-07T17:49:13.198+0800][99.366s][info][gc,phases   ] GC(109)   Other: 0.2ms
[2026-10-07T17:49:13.198+0800][99.366s][info][gc,heap     ] GC(109) Eden regions: 67->0(66)
[2026-10-07T17:49:13.198+0800][99.366s][info][gc,heap     ] GC(109) Survivor regions: 7->6(10)
[2026-10-07T17:49:13.198+0800][99.366s][info][gc,heap     ] GC(109) Old regions: 286->288
[2026-10-07T17:49:13.198+0800][99.366s][info][gc,heap     ] GC(109) Archive regions: 2->2
[2026-10-07T17:49:13.198+0800][99.366s][info][gc,heap     ] GC(109) Humongous regions: 5->5
[2026-10-07T17:49:13.198+0800][99.366s][info][gc,metaspace] GC(109) Metaspace: 150997K(152448K)->150997K(152448K) NonClass: 131546K(132288K)->131546K(132288K) Class: 19451K(20160K)->19451K(20160K)
[2026-10-07T17:49:13.198+0800][99.366s][info][gc          ] GC(109) Pause Young (Normal) (G1 Evacuation Pause) 364M->299M(416M) 3.889ms
[2026-10-07T17:49:13.198+0800][99.366s][info][gc,cpu      ] GC(109) User=0.01s Sys=0.00s Real=0.00s
[2026-10-07T17:49:13.198+0800][99.366s][info][safepoint   ] Safepoint "G1CollectForAllocation", Time since last: 97745834 ns, Reaching safepoint: 45833 ns, At safepoint: 4020083 ns, Total: 4065916 ns
[2026-10-07T17:49:13.363+0800][99.531s][info][gc,start    ] GC(110) Pause Young (Normal) (G1 Evacuation Pause)
[2026-10-07T17:49:13.363+0800][99.531s][info][gc,task     ] GC(110) Using 9 workers of 9 for evacuation
[2026-10-07T17:49:13.391+0800][99.559s][info][gc,phases   ] GC(110)   Pre Evacuate Collection Set: 0.5ms
[2026-10-07T17:49:13.392+0800][99.559s][info][gc,phases   ] GC(110)   Merge Heap Roots: 0.1ms
[2026-10-07T17:49:13.392+0800][99.559s][info][gc,phases   ] GC(110)   Evacuate Collection Set: 26.9ms
[2026-10-07T17:49:13.392+0800][99.559s][info][gc,phases   ] GC(110)   Post Evacuate Collection Set: 0.7ms
[2026-10-07T17:49:13.392+0800][99.559s][info][gc,phases   ] GC(110)   Other: 0.2ms
[2026-10-07T17:49:13.392+0800][99.559s][info][gc,heap     ] GC(110) Eden regions: 66->0(63)
[2026-10-07T17:49:13.392+0800][99.559s][info][gc,heap     ] GC(110) Survivor regions: 6->7(9)
[2026-10-07T17:49:13.392+0800][99.559s][info][gc,heap     ] GC(110) Old regions: 288->290
[2026-10-07T17:49:13.392+0800][99.559s][info][gc,heap     ] GC(110) Archive regions: 2->2
[2026-10-07T17:49:13.392+0800][99.559s][info][gc,heap     ] GC(110) Humongous regions: 5->5
[2026-10-07T17:49:13.392+0800][99.559s][info][gc,metaspace] GC(110) Metaspace: 151030K(152448K)->151030K(152448K) NonClass: 131577K(132288K)->131577K(132288K) Class: 19452K(20160K)->19452K(20160K)
[2026-10-07T17:49:13.392+0800][99.559s][info][gc          ] GC(110) Pause Young (Normal) (G1 Evacuation Pause) 365M->301M(416M) 28.544ms
[2026-10-07T17:49:13.392+0800][99.559s][info][gc,cpu      ] GC(110) User=0.03s Sys=0.01s Real=0.03s
[2026-10-07T17:49:13.392+0800][99.560s][info][safepoint   ] Safepoint "G1CollectForAllocation", Time since last: 164289667 ns, Reaching safepoint: 303875 ns, At safepoint: 28837083 ns, Total: 29140958 ns
[2026-10-07T17:49:13.680+0800][99.848s][info][gc,start    ] GC(111) Pause Young (Normal) (G1 Evacuation Pause)
[2026-10-07T17:49:13.680+0800][99.848s][info][gc,task     ] GC(111) Using 9 workers of 9 for evacuation
[2026-10-07T17:49:13.687+0800][99.855s][info][gc,phases   ] GC(111)   Pre Evacuate Collection Set: 0.1ms
[2026-10-07T17:49:13.687+0800][99.855s][info][gc,phases   ] GC(111)   Merge Heap Roots: 0.1ms
[2026-10-07T17:49:13.687+0800][99.855s][info][gc,phases   ] GC(111)   Evacuate Collection Set: 5.9ms
[2026-10-07T17:49:13.687+0800][99.855s][info][gc,phases   ] GC(111)   Post Evacuate Collection Set: 0.6ms
[2026-10-07T17:49:13.687+0800][99.855s][info][gc,phases   ] GC(111)   Other: 0.2ms
[2026-10-07T17:49:13.687+0800][99.855s][info][gc,heap     ] GC(111) Eden regions: 63->0(63)
[2026-10-07T17:49:13.687+0800][99.855s][info][gc,heap     ] GC(111) Survivor regions: 7->6(9)
[2026-10-07T17:49:13.687+0800][99.855s][info][gc,heap     ] GC(111) Old regions: 290->292
[2026-10-07T17:49:13.687+0800][99.855s][info][gc,heap     ] GC(111) Archive regions: 2->2
[2026-10-07T17:49:13.687+0800][99.855s][info][gc,heap     ] GC(111) Humongous regions: 5->5
[2026-10-07T17:49:13.687+0800][99.855s][info][gc,metaspace] GC(111) Metaspace: 151096K(152512K)->151096K(152512K) NonClass: 131640K(132352K)->131640K(132352K) Class: 19455K(20160K)->19455K(20160K)
[2026-10-07T17:49:13.687+0800][99.855s][info][gc          ] GC(111) Pause Young (Normal) (G1 Evacuation Pause) 364M->303M(416M) 7.031ms
[2026-10-07T17:49:13.687+0800][99.855s][info][gc,cpu      ] GC(111) User=0.02s Sys=0.02s Real=0.00s
[2026-10-07T17:49:13.687+0800][99.855s][info][safepoint   ] Safepoint "G1CollectForAllocation", Time since last: 288181209 ns, Reaching safepoint: 78250 ns, At safepoint: 7144583 ns, Total: 7222833 ns
[2026-10-07T17:49:13.954+0800][100.122s][info][gc,start    ] GC(112) Pause Young (Normal) (G1 Evacuation Pause)
[2026-10-07T17:49:13.954+0800][100.122s][info][gc,task     ] GC(112) Using 9 workers of 9 for evacuation
[2026-10-07T17:49:13.957+0800][100.125s][info][gc,phases   ] GC(112)   Pre Evacuate Collection Set: 0.1ms
[2026-10-07T17:49:13.957+0800][100.125s][info][gc,phases   ] GC(112)   Merge Heap Roots: 0.0ms
[2026-10-07T17:49:13.957+0800][100.125s][info][gc,phases   ] GC(112)   Evacuate Collection Set: 2.4ms
[2026-10-07T17:49:13.957+0800][100.125s][info][gc,phases   ] GC(112)   Post Evacuate Collection Set: 0.5ms
[2026-10-07T17:49:13.957+0800][100.125s][info][gc,phases   ] GC(112)   Other: 0.1ms
[2026-10-07T17:49:13.957+0800][100.125s][info][gc,heap     ] GC(112) Eden regions: 63->0(61)
[2026-10-07T17:49:13.957+0800][100.125s][info][gc,heap     ] GC(112) Survivor regions: 6->6(9)
[2026-10-07T17:49:13.957+0800][100.125s][info][gc,heap     ] GC(112) Old regions: 292->294
[2026-10-07T17:49:13.957+0800][100.125s][info][gc,heap     ] GC(112) Archive regions: 2->2
[2026-10-07T17:49:13.957+0800][100.125s][info][gc,heap     ] GC(112) Humongous regions: 5->5
[2026-10-07T17:49:13.957+0800][100.125s][info][gc,metaspace] GC(112) Metaspace: 151128K(152576K)->151128K(152576K) NonClass: 131671K(132416K)->131671K(132416K) Class: 19457K(20160K)->19457K(20160K)
[2026-10-07T17:49:13.957+0800][100.125s][info][gc          ] GC(112) Pause Young (Normal) (G1 Evacuation Pause) 366M->305M(416M) 3.104ms
[2026-10-07T17:49:13.957+0800][100.125s][info][gc,cpu      ] GC(112) User=0.01s Sys=0.00s Real=0.00s
[2026-10-07T17:49:13.957+0800][100.125s][info][safepoint   ] Safepoint "G1CollectForAllocation", Time since last: 266485750 ns, Reaching safepoint: 47958 ns, At safepoint: 3164375 ns, Total: 3212333 ns
[2026-10-07T17:49:14.142+0800][100.309s][info][gc,start    ] GC(113) Pause Young (Normal) (G1 Evacuation Pause)
[2026-10-07T17:49:14.142+0800][100.309s][info][gc,task     ] GC(113) Using 9 workers of 9 for evacuation
[2026-10-07T17:49:14.145+0800][100.313s][info][gc,phases   ] GC(113)   Pre Evacuate Collection Set: 0.0ms
[2026-10-07T17:49:14.145+0800][100.313s][info][gc,phases   ] GC(113)   Merge Heap Roots: 0.1ms
[2026-10-07T17:49:14.145+0800][100.313s][info][gc,phases   ] GC(113)   Evacuate Collection Set: 2.3ms
[2026-10-07T17:49:14.145+0800][100.313s][info][gc,phases   ] GC(113)   Post Evacuate Collection Set: 0.9ms
[2026-10-07T17:49:14.145+0800][100.313s][info][gc,phases   ] GC(113)   Other: 0.1ms
[2026-10-07T17:49:14.145+0800][100.313s][info][gc,heap     ] GC(113) Eden regions: 61->0(61)
[2026-10-07T17:49:14.145+0800][100.313s][info][gc,heap     ] GC(113) Survivor regions: 6->5(9)
[2026-10-07T17:49:14.145+0800][100.313s][info][gc,heap     ] GC(113) Old regions: 294->296
[2026-10-07T17:49:14.145+0800][100.313s][info][gc,heap     ] GC(113) Archive regions: 2->2
[2026-10-07T17:49:14.145+0800][100.313s][info][gc,heap     ] GC(113) Humongous regions: 5->5
[2026-10-07T17:49:14.145+0800][100.313s][info][gc,metaspace] GC(113) Metaspace: 151142K(152576K)->151142K(152576K) NonClass: 131684K(132416K)->131684K(132416K) Class: 19458K(20160K)->19458K(20160K)
[2026-10-07T17:49:14.145+0800][100.313s][info][gc          ] GC(113) Pause Young (Normal) (G1 Evacuation Pause) 366M->306M(416M) 3.627ms
[2026-10-07T17:49:14.145+0800][100.313s][info][gc,cpu      ] GC(113) User=0.02s Sys=0.00s Real=0.00s
[2026-10-07T17:49:14.145+0800][100.313s][info][safepoint   ] Safepoint "G1CollectForAllocation", Time since last: 184629917 ns, Reaching safepoint: 40833 ns, At safepoint: 3707542 ns, Total: 3748375 ns
[2026-10-07T17:49:14.546+0800][100.714s][info][gc,start    ] GC(114) Pause Young (Normal) (G1 Evacuation Pause)
[2026-10-07T17:49:14.546+0800][100.714s][info][gc,task     ] GC(114) Using 9 workers of 9 for evacuation
[2026-10-07T17:49:14.552+0800][100.720s][info][gc,phases   ] GC(114)   Pre Evacuate Collection Set: 0.9ms
[2026-10-07T17:49:14.553+0800][100.720s][info][gc,phases   ] GC(114)   Merge Heap Roots: 0.7ms
[2026-10-07T17:49:14.553+0800][100.720s][info][gc,phases   ] GC(114)   Evacuate Collection Set: 3.9ms
[2026-10-07T17:49:14.553+0800][100.720s][info][gc,phases   ] GC(114)   Post Evacuate Collection Set: 0.8ms
[2026-10-07T17:49:14.553+0800][100.720s][info][gc,phases   ] GC(114)   Other: 0.1ms
[2026-10-07T17:49:14.553+0800][100.720s][info][gc,heap     ] GC(114) Eden regions: 61->0(59)
[2026-10-07T17:49:14.553+0800][100.720s][info][gc,heap     ] GC(114) Survivor regions: 5->6(9)
[2026-10-07T17:49:14.553+0800][100.720s][info][gc,heap     ] GC(114) Old regions: 296->296
[2026-10-07T17:49:14.553+0800][100.720s][info][gc,heap     ] GC(114) Archive regions: 2->2
[2026-10-07T17:49:14.553+0800][100.720s][info][gc,heap     ] GC(114) Humongous regions: 5->5
[2026-10-07T17:49:14.553+0800][100.720s][info][gc,metaspace] GC(114) Metaspace: 151142K(152576K)->151142K(152576K) NonClass: 131684K(132416K)->131684K(132416K) Class: 19458K(20160K)->19458K(20160K)
[2026-10-07T17:49:14.553+0800][100.720s][info][gc          ] GC(114) Pause Young (Normal) (G1 Evacuation Pause) 367M->307M(416M) 6.724ms
[2026-10-07T17:49:14.553+0800][100.720s][info][gc,cpu      ] GC(114) User=0.01s Sys=0.00s Real=0.01s
[2026-10-07T17:49:14.553+0800][100.721s][info][safepoint   ] Safepoint "G1CollectForAllocation", Time since last: 398864083 ns, Reaching safepoint: 1797000 ns, At safepoint: 6834750 ns, Total: 8631750 ns
[2026-10-07T17:49:14.649+0800][100.817s][info][gc,start    ] GC(115) Pause Young (Normal) (G1 Evacuation Pause)
[2026-10-07T17:49:14.649+0800][100.817s][info][gc,task     ] GC(115) Using 9 workers of 9 for evacuation
[2026-10-07T17:49:14.653+0800][100.821s][info][gc,phases   ] GC(115)   Pre Evacuate Collection Set: 0.0ms
[2026-10-07T17:49:14.653+0800][100.821s][info][gc,phases   ] GC(115)   Merge Heap Roots: 0.0ms
[2026-10-07T17:49:14.653+0800][100.821s][info][gc,phases   ] GC(115)   Evacuate Collection Set: 3.4ms
[2026-10-07T17:49:14.653+0800][100.821s][info][gc,phases   ] GC(115)   Post Evacuate Collection Set: 0.5ms
[2026-10-07T17:49:14.653+0800][100.821s][info][gc,phases   ] GC(115)   Other: 0.1ms
[2026-10-07T17:49:14.653+0800][100.821s][info][gc,heap     ] GC(115) Eden regions: 59->0(57)
[2026-10-07T17:49:14.653+0800][100.821s][info][gc,heap     ] GC(115) Survivor regions: 6->6(9)
[2026-10-07T17:49:14.653+0800][100.821s][info][gc,heap     ] GC(115) Old regions: 296->298
[2026-10-07T17:49:14.653+0800][100.821s][info][gc,heap     ] GC(115) Archive regions: 2->2
[2026-10-07T17:49:14.653+0800][100.821s][info][gc,heap     ] GC(115) Humongous regions: 5->5
[2026-10-07T17:49:14.653+0800][100.821s][info][gc,metaspace] GC(115) Metaspace: 151142K(152576K)->151142K(152576K) NonClass: 131684K(132416K)->131684K(132416K) Class: 19458K(20160K)->19458K(20160K)
[2026-10-07T17:49:14.653+0800][100.821s][info][gc          ] GC(115) Pause Young (Normal) (G1 Evacuation Pause) 366M->308M(416M) 4.114ms
[2026-10-07T17:49:14.653+0800][100.821s][info][gc,cpu      ] GC(115) User=0.01s Sys=0.00s Real=0.01s
[2026-10-07T17:49:14.653+0800][100.821s][info][safepoint   ] Safepoint "G1CollectForAllocation", Time since last: 96398667 ns, Reaching safepoint: 35083 ns, At safepoint: 4185459 ns, Total: 4220542 ns
[2026-10-07T17:49:14.825+0800][100.993s][info][gc,start    ] GC(116) Pause Young (Normal) (G1 Evacuation Pause)
[2026-10-07T17:49:14.825+0800][100.993s][info][gc,task     ] GC(116) Using 9 workers of 9 for evacuation
[2026-10-07T17:49:14.827+0800][100.995s][info][gc,phases   ] GC(116)   Pre Evacuate Collection Set: 0.1ms
[2026-10-07T17:49:14.827+0800][100.995s][info][gc,phases   ] GC(116)   Merge Heap Roots: 0.1ms
[2026-10-07T17:49:14.827+0800][100.995s][info][gc,phases   ] GC(116)   Evacuate Collection Set: 1.7ms
[2026-10-07T17:49:14.827+0800][100.995s][info][gc,phases   ] GC(116)   Post Evacuate Collection Set: 0.2ms
[2026-10-07T17:49:14.827+0800][100.995s][info][gc,phases   ] GC(116)   Other: 0.1ms
[2026-10-07T17:49:14.827+0800][100.995s][info][gc,heap     ] GC(116) Eden regions: 57->0(58)
[2026-10-07T17:49:14.827+0800][100.995s][info][gc,heap     ] GC(116) Survivor regions: 6->5(8)
[2026-10-07T17:49:14.827+0800][100.995s][info][gc,heap     ] GC(116) Old regions: 298->299
[2026-10-07T17:49:14.827+0800][100.995s][info][gc,heap     ] GC(116) Archive regions: 2->2
[2026-10-07T17:49:14.827+0800][100.995s][info][gc,heap     ] GC(116) Humongous regions: 5->5
[2026-10-07T17:49:14.827+0800][100.995s][info][gc,metaspace] GC(116) Metaspace: 151144K(152576K)->151144K(152576K) NonClass: 131686K(132416K)->131686K(132416K) Class: 19458K(20160K)->19458K(20160K)
[2026-10-07T17:49:14.827+0800][100.995s][info][gc          ] GC(116) Pause Young (Normal) (G1 Evacuation Pause) 365M->309M(416M) 2.180ms
[2026-10-07T17:49:14.827+0800][100.995s][info][gc,cpu      ] GC(116) User=0.02s Sys=0.00s Real=0.00s
[2026-10-07T17:49:14.827+0800][100.995s][info][safepoint   ] Safepoint "G1CollectForAllocation", Time since last: 171768166 ns, Reaching safepoint: 31334 ns, At safepoint: 2223666 ns, Total: 2255000 ns
[2026-10-07T17:49:14.898+0800][101.066s][info][gc,start    ] GC(117) Pause Young (Normal) (G1 Evacuation Pause)
[2026-10-07T17:49:14.898+0800][101.066s][info][gc,task     ] GC(117) Using 9 workers of 9 for evacuation
[2026-10-07T17:49:14.900+0800][101.068s][info][gc,phases   ] GC(117)   Pre Evacuate Collection Set: 0.1ms
[2026-10-07T17:49:14.900+0800][101.068s][info][gc,phases   ] GC(117)   Merge Heap Roots: 0.0ms
[2026-10-07T17:49:14.900+0800][101.068s][info][gc,phases   ] GC(117)   Evacuate Collection Set: 2.0ms
[2026-10-07T17:49:14.901+0800][101.068s][info][gc,phases   ] GC(117)   Post Evacuate Collection Set: 0.3ms
[2026-10-07T17:49:14.901+0800][101.068s][info][gc,phases   ] GC(117)   Other: 0.1ms
[2026-10-07T17:49:14.901+0800][101.068s][info][gc,heap     ] GC(117) Eden regions: 58->0(56)
[2026-10-07T17:49:14.901+0800][101.068s][info][gc,heap     ] GC(117) Survivor regions: 5->5(8)
[2026-10-07T17:49:14.901+0800][101.068s][info][gc,heap     ] GC(117) Old regions: 299->301
[2026-10-07T17:49:14.901+0800][101.068s][info][gc,heap     ] GC(117) Archive regions: 2->2
[2026-10-07T17:49:14.901+0800][101.068s][info][gc,heap     ] GC(117) Humongous regions: 5->5
[2026-10-07T17:49:14.901+0800][101.068s][info][gc,metaspace] GC(117) Metaspace: 151146K(152576K)->151146K(152576K) NonClass: 131687K(132416K)->131687K(132416K) Class: 19458K(20160K)->19458K(20160K)
[2026-10-07T17:49:14.901+0800][101.068s][info][gc          ] GC(117) Pause Young (Normal) (G1 Evacuation Pause) 367M->310M(416M) 2.600ms
[2026-10-07T17:49:14.901+0800][101.068s][info][gc,cpu      ] GC(117) User=0.02s Sys=0.00s Real=0.01s
[2026-10-07T17:49:14.901+0800][101.068s][info][safepoint   ] Safepoint "G1CollectForAllocation", Time since last: 70420750 ns, Reaching safepoint: 38292 ns, At safepoint: 2662875 ns, Total: 2701167 ns
[2026-10-07T17:49:15.504+0800][101.672s][info][safepoint   ] Safepoint "ICBufferFull", Time since last: 603621375 ns, Reaching safepoint: 147000 ns, At safepoint: 875 ns, Total: 147875 ns
[2026-10-07T17:49:15.609+0800][101.776s][info][gc,start    ] GC(118) Pause Young (Normal) (G1 Evacuation Pause)
[2026-10-07T17:49:15.609+0800][101.776s][info][gc,task     ] GC(118) Using 9 workers of 9 for evacuation
[2026-10-07T17:49:15.628+0800][101.796s][info][gc,phases   ] GC(118)   Pre Evacuate Collection Set: 0.2ms
[2026-10-07T17:49:15.628+0800][101.796s][info][gc,phases   ] GC(118)   Merge Heap Roots: 0.2ms
[2026-10-07T17:49:15.628+0800][101.796s][info][gc,phases   ] GC(118)   Evacuate Collection Set: 17.9ms
[2026-10-07T17:49:15.628+0800][101.796s][info][gc,phases   ] GC(118)   Post Evacuate Collection Set: 1.0ms
[2026-10-07T17:49:15.628+0800][101.796s][info][gc,phases   ] GC(118)   Other: 0.2ms
[2026-10-07T17:49:15.628+0800][101.796s][info][gc,heap     ] GC(118) Eden regions: 56->0(58)
[2026-10-07T17:49:15.628+0800][101.796s][info][gc,heap     ] GC(118) Survivor regions: 5->4(8)
[2026-10-07T17:49:15.628+0800][101.796s][info][gc,heap     ] GC(118) Old regions: 301->301
[2026-10-07T17:49:15.628+0800][101.796s][info][gc,heap     ] GC(118) Archive regions: 2->2
[2026-10-07T17:49:15.628+0800][101.796s][info][gc,heap     ] GC(118) Humongous regions: 5->5
[2026-10-07T17:49:15.628+0800][101.796s][info][gc,metaspace] GC(118) Metaspace: 151215K(152640K)->151215K(152640K) NonClass: 131747K(132480K)->131747K(132480K) Class: 19467K(20160K)->19467K(20160K)
[2026-10-07T17:49:15.628+0800][101.796s][info][gc          ] GC(118) Pause Young (Normal) (G1 Evacuation Pause) 366M->309M(416M) 19.515ms
[2026-10-07T17:49:15.628+0800][101.796s][info][gc,cpu      ] GC(118) User=0.02s Sys=0.04s Real=0.02s
[2026-10-07T17:49:15.628+0800][101.796s][info][safepoint   ] Safepoint "G1CollectForAllocation", Time since last: 104098667 ns, Reaching safepoint: 44125 ns, At safepoint: 19665333 ns, Total: 19709458 ns
[2026-10-07T17:49:16.374+0800][102.542s][info][safepoint   ] Safepoint "ICBufferFull", Time since last: 746005875 ns, Reaching safepoint: 261875 ns, At safepoint: 23625 ns, Total: 285500 ns
[2026-10-07T17:49:16.844+0800][103.011s][info][safepoint   ] Safepoint "ICBufferFull", Time since last: 469061583 ns, Reaching safepoint: 213500 ns, At safepoint: 2209 ns, Total: 215709 ns
[2026-10-07T17:49:17.994+0800][104.162s][info][safepoint   ] Safepoint "Cleanup", Time since last: 1150059166 ns, Reaching safepoint: 526125 ns, At safepoint: 74417 ns, Total: 600542 ns
[2026-10-07T17:49:19.120+0800][105.288s][info][safepoint   ] Safepoint "Cleanup", Time since last: 1125428333 ns, Reaching safepoint: 131792 ns, At safepoint: 84625 ns, Total: 216417 ns
[2026-10-07T17:49:20.160+0800][106.328s][info][safepoint   ] Safepoint "Cleanup", Time since last: 1039884292 ns, Reaching safepoint: 218875 ns, At safepoint: 63125 ns, Total: 282000 ns
[2026-10-07T17:49:21.304+0800][107.472s][info][safepoint   ] Safepoint "Cleanup", Time since last: 1144000791 ns, Reaching safepoint: 302584 ns, At safepoint: 3166 ns, Total: 305750 ns
[2026-10-07T17:49:22.292+0800][108.460s][info][gc,start    ] GC(119) Pause Young (Normal) (G1 Evacuation Pause)
[2026-10-07T17:49:22.292+0800][108.460s][info][gc,task     ] GC(119) Using 9 workers of 9 for evacuation
[2026-10-07T17:49:22.440+0800][108.607s][info][gc,phases   ] GC(119)   Pre Evacuate Collection Set: 1.2ms
[2026-10-07T17:49:22.440+0800][108.608s][info][gc,phases   ] GC(119)   Merge Heap Roots: 1.6ms
[2026-10-07T17:49:22.440+0800][108.608s][info][gc,phases   ] GC(119)   Evacuate Collection Set: 139.1ms
[2026-10-07T17:49:22.440+0800][108.608s][info][gc,phases   ] GC(119)   Post Evacuate Collection Set: 4.9ms
[2026-10-07T17:49:22.440+0800][108.608s][info][gc,phases   ] GC(119)   Other: 0.7ms
[2026-10-07T17:49:22.440+0800][108.608s][info][gc,heap     ] GC(119) Eden regions: 58->0(56)
[2026-10-07T17:49:22.440+0800][108.608s][info][gc,heap     ] GC(119) Survivor regions: 4->5(8)
[2026-10-07T17:49:22.440+0800][108.608s][info][gc,heap     ] GC(119) Old regions: 301->301
[2026-10-07T17:49:22.440+0800][108.608s][info][gc,heap     ] GC(119) Archive regions: 2->2
[2026-10-07T17:49:22.440+0800][108.608s][info][gc,heap     ] GC(119) Humongous regions: 5->5
[2026-10-07T17:49:22.440+0800][108.608s][info][gc,metaspace] GC(119) Metaspace: 151498K(152960K)->151498K(152960K) NonClass: 132000K(132736K)->132000K(132736K) Class: 19497K(20224K)->19497K(20224K)
[2026-10-07T17:49:22.440+0800][108.608s][info][gc          ] GC(119) Pause Young (Normal) (G1 Evacuation Pause) 367M->310M(416M) 147.644ms
[2026-10-07T17:49:22.440+0800][108.608s][info][gc,cpu      ] GC(119) User=0.02s Sys=0.06s Real=0.15s
[2026-10-07T17:49:22.440+0800][108.608s][info][safepoint   ] Safepoint "G1CollectForAllocation", Time since last: 986754542 ns, Reaching safepoint: 1008375 ns, At safepoint: 148199500 ns, Total: 149207875 ns
[2026-10-07T17:49:23.585+0800][109.752s][info][safepoint   ] Safepoint "Cleanup", Time since last: 1129588250 ns, Reaching safepoint: 14676875 ns, At safepoint: 29875 ns, Total: 14706750 ns
[2026-10-07T17:49:25.603+0800][111.771s][info][safepoint   ] Safepoint "Cleanup", Time since last: 2006504500 ns, Reaching safepoint: 11573042 ns, At safepoint: 69791 ns, Total: 11642833 ns
[2026-10-07T17:49:26.747+0800][112.915s][info][safepoint   ] Safepoint "Cleanup", Time since last: 1144398542 ns, Reaching safepoint: 330458 ns, At safepoint: 3125 ns, Total: 333583 ns
[2026-10-07T17:49:27.935+0800][114.103s][info][safepoint   ] Safepoint "Cleanup", Time since last: 1167290250 ns, Reaching safepoint: 20139584 ns, At safepoint: 14083 ns, Total: 20153667 ns
[2026-10-07T17:49:29.066+0800][115.234s][info][safepoint   ] Safepoint "Cleanup", Time since last: 1121776375 ns, Reaching safepoint: 9582250 ns, At safepoint: 8917 ns, Total: 9591167 ns
[2026-10-07T17:49:30.211+0800][116.379s][info][safepoint   ] Safepoint "Cleanup", Time since last: 1145062125 ns, Reaching safepoint: 250416 ns, At safepoint: 7000 ns, Total: 257416 ns
[2026-10-07T17:49:31.076+0800][117.245s][info][gc,start    ] GC(120) Pause Young (Normal) (G1 Evacuation Pause)
[2026-10-07T17:49:31.077+0800][117.245s][info][gc,task     ] GC(120) Using 9 workers of 9 for evacuation
[2026-10-07T17:49:31.114+0800][117.282s][info][gc,phases   ] GC(120)   Pre Evacuate Collection Set: 0.8ms
[2026-10-07T17:49:31.114+0800][117.282s][info][gc,phases   ] GC(120)   Merge Heap Roots: 0.6ms
[2026-10-07T17:49:31.114+0800][117.282s][info][gc,phases   ] GC(120)   Evacuate Collection Set: 31.1ms
[2026-10-07T17:49:31.114+0800][117.282s][info][gc,phases   ] GC(120)   Post Evacuate Collection Set: 4.6ms
[2026-10-07T17:49:31.114+0800][117.282s][info][gc,phases   ] GC(120)   Other: 0.5ms
[2026-10-07T17:49:31.114+0800][117.282s][info][gc,heap     ] GC(120) Eden regions: 56->0(50)
[2026-10-07T17:49:31.114+0800][117.282s][info][gc,heap     ] GC(120) Survivor regions: 5->8(8)
[2026-10-07T17:49:31.114+0800][117.282s][info][gc,heap     ] GC(120) Old regions: 301->301
[2026-10-07T17:49:31.114+0800][117.282s][info][gc,heap     ] GC(120) Archive regions: 2->2
[2026-10-07T17:49:31.114+0800][117.282s][info][gc,heap     ] GC(120) Humongous regions: 5->5
[2026-10-07T17:49:31.114+0800][117.282s][info][gc,metaspace] GC(120) Metaspace: 151583K(153216K)->151583K(153216K) NonClass: 132072K(132928K)->132072K(132928K) Class: 19510K(20288K)->19510K(20288K)
[2026-10-07T17:49:31.114+0800][117.282s][info][gc          ] GC(120) Pause Young (Normal) (G1 Evacuation Pause) 366M->314M(416M) 37.666ms
[2026-10-07T17:49:31.114+0800][117.282s][info][gc,cpu      ] GC(120) User=0.02s Sys=0.05s Real=0.04s
[2026-10-07T17:49:31.114+0800][117.283s][info][safepoint   ] Safepoint "G1CollectForAllocation", Time since last: 864780959 ns, Reaching safepoint: 197416 ns, At safepoint: 38116750 ns, Total: 38314166 ns
[2026-10-07T17:49:31.701+0800][117.869s][info][gc,start    ] GC(121) Pause Young (Normal) (G1 Evacuation Pause)
[2026-10-07T17:49:31.701+0800][117.869s][info][gc,task     ] GC(121) Using 9 workers of 9 for evacuation
[2026-10-07T17:49:31.723+0800][117.891s][info][gc,phases   ] GC(121)   Pre Evacuate Collection Set: 0.2ms
[2026-10-07T17:49:31.723+0800][117.891s][info][gc,phases   ] GC(121)   Merge Heap Roots: 0.4ms
[2026-10-07T17:49:31.723+0800][117.891s][info][gc,phases   ] GC(121)   Evacuate Collection Set: 19.7ms
[2026-10-07T17:49:31.723+0800][117.891s][info][gc,phases   ] GC(121)   Post Evacuate Collection Set: 1.4ms
[2026-10-07T17:49:31.723+0800][117.891s][info][gc,phases   ] GC(121)   Other: 0.3ms
[2026-10-07T17:49:31.723+0800][117.891s][info][gc,heap     ] GC(121) Eden regions: 50->0(46)
[2026-10-07T17:49:31.723+0800][117.891s][info][gc,heap     ] GC(121) Survivor regions: 8->4(8)
[2026-10-07T17:49:31.723+0800][117.891s][info][gc,heap     ] GC(121) Old regions: 301->309
[2026-10-07T17:49:31.723+0800][117.891s][info][gc,heap     ] GC(121) Archive regions: 2->2
[2026-10-07T17:49:31.723+0800][117.891s][info][gc,heap     ] GC(121) Humongous regions: 5->5
[2026-10-07T17:49:31.723+0800][117.891s][info][gc,metaspace] GC(121) Metaspace: 151584K(153216K)->151584K(153216K) NonClass: 132073K(132928K)->132073K(132928K) Class: 19510K(20288K)->19510K(20288K)
[2026-10-07T17:49:31.723+0800][117.891s][info][gc          ] GC(121) Pause Young (Normal) (G1 Evacuation Pause) 364M->318M(416M) 22.154ms
[2026-10-07T17:49:31.723+0800][117.891s][info][gc,cpu      ] GC(121) User=0.02s Sys=0.05s Real=0.02s
[2026-10-07T17:49:31.723+0800][117.891s][info][safepoint   ] Safepoint "G1CollectForAllocation", Time since last: 586197959 ns, Reaching safepoint: 211583 ns, At safepoint: 22298625 ns, Total: 22510208 ns
[2026-10-07T17:49:32.863+0800][119.031s][info][safepoint   ] Safepoint "Cleanup", Time since last: 1131000083 ns, Reaching safepoint: 8351292 ns, At safepoint: 67750 ns, Total: 8419042 ns
[2026-10-07T17:49:34.094+0800][120.262s][info][safepoint   ] Safepoint "Cleanup", Time since last: 1147984333 ns, Reaching safepoint: 83589250 ns, At safepoint: 44042 ns, Total: 83633292 ns
[2026-10-07T17:49:37.414+0800][123.582s][info][gc,start    ] GC(122) Pause Young (Normal) (G1 Evacuation Pause)
[2026-10-07T17:49:37.464+0800][123.633s][info][gc,task     ] GC(122) Using 9 workers of 9 for evacuation
[2026-10-07T17:49:37.928+0800][124.096s][info][gc,mmu      ] GC(122) MMU target violated: 201.0ms (200.0ms/201.0ms)
[2026-10-07T17:49:38.147+0800][124.316s][info][gc,phases   ] GC(122)   Pre Evacuate Collection Set: 0.4ms
[2026-10-07T17:49:38.147+0800][124.316s][info][gc,phases   ] GC(122)   Merge Heap Roots: 49.7ms
[2026-10-07T17:49:38.147+0800][124.316s][info][gc,phases   ] GC(122)   Evacuate Collection Set: 269.9ms
[2026-10-07T17:49:38.147+0800][124.316s][info][gc,phases   ] GC(122)   Post Evacuate Collection Set: 97.9ms
[2026-10-07T17:49:38.148+0800][124.317s][info][gc,phases   ] GC(122)   Other: 417.4ms
[2026-10-07T17:49:38.148+0800][124.317s][info][gc,heap     ] GC(122) Eden regions: 46->0(14)
[2026-10-07T17:49:38.148+0800][124.317s][info][gc,heap     ] GC(122) Survivor regions: 4->6(7)
[2026-10-07T17:49:38.148+0800][124.317s][info][gc,heap     ] GC(122) Old regions: 309->309
[2026-10-07T17:49:38.148+0800][124.317s][info][gc,heap     ] GC(122) Archive regions: 2->2
[2026-10-07T17:49:38.148+0800][124.317s][info][gc,heap     ] GC(122) Humongous regions: 5->5
[2026-10-07T17:49:38.191+0800][124.359s][info][gc,metaspace] GC(122) Metaspace: 151585K(153216K)->151585K(153216K) NonClass: 132074K(132928K)->132074K(132928K) Class: 19510K(20288K)->19510K(20288K)
[2026-10-07T17:49:38.191+0800][124.359s][info][gc          ] GC(122) Pause Young (Normal) (G1 Evacuation Pause) 364M->319M(416M) 800.629ms
[2026-10-07T17:49:38.191+0800][124.359s][info][gc,cpu      ] GC(122) User=0.01s Sys=0.02s Real=0.80s
[2026-10-07T17:49:38.192+0800][124.360s][info][safepoint   ] Safepoint "G1CollectForAllocation", Time since last: 3144199458 ns, Reaching safepoint: 541292 ns, At safepoint: 953168917 ns, Total: 953710209 ns
[2026-10-07T17:49:38.648+0800][124.816s][info][gc,start    ] GC(123) Pause Young (Normal) (G1 Evacuation Pause)
[2026-10-07T17:49:38.648+0800][124.816s][info][gc,task     ] GC(123) Using 9 workers of 9 for evacuation
[2026-10-07T17:49:38.849+0800][125.018s][info][gc,mmu      ] GC(123) MMU target violated: 201.0ms (200.0ms/201.0ms)
[2026-10-07T17:49:38.850+0800][125.018s][info][gc,phases   ] GC(123)   Pre Evacuate Collection Set: 0.1ms
[2026-10-07T17:49:38.850+0800][125.018s][info][gc,phases   ] GC(123)   Merge Heap Roots: 0.0ms
[2026-10-07T17:49:38.850+0800][125.018s][info][gc,phases   ] GC(123)   Evacuate Collection Set: 190.8ms
[2026-10-07T17:49:38.850+0800][125.018s][info][gc,phases   ] GC(123)   Post Evacuate Collection Set: 10.3ms
[2026-10-07T17:49:38.850+0800][125.018s][info][gc,phases   ] GC(123)   Other: 0.3ms
[2026-10-07T17:49:38.850+0800][125.018s][info][gc,heap     ] GC(123) Eden regions: 14->0(45)
[2026-10-07T17:49:38.850+0800][125.018s][info][gc,heap     ] GC(123) Survivor regions: 6->1(3)
[2026-10-07T17:49:38.850+0800][125.018s][info][gc,heap     ] GC(123) Old regions: 309->314
[2026-10-07T17:49:38.850+0800][125.018s][info][gc,heap     ] GC(123) Archive regions: 2->2
[2026-10-07T17:49:38.850+0800][125.018s][info][gc,heap     ] GC(123) Humongous regions: 5->5
[2026-10-07T17:49:38.850+0800][125.018s][info][gc,metaspace] GC(123) Metaspace: 151585K(153216K)->151585K(153216K) NonClass: 132074K(132928K)->132074K(132928K) Class: 19510K(20288K)->19510K(20288K)
[2026-10-07T17:49:38.850+0800][125.018s][info][gc          ] GC(123) Pause Young (Normal) (G1 Evacuation Pause) 333M->320M(416M) 201.647ms
[2026-10-07T17:49:38.850+0800][125.018s][info][gc,cpu      ] GC(123) User=0.01s Sys=0.02s Real=0.21s
[2026-10-07T17:49:38.850+0800][125.018s][info][safepoint   ] Safepoint "G1CollectForAllocation", Time since last: 455923375 ns, Reaching safepoint: 201125 ns, At safepoint: 201930916 ns, Total: 202132041 ns
[2026-10-07T17:49:40.010+0800][126.178s][info][safepoint   ] Safepoint "Cleanup", Time since last: 1156790000 ns, Reaching safepoint: 2805125 ns, At safepoint: 553959 ns, Total: 3359084 ns
[2026-10-07T17:49:42.411+0800][128.580s][info][safepoint   ] Safepoint "Cleanup", Time since last: 2293643458 ns, Reaching safepoint: 106982458 ns, At safepoint: 674625 ns, Total: 107657083 ns
[2026-10-07T17:49:43.588+0800][129.756s][info][safepoint   ] Safepoint "Cleanup", Time since last: 1169602500 ns, Reaching safepoint: 5620334 ns, At safepoint: 1239541 ns, Total: 6859875 ns
[2026-10-07T17:49:44.736+0800][130.904s][info][safepoint   ] Safepoint "Cleanup", Time since last: 1143794167 ns, Reaching safepoint: 4050458 ns, At safepoint: 299375 ns, Total: 4349833 ns
[2026-10-07T17:49:49.186+0800][135.355s][info][safepoint   ] Safepoint "Cleanup", Time since last: 4398136667 ns, Reaching safepoint: 49065458 ns, At safepoint: 2961750 ns, Total: 52027208 ns
[2026-10-07T17:49:50.324+0800][136.493s][info][safepoint   ] Safepoint "Cleanup", Time since last: 1135179000 ns, Reaching safepoint: 2323709 ns, At safepoint: 523000 ns, Total: 2846709 ns
[2026-10-07T17:49:50.826+0800][136.994s][info][gc,start    ] GC(124) Pause Young (Normal) (G1 Evacuation Pause)
[2026-10-07T17:49:50.826+0800][136.995s][info][gc,task     ] GC(124) Using 9 workers of 9 for evacuation
[2026-10-07T17:49:50.842+0800][137.010s][info][gc,phases   ] GC(124)   Pre Evacuate Collection Set: 0.7ms
[2026-10-07T17:49:50.842+0800][137.010s][info][gc,phases   ] GC(124)   Merge Heap Roots: 0.8ms
[2026-10-07T17:49:50.842+0800][137.010s][info][gc,phases   ] GC(124)   Evacuate Collection Set: 12.3ms
[2026-10-07T17:49:50.842+0800][137.010s][info][gc,phases   ] GC(124)   Post Evacuate Collection Set: 1.4ms
[2026-10-07T17:49:50.842+0800][137.010s][info][gc,phases   ] GC(124)   Other: 6.7ms
[2026-10-07T17:49:50.842+0800][137.010s][info][gc,heap     ] GC(124) Eden regions: 45->0(43)
[2026-10-07T17:49:50.842+0800][137.010s][info][gc,heap     ] GC(124) Survivor regions: 1->3(6)
[2026-10-07T17:49:50.842+0800][137.010s][info][gc,heap     ] GC(124) Old regions: 314->314
[2026-10-07T17:49:50.842+0800][137.010s][info][gc,heap     ] GC(124) Archive regions: 2->2
[2026-10-07T17:49:50.842+0800][137.010s][info][gc,heap     ] GC(124) Humongous regions: 5->5
[2026-10-07T17:49:50.842+0800][137.010s][info][gc,metaspace] GC(124) Metaspace: 151614K(153216K)->151614K(153216K) NonClass: 132103K(132928K)->132103K(132928K) Class: 19511K(20288K)->19511K(20288K)
[2026-10-07T17:49:50.842+0800][137.011s][info][gc          ] GC(124) Pause Young (Normal) (G1 Evacuation Pause) 365M->321M(416M) 21.173ms
[2026-10-07T17:49:50.842+0800][137.011s][info][gc,cpu      ] GC(124) User=0.00s Sys=0.02s Real=0.02s
[2026-10-07T17:49:50.843+0800][137.011s][info][safepoint   ] Safepoint "G1CollectForAllocation", Time since last: 495396583 ns, Reaching safepoint: 68500 ns, At safepoint: 23096875 ns, Total: 23165375 ns
[2026-10-07T17:49:52.879+0800][139.048s][info][safepoint   ] Safepoint "Cleanup", Time since last: 1147351417 ns, Reaching safepoint: 887918166 ns, At safepoint: 1348209 ns, Total: 889266375 ns
[2026-10-07T17:49:54.060+0800][140.229s][info][safepoint   ] Safepoint "Cleanup", Time since last: 1159042583 ns, Reaching safepoint: 22201083 ns, At safepoint: 99209 ns, Total: 22300292 ns
[2026-10-07T17:49:55.748+0800][141.917s][info][safepoint   ] Safepoint "Cleanup", Time since last: 1668639500 ns, Reaching safepoint: 19091875 ns, At safepoint: 72458 ns, Total: 19164333 ns
[2026-10-07T17:50:00.339+0800][146.508s][info][safepoint   ] Safepoint "Cleanup", Time since last: 4513788000 ns, Reaching safepoint: 77504083 ns, At safepoint: 13209 ns, Total: 77517292 ns
[2026-10-07T17:50:01.301+0800][147.469s][info][gc,start    ] GC(125) Pause Young (Normal) (G1 Evacuation Pause)
[2026-10-07T17:50:03.813+0800][149.982s][info][gc,task     ] GC(125) Using 9 workers of 9 for evacuation
[2026-10-07T17:50:04.086+0800][150.255s][info][gc,mmu      ] GC(125) MMU target violated: 201.0ms (200.0ms/201.0ms)
[2026-10-07T17:50:04.118+0800][150.287s][info][gc,phases   ] GC(125)   Pre Evacuate Collection Set: 17.1ms
[2026-10-07T17:50:04.118+0800][150.287s][info][gc,phases   ] GC(125)   Merge Heap Roots: 14.7ms
[2026-10-07T17:50:04.118+0800][150.287s][info][gc,phases   ] GC(125)   Evacuate Collection Set: 185.3ms
[2026-10-07T17:50:04.118+0800][150.287s][info][gc,phases   ] GC(125)   Post Evacuate Collection Set: 29.9ms
[2026-10-07T17:50:04.118+0800][150.287s][info][gc,phases   ] GC(125)   Other: 2579.0ms
[2026-10-07T17:50:04.118+0800][150.287s][info][gc,heap     ] GC(125) Eden regions: 43->0(17)
[2026-10-07T17:50:04.118+0800][150.287s][info][gc,heap     ] GC(125) Survivor regions: 3->5(6)
[2026-10-07T17:50:04.118+0800][150.287s][info][gc,heap     ] GC(125) Old regions: 314->314
[2026-10-07T17:50:04.118+0800][150.287s][info][gc,heap     ] GC(125) Archive regions: 2->2
[2026-10-07T17:50:04.118+0800][150.287s][info][gc,heap     ] GC(125) Humongous regions: 5->5
[2026-10-07T17:50:04.118+0800][150.287s][info][gc,metaspace] GC(125) Metaspace: 151631K(153216K)->151631K(153216K) NonClass: 132119K(132928K)->132119K(132928K) Class: 19511K(20288K)->19511K(20288K)
[2026-10-07T17:50:04.141+0800][150.310s][info][gc          ] GC(125) Pause Young (Normal) (G1 Evacuation Pause) 364M->324M(416M) 2842.195ms
[2026-10-07T17:50:04.141+0800][150.310s][info][gc,cpu      ] GC(125) User=0.03s Sys=0.06s Real=2.85s
[2026-10-07T17:50:04.142+0800][150.311s][info][safepoint   ] Safepoint "G1CollectForAllocation", Time since last: 946354083 ns, Reaching safepoint: 128333 ns, At safepoint: 2856040084 ns, Total: 2856168417 ns
[2026-10-07T17:50:04.659+0800][150.828s][info][gc,start    ] GC(126) Pause Young (Normal) (G1 Evacuation Pause)
[2026-10-07T17:50:04.659+0800][150.828s][info][gc,task     ] GC(126) Using 9 workers of 9 for evacuation
[2026-10-07T17:50:04.701+0800][150.870s][info][gc,phases   ] GC(126)   Pre Evacuate Collection Set: 0.9ms
[2026-10-07T17:50:04.701+0800][150.870s][info][gc,phases   ] GC(126)   Merge Heap Roots: 0.2ms
[2026-10-07T17:50:04.701+0800][150.870s][info][gc,phases   ] GC(126)   Evacuate Collection Set: 38.9ms
[2026-10-07T17:50:04.701+0800][150.870s][info][gc,phases   ] GC(126)   Post Evacuate Collection Set: 2.1ms
[2026-10-07T17:50:04.701+0800][150.870s][info][gc,phases   ] GC(126)   Other: 0.2ms
[2026-10-07T17:50:04.701+0800][150.870s][info][gc,heap     ] GC(126) Eden regions: 17->0(41)
[2026-10-07T17:50:04.701+0800][150.870s][info][gc,heap     ] GC(126) Survivor regions: 5->1(3)
[2026-10-07T17:50:04.701+0800][150.870s][info][gc,heap     ] GC(126) Old regions: 314->319
[2026-10-07T17:50:04.701+0800][150.870s][info][gc,heap     ] GC(126) Archive regions: 2->2
[2026-10-07T17:50:04.701+0800][150.870s][info][gc,heap     ] GC(126) Humongous regions: 5->5
[2026-10-07T17:50:04.701+0800][150.870s][info][gc,metaspace] GC(126) Metaspace: 151631K(153216K)->151631K(153216K) NonClass: 132119K(132928K)->132119K(132928K) Class: 19511K(20288K)->19511K(20288K)
[2026-10-07T17:50:04.701+0800][150.870s][info][gc          ] GC(126) Pause Young (Normal) (G1 Evacuation Pause) 341M->325M(416M) 42.312ms
[2026-10-07T17:50:04.701+0800][150.870s][info][gc,cpu      ] GC(126) User=0.01s Sys=0.03s Real=0.05s
[2026-10-07T17:50:04.701+0800][150.870s][info][safepoint   ] Safepoint "G1CollectForAllocation", Time since last: 516979125 ns, Reaching safepoint: 277750 ns, At safepoint: 42399041 ns, Total: 42676791 ns
[2026-10-07T17:50:05.863+0800][152.032s][info][safepoint   ] Safepoint "Cleanup", Time since last: 1140857792 ns, Reaching safepoint: 19128208 ns, At safepoint: 1485375 ns, Total: 20613583 ns
[2026-10-07T17:50:06.835+0800][153.004s][info][gc,start    ] GC(127) Pause Young (Normal) (G1 Evacuation Pause)
[2026-10-07T17:50:06.836+0800][153.005s][info][gc,task     ] GC(127) Using 9 workers of 9 for evacuation
[2026-10-07T17:50:06.870+0800][153.039s][info][gc,phases   ] GC(127)   Pre Evacuate Collection Set: 8.6ms
[2026-10-07T17:50:06.870+0800][153.039s][info][gc,phases   ] GC(127)   Merge Heap Roots: 7.7ms
[2026-10-07T17:50:06.870+0800][153.039s][info][gc,phases   ] GC(127)   Evacuate Collection Set: 12.2ms
[2026-10-07T17:50:06.870+0800][153.039s][info][gc,phases   ] GC(127)   Post Evacuate Collection Set: 3.0ms
[2026-10-07T17:50:06.870+0800][153.039s][info][gc,phases   ] GC(127)   Other: 3.0ms
[2026-10-07T17:50:06.870+0800][153.039s][info][gc,heap     ] GC(127) Eden regions: 41->0(40)
[2026-10-07T17:50:06.870+0800][153.039s][info][gc,heap     ] GC(127) Survivor regions: 1->3(6)
[2026-10-07T17:50:06.870+0800][153.039s][info][gc,heap     ] GC(127) Old regions: 319->319
[2026-10-07T17:50:06.870+0800][153.039s][info][gc,heap     ] GC(127) Archive regions: 2->2
[2026-10-07T17:50:06.870+0800][153.039s][info][gc,heap     ] GC(127) Humongous regions: 5->5
[2026-10-07T17:50:06.870+0800][153.039s][info][gc,metaspace] GC(127) Metaspace: 151632K(153216K)->151632K(153216K) NonClass: 132120K(132928K)->132120K(132928K) Class: 19511K(20288K)->19511K(20288K)
[2026-10-07T17:50:06.870+0800][153.039s][info][gc          ] GC(127) Pause Young (Normal) (G1 Evacuation Pause) 366M->326M(416M) 34.399ms
[2026-10-07T17:50:06.870+0800][153.039s][info][gc,cpu      ] GC(127) User=0.01s Sys=0.02s Real=0.04s
[2026-10-07T17:50:06.870+0800][153.039s][info][safepoint   ] Safepoint "G1CollectForAllocation", Time since last: 965548459 ns, Reaching safepoint: 5612416 ns, At safepoint: 35877750 ns, Total: 41490166 ns
[2026-10-07T17:50:07.703+0800][153.872s][info][gc,start    ] GC(128) Pause Young (Normal) (G1 Evacuation Pause)
[2026-10-07T17:50:07.703+0800][153.872s][info][gc,task     ] GC(128) Using 9 workers of 9 for evacuation
[2026-10-07T17:50:07.711+0800][153.880s][info][gc,phases   ] GC(128)   Pre Evacuate Collection Set: 0.3ms
[2026-10-07T17:50:07.711+0800][153.880s][info][gc,phases   ] GC(128)   Merge Heap Roots: 0.1ms
[2026-10-07T17:50:07.711+0800][153.880s][info][gc,phases   ] GC(128)   Evacuate Collection Set: 6.7ms
[2026-10-07T17:50:07.711+0800][153.880s][info][gc,phases   ] GC(128)   Post Evacuate Collection Set: 0.6ms
[2026-10-07T17:50:07.711+0800][153.880s][info][gc,phases   ] GC(128)   Other: 0.4ms
[2026-10-07T17:50:07.711+0800][153.880s][info][gc,heap     ] GC(128) Eden regions: 40->0(39)
[2026-10-07T17:50:07.711+0800][153.880s][info][gc,heap     ] GC(128) Survivor regions: 3->4(6)
[2026-10-07T17:50:07.711+0800][153.880s][info][gc,heap     ] GC(128) Old regions: 319->319
[2026-10-07T17:50:07.711+0800][153.880s][info][gc,heap     ] GC(128) Archive regions: 2->2
[2026-10-07T17:50:07.711+0800][153.880s][info][gc,heap     ] GC(128) Humongous regions: 5->5
[2026-10-07T17:50:07.711+0800][153.880s][info][gc,metaspace] GC(128) Metaspace: 151633K(153216K)->151633K(153216K) NonClass: 132121K(132928K)->132121K(132928K) Class: 19511K(20288K)->19511K(20288K)
[2026-10-07T17:50:07.711+0800][153.880s][info][gc          ] GC(128) Pause Young (Normal) (G1 Evacuation Pause) 366M->327M(416M) 8.244ms
[2026-10-07T17:50:07.712+0800][153.880s][info][gc,cpu      ] GC(128) User=0.00s Sys=0.04s Real=0.01s
[2026-10-07T17:50:07.712+0800][153.881s][info][safepoint   ] Safepoint "G1CollectForAllocation", Time since last: 833070250 ns, Reaching safepoint: 275584 ns, At safepoint: 8319750 ns, Total: 8595334 ns
[2026-10-07T17:50:08.857+0800][155.026s][info][safepoint   ] Safepoint "Cleanup", Time since last: 1137336291 ns, Reaching safepoint: 8100209 ns, At safepoint: 38791 ns, Total: 8139000 ns
[2026-10-07T17:50:09.144+0800][155.313s][info][gc,start    ] GC(129) Pause Young (Normal) (G1 Evacuation Pause)
[2026-10-07T17:50:09.144+0800][155.313s][info][gc,task     ] GC(129) Using 9 workers of 9 for evacuation
[2026-10-07T17:50:09.237+0800][155.406s][info][gc,phases   ] GC(129)   Pre Evacuate Collection Set: 0.2ms
[2026-10-07T17:50:09.237+0800][155.406s][info][gc,phases   ] GC(129)   Merge Heap Roots: 0.4ms
[2026-10-07T17:50:09.237+0800][155.406s][info][gc,phases   ] GC(129)   Evacuate Collection Set: 90.6ms
[2026-10-07T17:50:09.237+0800][155.406s][info][gc,phases   ] GC(129)   Post Evacuate Collection Set: 1.0ms
[2026-10-07T17:50:09.237+0800][155.406s][info][gc,phases   ] GC(129)   Other: 0.3ms
[2026-10-07T17:50:09.237+0800][155.406s][info][gc,heap     ] GC(129) Eden regions: 39->0(40)
[2026-10-07T17:50:09.237+0800][155.406s][info][gc,heap     ] GC(129) Survivor regions: 4->4(6)
[2026-10-07T17:50:09.237+0800][155.406s][info][gc,heap     ] GC(129) Old regions: 319->319
[2026-10-07T17:50:09.237+0800][155.406s][info][gc,heap     ] GC(129) Archive regions: 2->2
[2026-10-07T17:50:09.237+0800][155.406s][info][gc,heap     ] GC(129) Humongous regions: 5->5
[2026-10-07T17:50:09.237+0800][155.406s][info][gc,metaspace] GC(129) Metaspace: 151652K(153216K)->151652K(153216K) NonClass: 132141K(132928K)->132141K(132928K) Class: 19511K(20288K)->19511K(20288K)
[2026-10-07T17:50:09.237+0800][155.406s][info][gc          ] GC(129) Pause Young (Normal) (G1 Evacuation Pause) 366M->327M(416M) 92.872ms
[2026-10-07T17:50:09.237+0800][155.406s][info][gc,cpu      ] GC(129) User=0.05s Sys=0.05s Real=0.09s
[2026-10-07T17:50:09.238+0800][155.407s][info][safepoint   ] Safepoint "G1CollectForAllocation", Time since last: 276516000 ns, Reaching safepoint: 10716292 ns, At safepoint: 93338625 ns, Total: 104054917 ns
[2026-10-07T17:50:10.399+0800][156.568s][info][safepoint   ] Safepoint "Cleanup", Time since last: 1150347667 ns, Reaching safepoint: 10859125 ns, At safepoint: 84958 ns, Total: 10944083 ns
[2026-10-07T17:50:11.529+0800][157.698s][info][safepoint   ] Safepoint "Cleanup", Time since last: 1121167708 ns, Reaching safepoint: 8774542 ns, At safepoint: 21083 ns, Total: 8795625 ns
[2026-10-07T17:50:12.445+0800][158.614s][info][gc,start    ] GC(130) Pause Young (Normal) (G1 Evacuation Pause)
[2026-10-07T17:50:12.445+0800][158.614s][info][gc,task     ] GC(130) Using 9 workers of 9 for evacuation
[2026-10-07T17:50:12.894+0800][159.063s][info][gc,mmu      ] GC(130) MMU target violated: 201.0ms (200.0ms/201.0ms)
[2026-10-07T17:50:12.894+0800][159.063s][info][gc,phases   ] GC(130)   Pre Evacuate Collection Set: 43.3ms
[2026-10-07T17:50:12.894+0800][159.063s][info][gc,phases   ] GC(130)   Merge Heap Roots: 26.2ms
[2026-10-07T17:50:12.894+0800][159.063s][info][gc,phases   ] GC(130)   Evacuate Collection Set: 376.9ms
[2026-10-07T17:50:12.894+0800][159.063s][info][gc,phases   ] GC(130)   Post Evacuate Collection Set: 2.9ms
[2026-10-07T17:50:12.894+0800][159.063s][info][gc,phases   ] GC(130)   Other: 0.5ms
[2026-10-07T17:50:12.894+0800][159.063s][info][gc,heap     ] GC(130) Eden regions: 40->0(39)
[2026-10-07T17:50:12.894+0800][159.063s][info][gc,heap     ] GC(130) Survivor regions: 4->4(6)
[2026-10-07T17:50:12.894+0800][159.063s][info][gc,heap     ] GC(130) Old regions: 319->320
[2026-10-07T17:50:12.894+0800][159.063s][info][gc,heap     ] GC(130) Archive regions: 2->2
[2026-10-07T17:50:12.894+0800][159.063s][info][gc,heap     ] GC(130) Humongous regions: 5->5
[2026-10-07T17:50:12.894+0800][159.063s][info][gc,metaspace] GC(130) Metaspace: 151657K(153216K)->151657K(153216K) NonClass: 132145K(132928K)->132145K(132928K) Class: 19511K(20288K)->19511K(20288K)
[2026-10-07T17:50:12.895+0800][159.064s][info][gc          ] GC(130) Pause Young (Normal) (G1 Evacuation Pause) 367M->329M(416M) 449.854ms
[2026-10-07T17:50:12.895+0800][159.064s][info][gc,cpu      ] GC(130) User=0.02s Sys=0.07s Real=0.45s
[2026-10-07T17:50:12.895+0800][159.064s][info][safepoint   ] Safepoint "G1CollectForAllocation", Time since last: 913690917 ns, Reaching safepoint: 1997125 ns, At safepoint: 450733042 ns, Total: 452730167 ns
[2026-10-07T17:50:13.908+0800][160.078s][info][gc,start    ] GC(131) Pause Young (Normal) (G1 Evacuation Pause)
[2026-10-07T17:50:13.909+0800][160.078s][info][gc,task     ] GC(131) Using 9 workers of 9 for evacuation
[2026-10-07T17:50:13.931+0800][160.100s][info][gc,phases   ] GC(131)   Pre Evacuate Collection Set: 0.2ms
[2026-10-07T17:50:13.931+0800][160.100s][info][gc,phases   ] GC(131)   Merge Heap Roots: 0.1ms
[2026-10-07T17:50:13.931+0800][160.100s][info][gc,phases   ] GC(131)   Evacuate Collection Set: 16.9ms
[2026-10-07T17:50:13.931+0800][160.100s][info][gc,phases   ] GC(131)   Post Evacuate Collection Set: 4.7ms
[2026-10-07T17:50:13.931+0800][160.100s][info][gc,phases   ] GC(131)   Other: 0.2ms
[2026-10-07T17:50:13.931+0800][160.100s][info][gc,heap     ] GC(131) Eden regions: 39->0(39)
[2026-10-07T17:50:13.931+0800][160.100s][info][gc,heap     ] GC(131) Survivor regions: 4->4(6)
[2026-10-07T17:50:13.931+0800][160.100s][info][gc,heap     ] GC(131) Old regions: 320->320
[2026-10-07T17:50:13.931+0800][160.100s][info][gc,heap     ] GC(131) Archive regions: 2->2
[2026-10-07T17:50:13.931+0800][160.100s][info][gc,heap     ] GC(131) Humongous regions: 5->5
[2026-10-07T17:50:13.931+0800][160.100s][info][gc,metaspace] GC(131) Metaspace: 151712K(153280K)->151712K(153280K) NonClass: 132201K(132992K)->132201K(132992K) Class: 19511K(20288K)->19511K(20288K)
[2026-10-07T17:50:13.931+0800][160.100s][info][gc          ] GC(131) Pause Young (Normal) (G1 Evacuation Pause) 368M->329M(416M) 22.408ms
[2026-10-07T17:50:13.931+0800][160.100s][info][gc,cpu      ] GC(131) User=0.01s Sys=0.01s Real=0.03s
[2026-10-07T17:50:13.931+0800][160.101s][info][safepoint   ] Safepoint "G1CollectForAllocation", Time since last: 1012896041 ns, Reaching safepoint: 396250 ns, At safepoint: 23004459 ns, Total: 23400709 ns
[2026-10-07T17:50:14.214+0800][160.383s][info][gc,start    ] GC(132) Pause Young (Normal) (G1 Evacuation Pause)
[2026-10-07T17:50:14.214+0800][160.383s][info][gc,task     ] GC(132) Using 9 workers of 9 for evacuation
[2026-10-07T17:50:14.226+0800][160.395s][info][gc,phases   ] GC(132)   Pre Evacuate Collection Set: 0.3ms
[2026-10-07T17:50:14.226+0800][160.395s][info][gc,phases   ] GC(132)   Merge Heap Roots: 0.1ms
[2026-10-07T17:50:14.226+0800][160.395s][info][gc,phases   ] GC(132)   Evacuate Collection Set: 11.2ms
[2026-10-07T17:50:14.226+0800][160.395s][info][gc,phases   ] GC(132)   Post Evacuate Collection Set: 0.5ms
[2026-10-07T17:50:14.226+0800][160.395s][info][gc,phases   ] GC(132)   Other: 0.4ms
[2026-10-07T17:50:14.226+0800][160.395s][info][gc,heap     ] GC(132) Eden regions: 39->0(36)
[2026-10-07T17:50:14.226+0800][160.395s][info][gc,heap     ] GC(132) Survivor regions: 4->5(6)
[2026-10-07T17:50:14.226+0800][160.395s][info][gc,heap     ] GC(132) Old regions: 320->321
[2026-10-07T17:50:14.226+0800][160.395s][info][gc,heap     ] GC(132) Archive regions: 2->2
[2026-10-07T17:50:14.226+0800][160.395s][info][gc,heap     ] GC(132) Humongous regions: 5->5
[2026-10-07T17:50:14.226+0800][160.395s][info][gc,metaspace] GC(132) Metaspace: 151712K(153280K)->151712K(153280K) NonClass: 132201K(132992K)->132201K(132992K) Class: 19511K(20288K)->19511K(20288K)
[2026-10-07T17:50:14.226+0800][160.395s][info][gc          ] GC(132) Pause Young (Normal) (G1 Evacuation Pause) 368M->331M(416M) 12.469ms
[2026-10-07T17:50:14.226+0800][160.395s][info][gc,cpu      ] GC(132) User=0.01s Sys=0.00s Real=0.01s
[2026-10-07T17:50:14.226+0800][160.395s][info][safepoint   ] Safepoint "G1CollectForAllocation", Time since last: 281920041 ns, Reaching safepoint: 183709 ns, At safepoint: 12537791 ns, Total: 12721500 ns
[2026-10-07T17:50:14.367+0800][160.536s][info][gc,start    ] GC(133) Pause Young (Normal) (G1 Evacuation Pause)
[2026-10-07T17:50:14.367+0800][160.536s][info][gc,task     ] GC(133) Using 9 workers of 9 for evacuation
[2026-10-07T17:50:14.373+0800][160.542s][info][gc,phases   ] GC(133)   Pre Evacuate Collection Set: 0.0ms
[2026-10-07T17:50:14.373+0800][160.542s][info][gc,phases   ] GC(133)   Merge Heap Roots: 0.0ms
[2026-10-07T17:50:14.373+0800][160.542s][info][gc,phases   ] GC(133)   Evacuate Collection Set: 5.0ms
[2026-10-07T17:50:14.373+0800][160.542s][info][gc,phases   ] GC(133)   Post Evacuate Collection Set: 0.4ms
[2026-10-07T17:50:14.373+0800][160.542s][info][gc,phases   ] GC(133)   Other: 0.1ms
[2026-10-07T17:50:14.373+0800][160.542s][info][gc,heap     ] GC(133) Eden regions: 36->0(36)
[2026-10-07T17:50:14.373+0800][160.542s][info][gc,heap     ] GC(133) Survivor regions: 5->4(6)
[2026-10-07T17:50:14.373+0800][160.542s][info][gc,heap     ] GC(133) Old regions: 321->323
[2026-10-07T17:50:14.373+0800][160.542s][info][gc,heap     ] GC(133) Archive regions: 2->2
[2026-10-07T17:50:14.373+0800][160.542s][info][gc,heap     ] GC(133) Humongous regions: 5->5
[2026-10-07T17:50:14.373+0800][160.542s][info][gc,metaspace] GC(133) Metaspace: 151712K(153280K)->151712K(153280K) NonClass: 132201K(132992K)->132201K(132992K) Class: 19511K(20288K)->19511K(20288K)
[2026-10-07T17:50:14.373+0800][160.542s][info][gc          ] GC(133) Pause Young (Normal) (G1 Evacuation Pause) 367M->332M(416M) 5.760ms
[2026-10-07T17:50:14.373+0800][160.542s][info][gc,cpu      ] GC(133) User=0.01s Sys=0.01s Real=0.01s
[2026-10-07T17:50:14.373+0800][160.542s][info][safepoint   ] Safepoint "G1CollectForAllocation", Time since last: 141163375 ns, Reaching safepoint: 44917 ns, At safepoint: 5896000 ns, Total: 5940917 ns
[2026-10-07T17:50:14.521+0800][160.690s][info][gc,start    ] GC(134) Pause Young (Normal) (G1 Evacuation Pause)
[2026-10-07T17:50:14.521+0800][160.690s][info][gc,task     ] GC(134) Using 9 workers of 9 for evacuation
[2026-10-07T17:50:14.527+0800][160.696s][info][gc,phases   ] GC(134)   Pre Evacuate Collection Set: 0.2ms
[2026-10-07T17:50:14.527+0800][160.696s][info][gc,phases   ] GC(134)   Merge Heap Roots: 0.1ms
[2026-10-07T17:50:14.527+0800][160.696s][info][gc,phases   ] GC(134)   Evacuate Collection Set: 5.4ms
[2026-10-07T17:50:14.527+0800][160.696s][info][gc,phases   ] GC(134)   Post Evacuate Collection Set: 0.2ms
[2026-10-07T17:50:14.527+0800][160.696s][info][gc,phases   ] GC(134)   Other: 0.1ms
[2026-10-07T17:50:14.527+0800][160.696s][info][gc,heap     ] GC(134) Eden regions: 36->0(35)
[2026-10-07T17:50:14.527+0800][160.696s][info][gc,heap     ] GC(134) Survivor regions: 4->4(5)
[2026-10-07T17:50:14.527+0800][160.696s][info][gc,heap     ] GC(134) Old regions: 323->324
[2026-10-07T17:50:14.527+0800][160.696s][info][gc,heap     ] GC(134) Archive regions: 2->2
[2026-10-07T17:50:14.527+0800][160.696s][info][gc,heap     ] GC(134) Humongous regions: 5->5
[2026-10-07T17:50:14.527+0800][160.696s][info][gc,metaspace] GC(134) Metaspace: 151712K(153280K)->151712K(153280K) NonClass: 132201K(132992K)->132201K(132992K) Class: 19511K(20288K)->19511K(20288K)
[2026-10-07T17:50:14.527+0800][160.696s][info][gc          ] GC(134) Pause Young (Normal) (G1 Evacuation Pause) 368M->333M(416M) 6.066ms
[2026-10-07T17:50:14.527+0800][160.696s][info][gc,cpu      ] GC(134) User=0.01s Sys=0.01s Real=0.00s
[2026-10-07T17:50:14.527+0800][160.696s][info][safepoint   ] Safepoint "G1CollectForAllocation", Time since last: 147510250 ns, Reaching safepoint: 76625 ns, At safepoint: 6125125 ns, Total: 6201750 ns
[2026-10-07T17:50:14.627+0800][160.796s][info][gc,start    ] GC(135) Pause Young (Normal) (G1 Evacuation Pause)
[2026-10-07T17:50:14.628+0800][160.797s][info][gc,task     ] GC(135) Using 9 workers of 9 for evacuation
[2026-10-07T17:50:14.631+0800][160.800s][info][gc,phases   ] GC(135)   Pre Evacuate Collection Set: 0.1ms
[2026-10-07T17:50:14.631+0800][160.800s][info][gc,phases   ] GC(135)   Merge Heap Roots: 0.0ms
[2026-10-07T17:50:14.631+0800][160.800s][info][gc,phases   ] GC(135)   Evacuate Collection Set: 2.4ms
[2026-10-07T17:50:14.631+0800][160.800s][info][gc,phases   ] GC(135)   Post Evacuate Collection Set: 0.3ms
[2026-10-07T17:50:14.631+0800][160.800s][info][gc,phases   ] GC(135)   Other: 1.0ms
[2026-10-07T17:50:14.631+0800][160.800s][info][gc,heap     ] GC(135) Eden regions: 35->0(33)
[2026-10-07T17:50:14.631+0800][160.800s][info][gc,heap     ] GC(135) Survivor regions: 4->4(5)
[2026-10-07T17:50:14.631+0800][160.800s][info][gc,heap     ] GC(135) Old regions: 324->326
[2026-10-07T17:50:14.631+0800][160.800s][info][gc,heap     ] GC(135) Archive regions: 2->2
[2026-10-07T17:50:14.631+0800][160.800s][info][gc,heap     ] GC(135) Humongous regions: 5->5
[2026-10-07T17:50:14.631+0800][160.800s][info][gc,metaspace] GC(135) Metaspace: 151713K(153280K)->151713K(153280K) NonClass: 132202K(132992K)->132202K(132992K) Class: 19511K(20288K)->19511K(20288K)
[2026-10-07T17:50:14.631+0800][160.800s][info][gc          ] GC(135) Pause Young (Normal) (G1 Evacuation Pause) 368M->334M(416M) 3.856ms
[2026-10-07T17:50:14.631+0800][160.800s][info][gc,cpu      ] GC(135) User=0.01s Sys=0.01s Real=0.01s
[2026-10-07T17:50:14.631+0800][160.800s][info][safepoint   ] Safepoint "G1CollectForAllocation", Time since last: 100012458 ns, Reaching safepoint: 43209 ns, At safepoint: 3918708 ns, Total: 3961917 ns
[2026-10-07T17:50:15.059+0800][161.228s][info][gc,start    ] GC(136) Pause Young (Normal) (G1 Evacuation Pause)
[2026-10-07T17:50:15.059+0800][161.228s][info][gc,task     ] GC(136) Using 9 workers of 9 for evacuation
[2026-10-07T17:50:15.066+0800][161.236s][info][gc,phases   ] GC(136)   Pre Evacuate Collection Set: 0.3ms
[2026-10-07T17:50:15.066+0800][161.236s][info][gc,phases   ] GC(136)   Merge Heap Roots: 0.2ms
[2026-10-07T17:50:15.066+0800][161.236s][info][gc,phases   ] GC(136)   Evacuate Collection Set: 5.2ms
[2026-10-07T17:50:15.066+0800][161.236s][info][gc,phases   ] GC(136)   Post Evacuate Collection Set: 0.9ms
[2026-10-07T17:50:15.066+0800][161.236s][info][gc,phases   ] GC(136)   Other: 0.9ms
[2026-10-07T17:50:15.066+0800][161.236s][info][gc,heap     ] GC(136) Eden regions: 33->0(32)
[2026-10-07T17:50:15.066+0800][161.236s][info][gc,heap     ] GC(136) Survivor regions: 4->4(5)
[2026-10-07T17:50:15.066+0800][161.236s][info][gc,heap     ] GC(136) Old regions: 326->327
[2026-10-07T17:50:15.066+0800][161.236s][info][gc,heap     ] GC(136) Archive regions: 2->2
[2026-10-07T17:50:15.067+0800][161.236s][info][gc,heap     ] GC(136) Humongous regions: 5->5
[2026-10-07T17:50:15.067+0800][161.236s][info][gc,metaspace] GC(136) Metaspace: 151735K(153344K)->151735K(153344K) NonClass: 132222K(133056K)->132222K(133056K) Class: 19512K(20288K)->19512K(20288K)
[2026-10-07T17:50:15.067+0800][161.236s][info][gc          ] GC(136) Pause Young (Normal) (G1 Evacuation Pause) 367M->335M(416M) 7.656ms
[2026-10-07T17:50:15.067+0800][161.236s][info][gc,cpu      ] GC(136) User=0.01s Sys=0.01s Real=0.01s
[2026-10-07T17:50:15.067+0800][161.236s][info][safepoint   ] Safepoint "G1CollectForAllocation", Time since last: 427746958 ns, Reaching safepoint: 297792 ns, At safepoint: 7756375 ns, Total: 8054167 ns
[2026-10-07T17:50:15.181+0800][161.350s][info][gc,start    ] GC(137) Pause Young (Normal) (G1 Evacuation Pause)
[2026-10-07T17:50:15.181+0800][161.350s][info][gc,task     ] GC(137) Using 9 workers of 9 for evacuation
[2026-10-07T17:50:15.185+0800][161.354s][info][gc,phases   ] GC(137)   Pre Evacuate Collection Set: 0.1ms
[2026-10-07T17:50:15.191+0800][161.360s][info][gc,phases   ] GC(137)   Merge Heap Roots: 0.1ms
[2026-10-07T17:50:15.191+0800][161.360s][info][gc,phases   ] GC(137)   Evacuate Collection Set: 3.4ms
[2026-10-07T17:50:15.191+0800][161.360s][info][gc,phases   ] GC(137)   Post Evacuate Collection Set: 0.2ms
[2026-10-07T17:50:15.191+0800][161.360s][info][gc,phases   ] GC(137)   Other: 0.1ms
[2026-10-07T17:50:15.191+0800][161.360s][info][gc,heap     ] GC(137) Eden regions: 32->0(33)
[2026-10-07T17:50:15.191+0800][161.360s][info][gc,heap     ] GC(137) Survivor regions: 4->3(5)
[2026-10-07T17:50:15.191+0800][161.360s][info][gc,heap     ] GC(137) Old regions: 327->328
[2026-10-07T17:50:15.191+0800][161.360s][info][gc,heap     ] GC(137) Archive regions: 2->2
[2026-10-07T17:50:15.191+0800][161.360s][info][gc,heap     ] GC(137) Humongous regions: 5->5
[2026-10-07T17:50:15.191+0800][161.360s][info][gc,metaspace] GC(137) Metaspace: 151789K(153344K)->151789K(153344K) NonClass: 132274K(133056K)->132274K(133056K) Class: 19515K(20288K)->19515K(20288K)
[2026-10-07T17:50:15.191+0800][161.360s][info][gc          ] GC(137) Pause Young (Normal) (G1 Evacuation Pause) 367M->336M(416M) 9.953ms
[2026-10-07T17:50:15.191+0800][161.360s][info][gc,cpu      ] GC(137) User=0.01s Sys=0.00s Real=0.01s
[2026-10-07T17:50:15.191+0800][161.360s][info][safepoint   ] Safepoint "G1CollectForAllocation", Time since last: 114173417 ns, Reaching safepoint: 34250 ns, At safepoint: 10002666 ns, Total: 10036916 ns
[2026-10-07T17:50:22.991+0800][169.161s][info][safepoint   ] Safepoint "RedefineClasses", Time since last: 82486500 ns, Reaching safepoint: 58250 ns, At safepoint: 7718101000 ns, Total: 7718159250 ns
[2026-10-07T17:50:23.420+0800][169.590s][info][gc,start    ] GC(138) Pause Young (Normal) (G1 Evacuation Pause)
[2026-10-07T17:50:23.420+0800][169.590s][info][gc,task     ] GC(138) Using 9 workers of 9 for evacuation
[2026-10-07T17:50:23.461+0800][169.631s][info][gc,phases   ] GC(138)   Pre Evacuate Collection Set: 0.1ms
[2026-10-07T17:50:23.461+0800][169.631s][info][gc,phases   ] GC(138)   Merge Heap Roots: 0.1ms
[2026-10-07T17:50:23.461+0800][169.631s][info][gc,phases   ] GC(138)   Evacuate Collection Set: 37.6ms
[2026-10-07T17:50:23.461+0800][169.631s][info][gc,phases   ] GC(138)   Post Evacuate Collection Set: 2.9ms
[2026-10-07T17:50:23.461+0800][169.631s][info][gc,phases   ] GC(138)   Other: 0.4ms
[2026-10-07T17:50:23.461+0800][169.631s][info][gc,heap     ] GC(138) Eden regions: 33->0(32)
[2026-10-07T17:50:23.461+0800][169.631s][info][gc,heap     ] GC(138) Survivor regions: 3->3(5)
[2026-10-07T17:50:23.461+0800][169.631s][info][gc,heap     ] GC(138) Old regions: 328->329
[2026-10-07T17:50:23.462+0800][169.631s][info][gc,heap     ] GC(138) Archive regions: 2->2
[2026-10-07T17:50:23.462+0800][169.631s][info][gc,heap     ] GC(138) Humongous regions: 5->5
[2026-10-07T17:50:23.462+0800][169.631s][info][gc,metaspace] GC(138) Metaspace: 151869K(153408K)->151869K(153408K) NonClass: 132342K(133120K)->132342K(133120K) Class: 19526K(20288K)->19526K(20288K)
[2026-10-07T17:50:23.462+0800][169.631s][info][gc          ] GC(138) Pause Young (Normal) (G1 Evacuation Pause) 369M->337M(416M) 41.544ms
[2026-10-07T17:50:23.462+0800][169.631s][info][gc,cpu      ] GC(138) User=0.02s Sys=0.03s Real=0.04s
[2026-10-07T17:50:23.462+0800][169.631s][info][safepoint   ] Safepoint "G1CollectForAllocation", Time since last: 428801959 ns, Reaching safepoint: 85166 ns, At safepoint: 41917375 ns, Total: 42002541 ns
[2026-10-07T17:50:23.671+0800][169.840s][info][gc,start    ] GC(139) Pause Young (Normal) (G1 Evacuation Pause)
[2026-10-07T17:50:23.671+0800][169.840s][info][gc,task     ] GC(139) Using 9 workers of 9 for evacuation
[2026-10-07T17:50:23.676+0800][169.845s][info][gc,phases   ] GC(139)   Pre Evacuate Collection Set: 0.3ms
[2026-10-07T17:50:23.676+0800][169.845s][info][gc,phases   ] GC(139)   Merge Heap Roots: 0.4ms
[2026-10-07T17:50:23.676+0800][169.845s][info][gc,phases   ] GC(139)   Evacuate Collection Set: 3.8ms
[2026-10-07T17:50:23.676+0800][169.845s][info][gc,phases   ] GC(139)   Post Evacuate Collection Set: 0.6ms
[2026-10-07T17:50:23.676+0800][169.845s][info][gc,phases   ] GC(139)   Other: 0.4ms
[2026-10-07T17:50:23.676+0800][169.845s][info][gc,heap     ] GC(139) Eden regions: 32->0(30)
[2026-10-07T17:50:23.676+0800][169.846s][info][gc,heap     ] GC(139) Survivor regions: 3->4(5)
[2026-10-07T17:50:23.676+0800][169.846s][info][gc,heap     ] GC(139) Old regions: 329->329
[2026-10-07T17:50:23.676+0800][169.846s][info][gc,heap     ] GC(139) Archive regions: 2->2
[2026-10-07T17:50:23.676+0800][169.846s][info][gc,heap     ] GC(139) Humongous regions: 5->5
[2026-10-07T17:50:23.676+0800][169.846s][info][gc,metaspace] GC(139) Metaspace: 151882K(153408K)->151882K(153408K) NonClass: 132354K(133120K)->132354K(133120K) Class: 19527K(20288K)->19527K(20288K)
[2026-10-07T17:50:23.676+0800][169.846s][info][gc          ] GC(139) Pause Young (Normal) (G1 Evacuation Pause) 369M->337M(416M) 5.588ms
[2026-10-07T17:50:23.676+0800][169.846s][info][gc,cpu      ] GC(139) User=0.01s Sys=0.01s Real=0.00s
[2026-10-07T17:50:23.676+0800][169.846s][info][safepoint   ] Safepoint "G1CollectForAllocation", Time since last: 207800959 ns, Reaching safepoint: 729208 ns, At safepoint: 5711417 ns, Total: 6440625 ns
[2026-10-07T17:50:23.935+0800][170.104s][info][gc,start    ] GC(140) Pause Young (Normal) (G1 Evacuation Pause)
[2026-10-07T17:50:23.935+0800][170.104s][info][gc,task     ] GC(140) Using 9 workers of 9 for evacuation
[2026-10-07T17:50:23.944+0800][170.113s][info][gc,phases   ] GC(140)   Pre Evacuate Collection Set: 0.2ms
[2026-10-07T17:50:23.944+0800][170.113s][info][gc,phases   ] GC(140)   Merge Heap Roots: 0.1ms
[2026-10-07T17:50:23.944+0800][170.113s][info][gc,phases   ] GC(140)   Evacuate Collection Set: 7.9ms
[2026-10-07T17:50:23.944+0800][170.113s][info][gc,phases   ] GC(140)   Post Evacuate Collection Set: 0.7ms
[2026-10-07T17:50:23.944+0800][170.114s][info][gc,phases   ] GC(140)   Other: 0.2ms
[2026-10-07T17:50:23.944+0800][170.114s][info][gc,heap     ] GC(140) Eden regions: 30->0(29)
[2026-10-07T17:50:23.944+0800][170.114s][info][gc,heap     ] GC(140) Survivor regions: 4->4(5)
[2026-10-07T17:50:23.944+0800][170.114s][info][gc,heap     ] GC(140) Old regions: 329->330
[2026-10-07T17:50:23.944+0800][170.114s][info][gc,heap     ] GC(140) Archive regions: 2->2
[2026-10-07T17:50:23.944+0800][170.114s][info][gc,heap     ] GC(140) Humongous regions: 5->5
[2026-10-07T17:50:23.944+0800][170.114s][info][gc,metaspace] GC(140) Metaspace: 151882K(153408K)->151882K(153408K) NonClass: 132354K(133120K)->132354K(133120K) Class: 19527K(20288K)->19527K(20288K)
[2026-10-07T17:50:23.944+0800][170.114s][info][gc          ] GC(140) Pause Young (Normal) (G1 Evacuation Pause) 367M->338M(416M) 9.202ms
[2026-10-07T17:50:23.944+0800][170.114s][info][gc,cpu      ] GC(140) User=0.01s Sys=0.01s Real=0.01s
[2026-10-07T17:50:23.944+0800][170.114s][info][safepoint   ] Safepoint "G1CollectForAllocation", Time since last: 258615791 ns, Reaching safepoint: 56667 ns, At safepoint: 9301125 ns, Total: 9357792 ns
[2026-10-07T17:50:24.063+0800][170.233s][info][gc,start    ] GC(141) Pause Young (Normal) (G1 Evacuation Pause)
[2026-10-07T17:50:24.064+0800][170.233s][info][gc,task     ] GC(141) Using 9 workers of 9 for evacuation
[2026-10-07T17:50:24.067+0800][170.236s][info][gc,phases   ] GC(141)   Pre Evacuate Collection Set: 0.1ms
[2026-10-07T17:50:24.067+0800][170.236s][info][gc,phases   ] GC(141)   Merge Heap Roots: 0.0ms
[2026-10-07T17:50:24.067+0800][170.236s][info][gc,phases   ] GC(141)   Evacuate Collection Set: 2.6ms
[2026-10-07T17:50:24.067+0800][170.236s][info][gc,phases   ] GC(141)   Post Evacuate Collection Set: 0.5ms
[2026-10-07T17:50:24.067+0800][170.236s][info][gc,phases   ] GC(141)   Other: 0.1ms
[2026-10-07T17:50:24.067+0800][170.236s][info][gc,heap     ] GC(141) Eden regions: 29->0(30)
[2026-10-07T17:50:24.067+0800][170.236s][info][gc,heap     ] GC(141) Survivor regions: 4->3(5)
[2026-10-07T17:50:24.067+0800][170.236s][info][gc,heap     ] GC(141) Old regions: 330->331
[2026-10-07T17:50:24.067+0800][170.236s][info][gc,heap     ] GC(141) Archive regions: 2->2
[2026-10-07T17:50:24.067+0800][170.236s][info][gc,heap     ] GC(141) Humongous regions: 5->5
[2026-10-07T17:50:24.067+0800][170.236s][info][gc,metaspace] GC(141) Metaspace: 151898K(153472K)->151898K(153472K) NonClass: 132367K(133184K)->132367K(133184K) Class: 19530K(20288K)->19530K(20288K)
[2026-10-07T17:50:24.067+0800][170.236s][info][gc          ] GC(141) Pause Young (Normal) (G1 Evacuation Pause) 367M->338M(416M) 3.336ms
[2026-10-07T17:50:24.067+0800][170.236s][info][gc,cpu      ] GC(141) User=0.01s Sys=0.01s Real=0.00s
[2026-10-07T17:50:24.067+0800][170.236s][info][safepoint   ] Safepoint "G1CollectForAllocation", Time since last: 119140833 ns, Reaching safepoint: 46000 ns, At safepoint: 3453959 ns, Total: 3499959 ns
[2026-10-07T17:50:24.138+0800][170.308s][info][gc,start    ] GC(142) Pause Young (Normal) (G1 Evacuation Pause)
[2026-10-07T17:50:24.138+0800][170.308s][info][gc,task     ] GC(142) Using 9 workers of 9 for evacuation
[2026-10-07T17:50:24.142+0800][170.311s][info][gc,phases   ] GC(142)   Pre Evacuate Collection Set: 0.1ms
[2026-10-07T17:50:24.142+0800][170.311s][info][gc,phases   ] GC(142)   Merge Heap Roots: 0.1ms
[2026-10-07T17:50:24.142+0800][170.311s][info][gc,phases   ] GC(142)   Evacuate Collection Set: 2.7ms
[2026-10-07T17:50:24.142+0800][170.311s][info][gc,phases   ] GC(142)   Post Evacuate Collection Set: 0.5ms
[2026-10-07T17:50:24.142+0800][170.311s][info][gc,phases   ] GC(142)   Other: 0.2ms
[2026-10-07T17:50:24.142+0800][170.311s][info][gc,heap     ] GC(142) Eden regions: 30->0(30)
[2026-10-07T17:50:24.142+0800][170.311s][info][gc,heap     ] GC(142) Survivor regions: 3->3(5)
[2026-10-07T17:50:24.142+0800][170.311s][info][gc,heap     ] GC(142) Old regions: 331->331
[2026-10-07T17:50:24.142+0800][170.311s][info][gc,heap     ] GC(142) Archive regions: 2->2
[2026-10-07T17:50:24.142+0800][170.311s][info][gc,heap     ] GC(142) Humongous regions: 5->5
[2026-10-07T17:50:24.142+0800][170.311s][info][gc,metaspace] GC(142) Metaspace: 151899K(153472K)->151899K(153472K) NonClass: 132369K(133184K)->132369K(133184K) Class: 19530K(20288K)->19530K(20288K)
[2026-10-07T17:50:24.142+0800][170.311s][info][gc          ] GC(142) Pause Young (Normal) (G1 Evacuation Pause) 368M->339M(416M) 3.727ms
[2026-10-07T17:50:24.142+0800][170.311s][info][gc,cpu      ] GC(142) User=0.01s Sys=0.00s Real=0.01s
[2026-10-07T17:50:24.142+0800][170.311s][info][safepoint   ] Safepoint "G1CollectForAllocation", Time since last: 71264625 ns, Reaching safepoint: 80250 ns, At safepoint: 3867416 ns, Total: 3947666 ns
[2026-10-07T17:50:24.228+0800][170.398s][info][gc,start    ] GC(143) Pause Young (Normal) (G1 Evacuation Pause)
[2026-10-07T17:50:24.228+0800][170.398s][info][gc,task     ] GC(143) Using 9 workers of 9 for evacuation
[2026-10-07T17:50:24.230+0800][170.400s][info][gc,phases   ] GC(143)   Pre Evacuate Collection Set: 0.0ms
[2026-10-07T17:50:24.230+0800][170.400s][info][gc,phases   ] GC(143)   Merge Heap Roots: 0.0ms
[2026-10-07T17:50:24.230+0800][170.400s][info][gc,phases   ] GC(143)   Evacuate Collection Set: 1.8ms
[2026-10-07T17:50:24.230+0800][170.400s][info][gc,phases   ] GC(143)   Post Evacuate Collection Set: 0.3ms
[2026-10-07T17:50:24.230+0800][170.400s][info][gc,phases   ] GC(143)   Other: 0.1ms
[2026-10-07T17:50:24.230+0800][170.400s][info][gc,heap     ] GC(143) Eden regions: 30->0(28)
[2026-10-07T17:50:24.230+0800][170.400s][info][gc,heap     ] GC(143) Survivor regions: 3->4(5)
[2026-10-07T17:50:24.230+0800][170.400s][info][gc,heap     ] GC(143) Old regions: 331->331
[2026-10-07T17:50:24.230+0800][170.400s][info][gc,heap     ] GC(143) Archive regions: 2->2
[2026-10-07T17:50:24.230+0800][170.400s][info][gc,heap     ] GC(143) Humongous regions: 5->5
[2026-10-07T17:50:24.230+0800][170.400s][info][gc,metaspace] GC(143) Metaspace: 151899K(153472K)->151899K(153472K) NonClass: 132369K(133184K)->132369K(133184K) Class: 19530K(20288K)->19530K(20288K)
[2026-10-07T17:50:24.230+0800][170.400s][info][gc          ] GC(143) Pause Young (Normal) (G1 Evacuation Pause) 369M->340M(416M) 2.258ms
[2026-10-07T17:50:24.230+0800][170.400s][info][gc,cpu      ] GC(143) User=0.01s Sys=0.00s Real=0.01s
[2026-10-07T17:50:24.231+0800][170.400s][info][safepoint   ] Safepoint "G1CollectForAllocation", Time since last: 86018584 ns, Reaching safepoint: 71333 ns, At safepoint: 2301542 ns, Total: 2372875 ns
[2026-10-07T17:50:24.290+0800][170.459s][info][gc,start    ] GC(144) Pause Young (Normal) (G1 Evacuation Pause)
[2026-10-07T17:50:24.290+0800][170.459s][info][gc,task     ] GC(144) Using 9 workers of 9 for evacuation
[2026-10-07T17:50:24.294+0800][170.464s][info][gc,phases   ] GC(144)   Pre Evacuate Collection Set: 0.1ms
[2026-10-07T17:50:24.294+0800][170.464s][info][gc,phases   ] GC(144)   Merge Heap Roots: 0.0ms
[2026-10-07T17:50:24.294+0800][170.464s][info][gc,phases   ] GC(144)   Evacuate Collection Set: 4.0ms
[2026-10-07T17:50:24.294+0800][170.464s][info][gc,phases   ] GC(144)   Post Evacuate Collection Set: 0.2ms
[2026-10-07T17:50:24.294+0800][170.464s][info][gc,phases   ] GC(144)   Other: 0.1ms
[2026-10-07T17:50:24.294+0800][170.464s][info][gc,heap     ] GC(144) Eden regions: 28->0(28)
[2026-10-07T17:50:24.294+0800][170.464s][info][gc,heap     ] GC(144) Survivor regions: 4->3(4)
[2026-10-07T17:50:24.294+0800][170.464s][info][gc,heap     ] GC(144) Old regions: 331->333
[2026-10-07T17:50:24.294+0800][170.464s][info][gc,heap     ] GC(144) Archive regions: 2->2
[2026-10-07T17:50:24.294+0800][170.464s][info][gc,heap     ] GC(144) Humongous regions: 5->5
[2026-10-07T17:50:24.294+0800][170.464s][info][gc,metaspace] GC(144) Metaspace: 151899K(153472K)->151899K(153472K) NonClass: 132369K(133184K)->132369K(133184K) Class: 19530K(20288K)->19530K(20288K)
[2026-10-07T17:50:24.294+0800][170.464s][info][gc          ] GC(144) Pause Young (Normal) (G1 Evacuation Pause) 368M->340M(416M) 4.454ms
[2026-10-07T17:50:24.294+0800][170.464s][info][gc,cpu      ] GC(144) User=0.01s Sys=0.01s Real=0.00s
[2026-10-07T17:50:24.294+0800][170.464s][info][safepoint   ] Safepoint "G1CollectForAllocation", Time since last: 59363875 ns, Reaching safepoint: 88958 ns, At safepoint: 4500542 ns, Total: 4589500 ns
[2026-10-07T17:50:24.361+0800][170.530s][info][gc,start    ] GC(145) Pause Young (Normal) (G1 Evacuation Pause)
[2026-10-07T17:50:24.361+0800][170.530s][info][gc,task     ] GC(145) Using 9 workers of 9 for evacuation
[2026-10-07T17:50:24.363+0800][170.533s][info][gc,phases   ] GC(145)   Pre Evacuate Collection Set: 0.1ms
[2026-10-07T17:50:24.364+0800][170.533s][info][gc,phases   ] GC(145)   Merge Heap Roots: 0.1ms
[2026-10-07T17:50:24.364+0800][170.533s][info][gc,phases   ] GC(145)   Evacuate Collection Set: 2.2ms
[2026-10-07T17:50:24.364+0800][170.533s][info][gc,phases   ] GC(145)   Post Evacuate Collection Set: 0.4ms
[2026-10-07T17:50:24.364+0800][170.533s][info][gc,phases   ] GC(145)   Other: 0.1ms
[2026-10-07T17:50:24.364+0800][170.533s][info][gc,heap     ] GC(145) Eden regions: 28->0(28)
[2026-10-07T17:50:24.364+0800][170.533s][info][gc,heap     ] GC(145) Survivor regions: 3->3(4)
[2026-10-07T17:50:24.364+0800][170.533s][info][gc,heap     ] GC(145) Old regions: 333->333
[2026-10-07T17:50:24.364+0800][170.533s][info][gc,heap     ] GC(145) Archive regions: 2->2
[2026-10-07T17:50:24.364+0800][170.533s][info][gc,heap     ] GC(145) Humongous regions: 5->5
[2026-10-07T17:50:24.364+0800][170.533s][info][gc,metaspace] GC(145) Metaspace: 151899K(153472K)->151899K(153472K) NonClass: 132369K(133184K)->132369K(133184K) Class: 19530K(20288K)->19530K(20288K)
[2026-10-07T17:50:24.364+0800][170.533s][info][gc          ] GC(145) Pause Young (Normal) (G1 Evacuation Pause) 368M->341M(416M) 3.050ms
[2026-10-07T17:50:24.364+0800][170.533s][info][gc,cpu      ] GC(145) User=0.01s Sys=0.01s Real=0.00s
[2026-10-07T17:50:24.364+0800][170.533s][info][safepoint   ] Safepoint "G1CollectForAllocation", Time since last: 66098416 ns, Reaching safepoint: 42000 ns, At safepoint: 3123875 ns, Total: 3165875 ns
[2026-10-07T17:50:24.509+0800][170.678s][info][gc,start    ] GC(146) Pause Young (Normal) (G1 Evacuation Pause)
[2026-10-07T17:50:24.509+0800][170.678s][info][gc,task     ] GC(146) Using 9 workers of 9 for evacuation
[2026-10-07T17:50:24.515+0800][170.685s][info][gc,phases   ] GC(146)   Pre Evacuate Collection Set: 0.8ms
[2026-10-07T17:50:24.515+0800][170.685s][info][gc,phases   ] GC(146)   Merge Heap Roots: 0.3ms
[2026-10-07T17:50:24.515+0800][170.685s][info][gc,phases   ] GC(146)   Evacuate Collection Set: 4.5ms
[2026-10-07T17:50:24.515+0800][170.685s][info][gc,phases   ] GC(146)   Post Evacuate Collection Set: 0.5ms
[2026-10-07T17:50:24.515+0800][170.685s][info][gc,phases   ] GC(146)   Other: 0.1ms
[2026-10-07T17:50:24.515+0800][170.685s][info][gc,heap     ] GC(146) Eden regions: 28->0(27)
[2026-10-07T17:50:24.515+0800][170.685s][info][gc,heap     ] GC(146) Survivor regions: 3->3(4)
[2026-10-07T17:50:24.515+0800][170.685s][info][gc,heap     ] GC(146) Old regions: 333->334
[2026-10-07T17:50:24.515+0800][170.685s][info][gc,heap     ] GC(146) Archive regions: 2->2
[2026-10-07T17:50:24.515+0800][170.685s][info][gc,heap     ] GC(146) Humongous regions: 5->5
[2026-10-07T17:50:24.515+0800][170.685s][info][gc,metaspace] GC(146) Metaspace: 151899K(153472K)->151899K(153472K) NonClass: 132369K(133184K)->132369K(133184K) Class: 19530K(20288K)->19530K(20288K)
[2026-10-07T17:50:24.515+0800][170.685s][info][gc          ] GC(146) Pause Young (Normal) (G1 Evacuation Pause) 369M->341M(416M) 6.380ms
[2026-10-07T17:50:24.515+0800][170.685s][info][gc,cpu      ] GC(146) User=0.01s Sys=0.00s Real=0.01s
[2026-10-07T17:50:24.515+0800][170.685s][info][safepoint   ] Safepoint "G1CollectForAllocation", Time since last: 131702084 ns, Reaching safepoint: 13461041 ns, At safepoint: 6559209 ns, Total: 20020250 ns
[2026-10-07T17:50:24.559+0800][170.728s][info][gc,start    ] GC(147) Pause Young (Normal) (G1 Evacuation Pause)
[2026-10-07T17:50:24.559+0800][170.728s][info][gc,task     ] GC(147) Using 9 workers of 9 for evacuation
[2026-10-07T17:50:24.560+0800][170.730s][info][gc,phases   ] GC(147)   Pre Evacuate Collection Set: 0.0ms
[2026-10-07T17:50:24.560+0800][170.730s][info][gc,phases   ] GC(147)   Merge Heap Roots: 0.0ms
[2026-10-07T17:50:24.560+0800][170.730s][info][gc,phases   ] GC(147)   Evacuate Collection Set: 1.0ms
[2026-10-07T17:50:24.560+0800][170.730s][info][gc,phases   ] GC(147)   Post Evacuate Collection Set: 0.2ms
[2026-10-07T17:50:24.560+0800][170.730s][info][gc,phases   ] GC(147)   Other: 0.1ms
[2026-10-07T17:50:24.560+0800][170.730s][info][gc,heap     ] GC(147) Eden regions: 27->0(27)
[2026-10-07T17:50:24.560+0800][170.730s][info][gc,heap     ] GC(147) Survivor regions: 3->3(4)
[2026-10-07T17:50:24.560+0800][170.730s][info][gc,heap     ] GC(147) Old regions: 334->334
[2026-10-07T17:50:24.560+0800][170.730s][info][gc,heap     ] GC(147) Archive regions: 2->2
[2026-10-07T17:50:24.560+0800][170.730s][info][gc,heap     ] GC(147) Humongous regions: 5->5
[2026-10-07T17:50:24.560+0800][170.730s][info][gc,metaspace] GC(147) Metaspace: 151899K(153472K)->151899K(153472K) NonClass: 132369K(133184K)->132369K(133184K) Class: 19530K(20288K)->19530K(20288K)
[2026-10-07T17:50:24.561+0800][170.730s][info][gc          ] GC(147) Pause Young (Normal) (G1 Evacuation Pause) 368M->342M(416M) 1.423ms
[2026-10-07T17:50:24.561+0800][170.730s][info][gc,cpu      ] GC(147) User=0.01s Sys=0.00s Real=0.01s
[2026-10-07T17:50:24.561+0800][170.730s][info][safepoint   ] Safepoint "G1CollectForAllocation", Time since last: 43592958 ns, Reaching safepoint: 31833 ns, At safepoint: 1461000 ns, Total: 1492833 ns
[2026-10-07T17:50:24.670+0800][170.840s][info][gc,start    ] GC(148) Pause Young (Normal) (G1 Evacuation Pause)
[2026-10-07T17:50:24.671+0800][170.840s][info][gc,task     ] GC(148) Using 9 workers of 9 for evacuation
[2026-10-07T17:50:24.677+0800][170.846s][info][gc,phases   ] GC(148)   Pre Evacuate Collection Set: 0.1ms
[2026-10-07T17:50:24.677+0800][170.846s][info][gc,phases   ] GC(148)   Merge Heap Roots: 0.0ms
[2026-10-07T17:50:24.677+0800][170.846s][info][gc,phases   ] GC(148)   Evacuate Collection Set: 5.8ms
[2026-10-07T17:50:24.677+0800][170.846s][info][gc,phases   ] GC(148)   Post Evacuate Collection Set: 0.4ms
[2026-10-07T17:50:24.677+0800][170.846s][info][gc,phases   ] GC(148)   Other: 0.1ms
[2026-10-07T17:50:24.677+0800][170.846s][info][gc,heap     ] GC(148) Eden regions: 27->0(26)
[2026-10-07T17:50:24.677+0800][170.846s][info][gc,heap     ] GC(148) Survivor regions: 3->3(4)
[2026-10-07T17:50:24.677+0800][170.846s][info][gc,heap     ] GC(148) Old regions: 334->335
[2026-10-07T17:50:24.677+0800][170.846s][info][gc,heap     ] GC(148) Archive regions: 2->2
[2026-10-07T17:50:24.677+0800][170.846s][info][gc,heap     ] GC(148) Humongous regions: 5->5
[2026-10-07T17:50:24.677+0800][170.846s][info][gc,metaspace] GC(148) Metaspace: 151903K(153472K)->151903K(153472K) NonClass: 132372K(133184K)->132372K(133184K) Class: 19531K(20288K)->19531K(20288K)
[2026-10-07T17:50:24.677+0800][170.847s][info][gc          ] GC(148) Pause Young (Normal) (G1 Evacuation Pause) 369M->342M(416M) 6.652ms
[2026-10-07T17:50:24.677+0800][170.847s][info][gc,cpu      ] GC(148) User=0.01s Sys=0.00s Real=0.00s
[2026-10-07T17:50:24.677+0800][170.847s][info][safepoint   ] Safepoint "G1CollectForAllocation", Time since last: 109881084 ns, Reaching safepoint: 40375 ns, At safepoint: 6866208 ns, Total: 6906583 ns
[2026-10-07T17:50:24.720+0800][170.889s][info][gc,start    ] GC(149) Pause Young (Normal) (G1 Evacuation Pause)
[2026-10-07T17:50:24.720+0800][170.889s][info][gc,task     ] GC(149) Using 9 workers of 9 for evacuation
[2026-10-07T17:50:24.723+0800][170.892s][info][gc,phases   ] GC(149)   Pre Evacuate Collection Set: 0.1ms
[2026-10-07T17:50:24.723+0800][170.892s][info][gc,phases   ] GC(149)   Merge Heap Roots: 0.0ms
[2026-10-07T17:50:24.723+0800][170.893s][info][gc,phases   ] GC(149)   Evacuate Collection Set: 2.9ms
[2026-10-07T17:50:24.723+0800][170.893s][info][gc,phases   ] GC(149)   Post Evacuate Collection Set: 0.2ms
[2026-10-07T17:50:24.723+0800][170.893s][info][gc,phases   ] GC(149)   Other: 0.1ms
[2026-10-07T17:50:24.723+0800][170.893s][info][gc,heap     ] GC(149) Eden regions: 26->0(26)
[2026-10-07T17:50:24.723+0800][170.893s][info][gc,heap     ] GC(149) Survivor regions: 3->3(4)
[2026-10-07T17:50:24.723+0800][170.893s][info][gc,heap     ] GC(149) Old regions: 335->335
[2026-10-07T17:50:24.723+0800][170.893s][info][gc,heap     ] GC(149) Archive regions: 2->2
[2026-10-07T17:50:24.723+0800][170.893s][info][gc,heap     ] GC(149) Humongous regions: 5->5
[2026-10-07T17:50:24.723+0800][170.893s][info][gc,metaspace] GC(149) Metaspace: 151903K(153472K)->151903K(153472K) NonClass: 132372K(133184K)->132372K(133184K) Class: 19531K(20288K)->19531K(20288K)
[2026-10-07T17:50:24.723+0800][170.893s][info][gc          ] GC(149) Pause Young (Normal) (G1 Evacuation Pause) 368M->342M(416M) 3.334ms
[2026-10-07T17:50:24.723+0800][170.893s][info][gc,cpu      ] GC(149) User=0.00s Sys=0.00s Real=0.00s
[2026-10-07T17:50:24.723+0800][170.893s][info][safepoint   ] Safepoint "G1CollectForAllocation", Time since last: 42469875 ns, Reaching safepoint: 28458 ns, At safepoint: 3375292 ns, Total: 3403750 ns
[2026-10-07T17:50:24.759+0800][170.929s][info][gc,start    ] GC(150) Pause Young (Normal) (G1 Evacuation Pause)
[2026-10-07T17:50:24.759+0800][170.929s][info][gc,task     ] GC(150) Using 9 workers of 9 for evacuation
[2026-10-07T17:50:24.761+0800][170.930s][info][gc,phases   ] GC(150)   Pre Evacuate Collection Set: 0.0ms
[2026-10-07T17:50:24.761+0800][170.930s][info][gc,phases   ] GC(150)   Merge Heap Roots: 0.0ms
[2026-10-07T17:50:24.761+0800][170.930s][info][gc,phases   ] GC(150)   Evacuate Collection Set: 1.5ms
[2026-10-07T17:50:24.761+0800][170.930s][info][gc,phases   ] GC(150)   Post Evacuate Collection Set: 0.2ms
[2026-10-07T17:50:24.761+0800][170.930s][info][gc,phases   ] GC(150)   Other: 0.1ms
[2026-10-07T17:50:24.761+0800][170.930s][info][gc,heap     ] GC(150) Eden regions: 26->0(26)
[2026-10-07T17:50:24.761+0800][170.930s][info][gc,heap     ] GC(150) Survivor regions: 3->3(4)
[2026-10-07T17:50:24.761+0800][170.930s][info][gc,heap     ] GC(150) Old regions: 335->335
[2026-10-07T17:50:24.761+0800][170.930s][info][gc,heap     ] GC(150) Archive regions: 2->2
[2026-10-07T17:50:24.761+0800][170.930s][info][gc,heap     ] GC(150) Humongous regions: 5->5
[2026-10-07T17:50:24.761+0800][170.930s][info][gc,metaspace] GC(150) Metaspace: 151903K(153472K)->151903K(153472K) NonClass: 132372K(133184K)->132372K(133184K) Class: 19531K(20288K)->19531K(20288K)
[2026-10-07T17:50:24.761+0800][170.930s][info][gc          ] GC(150) Pause Young (Normal) (G1 Evacuation Pause) 368M->343M(416M) 1.941ms
[2026-10-07T17:50:24.761+0800][170.931s][info][gc,cpu      ] GC(150) User=0.00s Sys=0.00s Real=0.01s
[2026-10-07T17:50:24.761+0800][170.931s][info][safepoint   ] Safepoint "G1CollectForAllocation", Time since last: 35908125 ns, Reaching safepoint: 58083 ns, At safepoint: 1978459 ns, Total: 2036542 ns
[2026-10-07T17:50:24.856+0800][171.025s][info][gc,start    ] GC(151) Pause Young (Normal) (G1 Evacuation Pause)
[2026-10-07T17:50:24.856+0800][171.026s][info][gc,task     ] GC(151) Using 9 workers of 9 for evacuation
[2026-10-07T17:50:24.908+0800][171.077s][info][gc,phases   ] GC(151)   Pre Evacuate Collection Set: 0.0ms
[2026-10-07T17:50:24.908+0800][171.077s][info][gc,phases   ] GC(151)   Merge Heap Roots: 0.1ms
[2026-10-07T17:50:24.908+0800][171.077s][info][gc,phases   ] GC(151)   Evacuate Collection Set: 47.9ms
[2026-10-07T17:50:24.908+0800][171.077s][info][gc,phases   ] GC(151)   Post Evacuate Collection Set: 3.6ms
[2026-10-07T17:50:24.908+0800][171.077s][info][gc,phases   ] GC(151)   Other: 0.3ms
[2026-10-07T17:50:24.908+0800][171.077s][info][gc,heap     ] GC(151) Eden regions: 26->0(25)
[2026-10-07T17:50:24.908+0800][171.077s][info][gc,heap     ] GC(151) Survivor regions: 3->3(4)
[2026-10-07T17:50:24.908+0800][171.077s][info][gc,heap     ] GC(151) Old regions: 335->336
[2026-10-07T17:50:24.908+0800][171.077s][info][gc,heap     ] GC(151) Archive regions: 2->2
[2026-10-07T17:50:24.908+0800][171.077s][info][gc,heap     ] GC(151) Humongous regions: 5->5
[2026-10-07T17:50:24.908+0800][171.077s][info][gc,metaspace] GC(151) Metaspace: 151903K(153472K)->151903K(153472K) NonClass: 132372K(133184K)->132372K(133184K) Class: 19531K(20288K)->19531K(20288K)
[2026-10-07T17:50:24.908+0800][171.077s][info][gc          ] GC(151) Pause Young (Normal) (G1 Evacuation Pause) 369M->343M(416M) 52.034ms
[2026-10-07T17:50:24.908+0800][171.078s][info][gc,cpu      ] GC(151) User=0.01s Sys=0.01s Real=0.05s
[2026-10-07T17:50:24.908+0800][171.078s][info][safepoint   ] Safepoint "G1CollectForAllocation", Time since last: 94867666 ns, Reaching safepoint: 57459 ns, At safepoint: 52142833 ns, Total: 52200292 ns
[2026-10-07T17:50:25.068+0800][171.238s][info][gc,start    ] GC(152) Pause Young (Normal) (G1 Evacuation Pause)
[2026-10-07T17:50:25.068+0800][171.238s][info][gc,task     ] GC(152) Using 9 workers of 9 for evacuation
[2026-10-07T17:50:25.073+0800][171.243s][info][gc,phases   ] GC(152)   Pre Evacuate Collection Set: 0.1ms
[2026-10-07T17:50:25.073+0800][171.243s][info][gc,phases   ] GC(152)   Merge Heap Roots: 0.1ms
[2026-10-07T17:50:25.073+0800][171.243s][info][gc,phases   ] GC(152)   Evacuate Collection Set: 4.5ms
[2026-10-07T17:50:25.073+0800][171.243s][info][gc,phases   ] GC(152)   Post Evacuate Collection Set: 0.5ms
[2026-10-07T17:50:25.073+0800][171.243s][info][gc,phases   ] GC(152)   Other: 0.1ms
[2026-10-07T17:50:25.073+0800][171.243s][info][gc,heap     ] GC(152) Eden regions: 25->0(26)
[2026-10-07T17:50:25.073+0800][171.243s][info][gc,heap     ] GC(152) Survivor regions: 3->2(4)
[2026-10-07T17:50:25.073+0800][171.243s][info][gc,heap     ] GC(152) Old regions: 336->337
[2026-10-07T17:50:25.073+0800][171.243s][info][gc,heap     ] GC(152) Archive regions: 2->2
[2026-10-07T17:50:25.073+0800][171.243s][info][gc,heap     ] GC(152) Humongous regions: 5->5
[2026-10-07T17:50:25.073+0800][171.243s][info][gc,metaspace] GC(152) Metaspace: 151905K(153472K)->151905K(153472K) NonClass: 132374K(133184K)->132374K(133184K) Class: 19531K(20288K)->19531K(20288K)
[2026-10-07T17:50:25.073+0800][171.243s][info][gc          ] GC(152) Pause Young (Normal) (G1 Evacuation Pause) 368M->343M(416M) 5.209ms
[2026-10-07T17:50:25.073+0800][171.243s][info][gc,cpu      ] GC(152) User=0.01s Sys=0.01s Real=0.01s
[2026-10-07T17:50:25.073+0800][171.243s][info][safepoint   ] Safepoint "G1CollectForAllocation", Time since last: 159582000 ns, Reaching safepoint: 293958 ns, At safepoint: 5296584 ns, Total: 5590542 ns
[2026-10-07T17:50:26.206+0800][172.376s][info][safepoint   ] Safepoint "Cleanup", Time since last: 1125079333 ns, Reaching safepoint: 7857750 ns, At safepoint: 72792 ns, Total: 7930542 ns
[2026-10-07T17:50:26.508+0800][172.678s][info][safepoint   ] Safepoint "ICBufferFull", Time since last: 301561375 ns, Reaching safepoint: 207666 ns, At safepoint: 24667 ns, Total: 232333 ns
[2026-10-07T17:50:26.825+0800][172.995s][info][gc,start    ] GC(153) Pause Young (Normal) (G1 Evacuation Pause)
[2026-10-07T17:50:26.825+0800][172.995s][info][gc,task     ] GC(153) Using 9 workers of 9 for evacuation
[2026-10-07T17:50:26.845+0800][173.014s][info][gc,phases   ] GC(153)   Pre Evacuate Collection Set: 0.2ms
[2026-10-07T17:50:26.845+0800][173.014s][info][gc,phases   ] GC(153)   Merge Heap Roots: 1.3ms
[2026-10-07T17:50:26.845+0800][173.014s][info][gc,phases   ] GC(153)   Evacuate Collection Set: 16.9ms
[2026-10-07T17:50:26.845+0800][173.014s][info][gc,phases   ] GC(153)   Post Evacuate Collection Set: 0.8ms
[2026-10-07T17:50:26.845+0800][173.014s][info][gc,phases   ] GC(153)   Other: 0.1ms
[2026-10-07T17:50:26.845+0800][173.014s][info][gc,heap     ] GC(153) Eden regions: 26->0(24)
[2026-10-07T17:50:26.845+0800][173.014s][info][gc,heap     ] GC(153) Survivor regions: 2->3(4)
[2026-10-07T17:50:26.845+0800][173.014s][info][gc,heap     ] GC(153) Old regions: 337->337
[2026-10-07T17:50:26.845+0800][173.014s][info][gc,heap     ] GC(153) Archive regions: 2->2
[2026-10-07T17:50:26.845+0800][173.014s][info][gc,heap     ] GC(153) Humongous regions: 5->5
[2026-10-07T17:50:26.845+0800][173.014s][info][gc,metaspace] GC(153) Metaspace: 152108K(153664K)->152108K(153664K) NonClass: 132539K(133312K)->132539K(133312K) Class: 19569K(20352K)->19569K(20352K)
[2026-10-07T17:50:26.845+0800][173.014s][info][gc          ] GC(153) Pause Young (Normal) (G1 Evacuation Pause) 369M->344M(416M) 19.310ms
[2026-10-07T17:50:26.845+0800][173.014s][info][gc,cpu      ] GC(153) User=0.01s Sys=0.05s Real=0.02s
[2026-10-07T17:50:26.845+0800][173.014s][info][safepoint   ] Safepoint "G1CollectForAllocation", Time since last: 317142792 ns, Reaching safepoint: 66166 ns, At safepoint: 19403959 ns, Total: 19470125 ns
[2026-10-07T17:50:27.862+0800][174.031s][info][safepoint   ] Safepoint "Cleanup", Time since last: 1017140791 ns, Reaching safepoint: 64334 ns, At safepoint: 23791 ns, Total: 88125 ns
[2026-10-07T17:50:28.301+0800][174.471s][info][safepoint   ] Safepoint "ICBufferFull", Time since last: 439159875 ns, Reaching safepoint: 137917 ns, At safepoint: 1083 ns, Total: 139000 ns
[2026-10-07T17:50:29.305+0800][175.475s][info][gc,start    ] GC(154) Pause Young (Normal) (G1 Evacuation Pause)
[2026-10-07T17:50:29.305+0800][175.475s][info][gc,task     ] GC(154) Using 9 workers of 9 for evacuation
[2026-10-07T17:50:29.333+0800][175.503s][info][gc,phases   ] GC(154)   Pre Evacuate Collection Set: 0.2ms
[2026-10-07T17:50:29.333+0800][175.503s][info][gc,phases   ] GC(154)   Merge Heap Roots: 0.2ms
[2026-10-07T17:50:29.333+0800][175.503s][info][gc,phases   ] GC(154)   Evacuate Collection Set: 26.4ms
[2026-10-07T17:50:29.333+0800][175.503s][info][gc,phases   ] GC(154)   Post Evacuate Collection Set: 1.3ms
[2026-10-07T17:50:29.334+0800][175.503s][info][gc,phases   ] GC(154)   Other: 0.2ms
[2026-10-07T17:50:29.334+0800][175.503s][info][gc,heap     ] GC(154) Eden regions: 24->0(24)
[2026-10-07T17:50:29.334+0800][175.503s][info][gc,heap     ] GC(154) Survivor regions: 3->3(4)
[2026-10-07T17:50:29.334+0800][175.503s][info][gc,heap     ] GC(154) Old regions: 337->337
[2026-10-07T17:50:29.334+0800][175.503s][info][gc,heap     ] GC(154) Archive regions: 2->2
[2026-10-07T17:50:29.334+0800][175.503s][info][gc,heap     ] GC(154) Humongous regions: 5->5
[2026-10-07T17:50:29.334+0800][175.503s][info][gc,metaspace] GC(154) Metaspace: 153025K(154688K)->153025K(154688K) NonClass: 133323K(134144K)->133323K(134144K) Class: 19701K(20544K)->19701K(20544K)
[2026-10-07T17:50:29.334+0800][175.503s][info][gc          ] GC(154) Pause Young (Normal) (G1 Evacuation Pause) 368M->345M(416M) 28.766ms
[2026-10-07T17:50:29.334+0800][175.503s][info][gc,cpu      ] GC(154) User=0.02s Sys=0.04s Real=0.03s
[2026-10-07T17:50:29.334+0800][175.503s][info][safepoint   ] Safepoint "G1CollectForAllocation", Time since last: 1003627042 ns, Reaching safepoint: 141917 ns, At safepoint: 28933041 ns, Total: 29074958 ns
[2026-10-07T17:50:30.557+0800][176.726s][info][safepoint   ] Safepoint "Cleanup", Time since last: 1222710167 ns, Reaching safepoint: 354875 ns, At safepoint: 8458 ns, Total: 363333 ns
[2026-10-07T17:50:31.701+0800][177.870s][info][safepoint   ] Safepoint "Cleanup", Time since last: 1143433667 ns, Reaching safepoint: 174833 ns, At safepoint: 2792 ns, Total: 177625 ns
[2026-10-07T17:50:33.716+0800][179.885s][info][gc,start    ] GC(155) Pause Young (Normal) (G1 Evacuation Pause)
[2026-10-07T17:50:33.717+0800][179.886s][info][gc,task     ] GC(155) Using 9 workers of 9 for evacuation
[2026-10-07T17:50:33.829+0800][179.998s][info][gc,phases   ] GC(155)   Pre Evacuate Collection Set: 1.1ms
[2026-10-07T17:50:33.840+0800][180.010s][info][gc,phases   ] GC(155)   Merge Heap Roots: 1.6ms
[2026-10-07T17:50:33.840+0800][180.010s][info][gc,phases   ] GC(155)   Evacuate Collection Set: 107.4ms
[2026-10-07T17:50:33.840+0800][180.010s][info][gc,phases   ] GC(155)   Post Evacuate Collection Set: 1.8ms
[2026-10-07T17:50:33.840+0800][180.010s][info][gc,phases   ] GC(155)   Other: 1.2ms
[2026-10-07T17:50:33.840+0800][180.010s][info][gc,heap     ] GC(155) Eden regions: 24->0(23)
[2026-10-07T17:50:33.840+0800][180.010s][info][gc,heap     ] GC(155) Survivor regions: 3->2(4)
[2026-10-07T17:50:33.840+0800][180.010s][info][gc,heap     ] GC(155) Old regions: 337->339
[2026-10-07T17:50:33.840+0800][180.010s][info][gc,heap     ] GC(155) Archive regions: 2->2
[2026-10-07T17:50:33.840+0800][180.010s][info][gc,heap     ] GC(155) Humongous regions: 5->5
[2026-10-07T17:50:33.840+0800][180.010s][info][gc,metaspace] GC(155) Metaspace: 153739K(155392K)->153739K(155392K) NonClass: 133930K(134720K)->133930K(134720K) Class: 19808K(20672K)->19808K(20672K)
[2026-10-07T17:50:33.840+0800][180.010s][info][gc          ] GC(155) Pause Young (Normal) (G1 Evacuation Pause) 369M->345M(416M) 124.737ms
[2026-10-07T17:50:33.840+0800][180.010s][info][gc,cpu      ] GC(155) User=0.02s Sys=0.04s Real=0.13s
[2026-10-07T17:50:33.840+0800][180.010s][info][safepoint   ] Safepoint "G1CollectForAllocation", Time since last: 2014500875 ns, Reaching safepoint: 566167 ns, At safepoint: 124928333 ns, Total: 125494500 ns
[2026-10-07T17:50:34.200+0800][180.370s][info][safepoint   ] Safepoint "ICBufferFull", Time since last: 358976833 ns, Reaching safepoint: 453417 ns, At safepoint: 136000 ns, Total: 589417 ns
[2026-10-07T17:50:34.549+0800][180.718s][info][safepoint   ] Safepoint "ICBufferFull", Time since last: 348439667 ns, Reaching safepoint: 83041 ns, At safepoint: 6250 ns, Total: 89291 ns
[2026-10-07T17:50:34.552+0800][180.721s][info][gc,start    ] GC(156) Pause Young (Normal) (G1 Evacuation Pause)
[2026-10-07T17:50:34.552+0800][180.721s][info][gc,task     ] GC(156) Using 9 workers of 9 for evacuation
[2026-10-07T17:50:34.581+0800][180.751s][info][gc,phases   ] GC(156)   Pre Evacuate Collection Set: 0.2ms
[2026-10-07T17:50:34.581+0800][180.751s][info][gc,phases   ] GC(156)   Merge Heap Roots: 0.1ms
[2026-10-07T17:50:34.581+0800][180.751s][info][gc,phases   ] GC(156)   Evacuate Collection Set: 27.5ms
[2026-10-07T17:50:34.581+0800][180.751s][info][gc,phases   ] GC(156)   Post Evacuate Collection Set: 1.4ms
[2026-10-07T17:50:34.581+0800][180.751s][info][gc,phases   ] GC(156)   Other: 0.1ms
[2026-10-07T17:50:34.581+0800][180.751s][info][gc,heap     ] GC(156) Eden regions: 23->0(22)
[2026-10-07T17:50:34.581+0800][180.751s][info][gc,heap     ] GC(156) Survivor regions: 2->3(4)
[2026-10-07T17:50:34.581+0800][180.751s][info][gc,heap     ] GC(156) Old regions: 339->339
[2026-10-07T17:50:34.581+0800][180.751s][info][gc,heap     ] GC(156) Archive regions: 2->2
[2026-10-07T17:50:34.581+0800][180.751s][info][gc,heap     ] GC(156) Humongous regions: 5->5
[2026-10-07T17:50:34.581+0800][180.751s][info][gc,metaspace] GC(156) Metaspace: 154073K(155776K)->154073K(155776K) NonClass: 134252K(135104K)->134252K(135104K) Class: 19821K(20672K)->19821K(20672K)
[2026-10-07T17:50:34.581+0800][180.751s][info][gc          ] GC(156) Pause Young (Normal) (G1 Evacuation Pause) 368M->346M(416M) 29.543ms
[2026-10-07T17:50:34.581+0800][180.751s][info][gc,cpu      ] GC(156) User=0.02s Sys=0.02s Real=0.03s
[2026-10-07T17:50:34.582+0800][180.751s][info][safepoint   ] Safepoint "G1CollectForAllocation", Time since last: 3106125 ns, Reaching safepoint: 31375 ns, At safepoint: 29962125 ns, Total: 29993500 ns
[2026-10-07T17:50:35.703+0800][181.873s][info][safepoint   ] Safepoint "Cleanup", Time since last: 1120370334 ns, Reaching safepoint: 1379625 ns, At safepoint: 47750 ns, Total: 1427375 ns
[2026-10-07T17:50:36.759+0800][182.928s][info][safepoint   ] Safepoint "Cleanup", Time since last: 1054889416 ns, Reaching safepoint: 314959 ns, At safepoint: 45708 ns, Total: 360667 ns
[2026-10-07T17:50:37.840+0800][184.009s][info][safepoint   ] Safepoint "Cleanup", Time since last: 1070291625 ns, Reaching safepoint: 10570542 ns, At safepoint: 47750 ns, Total: 10618292 ns
[2026-10-07T17:50:38.508+0800][184.678s][info][gc,start    ] GC(157) Pause Young (Normal) (G1 Evacuation Pause)
[2026-10-07T17:50:38.508+0800][184.678s][info][gc,task     ] GC(157) Using 9 workers of 9 for evacuation
[2026-10-07T17:50:38.688+0800][184.858s][info][gc,phases   ] GC(157)   Pre Evacuate Collection Set: 7.0ms
[2026-10-07T17:50:38.688+0800][184.858s][info][gc,phases   ] GC(157)   Merge Heap Roots: 0.1ms
[2026-10-07T17:50:38.688+0800][184.858s][info][gc,phases   ] GC(157)   Evacuate Collection Set: 172.1ms
[2026-10-07T17:50:38.688+0800][184.858s][info][gc,phases   ] GC(157)   Post Evacuate Collection Set: 0.6ms
[2026-10-07T17:50:38.688+0800][184.858s][info][gc,phases   ] GC(157)   Other: 0.4ms
[2026-10-07T17:50:38.688+0800][184.858s][info][gc,heap     ] GC(157) Eden regions: 22->0(20)
[2026-10-07T17:50:38.688+0800][184.858s][info][gc,heap     ] GC(157) Survivor regions: 3->4(4)
[2026-10-07T17:50:38.688+0800][184.858s][info][gc,heap     ] GC(157) Old regions: 339->339
[2026-10-07T17:50:38.688+0800][184.858s][info][gc,heap     ] GC(157) Archive regions: 2->2
[2026-10-07T17:50:38.688+0800][184.858s][info][gc,heap     ] GC(157) Humongous regions: 5->5
[2026-10-07T17:50:38.688+0800][184.858s][info][gc,metaspace] GC(157) Metaspace: 154215K(155904K)->154215K(155904K) NonClass: 134383K(135232K)->134383K(135232K) Class: 19832K(20672K)->19832K(20672K)
[2026-10-07T17:50:38.688+0800][184.858s][info][gc          ] GC(157) Pause Young (Normal) (G1 Evacuation Pause) 368M->348M(416M) 180.260ms
[2026-10-07T17:50:38.688+0800][184.858s][info][gc,cpu      ] GC(157) User=0.05s Sys=0.03s Real=0.18s
[2026-10-07T17:50:38.688+0800][184.858s][info][safepoint   ] Safepoint "G1CollectForAllocation", Time since last: 668181458 ns, Reaching safepoint: 381750 ns, At safepoint: 180355125 ns, Total: 180736875 ns
[2026-10-07T17:50:46.243+0800][192.413s][info][gc,start    ] GC(158) Pause Young (Normal) (G1 Evacuation Pause)
[2026-10-07T17:50:46.279+0800][192.449s][info][gc,task     ] GC(158) Using 9 workers of 9 for evacuation
[2026-10-07T17:50:46.651+0800][192.821s][info][gc,mmu      ] GC(158) MMU target violated: 201.0ms (200.0ms/201.0ms)
[2026-10-07T17:50:47.121+0800][193.291s][info][gc,phases   ] GC(158)   Pre Evacuate Collection Set: 60.4ms
[2026-10-07T17:50:47.121+0800][193.291s][info][gc,phases   ] GC(158)   Merge Heap Roots: 0.2ms
[2026-10-07T17:50:47.121+0800][193.291s][info][gc,phases   ] GC(158)   Evacuate Collection Set: 309.1ms
[2026-10-07T17:50:47.121+0800][193.291s][info][gc,phases   ] GC(158)   Post Evacuate Collection Set: 2.9ms
[2026-10-07T17:50:47.142+0800][193.312s][info][gc,phases   ] GC(158)   Other: 505.3ms
[2026-10-07T17:50:47.142+0800][193.312s][info][gc,heap     ] GC(158) Eden regions: 20->0(18)
[2026-10-07T17:50:47.142+0800][193.312s][info][gc,heap     ] GC(158) Survivor regions: 4->3(3)
[2026-10-07T17:50:47.142+0800][193.312s][info][gc,heap     ] GC(158) Old regions: 339->342
[2026-10-07T17:50:47.142+0800][193.312s][info][gc,heap     ] GC(158) Archive regions: 2->2
[2026-10-07T17:50:47.142+0800][193.312s][info][gc,heap     ] GC(158) Humongous regions: 5->5
[2026-10-07T17:50:47.142+0800][193.312s][info][gc,metaspace] GC(158) Metaspace: 154215K(155904K)->154215K(155904K) NonClass: 134383K(135232K)->134383K(135232K) Class: 19832K(20672K)->19832K(20672K)
[2026-10-07T17:50:47.168+0800][193.338s][info][gc          ] GC(158) Pause Young (Normal) (G1 Evacuation Pause) 368M->350M(416M) 921.466ms
[2026-10-07T17:50:47.168+0800][193.338s][info][gc,cpu      ] GC(158) User=0.03s Sys=0.03s Real=0.92s
[2026-10-07T17:50:47.172+0800][193.342s][info][safepoint   ] Safepoint "G1CollectForAllocation", Time since last: 7547777083 ns, Reaching safepoint: 6968000 ns, At safepoint: 928884375 ns, Total: 935852375 ns
[2026-10-07T17:50:48.098+0800][194.268s][info][gc,start    ] GC(159) Pause Young (Normal) (G1 Evacuation Pause)
[2026-10-07T17:50:48.098+0800][194.268s][info][gc,task     ] GC(159) Using 9 workers of 9 for evacuation
[2026-10-07T17:50:48.116+0800][194.286s][info][gc,phases   ] GC(159)   Pre Evacuate Collection Set: 1.8ms
[2026-10-07T17:50:48.116+0800][194.286s][info][gc,phases   ] GC(159)   Merge Heap Roots: 0.2ms
[2026-10-07T17:50:48.116+0800][194.286s][info][gc,phases   ] GC(159)   Evacuate Collection Set: 12.3ms
[2026-10-07T17:50:48.116+0800][194.286s][info][gc,phases   ] GC(159)   Post Evacuate Collection Set: 3.0ms
[2026-10-07T17:50:48.116+0800][194.286s][info][gc,phases   ] GC(159)   Other: 0.5ms
[2026-10-07T17:50:48.116+0800][194.286s][info][gc,heap     ] GC(159) Eden regions: 18->0(17)
[2026-10-07T17:50:48.116+0800][194.286s][info][gc,heap     ] GC(159) Survivor regions: 3->3(3)
[2026-10-07T17:50:48.116+0800][194.286s][info][gc,heap     ] GC(159) Old regions: 342->345
[2026-10-07T17:50:48.116+0800][194.286s][info][gc,heap     ] GC(159) Archive regions: 2->2
[2026-10-07T17:50:48.116+0800][194.286s][info][gc,heap     ] GC(159) Humongous regions: 5->5
[2026-10-07T17:50:48.116+0800][194.286s][info][gc,metaspace] GC(159) Metaspace: 154215K(155904K)->154215K(155904K) NonClass: 134383K(135232K)->134383K(135232K) Class: 19832K(20672K)->19832K(20672K)
[2026-10-07T17:50:48.116+0800][194.286s][info][gc          ] GC(159) Pause Young (Normal) (G1 Evacuation Pause) 368M->352M(416M) 17.972ms
[2026-10-07T17:50:48.116+0800][194.286s][info][gc,cpu      ] GC(159) User=0.00s Sys=0.02s Real=0.02s
[2026-10-07T17:50:48.116+0800][194.286s][info][safepoint   ] Safepoint "G1CollectForAllocation", Time since last: 884104375 ns, Reaching safepoint: 42102000 ns, At safepoint: 18135417 ns, Total: 60237417 ns
[2026-10-07T17:50:49.276+0800][195.446s][info][safepoint   ] Safepoint "Cleanup", Time since last: 1147560417 ns, Reaching safepoint: 11873625 ns, At safepoint: 20916 ns, Total: 11894541 ns
[2026-10-07T17:50:49.320+0800][195.490s][info][gc,start    ] GC(160) Pause Young (Normal) (G1 Evacuation Pause)
[2026-10-07T17:50:49.320+0800][195.490s][info][gc,task     ] GC(160) Using 9 workers of 9 for evacuation
[2026-10-07T17:50:49.344+0800][195.514s][info][gc,phases   ] GC(160)   Pre Evacuate Collection Set: 0.2ms
[2026-10-07T17:50:49.344+0800][195.514s][info][gc,phases   ] GC(160)   Merge Heap Roots: 0.2ms
[2026-10-07T17:50:49.344+0800][195.514s][info][gc,phases   ] GC(160)   Evacuate Collection Set: 22.4ms
[2026-10-07T17:50:49.344+0800][195.514s][info][gc,phases   ] GC(160)   Post Evacuate Collection Set: 1.1ms
[2026-10-07T17:50:49.344+0800][195.514s][info][gc,phases   ] GC(160)   Other: 0.3ms
[2026-10-07T17:50:49.344+0800][195.514s][info][gc,heap     ] GC(160) Eden regions: 17->0(18)
[2026-10-07T17:50:49.344+0800][195.514s][info][gc,heap     ] GC(160) Survivor regions: 3->2(3)
[2026-10-07T17:50:49.344+0800][195.514s][info][gc,heap     ] GC(160) Old regions: 345->347
[2026-10-07T17:50:49.344+0800][195.514s][info][gc,heap     ] GC(160) Archive regions: 2->2
[2026-10-07T17:50:49.344+0800][195.514s][info][gc,heap     ] GC(160) Humongous regions: 5->5
[2026-10-07T17:50:49.344+0800][195.514s][info][gc,metaspace] GC(160) Metaspace: 154216K(155904K)->154216K(155904K) NonClass: 134383K(135232K)->134383K(135232K) Class: 19832K(20672K)->19832K(20672K)
[2026-10-07T17:50:49.344+0800][195.514s][info][gc          ] GC(160) Pause Young (Normal) (G1 Evacuation Pause) 369M->354M(416M) 24.199ms
[2026-10-07T17:50:49.344+0800][195.514s][info][gc,cpu      ] GC(160) User=0.01s Sys=0.02s Real=0.02s
[2026-10-07T17:50:49.344+0800][195.514s][info][safepoint   ] Safepoint "G1CollectForAllocation", Time since last: 43893625 ns, Reaching safepoint: 315167 ns, At safepoint: 24407125 ns, Total: 24722292 ns
[2026-10-07T17:50:49.702+0800][195.872s][info][gc,start    ] GC(161) Pause Young (Normal) (G1 Evacuation Pause)
[2026-10-07T17:50:49.702+0800][195.872s][info][gc,task     ] GC(161) Using 9 workers of 9 for evacuation
[2026-10-07T17:50:49.703+0800][195.873s][info][gc,phases   ] GC(161)   Pre Evacuate Collection Set: 0.1ms
[2026-10-07T17:50:49.703+0800][195.873s][info][gc,phases   ] GC(161)   Merge Heap Roots: 0.0ms
[2026-10-07T17:50:49.703+0800][195.873s][info][gc,phases   ] GC(161)   Evacuate Collection Set: 1.0ms
[2026-10-07T17:50:49.703+0800][195.873s][info][gc,phases   ] GC(161)   Post Evacuate Collection Set: 0.2ms
[2026-10-07T17:50:49.703+0800][195.873s][info][gc,phases   ] GC(161)   Other: 0.1ms
[2026-10-07T17:50:49.703+0800][195.873s][info][gc,heap     ] GC(161) Eden regions: 18->0(17)
[2026-10-07T17:50:49.703+0800][195.873s][info][gc,heap     ] GC(161) Survivor regions: 2->3(3)
[2026-10-07T17:50:49.703+0800][195.873s][info][gc,heap     ] GC(161) Old regions: 347->347
[2026-10-07T17:50:49.703+0800][195.873s][info][gc,heap     ] GC(161) Archive regions: 2->2
[2026-10-07T17:50:49.703+0800][195.873s][info][gc,heap     ] GC(161) Humongous regions: 5->5
[2026-10-07T17:50:49.703+0800][195.873s][info][gc,metaspace] GC(161) Metaspace: 154216K(155904K)->154216K(155904K) NonClass: 134384K(135232K)->134384K(135232K) Class: 19832K(20672K)->19832K(20672K)
[2026-10-07T17:50:49.703+0800][195.873s][info][gc          ] GC(161) Pause Young (Normal) (G1 Evacuation Pause) 372M->355M(416M) 1.355ms
[2026-10-07T17:50:49.703+0800][195.873s][info][gc,cpu      ] GC(161) User=0.01s Sys=0.00s Real=0.00s
[2026-10-07T17:50:49.703+0800][195.873s][info][safepoint   ] Safepoint "G1CollectForAllocation", Time since last: 357167792 ns, Reaching safepoint: 300625 ns, At safepoint: 1402458 ns, Total: 1703083 ns
[2026-10-07T17:50:49.892+0800][196.062s][info][gc,start    ] GC(162) Pause Young (Normal) (G1 Evacuation Pause)
[2026-10-07T17:50:49.892+0800][196.062s][info][gc,task     ] GC(162) Using 9 workers of 9 for evacuation
[2026-10-07T17:50:49.899+0800][196.069s][info][gc,phases   ] GC(162)   Pre Evacuate Collection Set: 0.1ms
[2026-10-07T17:50:49.899+0800][196.069s][info][gc,phases   ] GC(162)   Merge Heap Roots: 0.0ms
[2026-10-07T17:50:49.899+0800][196.069s][info][gc,phases   ] GC(162)   Evacuate Collection Set: 6.3ms
[2026-10-07T17:50:49.899+0800][196.069s][info][gc,phases   ] GC(162)   Post Evacuate Collection Set: 0.3ms
[2026-10-07T17:50:49.899+0800][196.069s][info][gc,phases   ] GC(162)   Other: 0.2ms
[2026-10-07T17:50:49.899+0800][196.069s][info][gc,heap     ] GC(162) Eden regions: 17->0(17)
[2026-10-07T17:50:49.899+0800][196.069s][info][gc,heap     ] GC(162) Survivor regions: 3->3(3)
[2026-10-07T17:50:49.899+0800][196.069s][info][gc,heap     ] GC(162) Old regions: 347->348
[2026-10-07T17:50:49.899+0800][196.069s][info][gc,heap     ] GC(162) Archive regions: 2->2
[2026-10-07T17:50:49.899+0800][196.069s][info][gc,heap     ] GC(162) Humongous regions: 5->5
[2026-10-07T17:50:49.899+0800][196.069s][info][gc,metaspace] GC(162) Metaspace: 154222K(155904K)->154222K(155904K) NonClass: 134390K(135232K)->134390K(135232K) Class: 19832K(20672K)->19832K(20672K)
[2026-10-07T17:50:49.899+0800][196.069s][info][gc          ] GC(162) Pause Young (Normal) (G1 Evacuation Pause) 372M->356M(416M) 6.950ms
[2026-10-07T17:50:49.899+0800][196.069s][info][gc,cpu      ] GC(162) User=0.00s Sys=0.00s Real=0.00s
[2026-10-07T17:50:49.899+0800][196.069s][info][safepoint   ] Safepoint "G1CollectForAllocation", Time since last: 188709458 ns, Reaching safepoint: 140667 ns, At safepoint: 7004000 ns, Total: 7144667 ns
[2026-10-07T17:50:50.138+0800][196.308s][info][gc,start    ] GC(163) Pause Young (Normal) (G1 Evacuation Pause)
[2026-10-07T17:50:50.138+0800][196.308s][info][gc,task     ] GC(163) Using 9 workers of 9 for evacuation
[2026-10-07T17:50:50.153+0800][196.323s][info][gc,phases   ] GC(163)   Pre Evacuate Collection Set: 0.1ms
[2026-10-07T17:50:50.153+0800][196.323s][info][gc,phases   ] GC(163)   Merge Heap Roots: 0.1ms
[2026-10-07T17:50:50.153+0800][196.323s][info][gc,phases   ] GC(163)   Evacuate Collection Set: 8.2ms
[2026-10-07T17:50:50.153+0800][196.323s][info][gc,phases   ] GC(163)   Post Evacuate Collection Set: 1.7ms
[2026-10-07T17:50:50.153+0800][196.323s][info][gc,phases   ] GC(163)   Other: 4.7ms
[2026-10-07T17:50:50.153+0800][196.323s][info][gc,heap     ] GC(163) Eden regions: 17->0(17)
[2026-10-07T17:50:50.153+0800][196.323s][info][gc,heap     ] GC(163) Survivor regions: 3->3(3)
[2026-10-07T17:50:50.153+0800][196.323s][info][gc,heap     ] GC(163) Old regions: 348->350
[2026-10-07T17:50:50.153+0800][196.323s][info][gc,heap     ] GC(163) Archive regions: 2->2
[2026-10-07T17:50:50.153+0800][196.323s][info][gc,heap     ] GC(163) Humongous regions: 5->5
[2026-10-07T17:50:50.153+0800][196.323s][info][gc,metaspace] GC(163) Metaspace: 154222K(155904K)->154222K(155904K) NonClass: 134390K(135232K)->134390K(135232K) Class: 19832K(20672K)->19832K(20672K)
[2026-10-07T17:50:50.153+0800][196.323s][info][gc          ] GC(163) Pause Young (Normal) (G1 Evacuation Pause) 373M->357M(416M) 15.025ms
[2026-10-07T17:50:50.153+0800][196.323s][info][gc,cpu      ] GC(163) User=0.01s Sys=0.00s Real=0.02s
[2026-10-07T17:50:50.153+0800][196.323s][info][safepoint   ] Safepoint "G1CollectForAllocation", Time since last: 238690083 ns, Reaching safepoint: 67959 ns, At safepoint: 15199666 ns, Total: 15267625 ns
[2026-10-07T17:50:50.245+0800][196.415s][info][gc,start    ] GC(164) Pause Young (Normal) (G1 Evacuation Pause)
[2026-10-07T17:50:50.245+0800][196.415s][info][gc,task     ] GC(164) Using 9 workers of 9 for evacuation
[2026-10-07T17:50:50.248+0800][196.418s][info][gc,phases   ] GC(164)   Pre Evacuate Collection Set: 0.1ms
[2026-10-07T17:50:50.248+0800][196.418s][info][gc,phases   ] GC(164)   Merge Heap Roots: 0.0ms
[2026-10-07T17:50:50.248+0800][196.418s][info][gc,phases   ] GC(164)   Evacuate Collection Set: 2.0ms
[2026-10-07T17:50:50.248+0800][196.418s][info][gc,phases   ] GC(164)   Post Evacuate Collection Set: 0.2ms
[2026-10-07T17:50:50.248+0800][196.418s][info][gc,phases   ] GC(164)   Other: 0.1ms
[2026-10-07T17:50:50.248+0800][196.418s][info][gc,heap     ] GC(164) Eden regions: 17->0(17)
[2026-10-07T17:50:50.248+0800][196.418s][info][gc,heap     ] GC(164) Survivor regions: 3->3(3)
[2026-10-07T17:50:50.248+0800][196.418s][info][gc,heap     ] GC(164) Old regions: 350->351
[2026-10-07T17:50:50.248+0800][196.418s][info][gc,heap     ] GC(164) Archive regions: 2->2
[2026-10-07T17:50:50.248+0800][196.418s][info][gc,heap     ] GC(164) Humongous regions: 5->5
[2026-10-07T17:50:50.248+0800][196.418s][info][gc,metaspace] GC(164) Metaspace: 154222K(155904K)->154222K(155904K) NonClass: 134390K(135232K)->134390K(135232K) Class: 19832K(20672K)->19832K(20672K)
[2026-10-07T17:50:50.248+0800][196.418s][info][gc          ] GC(164) Pause Young (Normal) (G1 Evacuation Pause) 374M->358M(416M) 2.454ms
[2026-10-07T17:50:50.248+0800][196.418s][info][gc,cpu      ] GC(164) User=0.00s Sys=0.00s Real=0.00s
[2026-10-07T17:50:50.248+0800][196.418s][info][safepoint   ] Safepoint "G1CollectForAllocation", Time since last: 92400917 ns, Reaching safepoint: 32000 ns, At safepoint: 2500042 ns, Total: 2532042 ns
[2026-10-07T17:50:50.288+0800][196.458s][info][gc,start    ] GC(165) Pause Young (Normal) (G1 Evacuation Pause)
[2026-10-07T17:50:50.288+0800][196.458s][info][gc,task     ] GC(165) Using 9 workers of 9 for evacuation
[2026-10-07T17:50:50.292+0800][196.462s][info][gc,phases   ] GC(165)   Pre Evacuate Collection Set: 0.0ms
[2026-10-07T17:50:50.292+0800][196.462s][info][gc,phases   ] GC(165)   Merge Heap Roots: 0.0ms
[2026-10-07T17:50:50.292+0800][196.462s][info][gc,phases   ] GC(165)   Evacuate Collection Set: 3.5ms
[2026-10-07T17:50:50.292+0800][196.462s][info][gc,phases   ] GC(165)   Post Evacuate Collection Set: 0.3ms
[2026-10-07T17:50:50.292+0800][196.462s][info][gc,phases   ] GC(165)   Other: 0.4ms
[2026-10-07T17:50:50.292+0800][196.462s][info][gc,heap     ] GC(165) Eden regions: 17->0(18)
[2026-10-07T17:50:50.292+0800][196.462s][info][gc,heap     ] GC(165) Survivor regions: 3->2(3)
[2026-10-07T17:50:50.292+0800][196.462s][info][gc,heap     ] GC(165) Old regions: 351->352
[2026-10-07T17:50:50.292+0800][196.462s][info][gc,heap     ] GC(165) Archive regions: 2->2
[2026-10-07T17:50:50.292+0800][196.462s][info][gc,heap     ] GC(165) Humongous regions: 5->5
[2026-10-07T17:50:50.292+0800][196.462s][info][gc,metaspace] GC(165) Metaspace: 154241K(155968K)->154241K(155968K) NonClass: 134408K(135296K)->134408K(135296K) Class: 19832K(20672K)->19832K(20672K)
[2026-10-07T17:50:50.292+0800][196.462s][info][gc          ] GC(165) Pause Young (Normal) (G1 Evacuation Pause) 375M->358M(416M) 4.298ms
[2026-10-07T17:50:50.292+0800][196.462s][info][gc,cpu      ] GC(165) User=0.00s Sys=0.00s Real=0.01s
[2026-10-07T17:50:50.292+0800][196.462s][info][safepoint   ] Safepoint "G1CollectForAllocation", Time since last: 39763708 ns, Reaching safepoint: 32042 ns, At safepoint: 4353416 ns, Total: 4385458 ns
[2026-10-07T17:50:52.575+0800][198.745s][info][safepoint   ] Safepoint "Cleanup", Time since last: 2260939042 ns, Reaching safepoint: 21042625 ns, At safepoint: 720417 ns, Total: 21763042 ns
[2026-10-07T17:50:53.478+0800][199.648s][info][gc,start    ] GC(166) Pause Young (Normal) (G1 Evacuation Pause)
[2026-10-07T17:50:53.478+0800][199.648s][info][gc,task     ] GC(166) Using 9 workers of 9 for evacuation
[2026-10-07T17:50:53.483+0800][199.653s][info][gc,phases   ] GC(166)   Pre Evacuate Collection Set: 0.2ms
[2026-10-07T17:50:53.483+0800][199.653s][info][gc,phases   ] GC(166)   Merge Heap Roots: 0.2ms
[2026-10-07T17:50:53.483+0800][199.653s][info][gc,phases   ] GC(166)   Evacuate Collection Set: 3.4ms
[2026-10-07T17:50:53.483+0800][199.653s][info][gc,phases   ] GC(166)   Post Evacuate Collection Set: 1.0ms
[2026-10-07T17:50:53.483+0800][199.653s][info][gc,phases   ] GC(166)   Other: 0.2ms
[2026-10-07T17:50:53.483+0800][199.653s][info][gc,heap     ] GC(166) Eden regions: 18->0(18)
[2026-10-07T17:50:53.483+0800][199.653s][info][gc,heap     ] GC(166) Survivor regions: 2->2(3)
[2026-10-07T17:50:53.483+0800][199.653s][info][gc,heap     ] GC(166) Old regions: 352->352
[2026-10-07T17:50:53.483+0800][199.653s][info][gc,heap     ] GC(166) Archive regions: 2->2
[2026-10-07T17:50:53.483+0800][199.653s][info][gc,heap     ] GC(166) Humongous regions: 5->5
[2026-10-07T17:50:53.483+0800][199.653s][info][gc,metaspace] GC(166) Metaspace: 154248K(155968K)->154248K(155968K) NonClass: 134415K(135296K)->134415K(135296K) Class: 19832K(20672K)->19832K(20672K)
[2026-10-07T17:50:53.483+0800][199.654s][info][gc          ] GC(166) Pause Young (Normal) (G1 Evacuation Pause) 376M->358M(416M) 5.490ms
[2026-10-07T17:50:53.484+0800][199.654s][info][gc,cpu      ] GC(166) User=0.00s Sys=0.01s Real=0.01s
[2026-10-07T17:50:53.484+0800][199.654s][info][safepoint   ] Safepoint "G1CollectForAllocation", Time since last: 903118791 ns, Reaching safepoint: 246375 ns, At safepoint: 5787334 ns, Total: 6033709 ns
[2026-10-07T17:50:54.184+0800][200.354s][info][gc,start    ] GC(167) Pause Young (Normal) (G1 Evacuation Pause)
[2026-10-07T17:50:54.184+0800][200.354s][info][gc,task     ] GC(167) Using 9 workers of 9 for evacuation
[2026-10-07T17:50:54.207+0800][200.377s][info][gc,phases   ] GC(167)   Pre Evacuate Collection Set: 0.3ms
[2026-10-07T17:50:54.207+0800][200.377s][info][gc,phases   ] GC(167)   Merge Heap Roots: 0.2ms
[2026-10-07T17:50:54.207+0800][200.377s][info][gc,phases   ] GC(167)   Evacuate Collection Set: 15.3ms
[2026-10-07T17:50:54.207+0800][200.377s][info][gc,phases   ] GC(167)   Post Evacuate Collection Set: 6.9ms
[2026-10-07T17:50:54.207+0800][200.377s][info][gc,phases   ] GC(167)   Other: 0.5ms
[2026-10-07T17:50:54.207+0800][200.377s][info][gc,heap     ] GC(167) Eden regions: 18->0(18)
[2026-10-07T17:50:54.207+0800][200.377s][info][gc,heap     ] GC(167) Survivor regions: 2->2(3)
[2026-10-07T17:50:54.207+0800][200.377s][info][gc,heap     ] GC(167) Old regions: 352->352
[2026-10-07T17:50:54.207+0800][200.377s][info][gc,heap     ] GC(167) Archive regions: 2->2
[2026-10-07T17:50:54.207+0800][200.377s][info][gc,heap     ] GC(167) Humongous regions: 5->5
[2026-10-07T17:50:54.207+0800][200.377s][info][gc,metaspace] GC(167) Metaspace: 154248K(155968K)->154248K(155968K) NonClass: 134415K(135296K)->134415K(135296K) Class: 19832K(20672K)->19832K(20672K)
[2026-10-07T17:50:54.207+0800][200.377s][info][gc          ] GC(167) Pause Young (Normal) (G1 Evacuation Pause) 376M->359M(416M) 23.228ms
[2026-10-07T17:50:54.207+0800][200.377s][info][gc,cpu      ] GC(167) User=0.01s Sys=0.01s Real=0.02s
[2026-10-07T17:50:54.207+0800][200.377s][info][safepoint   ] Safepoint "G1CollectForAllocation", Time since last: 699454083 ns, Reaching safepoint: 392792 ns, At safepoint: 23828583 ns, Total: 24221375 ns
[2026-10-07T17:50:54.737+0800][200.907s][info][gc,start    ] GC(168) Pause Young (Normal) (G1 Evacuation Pause)
[2026-10-07T17:50:54.738+0800][200.908s][info][gc,task     ] GC(168) Using 9 workers of 9 for evacuation
[2026-10-07T17:50:54.759+0800][200.929s][info][gc,phases   ] GC(168)   Pre Evacuate Collection Set: 0.2ms
[2026-10-07T17:50:54.759+0800][200.929s][info][gc,phases   ] GC(168)   Merge Heap Roots: 0.1ms
[2026-10-07T17:50:54.759+0800][200.929s][info][gc,phases   ] GC(168)   Evacuate Collection Set: 20.2ms
[2026-10-07T17:50:54.759+0800][200.929s][info][gc,phases   ] GC(168)   Post Evacuate Collection Set: 0.4ms
[2026-10-07T17:50:54.759+0800][200.929s][info][gc,phases   ] GC(168)   Other: 0.9ms
[2026-10-07T17:50:54.759+0800][200.929s][info][gc,heap     ] GC(168) Eden regions: 18->0(17)
[2026-10-07T17:50:54.759+0800][200.929s][info][gc,heap     ] GC(168) Survivor regions: 2->3(3)
[2026-10-07T17:50:54.759+0800][200.929s][info][gc,heap     ] GC(168) Old regions: 352->353
[2026-10-07T17:50:54.759+0800][200.929s][info][gc,heap     ] GC(168) Archive regions: 2->2
[2026-10-07T17:50:54.759+0800][200.929s][info][gc,heap     ] GC(168) Humongous regions: 5->5
[2026-10-07T17:50:54.759+0800][200.929s][info][gc,metaspace] GC(168) Metaspace: 154257K(155968K)->154257K(155968K) NonClass: 134424K(135296K)->134424K(135296K) Class: 19833K(20672K)->19833K(20672K)
[2026-10-07T17:50:54.759+0800][200.929s][info][gc          ] GC(168) Pause Young (Normal) (G1 Evacuation Pause) 377M->360M(416M) 21.842ms
[2026-10-07T17:50:54.759+0800][200.929s][info][gc,cpu      ] GC(168) User=0.01s Sys=0.01s Real=0.02s
[2026-10-07T17:50:54.759+0800][200.929s][info][safepoint   ] Safepoint "G1CollectForAllocation", Time since last: 529786625 ns, Reaching safepoint: 179000 ns, At safepoint: 21969958 ns, Total: 22148958 ns
[2026-10-07T17:50:55.069+0800][201.239s][info][gc,start    ] GC(169) Pause Young (Normal) (G1 Evacuation Pause)
[2026-10-07T17:50:55.069+0800][201.239s][info][gc,task     ] GC(169) Using 9 workers of 9 for evacuation
[2026-10-07T17:50:55.074+0800][201.244s][info][gc,phases   ] GC(169)   Pre Evacuate Collection Set: 0.1ms
[2026-10-07T17:50:55.074+0800][201.244s][info][gc,phases   ] GC(169)   Merge Heap Roots: 0.0ms
[2026-10-07T17:50:55.074+0800][201.244s][info][gc,phases   ] GC(169)   Evacuate Collection Set: 4.3ms
[2026-10-07T17:50:55.074+0800][201.244s][info][gc,phases   ] GC(169)   Post Evacuate Collection Set: 0.2ms
[2026-10-07T17:50:55.074+0800][201.244s][info][gc,phases   ] GC(169)   Other: 0.3ms
[2026-10-07T17:50:55.074+0800][201.244s][info][gc,heap     ] GC(169) Eden regions: 17->0(17)
[2026-10-07T17:50:55.074+0800][201.244s][info][gc,heap     ] GC(169) Survivor regions: 3->3(3)
[2026-10-07T17:50:55.074+0800][201.244s][info][gc,heap     ] GC(169) Old regions: 353->354
[2026-10-07T17:50:55.074+0800][201.244s][info][gc,heap     ] GC(169) Archive regions: 2->2
[2026-10-07T17:50:55.074+0800][201.244s][info][gc,heap     ] GC(169) Humongous regions: 5->5
[2026-10-07T17:50:55.074+0800][201.244s][info][gc,metaspace] GC(169) Metaspace: 154279K(155968K)->154279K(155968K) NonClass: 134446K(135296K)->134446K(135296K) Class: 19833K(20672K)->19833K(20672K)
[2026-10-07T17:50:55.074+0800][201.244s][info][gc          ] GC(169) Pause Young (Normal) (G1 Evacuation Pause) 377M->362M(416M) 4.957ms
[2026-10-07T17:50:55.074+0800][201.244s][info][gc,cpu      ] GC(169) User=0.02s Sys=0.00s Real=0.01s
[2026-10-07T17:50:55.074+0800][201.244s][info][safepoint   ] Safepoint "G1CollectForAllocation", Time since last: 309335042 ns, Reaching safepoint: 48583 ns, At safepoint: 5047875 ns, Total: 5096458 ns
[2026-10-07T17:50:55.247+0800][201.417s][info][gc,start    ] GC(170) Pause Young (Normal) (G1 Evacuation Pause)
[2026-10-07T17:50:55.248+0800][201.418s][info][gc,task     ] GC(170) Using 9 workers of 9 for evacuation
[2026-10-07T17:50:55.259+0800][201.429s][info][gc,phases   ] GC(170)   Pre Evacuate Collection Set: 0.1ms
[2026-10-07T17:50:55.259+0800][201.429s][info][gc,phases   ] GC(170)   Merge Heap Roots: 0.1ms
[2026-10-07T17:50:55.259+0800][201.429s][info][gc,phases   ] GC(170)   Evacuate Collection Set: 10.0ms
[2026-10-07T17:50:55.259+0800][201.429s][info][gc,phases   ] GC(170)   Post Evacuate Collection Set: 0.3ms
[2026-10-07T17:50:55.259+0800][201.429s][info][gc,phases   ] GC(170)   Other: 1.3ms
[2026-10-07T17:50:55.259+0800][201.429s][info][gc,heap     ] GC(170) Eden regions: 17->0(18)
[2026-10-07T17:50:55.259+0800][201.429s][info][gc,heap     ] GC(170) Survivor regions: 3->2(3)
[2026-10-07T17:50:55.259+0800][201.429s][info][gc,heap     ] GC(170) Old regions: 354->356
[2026-10-07T17:50:55.259+0800][201.429s][info][gc,heap     ] GC(170) Archive regions: 2->2
[2026-10-07T17:50:55.259+0800][201.429s][info][gc,heap     ] GC(170) Humongous regions: 5->5
[2026-10-07T17:50:55.259+0800][201.429s][info][gc,metaspace] GC(170) Metaspace: 154280K(155968K)->154280K(155968K) NonClass: 134446K(135296K)->134446K(135296K) Class: 19833K(20672K)->19833K(20672K)
[2026-10-07T17:50:55.259+0800][201.429s][info][gc          ] GC(170) Pause Young (Normal) (G1 Evacuation Pause) 379M->363M(416M) 11.812ms
[2026-10-07T17:50:55.259+0800][201.429s][info][gc,cpu      ] GC(170) User=0.02s Sys=0.01s Real=0.01s
[2026-10-07T17:50:55.259+0800][201.429s][info][safepoint   ] Safepoint "G1CollectForAllocation", Time since last: 173130292 ns, Reaching safepoint: 274167 ns, At safepoint: 11903791 ns, Total: 12177958 ns
[2026-10-07T17:50:55.704+0800][201.874s][info][gc,start    ] GC(171) Pause Young (Normal) (G1 Evacuation Pause)
[2026-10-07T17:50:55.704+0800][201.874s][info][gc,task     ] GC(171) Using 9 workers of 9 for evacuation
[2026-10-07T17:50:55.708+0800][201.878s][info][gc,phases   ] GC(171)   Pre Evacuate Collection Set: 0.1ms
[2026-10-07T17:50:55.708+0800][201.878s][info][gc,phases   ] GC(171)   Merge Heap Roots: 0.1ms
[2026-10-07T17:50:55.708+0800][201.878s][info][gc,phases   ] GC(171)   Evacuate Collection Set: 3.0ms
[2026-10-07T17:50:55.708+0800][201.878s][info][gc,phases   ] GC(171)   Post Evacuate Collection Set: 0.4ms
[2026-10-07T17:50:55.708+0800][201.878s][info][gc,phases   ] GC(171)   Other: 0.1ms
[2026-10-07T17:50:55.708+0800][201.878s][info][gc,heap     ] GC(171) Eden regions: 18->0(18)
[2026-10-07T17:50:55.708+0800][201.878s][info][gc,heap     ] GC(171) Survivor regions: 2->2(3)
[2026-10-07T17:50:55.708+0800][201.878s][info][gc,heap     ] GC(171) Old regions: 356->356
[2026-10-07T17:50:55.708+0800][201.878s][info][gc,heap     ] GC(171) Archive regions: 2->2
[2026-10-07T17:50:55.708+0800][201.878s][info][gc,heap     ] GC(171) Humongous regions: 5->5
[2026-10-07T17:50:55.708+0800][201.878s][info][gc,metaspace] GC(171) Metaspace: 154280K(155968K)->154280K(155968K) NonClass: 134446K(135296K)->134446K(135296K) Class: 19833K(20672K)->19833K(20672K)
[2026-10-07T17:50:55.708+0800][201.878s][info][gc          ] GC(171) Pause Young (Normal) (G1 Evacuation Pause) 381M->363M(416M) 3.977ms
[2026-10-07T17:50:55.708+0800][201.878s][info][gc,cpu      ] GC(171) User=0.00s Sys=0.01s Real=0.00s
[2026-10-07T17:50:55.708+0800][201.878s][info][safepoint   ] Safepoint "G1CollectForAllocation", Time since last: 444635417 ns, Reaching safepoint: 111292 ns, At safepoint: 4078708 ns, Total: 4190000 ns
[2026-10-07T17:50:55.983+0800][202.153s][info][gc,start    ] GC(172) Pause Young (Normal) (G1 Evacuation Pause)
[2026-10-07T17:50:55.983+0800][202.153s][info][gc,task     ] GC(172) Using 9 workers of 9 for evacuation
[2026-10-07T17:50:55.993+0800][202.163s][info][gc,phases   ] GC(172)   Pre Evacuate Collection Set: 0.2ms
[2026-10-07T17:50:55.993+0800][202.163s][info][gc,phases   ] GC(172)   Merge Heap Roots: 0.1ms
[2026-10-07T17:50:55.993+0800][202.163s][info][gc,phases   ] GC(172)   Evacuate Collection Set: 8.8ms
[2026-10-07T17:50:55.993+0800][202.163s][info][gc,phases   ] GC(172)   Post Evacuate Collection Set: 0.7ms
[2026-10-07T17:50:55.993+0800][202.163s][info][gc,phases   ] GC(172)   Other: 0.5ms
[2026-10-07T17:50:55.993+0800][202.163s][info][gc,heap     ] GC(172) Eden regions: 18->0(18)
[2026-10-07T17:50:55.993+0800][202.164s][info][gc,heap     ] GC(172) Survivor regions: 2->2(3)
[2026-10-07T17:50:55.993+0800][202.164s][info][gc,heap     ] GC(172) Old regions: 356->357
[2026-10-07T17:50:55.993+0800][202.164s][info][gc,heap     ] GC(172) Archive regions: 2->2
[2026-10-07T17:50:55.993+0800][202.164s][info][gc,heap     ] GC(172) Humongous regions: 5->5
[2026-10-07T17:50:55.993+0800][202.164s][info][gc,metaspace] GC(172) Metaspace: 154281K(155968K)->154281K(155968K) NonClass: 134447K(135296K)->134447K(135296K) Class: 19833K(20672K)->19833K(20672K)
[2026-10-07T17:50:55.993+0800][202.164s][info][gc          ] GC(172) Pause Young (Normal) (G1 Evacuation Pause) 381M->364M(416M) 10.359ms
[2026-10-07T17:50:55.993+0800][202.164s][info][gc,cpu      ] GC(172) User=0.01s Sys=0.01s Real=0.01s
[2026-10-07T17:50:55.993+0800][202.164s][info][safepoint   ] Safepoint "G1CollectForAllocation", Time since last: 274938125 ns, Reaching safepoint: 208292 ns, At safepoint: 10423875 ns, Total: 10632167 ns
[2026-10-07T17:50:56.044+0800][202.214s][info][gc,start    ] GC(173) Pause Young (Normal) (G1 Evacuation Pause)
[2026-10-07T17:50:56.044+0800][202.214s][info][gc,task     ] GC(173) Using 9 workers of 9 for evacuation
[2026-10-07T17:50:56.046+0800][202.216s][info][gc,phases   ] GC(173)   Pre Evacuate Collection Set: 0.0ms
[2026-10-07T17:50:56.046+0800][202.216s][info][gc,phases   ] GC(173)   Merge Heap Roots: 0.4ms
[2026-10-07T17:50:56.046+0800][202.216s][info][gc,phases   ] GC(173)   Evacuate Collection Set: 1.2ms
[2026-10-07T17:50:56.046+0800][202.216s][info][gc,phases   ] GC(173)   Post Evacuate Collection Set: 0.3ms
[2026-10-07T17:50:56.046+0800][202.216s][info][gc,phases   ] GC(173)   Other: 0.1ms
[2026-10-07T17:50:56.046+0800][202.216s][info][gc,heap     ] GC(173) Eden regions: 18->0(18)
[2026-10-07T17:50:56.046+0800][202.216s][info][gc,heap     ] GC(173) Survivor regions: 2->2(3)
[2026-10-07T17:50:56.046+0800][202.216s][info][gc,heap     ] GC(173) Old regions: 357->357
[2026-10-07T17:50:56.046+0800][202.216s][info][gc,heap     ] GC(173) Archive regions: 2->2
[2026-10-07T17:50:56.046+0800][202.216s][info][gc,heap     ] GC(173) Humongous regions: 5->5
[2026-10-07T17:50:56.046+0800][202.216s][info][gc,metaspace] GC(173) Metaspace: 154281K(155968K)->154281K(155968K) NonClass: 134447K(135296K)->134447K(135296K) Class: 19833K(20672K)->19833K(20672K)
[2026-10-07T17:50:56.046+0800][202.216s][info][gc          ] GC(173) Pause Young (Normal) (G1 Evacuation Pause) 382M->364M(416M) 2.069ms
[2026-10-07T17:50:56.046+0800][202.216s][info][gc,cpu      ] GC(173) User=0.00s Sys=0.00s Real=0.00s
[2026-10-07T17:50:56.046+0800][202.216s][info][safepoint   ] Safepoint "G1CollectForAllocation", Time since last: 50244583 ns, Reaching safepoint: 131833 ns, At safepoint: 2195584 ns, Total: 2327417 ns
[2026-10-07T17:50:56.084+0800][202.254s][info][gc,start    ] GC(174) Pause Young (Normal) (G1 Evacuation Pause)
[2026-10-07T17:50:56.084+0800][202.254s][info][gc,task     ] GC(174) Using 9 workers of 9 for evacuation
[2026-10-07T17:50:56.087+0800][202.257s][info][gc,phases   ] GC(174)   Pre Evacuate Collection Set: 0.1ms
[2026-10-07T17:50:56.087+0800][202.258s][info][gc,phases   ] GC(174)   Merge Heap Roots: 0.0ms
[2026-10-07T17:50:56.087+0800][202.258s][info][gc,phases   ] GC(174)   Evacuate Collection Set: 3.1ms
[2026-10-07T17:50:56.087+0800][202.258s][info][gc,phases   ] GC(174)   Post Evacuate Collection Set: 0.2ms
[2026-10-07T17:50:56.087+0800][202.258s][info][gc,phases   ] GC(174)   Other: 0.1ms
[2026-10-07T17:50:56.087+0800][202.258s][info][gc,heap     ] GC(174) Eden regions: 18->0(18)
[2026-10-07T17:50:56.087+0800][202.258s][info][gc,heap     ] GC(174) Survivor regions: 2->2(3)
[2026-10-07T17:50:56.087+0800][202.258s][info][gc,heap     ] GC(174) Old regions: 357->358
[2026-10-07T17:50:56.087+0800][202.258s][info][gc,heap     ] GC(174) Archive regions: 2->2
[2026-10-07T17:50:56.087+0800][202.258s][info][gc,heap     ] GC(174) Humongous regions: 5->5
[2026-10-07T17:50:56.087+0800][202.258s][info][gc,metaspace] GC(174) Metaspace: 154281K(155968K)->154281K(155968K) NonClass: 134447K(135296K)->134447K(135296K) Class: 19833K(20672K)->19833K(20672K)
[2026-10-07T17:50:56.087+0800][202.258s][info][gc          ] GC(174) Pause Young (Normal) (G1 Evacuation Pause) 382M->365M(416M) 3.546ms
[2026-10-07T17:50:56.087+0800][202.258s][info][gc,cpu      ] GC(174) User=0.01s Sys=0.00s Real=0.00s
[2026-10-07T17:50:56.087+0800][202.258s][info][safepoint   ] Safepoint "G1CollectForAllocation", Time since last: 37724958 ns, Reaching safepoint: 142583 ns, At safepoint: 3599834 ns, Total: 3742417 ns
[2026-10-07T17:50:56.114+0800][202.284s][info][gc,start    ] GC(175) Pause Young (Normal) (G1 Evacuation Pause)
[2026-10-07T17:50:56.114+0800][202.284s][info][gc,task     ] GC(175) Using 9 workers of 9 for evacuation
[2026-10-07T17:50:56.115+0800][202.285s][info][gc,phases   ] GC(175)   Pre Evacuate Collection Set: 0.0ms
[2026-10-07T17:50:56.115+0800][202.285s][info][gc,phases   ] GC(175)   Merge Heap Roots: 0.0ms
[2026-10-07T17:50:56.115+0800][202.285s][info][gc,phases   ] GC(175)   Evacuate Collection Set: 0.6ms
[2026-10-07T17:50:56.115+0800][202.285s][info][gc,phases   ] GC(175)   Post Evacuate Collection Set: 0.2ms
[2026-10-07T17:50:56.115+0800][202.285s][info][gc,phases   ] GC(175)   Other: 0.1ms
[2026-10-07T17:50:56.115+0800][202.285s][info][gc,heap     ] GC(175) Eden regions: 18->0(17)
[2026-10-07T17:50:56.115+0800][202.285s][info][gc,heap     ] GC(175) Survivor regions: 2->3(3)
[2026-10-07T17:50:56.115+0800][202.285s][info][gc,heap     ] GC(175) Old regions: 358->358
[2026-10-07T17:50:56.115+0800][202.285s][info][gc,heap     ] GC(175) Archive regions: 2->2
[2026-10-07T17:50:56.115+0800][202.285s][info][gc,heap     ] GC(175) Humongous regions: 5->5
[2026-10-07T17:50:56.115+0800][202.285s][info][gc,metaspace] GC(175) Metaspace: 154297K(155968K)->154297K(155968K) NonClass: 134463K(135296K)->134463K(135296K) Class: 19833K(20672K)->19833K(20672K)
[2026-10-07T17:50:56.115+0800][202.285s][info][gc          ] GC(175) Pause Young (Normal) (G1 Evacuation Pause) 383M->365M(416M) 0.936ms
[2026-10-07T17:50:56.115+0800][202.285s][info][gc,cpu      ] GC(175) User=0.01s Sys=0.00s Real=0.00s
[2026-10-07T17:50:56.115+0800][202.285s][info][safepoint   ] Safepoint "G1CollectForAllocation", Time since last: 26224208 ns, Reaching safepoint: 147250 ns, At safepoint: 985000 ns, Total: 1132250 ns
[2026-10-07T17:50:56.193+0800][202.363s][info][gc,start    ] GC(176) Pause Young (Normal) (G1 Evacuation Pause)
[2026-10-07T17:50:56.193+0800][202.363s][info][gc,task     ] GC(176) Using 9 workers of 9 for evacuation
[2026-10-07T17:50:56.198+0800][202.368s][info][gc,phases   ] GC(176)   Pre Evacuate Collection Set: 0.0ms
[2026-10-07T17:50:56.198+0800][202.368s][info][gc,phases   ] GC(176)   Merge Heap Roots: 0.0ms
[2026-10-07T17:50:56.198+0800][202.368s][info][gc,phases   ] GC(176)   Evacuate Collection Set: 3.5ms
[2026-10-07T17:50:56.198+0800][202.368s][info][gc,phases   ] GC(176)   Post Evacuate Collection Set: 1.4ms
[2026-10-07T17:50:56.198+0800][202.368s][info][gc,phases   ] GC(176)   Other: 0.1ms
[2026-10-07T17:50:56.198+0800][202.368s][info][gc,heap     ] GC(176) Eden regions: 17->0(17)
[2026-10-07T17:50:56.198+0800][202.368s][info][gc,heap     ] GC(176) Survivor regions: 3->3(3)
[2026-10-07T17:50:56.198+0800][202.368s][info][gc,heap     ] GC(176) Old regions: 358->359
[2026-10-07T17:50:56.198+0800][202.368s][info][gc,heap     ] GC(176) Archive regions: 2->2
[2026-10-07T17:50:56.198+0800][202.368s][info][gc,heap     ] GC(176) Humongous regions: 5->5
[2026-10-07T17:50:56.198+0800][202.368s][info][gc,metaspace] GC(176) Metaspace: 154297K(155968K)->154297K(155968K) NonClass: 134463K(135296K)->134463K(135296K) Class: 19833K(20672K)->19833K(20672K)
[2026-10-07T17:50:56.198+0800][202.368s][info][gc          ] GC(176) Pause Young (Normal) (G1 Evacuation Pause) 382M->366M(416M) 5.185ms
[2026-10-07T17:50:56.198+0800][202.368s][info][gc,cpu      ] GC(176) User=0.00s Sys=0.01s Real=0.00s
[2026-10-07T17:50:56.198+0800][202.368s][info][safepoint   ] Safepoint "G1CollectForAllocation", Time since last: 77932542 ns, Reaching safepoint: 37416 ns, At safepoint: 5389084 ns, Total: 5426500 ns
[2026-10-07T17:50:56.219+0800][202.389s][info][gc,start    ] GC(177) Pause Young (Normal) (G1 Evacuation Pause)
[2026-10-07T17:50:56.219+0800][202.389s][info][gc,task     ] GC(177) Using 9 workers of 9 for evacuation
[2026-10-07T17:50:56.222+0800][202.392s][info][gc,phases   ] GC(177)   Pre Evacuate Collection Set: 0.1ms
[2026-10-07T17:50:56.222+0800][202.392s][info][gc,phases   ] GC(177)   Merge Heap Roots: 0.0ms
[2026-10-07T17:50:56.222+0800][202.392s][info][gc,phases   ] GC(177)   Evacuate Collection Set: 2.5ms
[2026-10-07T17:50:56.222+0800][202.392s][info][gc,phases   ] GC(177)   Post Evacuate Collection Set: 0.2ms
[2026-10-07T17:50:56.222+0800][202.392s][info][gc,phases   ] GC(177)   Other: 0.1ms
[2026-10-07T17:50:56.222+0800][202.392s][info][gc,heap     ] GC(177) Eden regions: 17->0(18)
[2026-10-07T17:50:56.222+0800][202.392s][info][gc,heap     ] GC(177) Survivor regions: 3->2(3)
[2026-10-07T17:50:56.222+0800][202.392s][info][gc,heap     ] GC(177) Old regions: 359->360
[2026-10-07T17:50:56.222+0800][202.392s][info][gc,heap     ] GC(177) Archive regions: 2->2
[2026-10-07T17:50:56.222+0800][202.392s][info][gc,heap     ] GC(177) Humongous regions: 5->5
[2026-10-07T17:50:56.222+0800][202.392s][info][gc,metaspace] GC(177) Metaspace: 154345K(155968K)->154345K(155968K) NonClass: 134512K(135296K)->134512K(135296K) Class: 19833K(20672K)->19833K(20672K)
[2026-10-07T17:50:56.222+0800][202.392s][info][gc          ] GC(177) Pause Young (Normal) (G1 Evacuation Pause) 383M->366M(416M) 2.999ms
[2026-10-07T17:50:56.222+0800][202.392s][info][gc,cpu      ] GC(177) User=0.00s Sys=0.01s Real=0.01s
[2026-10-07T17:50:56.222+0800][202.392s][info][safepoint   ] Safepoint "G1CollectForAllocation", Time since last: 20856291 ns, Reaching safepoint: 34000 ns, At safepoint: 3047125 ns, Total: 3081125 ns
[2026-10-07T17:50:56.249+0800][202.419s][info][gc,start    ] GC(178) Pause Young (Normal) (G1 Evacuation Pause)
[2026-10-07T17:50:56.249+0800][202.419s][info][gc,task     ] GC(178) Using 9 workers of 9 for evacuation
[2026-10-07T17:50:56.250+0800][202.420s][info][gc,phases   ] GC(178)   Pre Evacuate Collection Set: 0.0ms
[2026-10-07T17:50:56.250+0800][202.420s][info][gc,phases   ] GC(178)   Merge Heap Roots: 0.0ms
[2026-10-07T17:50:56.250+0800][202.420s][info][gc,phases   ] GC(178)   Evacuate Collection Set: 0.8ms
[2026-10-07T17:50:56.250+0800][202.420s][info][gc,phases   ] GC(178)   Post Evacuate Collection Set: 0.2ms
[2026-10-07T17:50:56.250+0800][202.420s][info][gc,phases   ] GC(178)   Other: 0.1ms
[2026-10-07T17:50:56.250+0800][202.420s][info][gc,heap     ] GC(178) Eden regions: 18->0(18)
[2026-10-07T17:50:56.250+0800][202.420s][info][gc,heap     ] GC(178) Survivor regions: 2->2(3)
[2026-10-07T17:50:56.250+0800][202.420s][info][gc,heap     ] GC(178) Old regions: 360->360
[2026-10-07T17:50:56.250+0800][202.420s][info][gc,heap     ] GC(178) Archive regions: 2->2
[2026-10-07T17:50:56.250+0800][202.420s][info][gc,heap     ] GC(178) Humongous regions: 5->5
[2026-10-07T17:50:56.250+0800][202.420s][info][gc,metaspace] GC(178) Metaspace: 154444K(156096K)->154444K(156096K) NonClass: 134611K(135424K)->134611K(135424K) Class: 19833K(20672K)->19833K(20672K)
[2026-10-07T17:50:56.250+0800][202.420s][info][gc          ] GC(178) Pause Young (Normal) (G1 Evacuation Pause) 384M->366M(416M) 1.157ms
[2026-10-07T17:50:56.250+0800][202.420s][info][gc,cpu      ] GC(178) User=0.00s Sys=0.00s Real=0.01s
[2026-10-07T17:50:56.250+0800][202.420s][info][safepoint   ] Safepoint "G1CollectForAllocation", Time since last: 26947084 ns, Reaching safepoint: 49750 ns, At safepoint: 1206250 ns, Total: 1256000 ns
[2026-10-07T17:50:56.296+0800][202.467s][info][gc,start    ] GC(179) Pause Young (Concurrent Start) (G1 Evacuation Pause)
[2026-10-07T17:50:56.296+0800][202.467s][info][gc,task     ] GC(179) Using 9 workers of 9 for evacuation
[2026-10-07T17:50:56.302+0800][202.472s][info][gc,phases   ] GC(179)   Pre Evacuate Collection Set: 0.2ms
[2026-10-07T17:50:56.302+0800][202.472s][info][gc,phases   ] GC(179)   Merge Heap Roots: 0.0ms
[2026-10-07T17:50:56.302+0800][202.472s][info][gc,phases   ] GC(179)   Evacuate Collection Set: 4.6ms
[2026-10-07T17:50:56.302+0800][202.472s][info][gc,phases   ] GC(179)   Post Evacuate Collection Set: 0.4ms
[2026-10-07T17:50:56.302+0800][202.472s][info][gc,phases   ] GC(179)   Other: 0.2ms
[2026-10-07T17:50:56.302+0800][202.472s][info][gc,heap     ] GC(179) Eden regions: 18->0(18)
[2026-10-07T17:50:56.302+0800][202.472s][info][gc,heap     ] GC(179) Survivor regions: 2->2(3)
[2026-10-07T17:50:56.302+0800][202.472s][info][gc,heap     ] GC(179) Old regions: 360->360
[2026-10-07T17:50:56.302+0800][202.472s][info][gc,heap     ] GC(179) Archive regions: 2->2
[2026-10-07T17:50:56.302+0800][202.472s][info][gc,heap     ] GC(179) Humongous regions: 5->5
[2026-10-07T17:50:56.302+0800][202.472s][info][gc,metaspace] GC(179) Metaspace: 154446K(156096K)->154446K(156096K) NonClass: 134612K(135424K)->134612K(135424K) Class: 19833K(20672K)->19833K(20672K)
[2026-10-07T17:50:56.302+0800][202.472s][info][gc          ] GC(179) Pause Young (Concurrent Start) (G1 Evacuation Pause) 384M->366M(416M) 5.524ms
[2026-10-07T17:50:56.302+0800][202.472s][info][gc,cpu      ] GC(179) User=0.01s Sys=0.00s Real=0.01s
[2026-10-07T17:50:56.302+0800][202.472s][info][gc          ] GC(180) Concurrent Mark Cycle
[2026-10-07T17:50:56.302+0800][202.472s][info][gc,marking  ] GC(180) Concurrent Clear Claimed Marks
[2026-10-07T17:50:56.302+0800][202.472s][info][safepoint   ] Safepoint "G1CollectForAllocation", Time since last: 45994625 ns, Reaching safepoint: 62208 ns, At safepoint: 5652542 ns, Total: 5714750 ns
[2026-10-07T17:50:56.302+0800][202.472s][info][gc,marking  ] GC(180) Concurrent Clear Claimed Marks 0.086ms
[2026-10-07T17:50:56.302+0800][202.472s][info][gc,marking  ] GC(180) Concurrent Scan Root Regions
[2026-10-07T17:50:56.328+0800][202.498s][info][gc,marking  ] GC(180) Concurrent Scan Root Regions 25.932ms
[2026-10-07T17:50:56.328+0800][202.498s][info][gc,marking  ] GC(180) Concurrent Mark
[2026-10-07T17:50:56.328+0800][202.498s][info][gc,marking  ] GC(180) Concurrent Mark From Roots
[2026-10-07T17:50:56.328+0800][202.498s][info][gc,task     ] GC(180) Using 2 workers of 2 for marking
[2026-10-07T17:50:56.379+0800][202.549s][info][gc,start    ] GC(181) Pause Young (Normal) (G1 Evacuation Pause)
[2026-10-07T17:50:56.379+0800][202.549s][info][gc,task     ] GC(181) Using 9 workers of 9 for evacuation
[2026-10-07T17:50:56.446+0800][202.616s][info][gc,phases   ] GC(181)   Pre Evacuate Collection Set: 0.1ms
[2026-10-07T17:50:56.446+0800][202.616s][info][gc,phases   ] GC(181)   Merge Heap Roots: 0.1ms
[2026-10-07T17:50:56.446+0800][202.616s][info][gc,phases   ] GC(181)   Evacuate Collection Set: 46.3ms
[2026-10-07T17:50:56.446+0800][202.616s][info][gc,phases   ] GC(181)   Post Evacuate Collection Set: 1.9ms
[2026-10-07T17:50:56.446+0800][202.616s][info][gc,phases   ] GC(181)   Other: 18.5ms
[2026-10-07T17:50:56.446+0800][202.616s][info][gc,heap     ] GC(181) Eden regions: 18->0(18)
[2026-10-07T17:50:56.446+0800][202.616s][info][gc,heap     ] GC(181) Survivor regions: 2->2(3)
[2026-10-07T17:50:56.446+0800][202.616s][info][gc,heap     ] GC(181) Old regions: 360->360
[2026-10-07T17:50:56.446+0800][202.616s][info][gc,heap     ] GC(181) Archive regions: 2->2
[2026-10-07T17:50:56.446+0800][202.616s][info][gc,heap     ] GC(181) Humongous regions: 5->5
[2026-10-07T17:50:56.446+0800][202.616s][info][gc,metaspace] GC(181) Metaspace: 154447K(156096K)->154447K(156096K) NonClass: 134613K(135424K)->134613K(135424K) Class: 19833K(20672K)->19833K(20672K)
[2026-10-07T17:50:56.446+0800][202.616s][info][gc          ] GC(181) Pause Young (Normal) (G1 Evacuation Pause) 384M->367M(416M) 66.944ms
[2026-10-07T17:50:56.446+0800][202.616s][info][gc,cpu      ] GC(181) User=0.01s Sys=0.01s Real=0.07s
[2026-10-07T17:50:56.446+0800][202.616s][info][safepoint   ] Safepoint "G1CollectForAllocation", Time since last: 73433208 ns, Reaching safepoint: 3330083 ns, At safepoint: 67517834 ns, Total: 70847917 ns
[2026-10-07T17:50:56.516+0800][202.686s][info][gc,start    ] GC(182) Pause Young (Normal) (G1 Evacuation Pause)
[2026-10-07T17:50:56.516+0800][202.686s][info][gc,task     ] GC(182) Using 9 workers of 9 for evacuation
[2026-10-07T17:50:56.523+0800][202.694s][info][gc,phases   ] GC(182)   Pre Evacuate Collection Set: 0.2ms
[2026-10-07T17:50:56.524+0800][202.694s][info][gc,phases   ] GC(182)   Merge Heap Roots: 0.1ms
[2026-10-07T17:50:56.524+0800][202.694s][info][gc,phases   ] GC(182)   Evacuate Collection Set: 7.1ms
[2026-10-07T17:50:56.524+0800][202.694s][info][gc,phases   ] GC(182)   Post Evacuate Collection Set: 0.4ms
[2026-10-07T17:50:56.524+0800][202.694s][info][gc,phases   ] GC(182)   Other: 0.2ms
[2026-10-07T17:50:56.524+0800][202.694s][info][gc,heap     ] GC(182) Eden regions: 18->0(18)
[2026-10-07T17:50:56.524+0800][202.694s][info][gc,heap     ] GC(182) Survivor regions: 2->2(3)
[2026-10-07T17:50:56.524+0800][202.694s][info][gc,heap     ] GC(182) Old regions: 360->361
[2026-10-07T17:50:56.524+0800][202.694s][info][gc,heap     ] GC(182) Archive regions: 2->2
[2026-10-07T17:50:56.524+0800][202.694s][info][gc,heap     ] GC(182) Humongous regions: 5->5
[2026-10-07T17:50:56.524+0800][202.694s][info][gc,metaspace] GC(182) Metaspace: 154447K(156096K)->154447K(156096K) NonClass: 134613K(135424K)->134613K(135424K) Class: 19833K(20672K)->19833K(20672K)
[2026-10-07T17:50:56.524+0800][202.694s][info][gc          ] GC(182) Pause Young (Normal) (G1 Evacuation Pause) 385M->368M(416M) 7.991ms
[2026-10-07T17:50:56.524+0800][202.694s][info][gc,cpu      ] GC(182) User=0.01s Sys=0.01s Real=0.01s
[2026-10-07T17:50:56.524+0800][202.694s][info][safepoint   ] Safepoint "G1CollectForAllocation", Time since last: 68968916 ns, Reaching safepoint: 272375 ns, At safepoint: 8051542 ns, Total: 8323917 ns
[2026-10-07T17:50:56.596+0800][202.766s][info][gc,start    ] GC(183) Pause Young (Normal) (G1 Evacuation Pause)
[2026-10-07T17:50:56.596+0800][202.766s][info][gc,task     ] GC(183) Using 9 workers of 9 for evacuation
[2026-10-07T17:50:56.601+0800][202.771s][info][gc,phases   ] GC(183)   Pre Evacuate Collection Set: 0.1ms
[2026-10-07T17:50:56.601+0800][202.771s][info][gc,phases   ] GC(183)   Merge Heap Roots: 0.0ms
[2026-10-07T17:50:56.601+0800][202.771s][info][gc,phases   ] GC(183)   Evacuate Collection Set: 3.7ms
[2026-10-07T17:50:56.601+0800][202.771s][info][gc,phases   ] GC(183)   Post Evacuate Collection Set: 0.8ms
[2026-10-07T17:50:56.601+0800][202.771s][info][gc,phases   ] GC(183)   Other: 0.1ms
[2026-10-07T17:50:56.601+0800][202.771s][info][gc,heap     ] GC(183) Eden regions: 18->0(65)
[2026-10-07T17:50:56.601+0800][202.771s][info][gc,heap     ] GC(183) Survivor regions: 2->2(3)
[2026-10-07T17:50:56.601+0800][202.771s][info][gc,heap     ] GC(183) Old regions: 361->361
[2026-10-07T17:50:56.601+0800][202.771s][info][gc,heap     ] GC(183) Archive regions: 2->2
[2026-10-07T17:50:56.601+0800][202.771s][info][gc,heap     ] GC(183) Humongous regions: 5->5
[2026-10-07T17:50:56.601+0800][202.771s][info][gc,metaspace] GC(183) Metaspace: 154447K(156096K)->154447K(156096K) NonClass: 134613K(135424K)->134613K(135424K) Class: 19833K(20672K)->19833K(20672K)
[2026-10-07T17:50:56.601+0800][202.771s][info][gc          ] GC(183) Pause Young (Normal) (G1 Evacuation Pause) 386M->368M(489M) 4.859ms
[2026-10-07T17:50:56.601+0800][202.771s][info][gc,cpu      ] GC(183) User=0.01s Sys=0.01s Real=0.01s
[2026-10-07T17:50:56.601+0800][202.771s][info][safepoint   ] Safepoint "G1CollectForAllocation", Time since last: 69815417 ns, Reaching safepoint: 2739750 ns, At safepoint: 4913000 ns, Total: 7652750 ns
[2026-10-07T17:50:56.792+0800][202.962s][info][gc,start    ] GC(184) Pause Young (Normal) (G1 Evacuation Pause)
[2026-10-07T17:50:56.792+0800][202.962s][info][gc,task     ] GC(184) Using 9 workers of 9 for evacuation
[2026-10-07T17:50:56.798+0800][202.969s][info][gc,phases   ] GC(184)   Pre Evacuate Collection Set: 0.1ms
[2026-10-07T17:50:56.798+0800][202.969s][info][gc,phases   ] GC(184)   Merge Heap Roots: 0.0ms
[2026-10-07T17:50:56.798+0800][202.969s][info][gc,phases   ] GC(184)   Evacuate Collection Set: 4.8ms
[2026-10-07T17:50:56.798+0800][202.969s][info][gc,phases   ] GC(184)   Post Evacuate Collection Set: 1.4ms
[2026-10-07T17:50:56.798+0800][202.969s][info][gc,phases   ] GC(184)   Other: 0.1ms
[2026-10-07T17:50:56.798+0800][202.969s][info][gc,heap     ] GC(184) Eden regions: 65->0(63)
[2026-10-07T17:50:56.798+0800][202.969s][info][gc,heap     ] GC(184) Survivor regions: 2->4(9)
[2026-10-07T17:50:56.798+0800][202.969s][info][gc,heap     ] GC(184) Old regions: 361->361
[2026-10-07T17:50:56.798+0800][202.969s][info][gc,heap     ] GC(184) Archive regions: 2->2
[2026-10-07T17:50:56.798+0800][202.969s][info][gc,heap     ] GC(184) Humongous regions: 5->5
[2026-10-07T17:50:56.798+0800][202.969s][info][gc,metaspace] GC(184) Metaspace: 154452K(156160K)->154452K(156160K) NonClass: 134618K(135488K)->134618K(135488K) Class: 19833K(20672K)->19833K(20672K)
[2026-10-07T17:50:56.799+0800][202.969s][info][gc          ] GC(184) Pause Young (Normal) (G1 Evacuation Pause) 433M->370M(489M) 6.548ms
[2026-10-07T17:50:56.799+0800][202.969s][info][gc,cpu      ] GC(184) User=0.01s Sys=0.00s Real=0.00s
[2026-10-07T17:50:56.799+0800][202.969s][info][safepoint   ] Safepoint "G1CollectForAllocation", Time since last: 182667250 ns, Reaching safepoint: 8216000 ns, At safepoint: 6666666 ns, Total: 14882666 ns
[2026-10-07T17:50:57.358+0800][203.529s][info][gc,start    ] GC(185) Pause Young (Normal) (G1 Evacuation Pause)
[2026-10-07T17:50:57.358+0800][203.529s][info][gc,task     ] GC(185) Using 9 workers of 9 for evacuation
[2026-10-07T17:50:57.370+0800][203.541s][info][gc,phases   ] GC(185)   Pre Evacuate Collection Set: 0.3ms
[2026-10-07T17:50:57.371+0800][203.541s][info][gc,phases   ] GC(185)   Merge Heap Roots: 0.2ms
[2026-10-07T17:50:57.371+0800][203.541s][info][gc,phases   ] GC(185)   Evacuate Collection Set: 10.4ms
[2026-10-07T17:50:57.371+0800][203.541s][info][gc,phases   ] GC(185)   Post Evacuate Collection Set: 1.0ms
[2026-10-07T17:50:57.371+0800][203.541s][info][gc,phases   ] GC(185)   Other: 0.3ms
[2026-10-07T17:50:57.371+0800][203.541s][info][gc,heap     ] GC(185) Eden regions: 63->0(60)
[2026-10-07T17:50:57.371+0800][203.541s][info][gc,heap     ] GC(185) Survivor regions: 4->6(9)
[2026-10-07T17:50:57.371+0800][203.541s][info][gc,heap     ] GC(185) Old regions: 361->361
[2026-10-07T17:50:57.371+0800][203.541s][info][gc,heap     ] GC(185) Archive regions: 2->2
[2026-10-07T17:50:57.371+0800][203.541s][info][gc,heap     ] GC(185) Humongous regions: 5->5
[2026-10-07T17:50:57.371+0800][203.541s][info][gc,metaspace] GC(185) Metaspace: 154454K(156160K)->154454K(156160K) NonClass: 134621K(135488K)->134621K(135488K) Class: 19833K(20672K)->19833K(20672K)
[2026-10-07T17:50:57.371+0800][203.541s][info][gc          ] GC(185) Pause Young (Normal) (G1 Evacuation Pause) 433M->372M(489M) 12.252ms
[2026-10-07T17:50:57.371+0800][203.541s][info][gc,cpu      ] GC(185) User=0.02s Sys=0.02s Real=0.02s
[2026-10-07T17:50:57.371+0800][203.541s][info][safepoint   ] Safepoint "G1CollectForAllocation", Time since last: 471625334 ns, Reaching safepoint: 88146333 ns, At safepoint: 12457250 ns, Total: 100603583 ns
[2026-10-07T17:50:57.840+0800][204.010s][info][gc,start    ] GC(186) Pause Young (Normal) (G1 Evacuation Pause)
[2026-10-07T17:50:57.840+0800][204.010s][info][gc,task     ] GC(186) Using 9 workers of 9 for evacuation
[2026-10-07T17:50:57.889+0800][204.059s][info][gc,phases   ] GC(186)   Pre Evacuate Collection Set: 0.1ms
[2026-10-07T17:50:57.889+0800][204.059s][info][gc,phases   ] GC(186)   Merge Heap Roots: 0.1ms
[2026-10-07T17:50:57.889+0800][204.059s][info][gc,phases   ] GC(186)   Evacuate Collection Set: 46.4ms
[2026-10-07T17:50:57.889+0800][204.059s][info][gc,phases   ] GC(186)   Post Evacuate Collection Set: 2.3ms
[2026-10-07T17:50:57.889+0800][204.059s][info][gc,phases   ] GC(186)   Other: 0.2ms
[2026-10-07T17:50:57.889+0800][204.059s][info][gc,heap     ] GC(186) Eden regions: 60->0(57)
[2026-10-07T17:50:57.889+0800][204.059s][info][gc,heap     ] GC(186) Survivor regions: 6->7(9)
[2026-10-07T17:50:57.889+0800][204.059s][info][gc,heap     ] GC(186) Old regions: 361->362
[2026-10-07T17:50:57.889+0800][204.059s][info][gc,heap     ] GC(186) Archive regions: 2->2
[2026-10-07T17:50:57.889+0800][204.059s][info][gc,heap     ] GC(186) Humongous regions: 5->5
[2026-10-07T17:50:57.889+0800][204.059s][info][gc,metaspace] GC(186) Metaspace: 154511K(156224K)->154511K(156224K) NonClass: 134675K(135488K)->134675K(135488K) Class: 19836K(20736K)->19836K(20736K)
[2026-10-07T17:50:57.889+0800][204.059s][info][gc          ] GC(186) Pause Young (Normal) (G1 Evacuation Pause) 432M->373M(489M) 49.257ms
[2026-10-07T17:50:57.889+0800][204.059s][info][gc,cpu      ] GC(186) User=0.01s Sys=0.03s Real=0.04s
[2026-10-07T17:50:57.889+0800][204.059s][info][safepoint   ] Safepoint "G1CollectForAllocation", Time since last: 460871875 ns, Reaching safepoint: 8143417 ns, At safepoint: 49414458 ns, Total: 57557875 ns
[2026-10-07T17:50:58.129+0800][204.299s][info][gc,start    ] GC(187) Pause Young (Normal) (G1 Evacuation Pause)
[2026-10-07T17:50:58.129+0800][204.299s][info][gc,task     ] GC(187) Using 9 workers of 9 for evacuation
[2026-10-07T17:50:58.132+0800][204.302s][info][gc,phases   ] GC(187)   Pre Evacuate Collection Set: 0.0ms
[2026-10-07T17:50:58.132+0800][204.302s][info][gc,phases   ] GC(187)   Merge Heap Roots: 0.0ms
[2026-10-07T17:50:58.132+0800][204.302s][info][gc,phases   ] GC(187)   Evacuate Collection Set: 2.9ms
[2026-10-07T17:50:58.132+0800][204.302s][info][gc,phases   ] GC(187)   Post Evacuate Collection Set: 0.4ms
[2026-10-07T17:50:58.132+0800][204.302s][info][gc,phases   ] GC(187)   Other: 0.1ms
[2026-10-07T17:50:58.132+0800][204.302s][info][gc,heap     ] GC(187) Eden regions: 57->0(56)
[2026-10-07T17:50:58.132+0800][204.302s][info][gc,heap     ] GC(187) Survivor regions: 7->6(8)
[2026-10-07T17:50:58.132+0800][204.302s][info][gc,heap     ] GC(187) Old regions: 362->365
[2026-10-07T17:50:58.132+0800][204.302s][info][gc,heap     ] GC(187) Archive regions: 2->2
[2026-10-07T17:50:58.132+0800][204.302s][info][gc,heap     ] GC(187) Humongous regions: 5->5
[2026-10-07T17:50:58.132+0800][204.302s][info][gc,metaspace] GC(187) Metaspace: 154541K(156288K)->154541K(156288K) NonClass: 134703K(135552K)->134703K(135552K) Class: 19838K(20736K)->19838K(20736K)
[2026-10-07T17:50:58.132+0800][204.303s][info][gc          ] GC(187) Pause Young (Normal) (G1 Evacuation Pause) 430M->376M(489M) 3.705ms
[2026-10-07T17:50:58.132+0800][204.303s][info][gc,cpu      ] GC(187) User=0.01s Sys=0.00s Real=0.01s
[2026-10-07T17:50:58.132+0800][204.303s][info][safepoint   ] Safepoint "G1CollectForAllocation", Time since last: 237158792 ns, Reaching safepoint: 2206458 ns, At safepoint: 3801333 ns, Total: 6007791 ns
[2026-10-07T17:50:58.709+0800][204.879s][info][gc,start    ] GC(188) Pause Young (Normal) (G1 Evacuation Pause)
[2026-10-07T17:50:58.709+0800][204.879s][info][gc,task     ] GC(188) Using 9 workers of 9 for evacuation
[2026-10-07T17:50:58.837+0800][205.007s][info][gc,phases   ] GC(188)   Pre Evacuate Collection Set: 0.2ms
[2026-10-07T17:50:58.837+0800][205.007s][info][gc,phases   ] GC(188)   Merge Heap Roots: 0.4ms
[2026-10-07T17:50:58.837+0800][205.007s][info][gc,phases   ] GC(188)   Evacuate Collection Set: 125.4ms
[2026-10-07T17:50:58.837+0800][205.007s][info][gc,phases   ] GC(188)   Post Evacuate Collection Set: 1.8ms
[2026-10-07T17:50:58.837+0800][205.007s][info][gc,phases   ] GC(188)   Other: 0.2ms
[2026-10-07T17:50:58.837+0800][205.007s][info][gc,heap     ] GC(188) Eden regions: 56->0(56)
[2026-10-07T17:50:58.837+0800][205.007s][info][gc,heap     ] GC(188) Survivor regions: 6->5(8)
[2026-10-07T17:50:58.837+0800][205.007s][info][gc,heap     ] GC(188) Old regions: 365->367
[2026-10-07T17:50:58.837+0800][205.007s][info][gc,heap     ] GC(188) Archive regions: 2->2
[2026-10-07T17:50:58.837+0800][205.007s][info][gc,heap     ] GC(188) Humongous regions: 5->5
[2026-10-07T17:50:58.837+0800][205.007s][info][gc,metaspace] GC(188) Metaspace: 154571K(156288K)->154571K(156288K) NonClass: 134731K(135552K)->134731K(135552K) Class: 19840K(20736K)->19840K(20736K)
[2026-10-07T17:50:58.837+0800][205.007s][info][gc          ] GC(188) Pause Young (Normal) (G1 Evacuation Pause) 432M->377M(489M) 128.190ms
[2026-10-07T17:50:58.837+0800][205.007s][info][gc,cpu      ] GC(188) User=0.02s Sys=0.03s Real=0.13s
[2026-10-07T17:50:58.837+0800][205.008s][info][safepoint   ] Safepoint "G1CollectForAllocation", Time since last: 497670917 ns, Reaching safepoint: 78905458 ns, At safepoint: 128396750 ns, Total: 207302208 ns
[2026-10-07T17:50:59.651+0800][205.821s][info][gc,start    ] GC(189) Pause Young (Normal) (G1 Evacuation Pause)
[2026-10-07T17:50:59.661+0800][205.831s][info][gc,task     ] GC(189) Using 9 workers of 9 for evacuation
[2026-10-07T17:50:59.696+0800][205.866s][info][gc,phases   ] GC(189)   Pre Evacuate Collection Set: 0.3ms
[2026-10-07T17:50:59.696+0800][205.866s][info][gc,phases   ] GC(189)   Merge Heap Roots: 0.5ms
[2026-10-07T17:50:59.696+0800][205.866s][info][gc,phases   ] GC(189)   Evacuate Collection Set: 30.8ms
[2026-10-07T17:50:59.696+0800][205.866s][info][gc,phases   ] GC(189)   Post Evacuate Collection Set: 3.5ms
[2026-10-07T17:50:59.696+0800][205.866s][info][gc,phases   ] GC(189)   Other: 10.3ms
[2026-10-07T17:50:59.696+0800][205.866s][info][gc,heap     ] GC(189) Eden regions: 56->0(54)
[2026-10-07T17:50:59.696+0800][205.866s][info][gc,heap     ] GC(189) Survivor regions: 5->5(8)
[2026-10-07T17:50:59.696+0800][205.866s][info][gc,heap     ] GC(189) Old regions: 367->369
[2026-10-07T17:50:59.696+0800][205.867s][info][gc,heap     ] GC(189) Archive regions: 2->2
[2026-10-07T17:50:59.696+0800][205.867s][info][gc,heap     ] GC(189) Humongous regions: 5->5
[2026-10-07T17:50:59.696+0800][205.867s][info][gc,metaspace] GC(189) Metaspace: 154580K(156288K)->154580K(156288K) NonClass: 134740K(135552K)->134740K(135552K) Class: 19840K(20736K)->19840K(20736K)
[2026-10-07T17:50:59.696+0800][205.867s][info][gc          ] GC(189) Pause Young (Normal) (G1 Evacuation Pause) 433M->378M(489M) 45.718ms
[2026-10-07T17:50:59.697+0800][205.867s][info][gc,cpu      ] GC(189) User=0.02s Sys=0.04s Real=0.04s
[2026-10-07T17:50:59.697+0800][205.867s][info][safepoint   ] Safepoint "G1CollectForAllocation", Time since last: 805243584 ns, Reaching safepoint: 8088666 ns, At safepoint: 45992959 ns, Total: 54081625 ns
[2026-10-07T17:51:00.842+0800][207.012s][info][gc,start    ] GC(190) Pause Young (Normal) (G1 Evacuation Pause)
[2026-10-07T17:51:00.842+0800][207.012s][info][gc,task     ] GC(190) Using 9 workers of 9 for evacuation
[2026-10-07T17:51:00.865+0800][207.036s][info][gc,phases   ] GC(190)   Pre Evacuate Collection Set: 0.2ms
[2026-10-07T17:51:00.865+0800][207.036s][info][gc,phases   ] GC(190)   Merge Heap Roots: 0.2ms
[2026-10-07T17:51:00.865+0800][207.036s][info][gc,phases   ] GC(190)   Evacuate Collection Set: 20.7ms
[2026-10-07T17:51:00.865+0800][207.036s][info][gc,phases   ] GC(190)   Post Evacuate Collection Set: 1.8ms
[2026-10-07T17:51:00.865+0800][207.036s][info][gc,phases   ] GC(190)   Other: 0.3ms
[2026-10-07T17:51:00.865+0800][207.036s][info][gc,heap     ] GC(190) Eden regions: 54->0(52)
[2026-10-07T17:51:00.865+0800][207.036s][info][gc,heap     ] GC(190) Survivor regions: 5->6(8)
[2026-10-07T17:51:00.865+0800][207.036s][info][gc,heap     ] GC(190) Old regions: 369->369
[2026-10-07T17:51:00.865+0800][207.036s][info][gc,heap     ] GC(190) Archive regions: 2->2
[2026-10-07T17:51:00.865+0800][207.036s][info][gc,heap     ] GC(190) Humongous regions: 5->5
[2026-10-07T17:51:00.865+0800][207.036s][info][gc,metaspace] GC(190) Metaspace: 154580K(156288K)->154580K(156288K) NonClass: 134740K(135552K)->134740K(135552K) Class: 19840K(20736K)->19840K(20736K)
[2026-10-07T17:51:00.865+0800][207.036s][info][gc          ] GC(190) Pause Young (Normal) (G1 Evacuation Pause) 432M->379M(489M) 23.358ms
[2026-10-07T17:51:00.865+0800][207.036s][info][gc,cpu      ] GC(190) User=0.01s Sys=0.02s Real=0.02s
[2026-10-07T17:51:00.866+0800][207.036s][info][safepoint   ] Safepoint "G1CollectForAllocation", Time since last: 1142530583 ns, Reaching safepoint: 2902833 ns, At safepoint: 23533000 ns, Total: 26435833 ns
[2026-10-07T17:51:00.924+0800][207.094s][info][gc,marking  ] GC(180) Concurrent Mark From Roots 4596.010ms
[2026-10-07T17:51:00.924+0800][207.094s][info][gc,marking  ] GC(180) Concurrent Preclean
[2026-10-07T17:51:00.941+0800][207.111s][info][gc,marking  ] GC(180) Concurrent Preclean 16.899ms
[2026-10-07T17:51:00.941+0800][207.112s][info][gc,start    ] GC(180) Pause Remark
[2026-10-07T17:51:05.513+0800][211.683s][info][gc,mmu      ] GC(180) MMU target violated: 201.0ms (200.0ms/201.0ms)
[2026-10-07T17:51:05.513+0800][211.684s][info][gc          ] GC(180) Pause Remark 385M->385M(647M) 4572.140ms
[2026-10-07T17:51:05.513+0800][211.684s][info][gc,cpu      ] GC(180) User=0.07s Sys=0.46s Real=4.57s
[2026-10-07T17:51:05.514+0800][211.685s][info][safepoint   ] Safepoint "G1Concurrent", Time since last: 75509000 ns, Reaching safepoint: 144209 ns, At safepoint: 4573334833 ns, Total: 4573479042 ns
[2026-10-07T17:51:05.515+0800][211.686s][info][gc,marking  ] GC(180) Concurrent Mark 9186.923ms
[2026-10-07T17:51:05.515+0800][211.686s][info][gc,marking  ] GC(180) Concurrent Rebuild Remembered Sets
[2026-10-07T17:51:06.036+0800][212.207s][info][gc,start    ] GC(191) Pause Young (Normal) (G1 Evacuation Pause)
[2026-10-07T17:51:06.036+0800][212.207s][info][gc,task     ] GC(191) Using 9 workers of 9 for evacuation
[2026-10-07T17:51:06.133+0800][212.304s][info][gc,phases   ] GC(191)   Pre Evacuate Collection Set: 0.2ms
[2026-10-07T17:51:06.133+0800][212.304s][info][gc,phases   ] GC(191)   Merge Heap Roots: 0.4ms
[2026-10-07T17:51:06.133+0800][212.304s][info][gc,phases   ] GC(191)   Evacuate Collection Set: 95.5ms
[2026-10-07T17:51:06.133+0800][212.304s][info][gc,phases   ] GC(191)   Post Evacuate Collection Set: 1.0ms
[2026-10-07T17:51:06.133+0800][212.304s][info][gc,phases   ] GC(191)   Other: 0.2ms
[2026-10-07T17:51:06.133+0800][212.304s][info][gc,heap     ] GC(191) Eden regions: 36->0(188)
[2026-10-07T17:51:06.133+0800][212.304s][info][gc,heap     ] GC(191) Survivor regions: 6->4(6)
[2026-10-07T17:51:06.133+0800][212.304s][info][gc,heap     ] GC(191) Old regions: 369->371
[2026-10-07T17:51:06.133+0800][212.304s][info][gc,heap     ] GC(191) Archive regions: 2->2
[2026-10-07T17:51:06.133+0800][212.304s][info][gc,heap     ] GC(191) Humongous regions: 5->5
[2026-10-07T17:51:06.133+0800][212.304s][info][gc,metaspace] GC(191) Metaspace: 154610K(156352K)->154610K(156352K) NonClass: 134751K(135616K)->134751K(135616K) Class: 19859K(20736K)->19859K(20736K)
[2026-10-07T17:51:06.133+0800][212.304s][info][gc          ] GC(191) Pause Young (Normal) (G1 Evacuation Pause) 415M->379M(647M) 97.277ms
[2026-10-07T17:51:06.133+0800][212.304s][info][gc,cpu      ] GC(191) User=0.04s Sys=0.02s Real=0.10s
[2026-10-07T17:51:06.133+0800][212.304s][info][safepoint   ] Safepoint "G1CollectForAllocation", Time since last: 518813833 ns, Reaching safepoint: 2829084 ns, At safepoint: 97370583 ns, Total: 100199667 ns
[2026-10-07T17:51:08.449+0800][214.619s][info][safepoint   ] Safepoint "Cleanup", Time since last: 2285654542 ns, Reaching safepoint: 29617666 ns, At safepoint: 170792 ns, Total: 29788458 ns
[2026-10-07T17:51:11.782+0800][217.953s][info][gc,marking  ] GC(180) Concurrent Rebuild Remembered Sets 6266.771ms
[2026-10-07T17:51:11.822+0800][217.993s][info][gc,start    ] GC(180) Pause Cleanup
[2026-10-07T17:51:11.893+0800][218.063s][info][gc          ] GC(180) Pause Cleanup 487M->487M(647M) 70.491ms
[2026-10-07T17:51:11.893+0800][218.063s][info][gc,cpu      ] GC(180) User=0.00s Sys=0.00s Real=0.07s
[2026-10-07T17:51:11.893+0800][218.063s][info][safepoint   ] Safepoint "G1Concurrent", Time since last: 3343042375 ns, Reaching safepoint: 30376958 ns, At safepoint: 70620417 ns, Total: 100997375 ns
[2026-10-07T17:51:11.893+0800][218.063s][info][gc,marking  ] GC(180) Concurrent Cleanup for Next Mark
[2026-10-07T17:51:12.131+0800][218.302s][info][gc,marking  ] GC(180) Concurrent Cleanup for Next Mark 238.039ms
[2026-10-07T17:51:12.131+0800][218.302s][info][gc          ] GC(180) Concurrent Mark Cycle 15829.453ms
[2026-10-07T17:51:13.039+0800][219.209s][info][safepoint   ] Safepoint "Cleanup", Time since last: 1142646458 ns, Reaching safepoint: 3366084 ns, At safepoint: 22250 ns, Total: 3388334 ns
[2026-10-07T17:51:14.169+0800][220.340s][info][safepoint   ] Safepoint "Cleanup", Time since last: 1123280166 ns, Reaching safepoint: 6970375 ns, At safepoint: 27375 ns, Total: 6997750 ns
[2026-10-07T17:51:15.154+0800][221.324s][info][gc,start    ] GC(192) Pause Young (Prepare Mixed) (G1 Evacuation Pause)
[2026-10-07T17:51:15.154+0800][221.324s][info][gc,task     ] GC(192) Using 9 workers of 9 for evacuation
[2026-10-07T17:51:15.207+0800][221.377s][info][gc,phases   ] GC(192)   Pre Evacuate Collection Set: 1.0ms
[2026-10-07T17:51:15.207+0800][221.377s][info][gc,phases   ] GC(192)   Merge Heap Roots: 1.0ms
[2026-10-07T17:51:15.207+0800][221.377s][info][gc,phases   ] GC(192)   Evacuate Collection Set: 46.7ms
[2026-10-07T17:51:15.207+0800][221.377s][info][gc,phases   ] GC(192)   Post Evacuate Collection Set: 3.6ms
[2026-10-07T17:51:15.207+0800][221.377s][info][gc,phases   ] GC(192)   Other: 0.7ms
[2026-10-07T17:51:15.207+0800][221.377s][info][gc,heap     ] GC(192) Eden regions: 188->0(28)
[2026-10-07T17:51:15.207+0800][221.377s][info][gc,heap     ] GC(192) Survivor regions: 4->4(24)
[2026-10-07T17:51:15.207+0800][221.377s][info][gc,heap     ] GC(192) Old regions: 371->371
[2026-10-07T17:51:15.207+0800][221.377s][info][gc,heap     ] GC(192) Archive regions: 2->2
[2026-10-07T17:51:15.207+0800][221.377s][info][gc,heap     ] GC(192) Humongous regions: 5->5
[2026-10-07T17:51:15.207+0800][221.377s][info][gc,metaspace] GC(192) Metaspace: 154622K(156352K)->154622K(156352K) NonClass: 134760K(135616K)->134760K(135616K) Class: 19862K(20736K)->19862K(20736K)
[2026-10-07T17:51:15.207+0800][221.377s][info][gc          ] GC(192) Pause Young (Prepare Mixed) (G1 Evacuation Pause) 567M->380M(647M) 53.029ms
[2026-10-07T17:51:15.207+0800][221.377s][info][gc,cpu      ] GC(192) User=0.02s Sys=0.11s Real=0.05s
[2026-10-07T17:51:15.207+0800][221.377s][info][safepoint   ] Safepoint "G1CollectForAllocation", Time since last: 983929375 ns, Reaching safepoint: 670417 ns, At safepoint: 53164542 ns, Total: 53834959 ns
[2026-10-07T17:51:17.004+0800][223.175s][info][safepoint   ] Safepoint "Cleanup", Time since last: 1795871500 ns, Reaching safepoint: 1529666 ns, At safepoint: 31750 ns, Total: 1561416 ns
[2026-10-07T17:51:18.283+0800][224.454s][info][gc,start    ] GC(193) Pause Young (Mixed) (G1 Evacuation Pause)
[2026-10-07T17:51:18.284+0800][224.455s][info][gc,task     ] GC(193) Using 9 workers of 9 for evacuation
[2026-10-07T17:51:18.965+0800][225.136s][info][gc,mmu      ] GC(193) MMU target violated: 201.0ms (200.0ms/201.0ms)
[2026-10-07T17:51:18.965+0800][225.136s][info][gc,phases   ] GC(193)   Pre Evacuate Collection Set: 0.2ms
[2026-10-07T17:51:18.965+0800][225.136s][info][gc,phases   ] GC(193)   Merge Heap Roots: 0.6ms
[2026-10-07T17:51:18.965+0800][225.136s][info][gc,phases   ] GC(193)   Evacuate Collection Set: 673.2ms
[2026-10-07T17:51:18.965+0800][225.136s][info][gc,phases   ] GC(193)   Post Evacuate Collection Set: 7.3ms
[2026-10-07T17:51:18.965+0800][225.136s][info][gc,phases   ] GC(193)   Other: 0.9ms
[2026-10-07T17:51:18.965+0800][225.136s][info][gc,heap     ] GC(193) Eden regions: 28->0(30)
[2026-10-07T17:51:18.965+0800][225.136s][info][gc,heap     ] GC(193) Survivor regions: 4->2(4)
[2026-10-07T17:51:18.965+0800][225.136s][info][gc,heap     ] GC(193) Old regions: 371->315
[2026-10-07T17:51:18.965+0800][225.136s][info][gc,heap     ] GC(193) Archive regions: 2->2
[2026-10-07T17:51:18.965+0800][225.136s][info][gc,heap     ] GC(193) Humongous regions: 5->5
[2026-10-07T17:51:18.965+0800][225.136s][info][gc,metaspace] GC(193) Metaspace: 156267K(157952K)->156267K(157952K) NonClass: 136167K(137024K)->136167K(137024K) Class: 20100K(20928K)->20100K(20928K)
[2026-10-07T17:51:18.966+0800][225.136s][info][gc          ] GC(193) Pause Young (Mixed) (G1 Evacuation Pause) 408M->321M(647M) 682.174ms
[2026-10-07T17:51:18.966+0800][225.136s][info][gc,cpu      ] GC(193) User=0.06s Sys=0.13s Real=0.68s
[2026-10-07T17:51:18.966+0800][225.136s][info][safepoint   ] Safepoint "G1CollectForAllocation", Time since last: 1278779042 ns, Reaching safepoint: 395542 ns, At safepoint: 682358583 ns, Total: 682754125 ns
[2026-10-07T17:51:20.935+0800][227.106s][info][safepoint   ] Safepoint "Cleanup", Time since last: 1946374042 ns, Reaching safepoint: 23183750 ns, At safepoint: 14958 ns, Total: 23198708 ns
[2026-10-07T17:51:22.965+0800][229.136s][info][safepoint   ] Safepoint "Cleanup", Time since last: 2029595667 ns, Reaching safepoint: 588791 ns, At safepoint: 3000 ns, Total: 591791 ns
[2026-10-07T17:51:24.103+0800][230.274s][info][safepoint   ] Safepoint "Cleanup", Time since last: 1135429500 ns, Reaching safepoint: 2245417 ns, At safepoint: 412292 ns, Total: 2657709 ns
[2026-10-07T17:51:25.242+0800][231.413s][info][safepoint   ] Safepoint "Cleanup", Time since last: 1138166791 ns, Reaching safepoint: 232417 ns, At safepoint: 6000 ns, Total: 238417 ns
[2026-10-07T17:51:26.399+0800][232.569s][info][safepoint   ] Safepoint "Cleanup", Time since last: 1148989583 ns, Reaching safepoint: 7811834 ns, At safepoint: 63541 ns, Total: 7875375 ns
[2026-10-07T17:51:26.702+0800][232.873s][info][gc,start    ] GC(194) Pause Young (Mixed) (G1 Evacuation Pause)
[2026-10-07T17:51:26.702+0800][232.873s][info][gc,task     ] GC(194) Using 9 workers of 9 for evacuation
[2026-10-07T17:51:26.874+0800][233.045s][info][gc,phases   ] GC(194)   Pre Evacuate Collection Set: 1.2ms
[2026-10-07T17:51:26.874+0800][233.045s][info][gc,phases   ] GC(194)   Merge Heap Roots: 1.8ms
[2026-10-07T17:51:26.874+0800][233.045s][info][gc,phases   ] GC(194)   Evacuate Collection Set: 159.9ms
[2026-10-07T17:51:26.874+0800][233.045s][info][gc,phases   ] GC(194)   Post Evacuate Collection Set: 8.2ms
[2026-10-07T17:51:26.874+0800][233.045s][info][gc,phases   ] GC(194)   Other: 1.1ms
[2026-10-07T17:51:26.874+0800][233.045s][info][gc,heap     ] GC(194) Eden regions: 30->0(30)
[2026-10-07T17:51:26.874+0800][233.045s][info][gc,heap     ] GC(194) Survivor regions: 2->4(4)
[2026-10-07T17:51:26.874+0800][233.045s][info][gc,heap     ] GC(194) Old regions: 315->295
[2026-10-07T17:51:26.874+0800][233.045s][info][gc,heap     ] GC(194) Archive regions: 2->2
[2026-10-07T17:51:26.874+0800][233.045s][info][gc,heap     ] GC(194) Humongous regions: 5->5
[2026-10-07T17:51:26.874+0800][233.045s][info][gc,metaspace] GC(194) Metaspace: 156384K(158016K)->156384K(158016K) NonClass: 136271K(137088K)->136271K(137088K) Class: 20112K(20928K)->20112K(20928K)
[2026-10-07T17:51:26.874+0800][233.045s][info][gc          ] GC(194) Pause Young (Mixed) (G1 Evacuation Pause) 351M->304M(696M) 172.361ms
[2026-10-07T17:51:26.874+0800][233.045s][info][gc,cpu      ] GC(194) User=0.04s Sys=0.12s Real=0.17s
[2026-10-07T17:51:26.875+0800][233.046s][info][safepoint   ] Safepoint "G1CollectForAllocation", Time since last: 302859209 ns, Reaching safepoint: 95750 ns, At safepoint: 173320708 ns, Total: 173416458 ns
[2026-10-07T17:51:27.945+0800][234.116s][info][safepoint   ] Safepoint "Cleanup", Time since last: 1070165875 ns, Reaching safepoint: 416333 ns, At safepoint: 2917 ns, Total: 419250 ns
[2026-10-07T17:51:28.975+0800][235.146s][info][gc,start    ] GC(195) Pause Young (Mixed) (G1 Evacuation Pause)
[2026-10-07T17:51:28.976+0800][235.147s][info][gc,task     ] GC(195) Using 9 workers of 9 for evacuation
[2026-10-07T17:51:29.225+0800][235.396s][info][gc,mmu      ] GC(195) MMU target violated: 201.0ms (200.0ms/201.0ms)
[2026-10-07T17:51:29.225+0800][235.396s][info][gc,phases   ] GC(195)   Pre Evacuate Collection Set: 0.6ms
[2026-10-07T17:51:29.225+0800][235.396s][info][gc,phases   ] GC(195)   Merge Heap Roots: 0.8ms
[2026-10-07T17:51:29.225+0800][235.396s][info][gc,phases   ] GC(195)   Evacuate Collection Set: 247.0ms
[2026-10-07T17:51:29.225+0800][235.396s][info][gc,phases   ] GC(195)   Post Evacuate Collection Set: 1.1ms
[2026-10-07T17:51:29.225+0800][235.396s][info][gc,phases   ] GC(195)   Other: 1.5ms
[2026-10-07T17:51:29.225+0800][235.396s][info][gc,heap     ] GC(195) Eden regions: 30->0(30)
[2026-10-07T17:51:29.226+0800][235.396s][info][gc,heap     ] GC(195) Survivor regions: 4->4(5)
[2026-10-07T17:51:29.226+0800][235.396s][info][gc,heap     ] GC(195) Old regions: 295->280
[2026-10-07T17:51:29.226+0800][235.396s][info][gc,heap     ] GC(195) Archive regions: 2->2
[2026-10-07T17:51:29.226+0800][235.396s][info][gc,heap     ] GC(195) Humongous regions: 5->5
[2026-10-07T17:51:29.226+0800][235.396s][info][gc,metaspace] GC(195) Metaspace: 156387K(158016K)->156387K(158016K) NonClass: 136274K(137088K)->136274K(137088K) Class: 20113K(20928K)->20113K(20928K)
[2026-10-07T17:51:29.226+0800][235.396s][info][gc          ] GC(195) Pause Young (Mixed) (G1 Evacuation Pause) 334M->289M(696M) 251.015ms
[2026-10-07T17:51:29.226+0800][235.396s][info][gc,cpu      ] GC(195) User=0.05s Sys=0.14s Real=0.25s
[2026-10-07T17:51:29.226+0800][235.397s][info][safepoint   ] Safepoint "G1CollectForAllocation", Time since last: 1028721667 ns, Reaching safepoint: 285291 ns, At safepoint: 251218459 ns, Total: 251503750 ns
[2026-10-07T17:51:29.673+0800][235.844s][info][gc,start    ] GC(196) Pause Young (Mixed) (G1 Evacuation Pause)
[2026-10-07T17:51:29.673+0800][235.844s][info][gc,task     ] GC(196) Using 9 workers of 9 for evacuation
[2026-10-07T17:51:29.768+0800][235.939s][info][gc,phases   ] GC(196)   Pre Evacuate Collection Set: 0.7ms
[2026-10-07T17:51:29.768+0800][235.939s][info][gc,phases   ] GC(196)   Merge Heap Roots: 2.0ms
[2026-10-07T17:51:29.768+0800][235.939s][info][gc,phases   ] GC(196)   Evacuate Collection Set: 91.3ms
[2026-10-07T17:51:29.768+0800][235.939s][info][gc,phases   ] GC(196)   Post Evacuate Collection Set: 0.8ms
[2026-10-07T17:51:29.768+0800][235.939s][info][gc,phases   ] GC(196)   Other: 0.6ms
[2026-10-07T17:51:29.768+0800][235.939s][info][gc,heap     ] GC(196) Eden regions: 30->0(31)
[2026-10-07T17:51:29.768+0800][235.939s][info][gc,heap     ] GC(196) Survivor regions: 4->3(5)
[2026-10-07T17:51:29.768+0800][235.939s][info][gc,heap     ] GC(196) Old regions: 280->267
[2026-10-07T17:51:29.768+0800][235.939s][info][gc,heap     ] GC(196) Archive regions: 2->2
[2026-10-07T17:51:29.768+0800][235.939s][info][gc,heap     ] GC(196) Humongous regions: 5->5
[2026-10-07T17:51:29.768+0800][235.939s][info][gc,metaspace] GC(196) Metaspace: 156505K(158208K)->156505K(158208K) NonClass: 136373K(137216K)->136373K(137216K) Class: 20131K(20992K)->20131K(20992K)
[2026-10-07T17:51:29.768+0800][235.939s][info][gc          ] GC(196) Pause Young (Mixed) (G1 Evacuation Pause) 319M->274M(696M) 95.548ms
[2026-10-07T17:51:29.769+0800][235.939s][info][gc,cpu      ] GC(196) User=0.04s Sys=0.08s Real=0.09s
[2026-10-07T17:51:29.769+0800][235.940s][info][safepoint   ] Safepoint "G1CollectForAllocation", Time since last: 447234500 ns, Reaching safepoint: 71750 ns, At safepoint: 95668666 ns, Total: 95740416 ns
[2026-10-07T17:51:30.197+0800][236.368s][info][gc,start    ] GC(197) Pause Young (Mixed) (G1 Evacuation Pause)
[2026-10-07T17:51:30.197+0800][236.368s][info][gc,task     ] GC(197) Using 9 workers of 9 for evacuation
[2026-10-07T17:51:30.245+0800][236.416s][info][gc,phases   ] GC(197)   Pre Evacuate Collection Set: 0.1ms
[2026-10-07T17:51:30.245+0800][236.416s][info][gc,phases   ] GC(197)   Merge Heap Roots: 0.2ms
[2026-10-07T17:51:30.245+0800][236.416s][info][gc,phases   ] GC(197)   Evacuate Collection Set: 46.5ms
[2026-10-07T17:51:30.245+0800][236.416s][info][gc,phases   ] GC(197)   Post Evacuate Collection Set: 1.3ms
[2026-10-07T17:51:30.245+0800][236.416s][info][gc,phases   ] GC(197)   Other: 0.2ms
[2026-10-07T17:51:30.245+0800][236.416s][info][gc,heap     ] GC(197) Eden regions: 31->0(29)
[2026-10-07T17:51:30.245+0800][236.416s][info][gc,heap     ] GC(197) Survivor regions: 3->5(5)
[2026-10-07T17:51:30.245+0800][236.416s][info][gc,heap     ] GC(197) Old regions: 267->253
[2026-10-07T17:51:30.245+0800][236.416s][info][gc,heap     ] GC(197) Archive regions: 2->2
[2026-10-07T17:51:30.245+0800][236.416s][info][gc,heap     ] GC(197) Humongous regions: 5->5
[2026-10-07T17:51:30.245+0800][236.416s][info][gc,metaspace] GC(197) Metaspace: 156514K(158208K)->156514K(158208K) NonClass: 136381K(137216K)->136381K(137216K) Class: 20132K(20992K)->20132K(20992K)
[2026-10-07T17:51:30.245+0800][236.416s][info][gc          ] GC(197) Pause Young (Mixed) (G1 Evacuation Pause) 305M->262M(696M) 48.336ms
[2026-10-07T17:51:30.245+0800][236.416s][info][gc,cpu      ] GC(197) User=0.05s Sys=0.07s Real=0.05s
[2026-10-07T17:51:30.245+0800][236.416s][info][safepoint   ] Safepoint "G1CollectForAllocation", Time since last: 427598084 ns, Reaching safepoint: 379291 ns, At safepoint: 48449459 ns, Total: 48828750 ns
[2026-10-07T17:51:30.400+0800][236.570s][info][gc,start    ] GC(198) Pause Young (Mixed) (G1 Evacuation Pause)
[2026-10-07T17:51:30.400+0800][236.571s][info][gc,task     ] GC(198) Using 9 workers of 9 for evacuation
[2026-10-07T17:51:30.612+0800][236.783s][info][gc,mmu      ] GC(198) MMU target violated: 201.0ms (200.0ms/201.0ms)
[2026-10-07T17:51:30.612+0800][236.783s][info][gc,phases   ] GC(198)   Pre Evacuate Collection Set: 0.2ms
[2026-10-07T17:51:30.612+0800][236.783s][info][gc,phases   ] GC(198)   Merge Heap Roots: 0.6ms
[2026-10-07T17:51:30.612+0800][236.783s][info][gc,phases   ] GC(198)   Evacuate Collection Set: 210.2ms
[2026-10-07T17:51:30.612+0800][236.783s][info][gc,phases   ] GC(198)   Post Evacuate Collection Set: 1.1ms
[2026-10-07T17:51:30.612+0800][236.783s][info][gc,phases   ] GC(198)   Other: 0.4ms
[2026-10-07T17:51:30.612+0800][236.783s][info][gc,heap     ] GC(198) Eden regions: 29->0(30)
[2026-10-07T17:51:30.612+0800][236.783s][info][gc,heap     ] GC(198) Survivor regions: 5->4(5)
[2026-10-07T17:51:30.612+0800][236.783s][info][gc,heap     ] GC(198) Old regions: 253->242
[2026-10-07T17:51:30.612+0800][236.783s][info][gc,heap     ] GC(198) Archive regions: 2->2
[2026-10-07T17:51:30.612+0800][236.783s][info][gc,heap     ] GC(198) Humongous regions: 5->5
[2026-10-07T17:51:30.612+0800][236.783s][info][gc,metaspace] GC(198) Metaspace: 156514K(158208K)->156514K(158208K) NonClass: 136381K(137216K)->136381K(137216K) Class: 20132K(20992K)->20132K(20992K)
[2026-10-07T17:51:30.612+0800][236.783s][info][gc          ] GC(198) Pause Young (Mixed) (G1 Evacuation Pause) 291M->251M(696M) 212.564ms
[2026-10-07T17:51:30.612+0800][236.783s][info][gc,cpu      ] GC(198) User=0.08s Sys=0.08s Real=0.21s
[2026-10-07T17:51:30.612+0800][236.783s][info][safepoint   ] Safepoint "G1CollectForAllocation", Time since last: 154410291 ns, Reaching safepoint: 67834 ns, At safepoint: 212744708 ns, Total: 212812542 ns
[2026-10-07T17:51:31.252+0800][237.423s][info][gc,start    ] GC(199) Pause Young (Mixed) (G1 Evacuation Pause)
[2026-10-07T17:51:31.252+0800][237.423s][info][gc,task     ] GC(199) Using 9 workers of 9 for evacuation
[2026-10-07T17:51:31.325+0800][237.496s][info][gc,phases   ] GC(199)   Pre Evacuate Collection Set: 0.5ms
[2026-10-07T17:51:31.325+0800][237.496s][info][gc,phases   ] GC(199)   Merge Heap Roots: 1.0ms
[2026-10-07T17:51:31.325+0800][237.496s][info][gc,phases   ] GC(199)   Evacuate Collection Set: 63.2ms
[2026-10-07T17:51:31.325+0800][237.496s][info][gc,phases   ] GC(199)   Post Evacuate Collection Set: 8.5ms
[2026-10-07T17:51:31.325+0800][237.496s][info][gc,phases   ] GC(199)   Other: 0.2ms
[2026-10-07T17:51:31.325+0800][237.496s][info][gc,heap     ] GC(199) Eden regions: 30->0(371)
[2026-10-07T17:51:31.325+0800][237.496s][info][gc,heap     ] GC(199) Survivor regions: 4->2(5)
[2026-10-07T17:51:31.325+0800][237.496s][info][gc,heap     ] GC(199) Old regions: 242->240
[2026-10-07T17:51:31.325+0800][237.496s][info][gc,heap     ] GC(199) Archive regions: 2->2
[2026-10-07T17:51:31.325+0800][237.496s][info][gc,heap     ] GC(199) Humongous regions: 5->5
[2026-10-07T17:51:31.325+0800][237.496s][info][gc,metaspace] GC(199) Metaspace: 156517K(158208K)->156517K(158208K) NonClass: 136384K(137216K)->136384K(137216K) Class: 20132K(20992K)->20132K(20992K)
[2026-10-07T17:51:31.325+0800][237.496s][info][gc          ] GC(199) Pause Young (Mixed) (G1 Evacuation Pause) 281M->247M(715M) 73.408ms
[2026-10-07T17:51:31.325+0800][237.496s][info][gc,cpu      ] GC(199) User=0.07s Sys=0.15s Real=0.07s
[2026-10-07T17:51:31.325+0800][237.496s][info][safepoint   ] Safepoint "G1CollectForAllocation", Time since last: 639479292 ns, Reaching safepoint: 323458 ns, At safepoint: 73474542 ns, Total: 73798000 ns
[2026-10-07T17:51:32.457+0800][238.628s][info][safepoint   ] Safepoint "Cleanup", Time since last: 1129210333 ns, Reaching safepoint: 2014167 ns, At safepoint: 181750 ns, Total: 2195917 ns
[2026-10-07T17:51:33.628+0800][239.799s][info][safepoint   ] Safepoint "Cleanup", Time since last: 1147655166 ns, Reaching safepoint: 23067625 ns, At safepoint: 40375 ns, Total: 23108000 ns
[2026-10-07T17:51:35.716+0800][241.887s][info][safepoint   ] Safepoint "Cleanup", Time since last: 2061562417 ns, Reaching safepoint: 26480042 ns, At safepoint: 13333 ns, Total: 26493375 ns
[2026-10-07T17:51:36.879+0800][243.051s][info][safepoint   ] Safepoint "Cleanup", Time since last: 1151104875 ns, Reaching safepoint: 12238250 ns, At safepoint: 453083 ns, Total: 12691333 ns
[2026-10-07T17:51:38.023+0800][244.195s][info][safepoint   ] Safepoint "Cleanup", Time since last: 1139312000 ns, Reaching safepoint: 4696459 ns, At safepoint: 71583 ns, Total: 4768042 ns
[2026-10-07T17:51:39.180+0800][245.352s][info][safepoint   ] Safepoint "Cleanup", Time since last: 1137935167 ns, Reaching safepoint: 18949750 ns, At safepoint: 71250 ns, Total: 19021000 ns
[2026-10-07T17:51:39.746+0800][245.917s][info][gc,start    ] GC(200) Pause Young (Normal) (G1 Evacuation Pause)
[2026-10-07T17:51:39.746+0800][245.917s][info][gc,task     ] GC(200) Using 9 workers of 9 for evacuation
[2026-10-07T17:51:39.814+0800][245.985s][info][gc,phases   ] GC(200)   Pre Evacuate Collection Set: 0.2ms
[2026-10-07T17:51:39.814+0800][245.985s][info][gc,phases   ] GC(200)   Merge Heap Roots: 0.2ms
[2026-10-07T17:51:39.814+0800][245.985s][info][gc,phases   ] GC(200)   Evacuate Collection Set: 66.3ms
[2026-10-07T17:51:39.814+0800][245.985s][info][gc,phases   ] GC(200)   Post Evacuate Collection Set: 1.8ms
[2026-10-07T17:51:39.814+0800][245.985s][info][gc,phases   ] GC(200)   Other: 0.2ms
[2026-10-07T17:51:39.814+0800][245.985s][info][gc,heap     ] GC(200) Eden regions: 371->0(316)
[2026-10-07T17:51:39.814+0800][245.985s][info][gc,heap     ] GC(200) Survivor regions: 2->15(47)
[2026-10-07T17:51:39.814+0800][245.985s][info][gc,heap     ] GC(200) Old regions: 240->240
[2026-10-07T17:51:39.814+0800][245.985s][info][gc,heap     ] GC(200) Archive regions: 2->2
[2026-10-07T17:51:39.814+0800][245.985s][info][gc,heap     ] GC(200) Humongous regions: 5->5
[2026-10-07T17:51:39.814+0800][245.985s][info][gc,metaspace] GC(200) Metaspace: 156613K(158336K)->156613K(158336K) NonClass: 136480K(137344K)->136480K(137344K) Class: 20133K(20992K)->20133K(20992K)
[2026-10-07T17:51:39.814+0800][245.986s][info][gc          ] GC(200) Pause Young (Normal) (G1 Evacuation Pause) 618M->259M(715M) 68.727ms
[2026-10-07T17:51:39.814+0800][245.986s][info][gc,cpu      ] GC(200) User=0.04s Sys=0.11s Real=0.07s
[2026-10-07T17:51:39.814+0800][245.986s][info][safepoint   ] Safepoint "G1CollectForAllocation", Time since last: 565134541 ns, Reaching safepoint: 69334 ns, At safepoint: 68829458 ns, Total: 68898792 ns
[2026-10-07T17:51:40.947+0800][247.118s][info][safepoint   ] Safepoint "Cleanup", Time since last: 1132190542 ns, Reaching safepoint: 508291 ns, At safepoint: 231709 ns, Total: 740000 ns
[2026-10-07T17:51:41.103+0800][247.274s][info][gc,start    ] GC(201) Pause Young (Normal) (G1 Evacuation Pause)
[2026-10-07T17:51:41.103+0800][247.274s][info][gc,task     ] GC(201) Using 9 workers of 9 for evacuation
[2026-10-07T17:51:41.127+0800][247.299s][info][gc,phases   ] GC(201)   Pre Evacuate Collection Set: 0.1ms
[2026-10-07T17:51:41.127+0800][247.299s][info][gc,phases   ] GC(201)   Merge Heap Roots: 0.1ms
[2026-10-07T17:51:41.127+0800][247.299s][info][gc,phases   ] GC(201)   Evacuate Collection Set: 23.2ms
[2026-10-07T17:51:41.127+0800][247.299s][info][gc,phases   ] GC(201)   Post Evacuate Collection Set: 1.1ms
[2026-10-07T17:51:41.127+0800][247.299s][info][gc,phases   ] GC(201)   Other: 0.1ms
[2026-10-07T17:51:41.127+0800][247.299s][info][gc,heap     ] GC(201) Eden regions: 316->0(326)
[2026-10-07T17:51:41.127+0800][247.299s][info][gc,heap     ] GC(201) Survivor regions: 15->22(42)
[2026-10-07T17:51:41.127+0800][247.299s][info][gc,heap     ] GC(201) Old regions: 240->240
[2026-10-07T17:51:41.128+0800][247.299s][info][gc,heap     ] GC(201) Archive regions: 2->2
[2026-10-07T17:51:41.128+0800][247.299s][info][gc,heap     ] GC(201) Humongous regions: 5->5
[2026-10-07T17:51:41.128+0800][247.299s][info][gc,metaspace] GC(201) Metaspace: 156748K(158464K)->156748K(158464K) NonClass: 136608K(137472K)->136608K(137472K) Class: 20140K(20992K)->20140K(20992K)
[2026-10-07T17:51:41.128+0800][247.299s][info][gc          ] GC(201) Pause Young (Normal) (G1 Evacuation Pause) 575M->267M(715M) 24.756ms
[2026-10-07T17:51:41.128+0800][247.299s][info][gc,cpu      ] GC(201) User=0.04s Sys=0.07s Real=0.02s
[2026-10-07T17:51:41.128+0800][247.299s][info][safepoint   ] Safepoint "G1CollectForAllocation", Time since last: 155453416 ns, Reaching safepoint: 20584 ns, At safepoint: 24856708 ns, Total: 24877292 ns
[2026-10-07T17:51:42.208+0800][248.379s][info][safepoint   ] Safepoint "Cleanup", Time since last: 1077081750 ns, Reaching safepoint: 3329375 ns, At safepoint: 82667 ns, Total: 3412042 ns
[2026-10-07T17:51:44.063+0800][250.234s][info][safepoint   ] Safepoint "Cleanup", Time since last: 1827174958 ns, Reaching safepoint: 27482292 ns, At safepoint: 495375 ns, Total: 27977667 ns
[2026-10-07T17:51:45.221+0800][251.392s][info][safepoint   ] Safepoint "Cleanup", Time since last: 1154459583 ns, Reaching safepoint: 2495875 ns, At safepoint: 462583 ns, Total: 2958458 ns
[2026-10-07T17:51:46.359+0800][252.531s][info][safepoint   ] Safepoint "Cleanup", Time since last: 1129345875 ns, Reaching safepoint: 9322959 ns, At safepoint: 166083 ns, Total: 9489042 ns
[2026-10-07T17:51:47.476+0800][253.648s][info][safepoint   ] Safepoint "Cleanup", Time since last: 1115968375 ns, Reaching safepoint: 1152375 ns, At safepoint: 20167 ns, Total: 1172542 ns
[2026-10-07T17:51:48.610+0800][254.781s][info][safepoint   ] Safepoint "Cleanup", Time since last: 1132342583 ns, Reaching safepoint: 1216000 ns, At safepoint: 4417 ns, Total: 1220417 ns
[2026-10-07T17:51:49.762+0800][255.933s][info][safepoint   ] Safepoint "Cleanup", Time since last: 1150388458 ns, Reaching safepoint: 1174125 ns, At safepoint: 3958 ns, Total: 1178083 ns
[2026-10-07T17:51:50.905+0800][257.077s][info][safepoint   ] Safepoint "Cleanup", Time since last: 1142495084 ns, Reaching safepoint: 1146083 ns, At safepoint: 12083 ns, Total: 1158166 ns
[2026-10-07T17:51:52.053+0800][258.224s][info][safepoint   ] Safepoint "Cleanup", Time since last: 1146948334 ns, Reaching safepoint: 813666 ns, At safepoint: 2375 ns, Total: 816041 ns
[2026-10-07T17:51:52.344+0800][258.515s][info][gc,start    ] GC(202) Pause Young (Normal) (G1 Evacuation Pause)
[2026-10-07T17:51:52.344+0800][258.516s][info][gc,task     ] GC(202) Using 9 workers of 9 for evacuation
[2026-10-07T17:51:52.473+0800][258.644s][info][gc,phases   ] GC(202)   Pre Evacuate Collection Set: 0.2ms
[2026-10-07T17:51:52.473+0800][258.644s][info][gc,phases   ] GC(202)   Merge Heap Roots: 0.4ms
[2026-10-07T17:51:52.473+0800][258.644s][info][gc,phases   ] GC(202)   Evacuate Collection Set: 121.7ms
[2026-10-07T17:51:52.473+0800][258.644s][info][gc,phases   ] GC(202)   Post Evacuate Collection Set: 6.1ms
[2026-10-07T17:51:52.473+0800][258.644s][info][gc,phases   ] GC(202)   Other: 1.0ms
[2026-10-07T17:51:52.473+0800][258.644s][info][gc,heap     ] GC(202) Eden regions: 326->0(345)
[2026-10-07T17:51:52.473+0800][258.645s][info][gc,heap     ] GC(202) Survivor regions: 22->20(44)
[2026-10-07T17:51:52.473+0800][258.645s][info][gc,heap     ] GC(202) Old regions: 240->240
[2026-10-07T17:51:52.473+0800][258.645s][info][gc,heap     ] GC(202) Archive regions: 2->2
[2026-10-07T17:51:52.473+0800][258.645s][info][gc,heap     ] GC(202) Humongous regions: 5->5
[2026-10-07T17:51:52.473+0800][258.645s][info][gc,metaspace] GC(202) Metaspace: 157172K(158848K)->157172K(158848K) NonClass: 137026K(137856K)->137026K(137856K) Class: 20146K(20992K)->20146K(20992K)
[2026-10-07T17:51:52.473+0800][258.645s][info][gc          ] GC(202) Pause Young (Normal) (G1 Evacuation Pause) 593M->265M(715M) 129.173ms
[2026-10-07T17:51:52.473+0800][258.645s][info][gc,cpu      ] GC(202) User=0.05s Sys=0.17s Real=0.13s
[2026-10-07T17:51:52.473+0800][258.645s][info][safepoint   ] Safepoint "G1CollectForAllocation", Time since last: 290229625 ns, Reaching safepoint: 69792 ns, At safepoint: 129949875 ns, Total: 130019667 ns
[2026-10-07T17:51:54.358+0800][260.530s][info][safepoint   ] Safepoint "Cleanup", Time since last: 1881509250 ns, Reaching safepoint: 3173250 ns, At safepoint: 289875 ns, Total: 3463125 ns
[2026-10-07T17:51:54.907+0800][261.078s][info][gc,start    ] GC(203) Pause Young (Normal) (G1 Evacuation Pause)
[2026-10-07T17:51:54.907+0800][261.078s][info][gc,task     ] GC(203) Using 9 workers of 9 for evacuation
[2026-10-07T17:51:55.012+0800][261.184s][info][gc,phases   ] GC(203)   Pre Evacuate Collection Set: 0.5ms
[2026-10-07T17:51:55.012+0800][261.184s][info][gc,phases   ] GC(203)   Merge Heap Roots: 0.9ms
[2026-10-07T17:51:55.012+0800][261.184s][info][gc,phases   ] GC(203)   Evacuate Collection Set: 102.5ms
[2026-10-07T17:51:55.012+0800][261.184s][info][gc,phases   ] GC(203)   Post Evacuate Collection Set: 1.5ms
[2026-10-07T17:51:55.012+0800][261.184s][info][gc,phases   ] GC(203)   Other: 0.3ms
[2026-10-07T17:51:55.012+0800][261.184s][info][gc,heap     ] GC(203) Eden regions: 345->0(332)
[2026-10-07T17:51:55.012+0800][261.184s][info][gc,heap     ] GC(203) Survivor regions: 20->32(46)
[2026-10-07T17:51:55.012+0800][261.184s][info][gc,heap     ] GC(203) Old regions: 240->240
[2026-10-07T17:51:55.012+0800][261.184s][info][gc,heap     ] GC(203) Archive regions: 2->2
[2026-10-07T17:51:55.012+0800][261.184s][info][gc,heap     ] GC(203) Humongous regions: 5->5
[2026-10-07T17:51:55.012+0800][261.184s][info][gc,metaspace] GC(203) Metaspace: 157192K(158912K)->157192K(158912K) NonClass: 137045K(137920K)->137045K(137920K) Class: 20147K(20992K)->20147K(20992K)
[2026-10-07T17:51:55.013+0800][261.184s][info][gc          ] GC(203) Pause Young (Normal) (G1 Evacuation Pause) 610M->277M(715M) 105.694ms
[2026-10-07T17:51:55.013+0800][261.184s][info][gc,cpu      ] GC(203) User=0.06s Sys=0.19s Real=0.11s
[2026-10-07T17:51:55.013+0800][261.184s][info][safepoint   ] Safepoint "G1CollectForAllocation", Time since last: 548493875 ns, Reaching safepoint: 211292 ns, At safepoint: 105819083 ns, Total: 106030375 ns
[2026-10-07T17:51:56.033+0800][262.205s][info][gc,start    ] GC(204) Pause Young (Normal) (G1 Evacuation Pause)
[2026-10-07T17:51:56.034+0800][262.205s][info][gc,task     ] GC(204) Using 9 workers of 9 for evacuation
[2026-10-07T17:51:56.107+0800][262.278s][info][gc,phases   ] GC(204)   Pre Evacuate Collection Set: 0.1ms
[2026-10-07T17:51:56.107+0800][262.278s][info][gc,phases   ] GC(204)   Merge Heap Roots: 0.1ms
[2026-10-07T17:51:56.107+0800][262.278s][info][gc,phases   ] GC(204)   Evacuate Collection Set: 66.3ms
[2026-10-07T17:51:56.107+0800][262.278s][info][gc,phases   ] GC(204)   Post Evacuate Collection Set: 6.5ms
[2026-10-07T17:51:56.107+0800][262.278s][info][gc,phases   ] GC(204)   Other: 0.1ms
[2026-10-07T17:51:56.107+0800][262.278s][info][gc,heap     ] GC(204) Eden regions: 332->0(313)
[2026-10-07T17:51:56.107+0800][262.278s][info][gc,heap     ] GC(204) Survivor regions: 32->33(46)
[2026-10-07T17:51:56.107+0800][262.278s][info][gc,heap     ] GC(204) Old regions: 240->247
[2026-10-07T17:51:56.107+0800][262.278s][info][gc,heap     ] GC(204) Archive regions: 2->2
[2026-10-07T17:51:56.107+0800][262.278s][info][gc,heap     ] GC(204) Humongous regions: 5->5
[2026-10-07T17:51:56.107+0800][262.278s][info][gc,metaspace] GC(204) Metaspace: 157306K(159040K)->157306K(159040K) NonClass: 137153K(137984K)->137153K(137984K) Class: 20153K(21056K)->20153K(21056K)
[2026-10-07T17:51:56.107+0800][262.278s][info][gc          ] GC(204) Pause Young (Normal) (G1 Evacuation Pause) 609M->285M(715M) 73.209ms
[2026-10-07T17:51:56.107+0800][262.278s][info][gc,cpu      ] GC(204) User=0.07s Sys=0.09s Real=0.07s
[2026-10-07T17:51:56.107+0800][262.278s][info][safepoint   ] Safepoint "G1CollectForAllocation", Time since last: 1020737625 ns, Reaching safepoint: 123958 ns, At safepoint: 73351917 ns, Total: 73475875 ns
[2026-10-07T17:51:57.215+0800][263.387s][info][safepoint   ] Safepoint "Cleanup", Time since last: 1093080958 ns, Reaching safepoint: 14772209 ns, At safepoint: 310833 ns, Total: 15083042 ns
[2026-10-07T17:51:58.366+0800][264.537s][info][safepoint   ] Safepoint "Cleanup", Time since last: 1150270625 ns, Reaching safepoint: 347708 ns, At safepoint: 317792 ns, Total: 665500 ns
[2026-10-07T17:52:00.659+0800][266.831s][info][safepoint   ] Safepoint "Cleanup", Time since last: 2293292583 ns, Reaching safepoint: 101209 ns, At safepoint: 916 ns, Total: 102125 ns
[2026-10-07T17:52:06.333+0800][272.505s][info][safepoint   ] Safepoint "Cleanup", Time since last: 5669826042 ns, Reaching safepoint: 3461125 ns, At safepoint: 390833 ns, Total: 3851958 ns
[2026-10-07T17:52:07.481+0800][273.653s][info][safepoint   ] Safepoint "Cleanup", Time since last: 1129406167 ns, Reaching safepoint: 18776708 ns, At safepoint: 21667 ns, Total: 18798375 ns
[2026-10-07T17:52:08.945+0800][275.117s][info][safepoint   ] Safepoint "Cleanup", Time since last: 1463591167 ns, Reaching safepoint: 475500 ns, At safepoint: 17958 ns, Total: 493458 ns
[2026-10-07T17:52:11.206+0800][277.378s][info][safepoint   ] Safepoint "Cleanup", Time since last: 2261094542 ns, Reaching safepoint: 355208 ns, At safepoint: 56917 ns, Total: 412125 ns
[2026-10-07T17:52:13.230+0800][279.402s][info][safepoint   ] Safepoint "Cleanup", Time since last: 2005333458 ns, Reaching safepoint: 18164583 ns, At safepoint: 17042 ns, Total: 18181625 ns
[2026-10-07T17:52:13.762+0800][279.934s][info][gc,start    ] GC(205) Pause Young (Normal) (G1 Evacuation Pause)
[2026-10-07T17:52:13.763+0800][279.935s][info][gc,task     ] GC(205) Using 9 workers of 9 for evacuation
[2026-10-07T17:52:14.074+0800][280.246s][info][gc,mmu      ] GC(205) MMU target violated: 201.0ms (200.0ms/201.0ms)
[2026-10-07T17:52:14.074+0800][280.246s][info][gc,phases   ] GC(205)   Pre Evacuate Collection Set: 4.2ms
[2026-10-07T17:52:14.074+0800][280.246s][info][gc,phases   ] GC(205)   Merge Heap Roots: 2.1ms
[2026-10-07T17:52:14.074+0800][280.246s][info][gc,phases   ] GC(205)   Evacuate Collection Set: 299.2ms
[2026-10-07T17:52:14.074+0800][280.246s][info][gc,phases   ] GC(205)   Post Evacuate Collection Set: 3.3ms
[2026-10-07T17:52:14.074+0800][280.246s][info][gc,phases   ] GC(205)   Other: 4.1ms
[2026-10-07T17:52:14.074+0800][280.246s][info][gc,heap     ] GC(205) Eden regions: 313->0(207)
[2026-10-07T17:52:14.074+0800][280.246s][info][gc,heap     ] GC(205) Survivor regions: 33->21(44)
[2026-10-07T17:52:14.074+0800][280.246s][info][gc,heap     ] GC(205) Old regions: 247->256
[2026-10-07T17:52:14.074+0800][280.246s][info][gc,heap     ] GC(205) Archive regions: 2->2
[2026-10-07T17:52:14.074+0800][280.246s][info][gc,heap     ] GC(205) Humongous regions: 5->5
[2026-10-07T17:52:14.074+0800][280.246s][info][gc,metaspace] GC(205) Metaspace: 157332K(159104K)->157332K(159104K) NonClass: 137178K(138048K)->137178K(138048K) Class: 20153K(21056K)->20153K(21056K)
[2026-10-07T17:52:14.074+0800][280.246s][info][gc          ] GC(205) Pause Young (Normal) (G1 Evacuation Pause) 598M->282M(715M) 312.074ms
[2026-10-07T17:52:14.074+0800][280.246s][info][gc,cpu      ] GC(205) User=0.06s Sys=0.24s Real=0.31s
[2026-10-07T17:52:14.074+0800][280.246s][info][safepoint   ] Safepoint "G1CollectForAllocation", Time since last: 529694208 ns, Reaching safepoint: 682292 ns, At safepoint: 314003667 ns, Total: 314685959 ns
[2026-10-07T17:52:15.218+0800][281.390s][info][safepoint   ] Safepoint "Cleanup", Time since last: 1143486583 ns, Reaching safepoint: 240375 ns, At safepoint: 6417 ns, Total: 246792 ns
[2026-10-07T17:52:16.443+0800][282.615s][info][safepoint   ] Safepoint "Cleanup", Time since last: 1197953458 ns, Reaching safepoint: 26658917 ns, At safepoint: 77250 ns, Total: 26736167 ns
[2026-10-07T17:52:19.062+0800][285.234s][info][safepoint   ] Safepoint "Cleanup", Time since last: 2616716708 ns, Reaching safepoint: 1580417 ns, At safepoint: 596375 ns, Total: 2176792 ns
[2026-10-07T17:52:20.194+0800][286.366s][info][gc,start    ] GC(206) Pause Young (Normal) (G1 Evacuation Pause)
[2026-10-07T17:52:20.194+0800][286.366s][info][gc,task     ] GC(206) Using 9 workers of 9 for evacuation
[2026-10-07T17:52:20.296+0800][286.468s][info][gc,phases   ] GC(206)   Pre Evacuate Collection Set: 0.2ms
[2026-10-07T17:52:20.296+0800][286.468s][info][gc,phases   ] GC(206)   Merge Heap Roots: 0.1ms
[2026-10-07T17:52:20.296+0800][286.468s][info][gc,phases   ] GC(206)   Evacuate Collection Set: 96.1ms
[2026-10-07T17:52:20.296+0800][286.468s][info][gc,phases   ] GC(206)   Post Evacuate Collection Set: 4.9ms
[2026-10-07T17:52:20.296+0800][286.468s][info][gc,phases   ] GC(206)   Other: 0.2ms
[2026-10-07T17:52:20.296+0800][286.468s][info][gc,heap     ] GC(206) Eden regions: 207->0(238)
[2026-10-07T17:52:20.296+0800][286.468s][info][gc,heap     ] GC(206) Survivor regions: 21->22(29)
[2026-10-07T17:52:20.296+0800][286.468s][info][gc,heap     ] GC(206) Old regions: 256->261
[2026-10-07T17:52:20.296+0800][286.468s][info][gc,heap     ] GC(206) Archive regions: 2->2
[2026-10-07T17:52:20.296+0800][286.468s][info][gc,heap     ] GC(206) Humongous regions: 5->5
[2026-10-07T17:52:20.296+0800][286.468s][info][gc,metaspace] GC(206) Metaspace: 157362K(159104K)->157362K(159104K) NonClass: 137208K(138048K)->137208K(138048K) Class: 20153K(21056K)->20153K(21056K)
[2026-10-07T17:52:20.296+0800][286.468s][info][gc          ] GC(206) Pause Young (Normal) (G1 Evacuation Pause) 489M->288M(715M) 101.864ms
[2026-10-07T17:52:20.296+0800][286.468s][info][gc,cpu      ] GC(206) User=0.04s Sys=0.11s Real=0.10s
[2026-10-07T17:52:20.296+0800][286.469s][info][safepoint   ] Safepoint "G1CollectForAllocation", Time since last: 1132543500 ns, Reaching safepoint: 91375 ns, At safepoint: 102320250 ns, Total: 102411625 ns
[2026-10-07T17:52:21.476+0800][287.648s][info][safepoint   ] Safepoint "Cleanup", Time since last: 1146958083 ns, Reaching safepoint: 32267708 ns, At safepoint: 39375 ns, Total: 32307083 ns
[2026-10-07T17:52:24.719+0800][290.891s][info][safepoint   ] Safepoint "Cleanup", Time since last: 3215250792 ns, Reaching safepoint: 27333167 ns, At safepoint: 1132416 ns, Total: 28465583 ns
[2026-10-07T17:52:25.465+0800][291.638s][info][gc,start    ] GC(207) Pause Young (Normal) (G1 Evacuation Pause)
[2026-10-07T17:52:25.465+0800][291.638s][info][gc,task     ] GC(207) Using 9 workers of 9 for evacuation
[2026-10-07T17:52:25.532+0800][291.704s][info][gc,phases   ] GC(207)   Pre Evacuate Collection Set: 0.9ms
[2026-10-07T17:52:25.532+0800][291.704s][info][gc,phases   ] GC(207)   Merge Heap Roots: 0.1ms
[2026-10-07T17:52:25.532+0800][291.704s][info][gc,phases   ] GC(207)   Evacuate Collection Set: 62.3ms
[2026-10-07T17:52:25.532+0800][291.704s][info][gc,phases   ] GC(207)   Post Evacuate Collection Set: 2.6ms
[2026-10-07T17:52:25.532+0800][291.704s][info][gc,phases   ] GC(207)   Other: 0.8ms
[2026-10-07T17:52:25.532+0800][291.704s][info][gc,heap     ] GC(207) Eden regions: 238->0(309)
[2026-10-07T17:52:25.532+0800][291.704s][info][gc,heap     ] GC(207) Survivor regions: 22->16(33)
[2026-10-07T17:52:25.532+0800][291.704s][info][gc,heap     ] GC(207) Old regions: 261->276
[2026-10-07T17:52:25.532+0800][291.704s][info][gc,heap     ] GC(207) Archive regions: 2->2
[2026-10-07T17:52:25.532+0800][291.704s][info][gc,heap     ] GC(207) Humongous regions: 5->5
[2026-10-07T17:52:25.532+0800][291.705s][info][gc,metaspace] GC(207) Metaspace: 157476K(159232K)->157476K(159232K) NonClass: 137316K(138176K)->137316K(138176K) Class: 20159K(21056K)->20159K(21056K)
[2026-10-07T17:52:25.532+0800][291.705s][info][gc          ] GC(207) Pause Young (Normal) (G1 Evacuation Pause) 526M->296M(715M) 66.804ms
[2026-10-07T17:52:25.532+0800][291.705s][info][gc,cpu      ] GC(207) User=0.06s Sys=0.14s Real=0.07s
[2026-10-07T17:52:25.532+0800][291.705s][info][safepoint   ] Safepoint "G1CollectForAllocation", Time since last: 745970584 ns, Reaching safepoint: 218083 ns, At safepoint: 66939292 ns, Total: 67157375 ns
[2026-10-07T17:52:26.617+0800][292.789s][info][safepoint   ] Safepoint "Cleanup", Time since last: 1082041000 ns, Reaching safepoint: 2479916 ns, At safepoint: 282542 ns, Total: 2762458 ns
[2026-10-07T17:52:27.767+0800][293.939s][info][safepoint   ] Safepoint "Cleanup", Time since last: 1149575292 ns, Reaching safepoint: 399916 ns, At safepoint: 4417 ns, Total: 404333 ns
[2026-10-07T17:52:29.094+0800][295.266s][info][safepoint   ] Safepoint "Cleanup", Time since last: 1326405042 ns, Reaching safepoint: 300541 ns, At safepoint: 80917 ns, Total: 381458 ns
[2026-10-07T17:52:30.041+0800][296.213s][info][gc,start    ] GC(208) Pause Young (Normal) (G1 Evacuation Pause)
[2026-10-07T17:52:30.041+0800][296.213s][info][gc,task     ] GC(208) Using 9 workers of 9 for evacuation
[2026-10-07T17:52:30.089+0800][296.261s][info][gc,phases   ] GC(208)   Pre Evacuate Collection Set: 0.2ms
[2026-10-07T17:52:30.089+0800][296.261s][info][gc,phases   ] GC(208)   Merge Heap Roots: 0.2ms
[2026-10-07T17:52:30.089+0800][296.261s][info][gc,phases   ] GC(208)   Evacuate Collection Set: 45.4ms
[2026-10-07T17:52:30.089+0800][296.261s][info][gc,phases   ] GC(208)   Post Evacuate Collection Set: 2.0ms
[2026-10-07T17:52:30.089+0800][296.261s][info][gc,phases   ] GC(208)   Other: 0.3ms
[2026-10-07T17:52:30.089+0800][296.261s][info][gc,heap     ] GC(208) Eden regions: 309->0(311)
[2026-10-07T17:52:30.089+0800][296.261s][info][gc,heap     ] GC(208) Survivor regions: 16->14(41)
[2026-10-07T17:52:30.089+0800][296.261s][info][gc,heap     ] GC(208) Old regions: 276->276
[2026-10-07T17:52:30.089+0800][296.261s][info][gc,heap     ] GC(208) Archive regions: 2->2
[2026-10-07T17:52:30.089+0800][296.261s][info][gc,heap     ] GC(208) Humongous regions: 5->5
[2026-10-07T17:52:30.089+0800][296.261s][info][gc,metaspace] GC(208) Metaspace: 157527K(159232K)->157527K(159232K) NonClass: 137367K(138176K)->137367K(138176K) Class: 20160K(21056K)->20160K(21056K)
[2026-10-07T17:52:30.089+0800][296.261s][info][gc          ] GC(208) Pause Young (Normal) (G1 Evacuation Pause) 605M->295M(715M) 48.211ms
[2026-10-07T17:52:30.089+0800][296.261s][info][gc,cpu      ] GC(208) User=0.04s Sys=0.13s Real=0.04s
[2026-10-07T17:52:30.089+0800][296.262s][info][safepoint   ] Safepoint "G1CollectForAllocation", Time since last: 946900042 ns, Reaching safepoint: 102250 ns, At safepoint: 48310375 ns, Total: 48412625 ns
[2026-10-07T17:52:31.216+0800][297.389s][info][safepoint   ] Safepoint "Cleanup", Time since last: 1127100166 ns, Reaching safepoint: 142750 ns, At safepoint: 6750 ns, Total: 149500 ns
[2026-10-07T17:52:32.114+0800][298.287s][info][gc,start    ] GC(209) Pause Young (Normal) (G1 Evacuation Pause)
[2026-10-07T17:52:32.114+0800][298.287s][info][gc,task     ] GC(209) Using 9 workers of 9 for evacuation
[2026-10-07T17:52:32.164+0800][298.337s][info][gc,phases   ] GC(209)   Pre Evacuate Collection Set: 0.2ms
[2026-10-07T17:52:32.164+0800][298.337s][info][gc,phases   ] GC(209)   Merge Heap Roots: 0.1ms
[2026-10-07T17:52:32.164+0800][298.337s][info][gc,phases   ] GC(209)   Evacuate Collection Set: 45.5ms
[2026-10-07T17:52:32.164+0800][298.337s][info][gc,phases   ] GC(209)   Post Evacuate Collection Set: 4.4ms
[2026-10-07T17:52:32.164+0800][298.337s][info][gc,phases   ] GC(209)   Other: 0.1ms
[2026-10-07T17:52:32.164+0800][298.337s][info][gc,heap     ] GC(209) Eden regions: 311->0(303)
[2026-10-07T17:52:32.164+0800][298.337s][info][gc,heap     ] GC(209) Survivor regions: 14->24(41)
[2026-10-07T17:52:32.164+0800][298.337s][info][gc,heap     ] GC(209) Old regions: 276->276
[2026-10-07T17:52:32.164+0800][298.337s][info][gc,heap     ] GC(209) Archive regions: 2->2
[2026-10-07T17:52:32.164+0800][298.337s][info][gc,heap     ] GC(209) Humongous regions: 5->5
[2026-10-07T17:52:32.164+0800][298.337s][info][gc,metaspace] GC(209) Metaspace: 157562K(159296K)->157562K(159296K) NonClass: 137400K(138240K)->137400K(138240K) Class: 20161K(21056K)->20161K(21056K)
[2026-10-07T17:52:32.164+0800][298.337s][info][gc          ] GC(209) Pause Young (Normal) (G1 Evacuation Pause) 606M->304M(715M) 50.379ms
[2026-10-07T17:52:32.164+0800][298.337s][info][gc,cpu      ] GC(209) User=0.05s Sys=0.08s Real=0.05s
[2026-10-07T17:52:32.165+0800][298.337s][info][safepoint   ] Safepoint "G1CollectForAllocation", Time since last: 897663209 ns, Reaching safepoint: 112583 ns, At safepoint: 50765500 ns, Total: 50878083 ns
[2026-10-07T17:52:32.925+0800][299.097s][info][gc,start    ] GC(210) Pause Young (Normal) (G1 Evacuation Pause)
[2026-10-07T17:52:32.925+0800][299.098s][info][gc,task     ] GC(210) Using 9 workers of 9 for evacuation
[2026-10-07T17:52:32.977+0800][299.150s][info][gc,phases   ] GC(210)   Pre Evacuate Collection Set: 0.1ms
[2026-10-07T17:52:32.977+0800][299.150s][info][gc,phases   ] GC(210)   Merge Heap Roots: 0.1ms
[2026-10-07T17:52:32.977+0800][299.150s][info][gc,phases   ] GC(210)   Evacuate Collection Set: 48.8ms
[2026-10-07T17:52:32.977+0800][299.150s][info][gc,phases   ] GC(210)   Post Evacuate Collection Set: 2.8ms
[2026-10-07T17:52:32.977+0800][299.150s][info][gc,phases   ] GC(210)   Other: 0.2ms
[2026-10-07T17:52:32.977+0800][299.150s][info][gc,heap     ] GC(210) Eden regions: 303->0(296)
[2026-10-07T17:52:32.977+0800][299.150s][info][gc,heap     ] GC(210) Survivor regions: 24->29(41)
[2026-10-07T17:52:32.977+0800][299.150s][info][gc,heap     ] GC(210) Old regions: 276->280
[2026-10-07T17:52:32.977+0800][299.150s][info][gc,heap     ] GC(210) Archive regions: 2->2
[2026-10-07T17:52:32.977+0800][299.150s][info][gc,heap     ] GC(210) Humongous regions: 5->5
[2026-10-07T17:52:32.977+0800][299.150s][info][gc,metaspace] GC(210) Metaspace: 157677K(159424K)->157677K(159424K) NonClass: 137510K(138368K)->137510K(138368K) Class: 20167K(21056K)->20167K(21056K)
[2026-10-07T17:52:32.977+0800][299.150s][info][gc          ] GC(210) Pause Young (Normal) (G1 Evacuation Pause) 607M->314M(715M) 52.175ms
[2026-10-07T17:52:32.977+0800][299.150s][info][gc,cpu      ] GC(210) User=0.05s Sys=0.08s Real=0.05s
[2026-10-07T17:52:32.977+0800][299.150s][info][safepoint   ] Safepoint "G1CollectForAllocation", Time since last: 760080125 ns, Reaching safepoint: 92250 ns, At safepoint: 52315292 ns, Total: 52407542 ns
[2026-10-07T17:52:34.121+0800][300.293s][info][safepoint   ] Safepoint "Cleanup", Time since last: 1142569250 ns, Reaching safepoint: 708708 ns, At safepoint: 21417 ns, Total: 730125 ns
[2026-10-07T17:52:36.054+0800][302.226s][info][safepoint   ] Safepoint "Cleanup", Time since last: 1932906791 ns, Reaching safepoint: 184625 ns, At safepoint: 4709 ns, Total: 189334 ns
[2026-10-07T17:52:36.218+0800][302.390s][info][gc,start    ] GC(211) Pause Young (Normal) (G1 Evacuation Pause)
[2026-10-07T17:52:36.218+0800][302.390s][info][gc,task     ] GC(211) Using 9 workers of 9 for evacuation
[2026-10-07T17:52:36.505+0800][302.677s][info][gc,mmu      ] GC(211) MMU target violated: 201.0ms (200.0ms/201.0ms)
[2026-10-07T17:52:36.505+0800][302.678s][info][gc,phases   ] GC(211)   Pre Evacuate Collection Set: 0.2ms
[2026-10-07T17:52:36.505+0800][302.678s][info][gc,phases   ] GC(211)   Merge Heap Roots: 0.3ms
[2026-10-07T17:52:36.505+0800][302.678s][info][gc,phases   ] GC(211)   Evacuate Collection Set: 266.9ms
[2026-10-07T17:52:36.505+0800][302.678s][info][gc,phases   ] GC(211)   Post Evacuate Collection Set: 8.4ms
[2026-10-07T17:52:36.505+0800][302.678s][info][gc,phases   ] GC(211)   Other: 11.5ms
[2026-10-07T17:52:36.505+0800][302.678s][info][gc,heap     ] GC(211) Eden regions: 296->0(242)
[2026-10-07T17:52:36.505+0800][302.678s][info][gc,heap     ] GC(211) Survivor regions: 29->18(41)
[2026-10-07T17:52:36.505+0800][302.678s][info][gc,heap     ] GC(211) Old regions: 280->286
[2026-10-07T17:52:36.506+0800][302.678s][info][gc,heap     ] GC(211) Archive regions: 2->2
[2026-10-07T17:52:36.506+0800][302.678s][info][gc,heap     ] GC(211) Humongous regions: 5->5
[2026-10-07T17:52:36.506+0800][302.678s][info][gc,metaspace] GC(211) Metaspace: 157800K(159488K)->157800K(159488K) NonClass: 137621K(138432K)->137621K(138432K) Class: 20179K(21056K)->20179K(21056K)
[2026-10-07T17:52:36.507+0800][302.680s][info][gc          ] GC(211) Pause Young (Normal) (G1 Evacuation Pause) 610M->309M(715M) 288.927ms
[2026-10-07T17:52:36.507+0800][302.680s][info][gc,cpu      ] GC(211) User=0.04s Sys=0.14s Real=0.29s
[2026-10-07T17:52:36.510+0800][302.682s][info][safepoint   ] Safepoint "G1CollectForAllocation", Time since last: 164191333 ns, Reaching safepoint: 39833 ns, At safepoint: 291703042 ns, Total: 291742875 ns
[2026-10-07T17:52:38.160+0800][304.332s][info][safepoint   ] Safepoint "Cleanup", Time since last: 1649058875 ns, Reaching safepoint: 1033625 ns, At safepoint: 46625 ns, Total: 1080250 ns
[2026-10-07T17:52:39.308+0800][305.481s][info][safepoint   ] Safepoint "Cleanup", Time since last: 1148313958 ns, Reaching safepoint: 427667 ns, At safepoint: 3083 ns, Total: 430750 ns
[2026-10-07T17:52:40.324+0800][306.496s][info][gc,start    ] GC(212) Pause Young (Normal) (G1 Evacuation Pause)
[2026-10-07T17:52:40.324+0800][306.496s][info][gc,task     ] GC(212) Using 9 workers of 9 for evacuation
[2026-10-07T17:52:40.400+0800][306.573s][info][gc,phases   ] GC(212)   Pre Evacuate Collection Set: 1.1ms
[2026-10-07T17:52:40.400+0800][306.573s][info][gc,phases   ] GC(212)   Merge Heap Roots: 0.1ms
[2026-10-07T17:52:40.400+0800][306.573s][info][gc,phases   ] GC(212)   Evacuate Collection Set: 65.3ms
[2026-10-07T17:52:40.400+0800][306.573s][info][gc,phases   ] GC(212)   Post Evacuate Collection Set: 9.5ms
[2026-10-07T17:52:40.400+0800][306.573s][info][gc,phases   ] GC(212)   Other: 0.3ms
[2026-10-07T17:52:40.400+0800][306.573s][info][gc,heap     ] GC(212) Eden regions: 242->0(170)
[2026-10-07T17:52:40.400+0800][306.573s][info][gc,heap     ] GC(212) Survivor regions: 18->25(33)
[2026-10-07T17:52:40.400+0800][306.573s][info][gc,heap     ] GC(212) Old regions: 286->286
[2026-10-07T17:52:40.400+0800][306.573s][info][gc,heap     ] GC(212) Archive regions: 2->2
[2026-10-07T17:52:40.400+0800][306.573s][info][gc,heap     ] GC(212) Humongous regions: 5->5
[2026-10-07T17:52:40.400+0800][306.573s][info][gc,metaspace] GC(212) Metaspace: 158358K(160128K)->158358K(160128K) NonClass: 138141K(139008K)->138141K(139008K) Class: 20217K(21120K)->20217K(21120K)
[2026-10-07T17:52:40.400+0800][306.573s][info][gc          ] GC(212) Pause Young (Normal) (G1 Evacuation Pause) 551M->316M(715M) 76.363ms
[2026-10-07T17:52:40.400+0800][306.573s][info][gc,cpu      ] GC(212) User=0.05s Sys=0.14s Real=0.08s
[2026-10-07T17:52:40.400+0800][306.573s][info][safepoint   ] Safepoint "G1CollectForAllocation", Time since last: 1014921417 ns, Reaching safepoint: 420000 ns, At safepoint: 76564458 ns, Total: 76984458 ns
[2026-10-07T17:52:40.860+0800][307.033s][info][gc,start    ] GC(213) Pause Young (Normal) (G1 Evacuation Pause)
[2026-10-07T17:52:40.864+0800][307.036s][info][gc,task     ] GC(213) Using 9 workers of 9 for evacuation
[2026-10-07T17:52:40.963+0800][307.136s][info][gc,phases   ] GC(213)   Pre Evacuate Collection Set: 0.1ms
[2026-10-07T17:52:40.963+0800][307.136s][info][gc,phases   ] GC(213)   Merge Heap Roots: 0.0ms
[2026-10-07T17:52:40.963+0800][307.136s][info][gc,phases   ] GC(213)   Evacuate Collection Set: 87.6ms
[2026-10-07T17:52:40.964+0800][307.136s][info][gc,phases   ] GC(213)   Post Evacuate Collection Set: 1.4ms
[2026-10-07T17:52:40.964+0800][307.136s][info][gc,phases   ] GC(213)   Other: 14.2ms
[2026-10-07T17:52:40.964+0800][307.136s][info][gc,heap     ] GC(213) Eden regions: 170->0(284)
[2026-10-07T17:52:40.964+0800][307.136s][info][gc,heap     ] GC(213) Survivor regions: 25->17(25)
[2026-10-07T17:52:40.964+0800][307.136s][info][gc,heap     ] GC(213) Old regions: 286->301
[2026-10-07T17:52:40.964+0800][307.136s][info][gc,heap     ] GC(213) Archive regions: 2->2
[2026-10-07T17:52:40.964+0800][307.136s][info][gc,heap     ] GC(213) Humongous regions: 5->5
[2026-10-07T17:52:40.964+0800][307.136s][info][gc,metaspace] GC(213) Metaspace: 158571K(160384K)->158571K(160384K) NonClass: 138319K(139200K)->138319K(139200K) Class: 20252K(21184K)->20252K(21184K)
[2026-10-07T17:52:40.964+0800][307.136s][info][gc          ] GC(213) Pause Young (Normal) (G1 Evacuation Pause) 486M->323M(715M) 103.579ms
[2026-10-07T17:52:40.964+0800][307.136s][info][gc,cpu      ] GC(213) User=0.04s Sys=0.04s Real=0.10s
[2026-10-07T17:52:40.964+0800][307.137s][info][safepoint   ] Safepoint "G1CollectForAllocation", Time since last: 459757417 ns, Reaching safepoint: 53208 ns, At safepoint: 103814459 ns, Total: 103867667 ns
[2026-10-07T17:52:42.066+0800][308.238s][info][safepoint   ] Safepoint "Cleanup", Time since last: 1101510208 ns, Reaching safepoint: 187833 ns, At safepoint: 11375 ns, Total: 199208 ns
[2026-10-07T17:52:42.351+0800][308.524s][info][gc,start    ] GC(214) Pause Young (Normal) (G1 Evacuation Pause)
[2026-10-07T17:52:42.351+0800][308.524s][info][gc,task     ] GC(214) Using 9 workers of 9 for evacuation
[2026-10-07T17:52:42.465+0800][308.637s][info][gc,phases   ] GC(214)   Pre Evacuate Collection Set: 0.2ms
[2026-10-07T17:52:42.465+0800][308.637s][info][gc,phases   ] GC(214)   Merge Heap Roots: 1.4ms
[2026-10-07T17:52:42.465+0800][308.637s][info][gc,phases   ] GC(214)   Evacuate Collection Set: 106.6ms
[2026-10-07T17:52:42.465+0800][308.637s][info][gc,phases   ] GC(214)   Post Evacuate Collection Set: 4.9ms
[2026-10-07T17:52:42.465+0800][308.637s][info][gc,phases   ] GC(214)   Other: 0.2ms
[2026-10-07T17:52:42.465+0800][308.638s][info][gc,heap     ] GC(214) Eden regions: 284->0(283)
[2026-10-07T17:52:42.465+0800][308.638s][info][gc,heap     ] GC(214) Survivor regions: 17->22(38)
[2026-10-07T17:52:42.465+0800][308.638s][info][gc,heap     ] GC(214) Old regions: 301->301
[2026-10-07T17:52:42.465+0800][308.638s][info][gc,heap     ] GC(214) Archive regions: 2->2
[2026-10-07T17:52:42.465+0800][308.638s][info][gc,heap     ] GC(214) Humongous regions: 5->5
[2026-10-07T17:52:42.465+0800][308.638s][info][gc,metaspace] GC(214) Metaspace: 159179K(161152K)->159179K(161152K) NonClass: 138837K(139776K)->138837K(139776K) Class: 20341K(21376K)->20341K(21376K)
[2026-10-07T17:52:42.465+0800][308.638s][info][gc          ] GC(214) Pause Young (Normal) (G1 Evacuation Pause) 607M->328M(715M) 113.552ms
[2026-10-07T17:52:42.465+0800][308.638s][info][gc,cpu      ] GC(214) User=0.05s Sys=0.08s Real=0.11s
[2026-10-07T17:52:42.465+0800][308.638s][info][safepoint   ] Safepoint "G1CollectForAllocation", Time since last: 285674084 ns, Reaching safepoint: 98916 ns, At safepoint: 113890750 ns, Total: 113989666 ns
[2026-10-07T17:52:43.613+0800][309.786s][info][safepoint   ] Safepoint "Cleanup", Time since last: 1138628375 ns, Reaching safepoint: 9266000 ns, At safepoint: 11625 ns, Total: 9277625 ns
[2026-10-07T17:52:44.764+0800][310.937s][info][safepoint   ] Safepoint "Cleanup", Time since last: 1147748459 ns, Reaching safepoint: 3594500 ns, At safepoint: 13833 ns, Total: 3608333 ns
[2026-10-07T17:52:50.500+0800][316.673s][info][safepoint   ] Safepoint "Cleanup", Time since last: 5616298500 ns, Reaching safepoint: 104002875 ns, At safepoint: 4678292 ns, Total: 108681167 ns
[2026-10-07T17:52:53.930+0800][320.103s][info][safepoint   ] Safepoint "Cleanup", Time since last: 3440702333 ns, Reaching safepoint: 467458 ns, At safepoint: 5292 ns, Total: 472750 ns
[2026-10-07T17:52:54.952+0800][321.125s][info][safepoint   ] Safepoint "Cleanup", Time since last: 1019711292 ns, Reaching safepoint: 2356708 ns, At safepoint: 88042 ns, Total: 2444750 ns
[2026-10-07T17:52:56.099+0800][322.272s][info][safepoint   ] Safepoint "Cleanup", Time since last: 1141725166 ns, Reaching safepoint: 4438125 ns, At safepoint: 62792 ns, Total: 4500917 ns
[2026-10-07T17:52:57.250+0800][323.423s][info][safepoint   ] Safepoint "Cleanup", Time since last: 1151141833 ns, Reaching safepoint: 284250 ns, At safepoint: 78042 ns, Total: 362292 ns
[2026-10-07T17:52:58.397+0800][324.570s][info][safepoint   ] Safepoint "Cleanup", Time since last: 1140384833 ns, Reaching safepoint: 6009709 ns, At safepoint: 83125 ns, Total: 6092834 ns
[2026-10-07T17:52:59.579+0800][325.752s][info][safepoint   ] Safepoint "Cleanup", Time since last: 1142786333 ns, Reaching safepoint: 39376375 ns, At safepoint: 314167 ns, Total: 39690542 ns
[2026-10-07T17:53:00.732+0800][326.906s][info][safepoint   ] Safepoint "Cleanup", Time since last: 1147121416 ns, Reaching safepoint: 6250917 ns, At safepoint: 3583 ns, Total: 6254500 ns
[2026-10-07T17:53:14.525+0800][340.699s][info][safepoint   ] Safepoint "Cleanup", Time since last: 13502558625 ns, Reaching safepoint: 289607792 ns, At safepoint: 875458 ns, Total: 290483250 ns
[2026-10-07T17:53:16.846+0800][343.019s][info][safepoint   ] Safepoint "Cleanup", Time since last: 2293914292 ns, Reaching safepoint: 26810625 ns, At safepoint: 23125 ns, Total: 26833750 ns
[2026-10-07T17:53:19.135+0800][345.309s][info][safepoint   ] Safepoint "Cleanup", Time since last: 2287586208 ns, Reaching safepoint: 1582292 ns, At safepoint: 84375 ns, Total: 1666667 ns
[2026-10-07T17:53:20.291+0800][346.464s][info][safepoint   ] Safepoint "Cleanup", Time since last: 1127885958 ns, Reaching safepoint: 27781000 ns, At safepoint: 134250 ns, Total: 27915250 ns
[2026-10-07T17:53:26.362+0800][352.536s][info][safepoint   ] Safepoint "Cleanup", Time since last: 6000742834 ns, Reaching safepoint: 71056000 ns, At safepoint: 52375 ns, Total: 71108375 ns
[2026-10-07T17:53:27.918+0800][354.092s][info][safepoint   ] Safepoint "Cleanup", Time since last: 1081844625 ns, Reaching safepoint: 473241083 ns, At safepoint: 413375 ns, Total: 473654458 ns
[2026-10-07T17:53:29.946+0800][356.120s][info][safepoint   ] Safepoint "Cleanup", Time since last: 2025144500 ns, Reaching safepoint: 3115458 ns, At safepoint: 61584 ns, Total: 3177042 ns
[2026-10-07T17:53:30.355+0800][356.529s][info][gc,start    ] GC(215) Pause Young (Normal) (G1 Evacuation Pause)
[2026-10-07T17:53:30.355+0800][356.529s][info][gc,task     ] GC(215) Using 9 workers of 9 for evacuation
[2026-10-07T17:53:31.491+0800][357.665s][info][gc,mmu      ] GC(215) MMU target violated: 201.0ms (200.0ms/201.0ms)
[2026-10-07T17:53:31.493+0800][357.667s][info][gc,phases   ] GC(215)   Pre Evacuate Collection Set: 132.5ms
[2026-10-07T17:53:31.493+0800][357.667s][info][gc,phases   ] GC(215)   Merge Heap Roots: 67.4ms
[2026-10-07T17:53:31.493+0800][357.667s][info][gc,phases   ] GC(215)   Evacuate Collection Set: 746.4ms
[2026-10-07T17:53:31.493+0800][357.667s][info][gc,phases   ] GC(215)   Post Evacuate Collection Set: 72.1ms
[2026-10-07T17:53:31.493+0800][357.667s][info][gc,phases   ] GC(215)   Other: 121.3ms
[2026-10-07T17:53:31.493+0800][357.667s][info][gc,heap     ] GC(215) Eden regions: 283->0(17)
[2026-10-07T17:53:31.493+0800][357.667s][info][gc,heap     ] GC(215) Survivor regions: 22->18(39)
[2026-10-07T17:53:31.493+0800][357.667s][info][gc,heap     ] GC(215) Old regions: 301->306
[2026-10-07T17:53:31.493+0800][357.667s][info][gc,heap     ] GC(215) Archive regions: 2->2
[2026-10-07T17:53:31.493+0800][357.667s][info][gc,heap     ] GC(215) Humongous regions: 8->8
[2026-10-07T17:53:31.493+0800][357.667s][info][gc,metaspace] GC(215) Metaspace: 160215K(162432K)->160215K(162432K) NonClass: 139719K(140800K)->139719K(140800K) Class: 20495K(21632K)->20495K(21632K)
[2026-10-07T17:53:31.494+0800][357.668s][info][gc          ] GC(215) Pause Young (Normal) (G1 Evacuation Pause) 614M->332M(715M) 1138.810ms
[2026-10-07T17:53:31.494+0800][357.668s][info][gc,cpu      ] GC(215) User=0.08s Sys=0.29s Real=1.14s
[2026-10-07T17:53:31.501+0800][357.675s][info][safepoint   ] Safepoint "G1CollectForAllocation", Time since last: 404475208 ns, Reaching safepoint: 319917 ns, At safepoint: 1150286625 ns, Total: 1150606542 ns
[2026-10-07T17:53:32.643+0800][358.817s][info][safepoint   ] Safepoint "Cleanup", Time since last: 1140194250 ns, Reaching safepoint: 1787958 ns, At safepoint: 60625 ns, Total: 1848583 ns
[2026-10-07T17:53:32.779+0800][358.953s][info][gc,start    ] GC(216) Pause Young (Normal) (G1 Evacuation Pause)
[2026-10-07T17:53:32.779+0800][358.953s][info][gc,task     ] GC(216) Using 9 workers of 9 for evacuation
[2026-10-07T17:53:32.962+0800][359.136s][info][gc,phases   ] GC(216)   Pre Evacuate Collection Set: 1.6ms
[2026-10-07T17:53:32.962+0800][359.136s][info][gc,phases   ] GC(216)   Merge Heap Roots: 0.2ms
[2026-10-07T17:53:32.962+0800][359.136s][info][gc,phases   ] GC(216)   Evacuate Collection Set: 164.7ms
[2026-10-07T17:53:32.962+0800][359.136s][info][gc,phases   ] GC(216)   Post Evacuate Collection Set: 7.4ms
[2026-10-07T17:53:32.962+0800][359.136s][info][gc,phases   ] GC(216)   Other: 9.0ms
[2026-10-07T17:53:32.962+0800][359.136s][info][gc,heap     ] GC(216) Eden regions: 17->0(32)
[2026-10-07T17:53:32.962+0800][359.136s][info][gc,heap     ] GC(216) Survivor regions: 18->3(5)
[2026-10-07T17:53:32.962+0800][359.136s][info][gc,heap     ] GC(216) Old regions: 306->322
[2026-10-07T17:53:32.962+0800][359.136s][info][gc,heap     ] GC(216) Archive regions: 2->2
[2026-10-07T17:53:32.962+0800][359.136s][info][gc,heap     ] GC(216) Humongous regions: 8->8
[2026-10-07T17:53:32.962+0800][359.136s][info][gc,metaspace] GC(216) Metaspace: 160215K(162432K)->160215K(162432K) NonClass: 139719K(140800K)->139719K(140800K) Class: 20495K(21632K)->20495K(21632K)
[2026-10-07T17:53:32.962+0800][359.136s][info][gc          ] GC(216) Pause Young (Normal) (G1 Evacuation Pause) 349M->333M(715M) 183.060ms
[2026-10-07T17:53:32.962+0800][359.136s][info][gc,cpu      ] GC(216) User=0.03s Sys=0.08s Real=0.19s
[2026-10-07T17:53:32.962+0800][359.136s][info][safepoint   ] Safepoint "G1CollectForAllocation", Time since last: 134821125 ns, Reaching safepoint: 892250 ns, At safepoint: 183289042 ns, Total: 184181292 ns
[2026-10-07T17:53:34.105+0800][360.279s][info][safepoint   ] Safepoint "Cleanup", Time since last: 1132618375 ns, Reaching safepoint: 10420083 ns, At safepoint: 12750 ns, Total: 10432833 ns
[2026-10-07T17:53:36.150+0800][362.325s][info][safepoint   ] Safepoint "Cleanup", Time since last: 2044778417 ns, Reaching safepoint: 442041 ns, At safepoint: 53875 ns, Total: 495916 ns
[2026-10-07T17:53:36.160+0800][362.334s][info][gc,start    ] GC(217) Pause Young (Normal) (G1 Evacuation Pause)
[2026-10-07T17:53:36.160+0800][362.334s][info][gc,task     ] GC(217) Using 9 workers of 9 for evacuation
[2026-10-07T17:53:36.508+0800][362.682s][info][gc,mmu      ] GC(217) MMU target violated: 201.0ms (200.0ms/201.0ms)
[2026-10-07T17:53:36.508+0800][362.682s][info][gc,phases   ] GC(217)   Pre Evacuate Collection Set: 0.5ms
[2026-10-07T17:53:36.508+0800][362.682s][info][gc,phases   ] GC(217)   Merge Heap Roots: 0.3ms
[2026-10-07T17:53:36.508+0800][362.682s][info][gc,phases   ] GC(217)   Evacuate Collection Set: 106.3ms
[2026-10-07T17:53:36.508+0800][362.682s][info][gc,phases   ] GC(217)   Post Evacuate Collection Set: 240.8ms
[2026-10-07T17:53:36.508+0800][362.682s][info][gc,phases   ] GC(217)   Other: 0.3ms
[2026-10-07T17:53:36.508+0800][362.682s][info][gc,heap     ] GC(217) Eden regions: 32->0(32)
[2026-10-07T17:53:36.508+0800][362.682s][info][gc,heap     ] GC(217) Survivor regions: 3->3(5)
[2026-10-07T17:53:36.508+0800][362.682s][info][gc,heap     ] GC(217) Old regions: 322->322
[2026-10-07T17:53:36.508+0800][362.682s][info][gc,heap     ] GC(217) Archive regions: 2->2
[2026-10-07T17:53:36.508+0800][362.682s][info][gc,heap     ] GC(217) Humongous regions: 8->8
[2026-10-07T17:53:36.508+0800][362.682s][info][gc,metaspace] GC(217) Metaspace: 160220K(162432K)->160220K(162432K) NonClass: 139724K(140800K)->139724K(140800K) Class: 20495K(21632K)->20495K(21632K)
[2026-10-07T17:53:36.509+0800][362.683s][info][gc          ] GC(217) Pause Young (Normal) (G1 Evacuation Pause) 365M->333M(715M) 348.656ms
[2026-10-07T17:53:36.509+0800][362.683s][info][gc,cpu      ] GC(217) User=0.02s Sys=0.03s Real=0.34s
[2026-10-07T17:53:36.510+0800][362.684s][info][safepoint   ] Safepoint "G1CollectForAllocation", Time since last: 9392000 ns, Reaching safepoint: 38042 ns, At safepoint: 349788375 ns, Total: 349826417 ns
[2026-10-07T17:53:37.665+0800][363.839s][info][safepoint   ] Safepoint "Cleanup", Time since last: 1145734125 ns, Reaching safepoint: 9152375 ns, At safepoint: 73708 ns, Total: 9226083 ns
[2026-10-07T17:53:37.784+0800][363.958s][info][gc,start    ] GC(218) Pause Young (Normal) (G1 Evacuation Pause)
[2026-10-07T17:53:37.784+0800][363.958s][info][gc,task     ] GC(218) Using 9 workers of 9 for evacuation
[2026-10-07T17:53:37.805+0800][363.979s][info][gc,phases   ] GC(218)   Pre Evacuate Collection Set: 0.3ms
[2026-10-07T17:53:37.805+0800][363.979s][info][gc,phases   ] GC(218)   Merge Heap Roots: 0.1ms
[2026-10-07T17:53:37.805+0800][363.979s][info][gc,phases   ] GC(218)   Evacuate Collection Set: 19.6ms
[2026-10-07T17:53:37.805+0800][363.979s][info][gc,phases   ] GC(218)   Post Evacuate Collection Set: 1.2ms
[2026-10-07T17:53:37.805+0800][363.979s][info][gc,phases   ] GC(218)   Other: 0.1ms
[2026-10-07T17:53:37.805+0800][363.979s][info][gc,heap     ] GC(218) Eden regions: 32->0(32)
[2026-10-07T17:53:37.805+0800][363.979s][info][gc,heap     ] GC(218) Survivor regions: 3->4(5)
[2026-10-07T17:53:37.805+0800][363.979s][info][gc,heap     ] GC(218) Old regions: 322->323
[2026-10-07T17:53:37.805+0800][363.979s][info][gc,heap     ] GC(218) Archive regions: 2->2
[2026-10-07T17:53:37.805+0800][363.979s][info][gc,heap     ] GC(218) Humongous regions: 8->8
[2026-10-07T17:53:37.805+0800][363.979s][info][gc,metaspace] GC(218) Metaspace: 160224K(162432K)->160224K(162432K) NonClass: 139727K(140800K)->139727K(140800K) Class: 20496K(21632K)->20496K(21632K)
[2026-10-07T17:53:37.805+0800][363.980s][info][gc          ] GC(218) Pause Young (Normal) (G1 Evacuation Pause) 365M->334M(721M) 21.348ms
[2026-10-07T17:53:37.806+0800][363.980s][info][gc,cpu      ] GC(218) User=0.01s Sys=0.02s Real=0.02s
[2026-10-07T17:53:37.806+0800][363.980s][info][safepoint   ] Safepoint "G1CollectForAllocation", Time since last: 119415834 ns, Reaching safepoint: 40875 ns, At safepoint: 21539791 ns, Total: 21580666 ns
[2026-10-07T17:53:37.948+0800][364.122s][info][gc,start    ] GC(219) Pause Young (Normal) (G1 Evacuation Pause)
[2026-10-07T17:53:37.948+0800][364.122s][info][gc,task     ] GC(219) Using 9 workers of 9 for evacuation
[2026-10-07T17:53:38.044+0800][364.218s][info][gc,phases   ] GC(219)   Pre Evacuate Collection Set: 0.1ms
[2026-10-07T17:53:38.044+0800][364.218s][info][gc,phases   ] GC(219)   Merge Heap Roots: 0.0ms
[2026-10-07T17:53:38.044+0800][364.218s][info][gc,phases   ] GC(219)   Evacuate Collection Set: 81.5ms
[2026-10-07T17:53:38.044+0800][364.218s][info][gc,phases   ] GC(219)   Post Evacuate Collection Set: 0.5ms
[2026-10-07T17:53:38.044+0800][364.218s][info][gc,phases   ] GC(219)   Other: 13.9ms
[2026-10-07T17:53:38.044+0800][364.218s][info][gc,heap     ] GC(219) Eden regions: 32->0(33)
[2026-10-07T17:53:38.044+0800][364.218s][info][gc,heap     ] GC(219) Survivor regions: 4->3(5)
[2026-10-07T17:53:38.044+0800][364.218s][info][gc,heap     ] GC(219) Old regions: 323->325
[2026-10-07T17:53:38.044+0800][364.218s][info][gc,heap     ] GC(219) Archive regions: 2->2
[2026-10-07T17:53:38.044+0800][364.218s][info][gc,heap     ] GC(219) Humongous regions: 8->8
[2026-10-07T17:53:38.044+0800][364.218s][info][gc,metaspace] GC(219) Metaspace: 160225K(162432K)->160225K(162432K) NonClass: 139728K(140800K)->139728K(140800K) Class: 20496K(21632K)->20496K(21632K)
[2026-10-07T17:53:38.044+0800][364.218s][info][gc          ] GC(219) Pause Young (Normal) (G1 Evacuation Pause) 366M->335M(721M) 96.538ms
[2026-10-07T17:53:38.044+0800][364.218s][info][gc,cpu      ] GC(219) User=0.02s Sys=0.02s Real=0.10s
[2026-10-07T17:53:38.044+0800][364.218s][info][safepoint   ] Safepoint "G1CollectForAllocation", Time since last: 141886042 ns, Reaching safepoint: 48250 ns, At safepoint: 96604167 ns, Total: 96652417 ns
[2026-10-07T17:53:39.717+0800][365.891s][info][gc,start    ] GC(220) Pause Young (Normal) (G1 Evacuation Pause)
[2026-10-07T17:53:39.717+0800][365.891s][info][gc,task     ] GC(220) Using 9 workers of 9 for evacuation
[2026-10-07T17:53:39.742+0800][365.916s][info][gc,phases   ] GC(220)   Pre Evacuate Collection Set: 0.4ms
[2026-10-07T17:53:39.742+0800][365.916s][info][gc,phases   ] GC(220)   Merge Heap Roots: 0.1ms
[2026-10-07T17:53:39.742+0800][365.916s][info][gc,phases   ] GC(220)   Evacuate Collection Set: 11.6ms
[2026-10-07T17:53:39.742+0800][365.916s][info][gc,phases   ] GC(220)   Post Evacuate Collection Set: 12.9ms
[2026-10-07T17:53:39.742+0800][365.916s][info][gc,phases   ] GC(220)   Other: 0.2ms
[2026-10-07T17:53:39.742+0800][365.916s][info][gc,heap     ] GC(220) Eden regions: 33->0(55)
[2026-10-07T17:53:39.742+0800][365.916s][info][gc,heap     ] GC(220) Survivor regions: 3->4(5)
[2026-10-07T17:53:39.742+0800][365.916s][info][gc,heap     ] GC(220) Old regions: 325->325
[2026-10-07T17:53:39.742+0800][365.916s][info][gc,heap     ] GC(220) Archive regions: 2->2
[2026-10-07T17:53:39.742+0800][365.916s][info][gc,heap     ] GC(220) Humongous regions: 8->8
[2026-10-07T17:53:39.742+0800][365.916s][info][gc,metaspace] GC(220) Metaspace: 160233K(162432K)->160233K(162432K) NonClass: 139734K(140800K)->139734K(140800K) Class: 20498K(21632K)->20498K(21632K)
[2026-10-07T17:53:39.743+0800][365.917s][info][gc          ] GC(220) Pause Young (Normal) (G1 Evacuation Pause) 368M->336M(721M) 25.929ms
[2026-10-07T17:53:39.743+0800][365.917s][info][gc,cpu      ] GC(220) User=0.01s Sys=0.02s Real=0.03s
[2026-10-07T17:53:39.743+0800][365.917s][info][safepoint   ] Safepoint "G1CollectForAllocation", Time since last: 1672309125 ns, Reaching safepoint: 447666 ns, At safepoint: 26455792 ns, Total: 26903458 ns
[2026-10-07T17:53:40.912+0800][367.086s][info][safepoint   ] Safepoint "Cleanup", Time since last: 1146917667 ns, Reaching safepoint: 21338333 ns, At safepoint: 37708 ns, Total: 21376041 ns
[2026-10-07T17:53:41.846+0800][368.020s][info][gc,start    ] GC(221) Pause Young (Normal) (G1 Evacuation Pause)
[2026-10-07T17:53:41.846+0800][368.020s][info][gc,task     ] GC(221) Using 9 workers of 9 for evacuation
[2026-10-07T17:53:41.867+0800][368.041s][info][gc,phases   ] GC(221)   Pre Evacuate Collection Set: 0.5ms
[2026-10-07T17:53:41.867+0800][368.041s][info][gc,phases   ] GC(221)   Merge Heap Roots: 1.3ms
[2026-10-07T17:53:41.867+0800][368.041s][info][gc,phases   ] GC(221)   Evacuate Collection Set: 17.5ms
[2026-10-07T17:53:41.867+0800][368.041s][info][gc,phases   ] GC(221)   Post Evacuate Collection Set: 0.9ms
[2026-10-07T17:53:41.867+0800][368.041s][info][gc,phases   ] GC(221)   Other: 0.3ms
[2026-10-07T17:53:41.867+0800][368.041s][info][gc,heap     ] GC(221) Eden regions: 55->0(93)
[2026-10-07T17:53:41.867+0800][368.041s][info][gc,heap     ] GC(221) Survivor regions: 4->5(8)
[2026-10-07T17:53:41.867+0800][368.041s][info][gc,heap     ] GC(221) Old regions: 325->325
[2026-10-07T17:53:41.867+0800][368.041s][info][gc,heap     ] GC(221) Archive regions: 2->2
[2026-10-07T17:53:41.867+0800][368.041s][info][gc,heap     ] GC(221) Humongous regions: 8->8
[2026-10-07T17:53:41.867+0800][368.041s][info][gc,metaspace] GC(221) Metaspace: 160248K(162432K)->160248K(162432K) NonClass: 139745K(140800K)->139745K(140800K) Class: 20502K(21632K)->20502K(21632K)
[2026-10-07T17:53:41.867+0800][368.041s][info][gc          ] GC(221) Pause Young (Normal) (G1 Evacuation Pause) 391M->337M(721M) 20.541ms
[2026-10-07T17:53:41.867+0800][368.041s][info][gc,cpu      ] GC(221) User=0.01s Sys=0.04s Real=0.02s
[2026-10-07T17:53:41.867+0800][368.041s][info][safepoint   ] Safepoint "G1CollectForAllocation", Time since last: 934285584 ns, Reaching safepoint: 281375 ns, At safepoint: 20625583 ns, Total: 20906958 ns
[2026-10-07T17:53:42.997+0800][369.171s][info][safepoint   ] Safepoint "Cleanup", Time since last: 1120094250 ns, Reaching safepoint: 10058292 ns, At safepoint: 73375 ns, Total: 10131667 ns
[2026-10-07T17:53:44.217+0800][370.391s][info][safepoint   ] Safepoint "Cleanup", Time since last: 1169699541 ns, Reaching safepoint: 50090709 ns, At safepoint: 205500 ns, Total: 50296209 ns
[2026-10-07T17:53:51.044+0800][377.218s][info][safepoint   ] Safepoint "Cleanup", Time since last: 6719967375 ns, Reaching safepoint: 106508375 ns, At safepoint: 397041 ns, Total: 106905416 ns
[2026-10-07T17:53:57.867+0800][384.042s][info][gc,start    ] GC(222) Pause Young (Normal) (G1 Evacuation Pause)
[2026-10-07T17:53:58.140+0800][384.315s][info][gc,task     ] GC(222) Using 9 workers of 9 for evacuation
[2026-10-07T17:53:58.916+0800][385.091s][info][gc,mmu      ] GC(222) MMU target violated: 201.0ms (200.0ms/201.0ms)
[2026-10-07T17:53:58.916+0800][385.091s][info][gc,phases   ] GC(222)   Pre Evacuate Collection Set: 345.3ms
[2026-10-07T17:53:58.916+0800][385.091s][info][gc,phases   ] GC(222)   Merge Heap Roots: 34.0ms
[2026-10-07T17:53:58.916+0800][385.091s][info][gc,phases   ] GC(222)   Evacuate Collection Set: 210.1ms
[2026-10-07T17:53:58.916+0800][385.091s][info][gc,phases   ] GC(222)   Post Evacuate Collection Set: 27.4ms
[2026-10-07T17:53:58.916+0800][385.091s][info][gc,phases   ] GC(222)   Other: 435.4ms
[2026-10-07T17:53:58.916+0800][385.091s][info][gc,heap     ] GC(222) Eden regions: 93->0(29)
[2026-10-07T17:53:58.916+0800][385.091s][info][gc,heap     ] GC(222) Survivor regions: 5->7(13)
[2026-10-07T17:53:58.916+0800][385.091s][info][gc,heap     ] GC(222) Old regions: 325->325
[2026-10-07T17:53:58.916+0800][385.091s][info][gc,heap     ] GC(222) Archive regions: 2->2
[2026-10-07T17:53:58.916+0800][385.091s][info][gc,heap     ] GC(222) Humongous regions: 8->8
[2026-10-07T17:53:58.916+0800][385.091s][info][gc,metaspace] GC(222) Metaspace: 160272K(162432K)->160272K(162432K) NonClass: 139762K(140800K)->139762K(140800K) Class: 20509K(21632K)->20509K(21632K)
[2026-10-07T17:53:58.925+0800][385.100s][info][gc          ] GC(222) Pause Young (Normal) (G1 Evacuation Pause) 430M->340M(721M) 1058.301ms
[2026-10-07T17:53:58.925+0800][385.100s][info][gc,cpu      ] GC(222) User=0.03s Sys=0.10s Real=1.06s
[2026-10-07T17:53:58.926+0800][385.100s][info][safepoint   ] Safepoint "G1CollectForAllocation", Time since last: 6709179584 ns, Reaching safepoint: 59914208 ns, At safepoint: 1113083417 ns, Total: 1172997625 ns
[2026-10-07T17:54:00.763+0800][386.937s][info][gc,start    ] GC(223) Pause Young (Normal) (G1 Evacuation Pause)
[2026-10-07T17:54:00.763+0800][386.937s][info][gc,task     ] GC(223) Using 9 workers of 9 for evacuation
[2026-10-07T17:54:01.083+0800][387.257s][info][gc,mmu      ] GC(223) MMU target violated: 201.0ms (200.0ms/201.0ms)
[2026-10-07T17:54:01.083+0800][387.258s][info][gc,phases   ] GC(223)   Pre Evacuate Collection Set: 1.3ms
[2026-10-07T17:54:01.083+0800][387.258s][info][gc,phases   ] GC(223)   Merge Heap Roots: 0.6ms
[2026-10-07T17:54:01.083+0800][387.258s][info][gc,phases   ] GC(223)   Evacuate Collection Set: 313.0ms
[2026-10-07T17:54:01.083+0800][387.258s][info][gc,phases   ] GC(223)   Post Evacuate Collection Set: 4.8ms
[2026-10-07T17:54:01.083+0800][387.258s][info][gc,phases   ] GC(223)   Other: 0.5ms
[2026-10-07T17:54:01.083+0800][387.258s][info][gc,heap     ] GC(223) Eden regions: 29->0(34)
[2026-10-07T17:54:01.083+0800][387.258s][info][gc,heap     ] GC(223) Survivor regions: 7->2(5)
[2026-10-07T17:54:01.083+0800][387.258s][info][gc,heap     ] GC(223) Old regions: 325->332
[2026-10-07T17:54:01.083+0800][387.258s][info][gc,heap     ] GC(223) Archive regions: 2->2
[2026-10-07T17:54:01.083+0800][387.258s][info][gc,heap     ] GC(223) Humongous regions: 8->8
[2026-10-07T17:54:01.083+0800][387.258s][info][gc,metaspace] GC(223) Metaspace: 160274K(162432K)->160274K(162432K) NonClass: 139764K(140800K)->139764K(140800K) Class: 20509K(21632K)->20509K(21632K)
[2026-10-07T17:54:01.083+0800][387.258s][info][gc          ] GC(223) Pause Young (Normal) (G1 Evacuation Pause) 369M->341M(721M) 320.221ms
[2026-10-07T17:54:01.083+0800][387.258s][info][gc,cpu      ] GC(223) User=0.02s Sys=0.06s Real=0.32s
[2026-10-07T17:54:01.083+0800][387.258s][info][safepoint   ] Safepoint "G1CollectForAllocation", Time since last: 1836930416 ns, Reaching safepoint: 221875 ns, At safepoint: 320373875 ns, Total: 320595750 ns
[2026-10-07T17:54:01.964+0800][388.138s][info][gc,start    ] GC(224) Pause Young (Normal) (G1 Evacuation Pause)
[2026-10-07T17:54:01.964+0800][388.138s][info][gc,task     ] GC(224) Using 9 workers of 9 for evacuation
[2026-10-07T17:54:01.974+0800][388.149s][info][gc,phases   ] GC(224)   Pre Evacuate Collection Set: 0.6ms
[2026-10-07T17:54:01.974+0800][388.149s][info][gc,phases   ] GC(224)   Merge Heap Roots: 0.2ms
[2026-10-07T17:54:01.974+0800][388.149s][info][gc,phases   ] GC(224)   Evacuate Collection Set: 6.7ms
[2026-10-07T17:54:01.974+0800][388.149s][info][gc,phases   ] GC(224)   Post Evacuate Collection Set: 1.1ms
[2026-10-07T17:54:01.974+0800][388.149s][info][gc,phases   ] GC(224)   Other: 2.0ms
[2026-10-07T17:54:01.974+0800][388.149s][info][gc,heap     ] GC(224) Eden regions: 34->0(53)
[2026-10-07T17:54:01.974+0800][388.149s][info][gc,heap     ] GC(224) Survivor regions: 2->2(5)
[2026-10-07T17:54:01.974+0800][388.149s][info][gc,heap     ] GC(224) Old regions: 332->332
[2026-10-07T17:54:01.974+0800][388.149s][info][gc,heap     ] GC(224) Archive regions: 2->2
[2026-10-07T17:54:01.974+0800][388.149s][info][gc,heap     ] GC(224) Humongous regions: 8->8
[2026-10-07T17:54:01.974+0800][388.149s][info][gc,metaspace] GC(224) Metaspace: 160287K(162496K)->160287K(162496K) NonClass: 139775K(140864K)->139775K(140864K) Class: 20512K(21632K)->20512K(21632K)
[2026-10-07T17:54:01.975+0800][388.149s][info][gc          ] GC(224) Pause Young (Normal) (G1 Evacuation Pause) 375M->342M(721M) 10.999ms
[2026-10-07T17:54:01.975+0800][388.149s][info][gc,cpu      ] GC(224) User=0.01s Sys=0.02s Real=0.01s
[2026-10-07T17:54:01.975+0800][388.149s][info][safepoint   ] Safepoint "G1CollectForAllocation", Time since last: 880290084 ns, Reaching safepoint: 239291 ns, At safepoint: 11108250 ns, Total: 11347541 ns
[2026-10-07T17:54:35.389+0800][421.565s][info][safepoint   ] Safepoint "RedefineClasses", Time since last: 8070692334 ns, Reaching safepoint: 210625 ns, At safepoint: 25341390583 ns, Total: 25341601208 ns
[2026-10-07T17:54:36.688+0800][422.863s][info][safepoint   ] Safepoint "Cleanup", Time since last: 1191618250 ns, Reaching safepoint: 109748750 ns, At safepoint: 135000 ns, Total: 109883750 ns
[2026-10-07T17:54:37.386+0800][423.561s][info][gc,start    ] GC(225) Pause Young (Normal) (G1 Evacuation Pause)
[2026-10-07T17:54:37.388+0800][423.564s][info][gc,task     ] GC(225) Using 9 workers of 9 for evacuation
[2026-10-07T17:54:37.496+0800][423.671s][info][gc,phases   ] GC(225)   Pre Evacuate Collection Set: 9.8ms
[2026-10-07T17:54:37.496+0800][423.671s][info][gc,phases   ] GC(225)   Merge Heap Roots: 5.9ms
[2026-10-07T17:54:37.496+0800][423.671s][info][gc,phases   ] GC(225)   Evacuate Collection Set: 71.6ms
[2026-10-07T17:54:37.496+0800][423.671s][info][gc,phases   ] GC(225)   Post Evacuate Collection Set: 15.6ms
[2026-10-07T17:54:37.496+0800][423.671s][info][gc,phases   ] GC(225)   Other: 10.5ms
[2026-10-07T17:54:37.496+0800][423.671s][info][gc,heap     ] GC(225) Eden regions: 53->0(37)
[2026-10-07T17:54:37.496+0800][423.672s][info][gc,heap     ] GC(225) Survivor regions: 2->4(7)
[2026-10-07T17:54:37.496+0800][423.672s][info][gc,heap     ] GC(225) Old regions: 332->332
[2026-10-07T17:54:37.496+0800][423.672s][info][gc,heap     ] GC(225) Archive regions: 2->2
[2026-10-07T17:54:37.496+0800][423.672s][info][gc,heap     ] GC(225) Humongous regions: 8->8
[2026-10-07T17:54:37.496+0800][423.672s][info][gc,metaspace] GC(225) Metaspace: 160328K(162496K)->160328K(162496K) NonClass: 139812K(140864K)->139812K(140864K) Class: 20516K(21632K)->20516K(21632K)
[2026-10-07T17:54:37.500+0800][423.675s][info][gc          ] GC(225) Pause Young (Normal) (G1 Evacuation Pause) 395M->343M(721M) 114.487ms
[2026-10-07T17:54:37.500+0800][423.675s][info][gc,cpu      ] GC(225) User=0.02s Sys=0.06s Real=0.12s
[2026-10-07T17:54:37.500+0800][423.675s][info][safepoint   ] Safepoint "G1CollectForAllocation", Time since last: 693672458 ns, Reaching safepoint: 694167 ns, At safepoint: 117981292 ns, Total: 118675459 ns
[2026-10-07T17:54:38.399+0800][424.574s][info][gc,start    ] GC(226) Pause Young (Normal) (G1 Evacuation Pause)
[2026-10-07T17:54:38.399+0800][424.575s][info][gc,task     ] GC(226) Using 9 workers of 9 for evacuation
[2026-10-07T17:54:38.423+0800][424.599s][info][gc,phases   ] GC(226)   Pre Evacuate Collection Set: 2.9ms
[2026-10-07T17:54:38.423+0800][424.599s][info][gc,phases   ] GC(226)   Merge Heap Roots: 0.7ms
[2026-10-07T17:54:38.424+0800][424.599s][info][gc,phases   ] GC(226)   Evacuate Collection Set: 18.8ms
[2026-10-07T17:54:38.424+0800][424.599s][info][gc,phases   ] GC(226)   Post Evacuate Collection Set: 1.5ms
[2026-10-07T17:54:38.424+0800][424.599s][info][gc,phases   ] GC(226)   Other: 1.5ms
[2026-10-07T17:54:38.424+0800][424.599s][info][gc,heap     ] GC(226) Eden regions: 37->0(81)
[2026-10-07T17:54:38.424+0800][424.599s][info][gc,heap     ] GC(226) Survivor regions: 4->4(6)
[2026-10-07T17:54:38.424+0800][424.599s][info][gc,heap     ] GC(226) Old regions: 332->332
[2026-10-07T17:54:38.424+0800][424.599s][info][gc,heap     ] GC(226) Archive regions: 2->2
[2026-10-07T17:54:38.424+0800][424.599s][info][gc,heap     ] GC(226) Humongous regions: 8->8
[2026-10-07T17:54:38.424+0800][424.599s][info][gc,metaspace] GC(226) Metaspace: 160379K(162560K)->160379K(162560K) NonClass: 139859K(140928K)->139859K(140928K) Class: 20519K(21632K)->20519K(21632K)
[2026-10-07T17:54:38.424+0800][424.599s][info][gc          ] GC(226) Pause Young (Normal) (G1 Evacuation Pause) 380M->344M(721M) 24.618ms
[2026-10-07T17:54:38.424+0800][424.599s][info][gc,cpu      ] GC(226) User=0.01s Sys=0.04s Real=0.03s
[2026-10-07T17:54:38.424+0800][424.600s][info][safepoint   ] Safepoint "G1CollectForAllocation", Time since last: 897759458 ns, Reaching safepoint: 262417 ns, At safepoint: 26294541 ns, Total: 26556958 ns
[2026-10-07T17:54:39.568+0800][425.743s][info][safepoint   ] Safepoint "Cleanup", Time since last: 1142084125 ns, Reaching safepoint: 1253709 ns, At safepoint: 29958 ns, Total: 1283667 ns
[2026-10-07T17:54:39.778+0800][425.954s][info][gc,start    ] GC(227) Pause Young (Normal) (G1 Evacuation Pause)
[2026-10-07T17:54:39.778+0800][425.954s][info][gc,task     ] GC(227) Using 9 workers of 9 for evacuation
[2026-10-07T17:54:39.833+0800][426.009s][info][gc,phases   ] GC(227)   Pre Evacuate Collection Set: 0.2ms
[2026-10-07T17:54:39.833+0800][426.009s][info][gc,phases   ] GC(227)   Merge Heap Roots: 0.2ms
[2026-10-07T17:54:39.834+0800][426.009s][info][gc,phases   ] GC(227)   Evacuate Collection Set: 51.4ms
[2026-10-07T17:54:39.834+0800][426.009s][info][gc,phases   ] GC(227)   Post Evacuate Collection Set: 3.3ms
[2026-10-07T17:54:39.834+0800][426.009s][info][gc,phases   ] GC(227)   Other: 0.2ms
[2026-10-07T17:54:39.834+0800][426.009s][info][gc,heap     ] GC(227) Eden regions: 81->0(87)
[2026-10-07T17:54:39.834+0800][426.009s][info][gc,heap     ] GC(227) Survivor regions: 4->6(11)
[2026-10-07T17:54:39.834+0800][426.009s][info][gc,heap     ] GC(227) Old regions: 332->332
[2026-10-07T17:54:39.834+0800][426.009s][info][gc,heap     ] GC(227) Archive regions: 2->2
[2026-10-07T17:54:39.834+0800][426.009s][info][gc,heap     ] GC(227) Humongous regions: 8->8
[2026-10-07T17:54:39.834+0800][426.009s][info][gc,metaspace] GC(227) Metaspace: 160423K(162624K)->160423K(162624K) NonClass: 139898K(140992K)->139898K(140992K) Class: 20524K(21632K)->20524K(21632K)
[2026-10-07T17:54:39.834+0800][426.009s][info][gc          ] GC(227) Pause Young (Normal) (G1 Evacuation Pause) 425M->346M(721M) 55.351ms
[2026-10-07T17:54:39.834+0800][426.009s][info][gc,cpu      ] GC(227) User=0.01s Sys=0.06s Real=0.06s
[2026-10-07T17:54:39.834+0800][426.009s][info][safepoint   ] Safepoint "G1CollectForAllocation", Time since last: 210523667 ns, Reaching safepoint: 32041 ns, At safepoint: 55416959 ns, Total: 55449000 ns
[2026-10-07T17:54:40.864+0800][427.040s][info][gc,start    ] GC(228) Pause Young (Normal) (G1 Evacuation Pause)
[2026-10-07T17:54:40.865+0800][427.040s][info][gc,task     ] GC(228) Using 9 workers of 9 for evacuation
[2026-10-07T17:54:40.884+0800][427.059s][info][gc,phases   ] GC(228)   Pre Evacuate Collection Set: 0.6ms
[2026-10-07T17:54:40.884+0800][427.059s][info][gc,phases   ] GC(228)   Merge Heap Roots: 0.2ms
[2026-10-07T17:54:40.884+0800][427.059s][info][gc,phases   ] GC(228)   Evacuate Collection Set: 17.0ms
[2026-10-07T17:54:40.884+0800][427.059s][info][gc,phases   ] GC(228)   Post Evacuate Collection Set: 0.9ms
[2026-10-07T17:54:40.884+0800][427.059s][info][gc,phases   ] GC(228)   Other: 0.8ms
[2026-10-07T17:54:40.884+0800][427.059s][info][gc,heap     ] GC(228) Eden regions: 87->0(122)
[2026-10-07T17:54:40.884+0800][427.059s][info][gc,heap     ] GC(228) Survivor regions: 6->8(12)
[2026-10-07T17:54:40.884+0800][427.059s][info][gc,heap     ] GC(228) Old regions: 332->332
[2026-10-07T17:54:40.884+0800][427.059s][info][gc,heap     ] GC(228) Archive regions: 2->2
[2026-10-07T17:54:40.884+0800][427.059s][info][gc,heap     ] GC(228) Humongous regions: 8->8
[2026-10-07T17:54:40.884+0800][427.059s][info][gc,metaspace] GC(228) Metaspace: 160440K(162688K)->160440K(162688K) NonClass: 139911K(140992K)->139911K(140992K) Class: 20528K(21696K)->20528K(21696K)
[2026-10-07T17:54:40.884+0800][427.059s][info][gc          ] GC(228) Pause Young (Normal) (G1 Evacuation Pause) 433M->348M(721M) 19.536ms
[2026-10-07T17:54:40.884+0800][427.059s][info][gc,cpu      ] GC(228) User=0.02s Sys=0.04s Real=0.02s
[2026-10-07T17:54:40.884+0800][427.059s][info][safepoint   ] Safepoint "G1CollectForAllocation", Time since last: 1029664875 ns, Reaching safepoint: 880708 ns, At safepoint: 19704583 ns, Total: 20585291 ns
[2026-10-07T17:54:42.718+0800][428.894s][info][gc,start    ] GC(229) Pause Young (Normal) (G1 Evacuation Pause)
[2026-10-07T17:54:42.719+0800][428.894s][info][gc,task     ] GC(229) Using 9 workers of 9 for evacuation
[2026-10-07T17:54:42.774+0800][428.950s][info][gc,phases   ] GC(229)   Pre Evacuate Collection Set: 1.1ms
[2026-10-07T17:54:42.774+0800][428.950s][info][gc,phases   ] GC(229)   Merge Heap Roots: 0.6ms
[2026-10-07T17:54:42.774+0800][428.950s][info][gc,phases   ] GC(229)   Evacuate Collection Set: 52.3ms
[2026-10-07T17:54:42.774+0800][428.950s][info][gc,phases   ] GC(229)   Post Evacuate Collection Set: 1.4ms
[2026-10-07T17:54:42.774+0800][428.950s][info][gc,phases   ] GC(229)   Other: 0.5ms
[2026-10-07T17:54:42.774+0800][428.950s][info][gc,heap     ] GC(229) Eden regions: 122->0(130)
[2026-10-07T17:54:42.774+0800][428.950s][info][gc,heap     ] GC(229) Survivor regions: 8->11(17)
[2026-10-07T17:54:42.774+0800][428.950s][info][gc,heap     ] GC(229) Old regions: 332->332
[2026-10-07T17:54:42.774+0800][428.950s][info][gc,heap     ] GC(229) Archive regions: 2->2
[2026-10-07T17:54:42.774+0800][428.950s][info][gc,heap     ] GC(229) Humongous regions: 8->8
[2026-10-07T17:54:42.774+0800][428.950s][info][gc,metaspace] GC(229) Metaspace: 160549K(162816K)->160549K(162816K) NonClass: 139989K(141120K)->139989K(141120K) Class: 20559K(21696K)->20559K(21696K)
[2026-10-07T17:54:42.774+0800][428.950s][info][gc          ] GC(229) Pause Young (Normal) (G1 Evacuation Pause) 470M->351M(721M) 55.910ms
[2026-10-07T17:54:42.774+0800][428.950s][info][gc,cpu      ] GC(229) User=0.02s Sys=0.09s Real=0.06s
[2026-10-07T17:54:42.774+0800][428.950s][info][safepoint   ] Safepoint "G1CollectForAllocation", Time since last: 1833915084 ns, Reaching safepoint: 593625 ns, At safepoint: 56130916 ns, Total: 56724541 ns
[2026-10-07T17:54:43.811+0800][429.987s][info][gc,start    ] GC(230) Pause Young (Normal) (G1 Evacuation Pause)
[2026-10-07T17:54:43.811+0800][429.987s][info][gc,task     ] GC(230) Using 9 workers of 9 for evacuation
[2026-10-07T17:54:43.873+0800][430.049s][info][gc,phases   ] GC(230)   Pre Evacuate Collection Set: 0.3ms
[2026-10-07T17:54:43.873+0800][430.049s][info][gc,phases   ] GC(230)   Merge Heap Roots: 0.2ms
[2026-10-07T17:54:43.873+0800][430.049s][info][gc,phases   ] GC(230)   Evacuate Collection Set: 60.1ms
[2026-10-07T17:54:43.873+0800][430.049s][info][gc,phases   ] GC(230)   Post Evacuate Collection Set: 1.3ms
[2026-10-07T17:54:43.873+0800][430.049s][info][gc,phases   ] GC(230)   Other: 0.4ms
[2026-10-07T17:54:43.873+0800][430.049s][info][gc,heap     ] GC(230) Eden regions: 129->0(193)
[2026-10-07T17:54:43.873+0800][430.049s][info][gc,heap     ] GC(230) Survivor regions: 11->12(18)
[2026-10-07T17:54:43.873+0800][430.049s][info][gc,heap     ] GC(230) Old regions: 332->333
[2026-10-07T17:54:43.873+0800][430.049s][info][gc,heap     ] GC(230) Archive regions: 2->2
[2026-10-07T17:54:43.873+0800][430.049s][info][gc,heap     ] GC(230) Humongous regions: 8->8
[2026-10-07T17:54:43.873+0800][430.049s][info][gc,metaspace] GC(230) Metaspace: 160656K(163008K)->160656K(163008K) NonClass: 140067K(141248K)->140067K(141248K) Class: 20589K(21760K)->20589K(21760K)
[2026-10-07T17:54:43.873+0800][430.049s][info][gc          ] GC(230) Pause Young (Normal) (G1 Evacuation Pause) 480M->353M(721M) 62.344ms
[2026-10-07T17:54:43.873+0800][430.049s][info][gc,cpu      ] GC(230) User=0.03s Sys=0.05s Real=0.06s
[2026-10-07T17:54:43.873+0800][430.049s][info][safepoint   ] Safepoint "G1CollectForAllocation", Time since last: 1036114959 ns, Reaching safepoint: 269375 ns, At safepoint: 62560625 ns, Total: 62830000 ns
[2026-10-07T17:54:45.018+0800][431.193s][info][safepoint   ] Safepoint "Cleanup", Time since last: 1142566666 ns, Reaching safepoint: 1707459 ns, At safepoint: 143208 ns, Total: 1850667 ns
[2026-10-07T17:54:46.156+0800][432.332s][info][safepoint   ] Safepoint "Cleanup", Time since last: 1137460625 ns, Reaching safepoint: 1120292 ns, At safepoint: 166166 ns, Total: 1286458 ns
[2026-10-07T17:54:47.268+0800][433.444s][info][safepoint   ] Safepoint "Cleanup", Time since last: 1102628042 ns, Reaching safepoint: 9094500 ns, At safepoint: 36625 ns, Total: 9131125 ns
[2026-10-07T17:54:48.391+0800][434.567s][info][safepoint   ] Safepoint "ICBufferFull", Time since last: 1121621542 ns, Reaching safepoint: 1333000 ns, At safepoint: 327375 ns, Total: 1660375 ns
[2026-10-07T17:54:48.582+0800][434.758s][info][safepoint   ] Safepoint "ICBufferFull", Time since last: 190171625 ns, Reaching safepoint: 173208 ns, At safepoint: 1417 ns, Total: 174625 ns
[2026-10-07T17:54:49.730+0800][435.906s][info][safepoint   ] Safepoint "Cleanup", Time since last: 1148131500 ns, Reaching safepoint: 229250 ns, At safepoint: 3541 ns, Total: 232791 ns
[2026-10-07T17:54:50.880+0800][437.056s][info][safepoint   ] Safepoint "Cleanup", Time since last: 1149121209 ns, Reaching safepoint: 694625 ns, At safepoint: 65458 ns, Total: 760083 ns
[2026-10-07T17:54:52.018+0800][438.194s][info][safepoint   ] Safepoint "Cleanup", Time since last: 1137654625 ns, Reaching safepoint: 243125 ns, At safepoint: 39375 ns, Total: 282500 ns
[2026-10-07T17:54:53.177+0800][439.353s][info][safepoint   ] Safepoint "Cleanup", Time since last: 1129835708 ns, Reaching safepoint: 28918917 ns, At safepoint: 66833 ns, Total: 28985750 ns
[2026-10-07T17:54:55.729+0800][441.905s][info][safepoint   ] Safepoint "Cleanup", Time since last: 2529238459 ns, Reaching safepoint: 23006083 ns, At safepoint: 207833 ns, Total: 23213916 ns
[2026-10-07T17:55:03.869+0800][450.045s][info][safepoint   ] Safepoint "Cleanup", Time since last: 7948968667 ns, Reaching safepoint: 191213042 ns, At safepoint: 162958 ns, Total: 191376000 ns
[2026-10-07T17:55:05.023+0800][451.199s][info][safepoint   ] Safepoint "Cleanup", Time since last: 1152933250 ns, Reaching safepoint: 621333 ns, At safepoint: 12000 ns, Total: 633333 ns
[2026-10-07T17:55:06.189+0800][452.365s][info][safepoint   ] Safepoint "Cleanup", Time since last: 1145294334 ns, Reaching safepoint: 21134333 ns, At safepoint: 8667 ns, Total: 21143000 ns
[2026-10-07T17:55:07.331+0800][453.507s][info][safepoint   ] Safepoint "Cleanup", Time since last: 1139468833 ns, Reaching safepoint: 1370167 ns, At safepoint: 748416 ns, Total: 2118583 ns
[2026-10-07T17:55:10.814+0800][456.990s][info][safepoint   ] Safepoint "Cleanup", Time since last: 3441862959 ns, Reaching safepoint: 41147458 ns, At safepoint: 12917 ns, Total: 41160375 ns
[2026-10-07T17:55:11.970+0800][458.146s][info][safepoint   ] Safepoint "Cleanup", Time since last: 1142062083 ns, Reaching safepoint: 14082917 ns, At safepoint: 83791 ns, Total: 14166708 ns
[2026-10-07T17:55:22.026+0800][468.203s][info][safepoint   ] Safepoint "Cleanup", Time since last: 10049908334 ns, Reaching safepoint: 5971625 ns, At safepoint: 90875 ns, Total: 6062500 ns
[2026-10-07T17:55:23.189+0800][469.365s][info][safepoint   ] Safepoint "Cleanup", Time since last: 1146224875 ns, Reaching safepoint: 16897083 ns, At safepoint: 10333 ns, Total: 16907416 ns
[2026-10-07T17:55:25.524+0800][471.701s][info][safepoint   ] Safepoint "Cleanup", Time since last: 2279658042 ns, Reaching safepoint: 55886583 ns, At safepoint: 27667 ns, Total: 55914250 ns
[2026-10-07T17:55:26.733+0800][472.910s][info][safepoint   ] Safepoint "Cleanup", Time since last: 1185840792 ns, Reaching safepoint: 23025708 ns, At safepoint: 41083 ns, Total: 23066791 ns
[2026-10-07T17:55:42.589+0800][488.766s][info][safepoint   ] Safepoint "Cleanup", Time since last: 15831688084 ns, Reaching safepoint: 24278916 ns, At safepoint: 120792 ns, Total: 24399708 ns
[2026-10-07T17:55:55.105+0800][501.282s][info][safepoint   ] Safepoint "Cleanup", Time since last: 12418617583 ns, Reaching safepoint: 55036167 ns, At safepoint: 22167 ns, Total: 55058334 ns
[2026-10-07T17:55:59.685+0800][505.862s][info][safepoint   ] Safepoint "Cleanup", Time since last: 4620086958 ns, Reaching safepoint: 2763417 ns, At safepoint: 62208 ns, Total: 2825625 ns
[2026-10-07T17:56:07.672+0800][513.850s][info][gc,start    ] GC(231) Pause Young (Normal) (G1 Evacuation Pause)
[2026-10-07T17:56:07.673+0800][513.851s][info][gc,task     ] GC(231) Using 9 workers of 9 for evacuation
[2026-10-07T17:56:09.749+0800][515.927s][info][gc,mmu      ] GC(231) MMU target violated: 201.0ms (200.0ms/201.0ms)
[2026-10-07T17:56:09.750+0800][515.928s][info][gc,phases   ] GC(231)   Pre Evacuate Collection Set: 10.1ms
[2026-10-07T17:56:09.750+0800][515.928s][info][gc,phases   ] GC(231)   Merge Heap Roots: 10.7ms
[2026-10-07T17:56:09.750+0800][515.928s][info][gc,phases   ] GC(231)   Evacuate Collection Set: 1872.2ms
[2026-10-07T17:56:09.750+0800][515.928s][info][gc,phases   ] GC(231)   Post Evacuate Collection Set: 181.4ms
[2026-10-07T17:56:09.750+0800][515.928s][info][gc,phases   ] GC(231)   Other: 5.9ms
[2026-10-07T17:56:09.750+0800][515.928s][info][gc,heap     ] GC(231) Eden regions: 187->0(20)
[2026-10-07T17:56:09.750+0800][515.928s][info][gc,heap     ] GC(231) Survivor regions: 12->16(25)
[2026-10-07T17:56:09.750+0800][515.928s][info][gc,heap     ] GC(231) Old regions: 333->333
[2026-10-07T17:56:09.750+0800][515.928s][info][gc,heap     ] GC(231) Archive regions: 2->2
[2026-10-07T17:56:09.750+0800][515.928s][info][gc,heap     ] GC(231) Humongous regions: 8->8
[2026-10-07T17:56:09.750+0800][515.928s][info][gc,metaspace] GC(231) Metaspace: 160849K(163200K)->160849K(163200K) NonClass: 140221K(141376K)->140221K(141376K) Class: 20627K(21824K)->20627K(21824K)
[2026-10-07T17:56:09.753+0800][515.931s][info][gc          ] GC(231) Pause Young (Normal) (G1 Evacuation Pause) 540M->357M(721M) 2079.948ms
[2026-10-07T17:56:09.753+0800][515.931s][info][gc,cpu      ] GC(231) User=0.06s Sys=0.32s Real=2.08s
[2026-10-07T17:56:09.756+0800][515.934s][info][safepoint   ] Safepoint "G1CollectForAllocation", Time since last: 7982487958 ns, Reaching safepoint: 1895292 ns, At safepoint: 2086826000 ns, Total: 2088721292 ns
[2026-10-07T17:56:12.515+0800][518.693s][info][safepoint   ] Safepoint "Cleanup", Time since last: 2291923458 ns, Reaching safepoint: 467210125 ns, At safepoint: 471917 ns, Total: 467682042 ns
[2026-10-07T17:56:29.077+0800][535.255s][info][gc,start    ] GC(232) Pause Young (Normal) (G1 Evacuation Pause)
[2026-10-07T17:56:29.113+0800][535.291s][info][gc,task     ] GC(232) Using 9 workers of 9 for evacuation
[2026-10-07T17:56:34.368+0800][540.547s][info][gc,mmu      ] GC(232) MMU target violated: 201.0ms (200.0ms/201.0ms)
[2026-10-07T17:56:34.369+0800][540.547s][info][gc,phases   ] GC(232)   Pre Evacuate Collection Set: 69.6ms
[2026-10-07T17:56:34.369+0800][540.547s][info][gc,phases   ] GC(232)   Merge Heap Roots: 39.1ms
[2026-10-07T17:56:34.369+0800][540.547s][info][gc,phases   ] GC(232)   Evacuate Collection Set: 5038.5ms
[2026-10-07T17:56:34.369+0800][540.547s][info][gc,phases   ] GC(232)   Post Evacuate Collection Set: 44.5ms
[2026-10-07T17:56:34.370+0800][540.548s][info][gc,phases   ] GC(232)   Other: 272.5ms
[2026-10-07T17:56:34.370+0800][540.548s][info][gc,heap     ] GC(232) Eden regions: 20->0(33)
[2026-10-07T17:56:34.370+0800][540.548s][info][gc,heap     ] GC(232) Survivor regions: 16->3(5)
[2026-10-07T17:56:34.370+0800][540.548s][info][gc,heap     ] GC(232) Old regions: 333->348
[2026-10-07T17:56:34.370+0800][540.548s][info][gc,heap     ] GC(232) Archive regions: 2->2
[2026-10-07T17:56:34.370+0800][540.548s][info][gc,heap     ] GC(232) Humongous regions: 8->8
[2026-10-07T17:56:34.370+0800][540.548s][info][gc,metaspace] GC(232) Metaspace: 160865K(163200K)->160865K(163200K) NonClass: 140237K(141376K)->140237K(141376K) Class: 20627K(21824K)->20627K(21824K)
[2026-10-07T17:56:34.371+0800][540.549s][info][gc          ] GC(232) Pause Young (Normal) (G1 Evacuation Pause) 377M->359M(721M) 5369.173ms
[2026-10-07T17:56:34.371+0800][540.550s][info][gc,cpu      ] GC(232) User=0.05s Sys=0.20s Real=5.37s
[2026-10-07T17:56:34.376+0800][540.554s][info][safepoint   ] Safepoint "G1CollectForAllocation", Time since last: 16330189667 ns, Reaching safepoint: 6732000 ns, At safepoint: 5524303083 ns, Total: 5531035083 ns
[2026-10-07T17:56:39.923+0800][546.101s][info][safepoint   ] Safepoint "Cleanup", Time since last: 5545862125 ns, Reaching safepoint: 849250 ns, At safepoint: 65917 ns, Total: 915167 ns
[2026-10-07T17:56:40.682+0800][546.860s][info][gc,start    ] GC(233) Pause Young (Normal) (G1 Evacuation Pause)
[2026-10-07T17:56:40.682+0800][546.860s][info][gc,task     ] GC(233) Using 9 workers of 9 for evacuation
[2026-10-07T17:56:40.719+0800][546.898s][info][gc,phases   ] GC(233)   Pre Evacuate Collection Set: 3.6ms
[2026-10-07T17:56:40.719+0800][546.898s][info][gc,phases   ] GC(233)   Merge Heap Roots: 0.1ms
[2026-10-07T17:56:40.719+0800][546.898s][info][gc,phases   ] GC(233)   Evacuate Collection Set: 30.6ms
[2026-10-07T17:56:40.719+0800][546.898s][info][gc,phases   ] GC(233)   Post Evacuate Collection Set: 0.7ms
[2026-10-07T17:56:40.719+0800][546.898s][info][gc,phases   ] GC(233)   Other: 2.7ms
[2026-10-07T17:56:40.719+0800][546.898s][info][gc,heap     ] GC(233) Eden regions: 33->0(33)
[2026-10-07T17:56:40.719+0800][546.898s][info][gc,heap     ] GC(233) Survivor regions: 3->3(5)
[2026-10-07T17:56:40.719+0800][546.898s][info][gc,heap     ] GC(233) Old regions: 348->348
[2026-10-07T17:56:40.719+0800][546.898s][info][gc,heap     ] GC(233) Archive regions: 2->2
[2026-10-07T17:56:40.719+0800][546.898s][info][gc,heap     ] GC(233) Humongous regions: 8->8
[2026-10-07T17:56:40.719+0800][546.898s][info][gc,metaspace] GC(233) Metaspace: 160865K(163200K)->160865K(163200K) NonClass: 140237K(141376K)->140237K(141376K) Class: 20627K(21824K)->20627K(21824K)
[2026-10-07T17:56:40.719+0800][546.898s][info][gc          ] GC(233) Pause Young (Normal) (G1 Evacuation Pause) 392M->359M(721M) 37.826ms
[2026-10-07T17:56:40.719+0800][546.898s][info][gc,cpu      ] GC(233) User=0.01s Sys=0.02s Real=0.03s
[2026-10-07T17:56:40.719+0800][546.898s][info][safepoint   ] Safepoint "G1CollectForAllocation", Time since last: 716938000 ns, Reaching safepoint: 41752375 ns, At safepoint: 37947083 ns, Total: 79699458 ns
[2026-10-07T17:56:41.870+0800][548.048s][info][safepoint   ] Safepoint "Cleanup", Time since last: 1146222042 ns, Reaching safepoint: 4060000 ns, At safepoint: 38375 ns, Total: 4098375 ns
[2026-10-07T17:56:42.556+0800][548.734s][info][gc,start    ] GC(234) Pause Young (Normal) (G1 Evacuation Pause)
[2026-10-07T17:56:42.556+0800][548.735s][info][gc,task     ] GC(234) Using 9 workers of 9 for evacuation
[2026-10-07T17:56:42.576+0800][548.755s][info][gc,phases   ] GC(234)   Pre Evacuate Collection Set: 0.6ms
[2026-10-07T17:56:42.576+0800][548.755s][info][gc,phases   ] GC(234)   Merge Heap Roots: 0.1ms
[2026-10-07T17:56:42.576+0800][548.755s][info][gc,phases   ] GC(234)   Evacuate Collection Set: 15.9ms
[2026-10-07T17:56:42.577+0800][548.755s][info][gc,phases   ] GC(234)   Post Evacuate Collection Set: 3.4ms
[2026-10-07T17:56:42.577+0800][548.755s][info][gc,phases   ] GC(234)   Other: 0.7ms
[2026-10-07T17:56:42.577+0800][548.755s][info][gc,heap     ] GC(234) Eden regions: 33->0(31)
[2026-10-07T17:56:42.577+0800][548.755s][info][gc,heap     ] GC(234) Survivor regions: 3->5(5)
[2026-10-07T17:56:42.577+0800][548.755s][info][gc,heap     ] GC(234) Old regions: 348->348
[2026-10-07T17:56:42.577+0800][548.755s][info][gc,heap     ] GC(234) Archive regions: 2->2
[2026-10-07T17:56:42.577+0800][548.755s][info][gc,heap     ] GC(234) Humongous regions: 8->8
[2026-10-07T17:56:42.577+0800][548.755s][info][gc,metaspace] GC(234) Metaspace: 160867K(163200K)->160867K(163200K) NonClass: 140239K(141376K)->140239K(141376K) Class: 20627K(21824K)->20627K(21824K)
[2026-10-07T17:56:42.577+0800][548.755s][info][gc          ] GC(234) Pause Young (Normal) (G1 Evacuation Pause) 392M->361M(721M) 20.667ms
[2026-10-07T17:56:42.577+0800][548.755s][info][gc,cpu      ] GC(234) User=0.01s Sys=0.04s Real=0.02s
[2026-10-07T17:56:42.577+0800][548.755s][info][safepoint   ] Safepoint "G1CollectForAllocation", Time since last: 685707000 ns, Reaching safepoint: 261166 ns, At safepoint: 20944000 ns, Total: 21205166 ns
[2026-10-07T17:56:43.006+0800][549.184s][info][gc,start    ] GC(235) Pause Young (Normal) (G1 Evacuation Pause)
[2026-10-07T17:56:43.006+0800][549.184s][info][gc,task     ] GC(235) Using 9 workers of 9 for evacuation
[2026-10-07T17:56:43.018+0800][549.196s][info][gc,phases   ] GC(235)   Pre Evacuate Collection Set: 0.1ms
[2026-10-07T17:56:43.018+0800][549.196s][info][gc,phases   ] GC(235)   Merge Heap Roots: 0.0ms
[2026-10-07T17:56:43.018+0800][549.196s][info][gc,phases   ] GC(235)   Evacuate Collection Set: 11.1ms
[2026-10-07T17:56:43.018+0800][549.196s][info][gc,phases   ] GC(235)   Post Evacuate Collection Set: 0.4ms
[2026-10-07T17:56:43.018+0800][549.196s][info][gc,phases   ] GC(235)   Other: 0.4ms
[2026-10-07T17:56:43.018+0800][549.196s][info][gc,heap     ] GC(235) Eden regions: 31->0(32)
[2026-10-07T17:56:43.018+0800][549.196s][info][gc,heap     ] GC(235) Survivor regions: 5->4(5)
[2026-10-07T17:56:43.018+0800][549.196s][info][gc,heap     ] GC(235) Old regions: 348->350
[2026-10-07T17:56:43.018+0800][549.196s][info][gc,heap     ] GC(235) Archive regions: 2->2
[2026-10-07T17:56:43.018+0800][549.196s][info][gc,heap     ] GC(235) Humongous regions: 8->8
[2026-10-07T17:56:43.018+0800][549.196s][info][gc,metaspace] GC(235) Metaspace: 160867K(163200K)->160867K(163200K) NonClass: 140239K(141376K)->140239K(141376K) Class: 20627K(21824K)->20627K(21824K)
[2026-10-07T17:56:43.018+0800][549.196s][info][gc          ] GC(235) Pause Young (Normal) (G1 Evacuation Pause) 392M->362M(721M) 12.194ms
[2026-10-07T17:56:43.018+0800][549.196s][info][gc,cpu      ] GC(235) User=0.01s Sys=0.01s Real=0.01s
[2026-10-07T17:56:43.018+0800][549.196s][info][safepoint   ] Safepoint "G1CollectForAllocation", Time since last: 428817375 ns, Reaching safepoint: 299000 ns, At safepoint: 12247000 ns, Total: 12546000 ns
[2026-10-07T17:56:43.261+0800][549.439s][info][gc,start    ] GC(236) Pause Young (Normal) (G1 Evacuation Pause)
[2026-10-07T17:56:43.261+0800][549.439s][info][gc,task     ] GC(236) Using 9 workers of 9 for evacuation
[2026-10-07T17:56:43.274+0800][549.452s][info][gc,phases   ] GC(236)   Pre Evacuate Collection Set: 0.1ms
[2026-10-07T17:56:43.274+0800][549.453s][info][gc,phases   ] GC(236)   Merge Heap Roots: 0.0ms
[2026-10-07T17:56:43.274+0800][549.453s][info][gc,phases   ] GC(236)   Evacuate Collection Set: 12.6ms
[2026-10-07T17:56:43.274+0800][549.453s][info][gc,phases   ] GC(236)   Post Evacuate Collection Set: 0.4ms
[2026-10-07T17:56:43.274+0800][549.453s][info][gc,phases   ] GC(236)   Other: 0.2ms
[2026-10-07T17:56:43.274+0800][549.453s][info][gc,heap     ] GC(236) Eden regions: 32->0(33)
[2026-10-07T17:56:43.274+0800][549.453s][info][gc,heap     ] GC(236) Survivor regions: 4->3(5)
[2026-10-07T17:56:43.274+0800][549.453s][info][gc,heap     ] GC(236) Old regions: 350->353
[2026-10-07T17:56:43.274+0800][549.453s][info][gc,heap     ] GC(236) Archive regions: 2->2
[2026-10-07T17:56:43.274+0800][549.453s][info][gc,heap     ] GC(236) Humongous regions: 8->8
[2026-10-07T17:56:43.274+0800][549.453s][info][gc,metaspace] GC(236) Metaspace: 160867K(163200K)->160867K(163200K) NonClass: 140240K(141376K)->140240K(141376K) Class: 20627K(21824K)->20627K(21824K)
[2026-10-07T17:56:43.274+0800][549.453s][info][gc          ] GC(236) Pause Young (Normal) (G1 Evacuation Pause) 394M->363M(721M) 13.344ms
[2026-10-07T17:56:43.274+0800][549.453s][info][gc,cpu      ] GC(236) User=0.01s Sys=0.01s Real=0.01s
[2026-10-07T17:56:43.274+0800][549.453s][info][safepoint   ] Safepoint "G1CollectForAllocation", Time since last: 242526750 ns, Reaching safepoint: 155459 ns, At safepoint: 13439708 ns, Total: 13595167 ns
[2026-10-07T17:56:43.343+0800][549.522s][info][gc,start    ] GC(237) Pause Young (Normal) (G1 Evacuation Pause)
[2026-10-07T17:56:43.343+0800][549.522s][info][gc,task     ] GC(237) Using 9 workers of 9 for evacuation
[2026-10-07T17:56:43.356+0800][549.535s][info][gc,phases   ] GC(237)   Pre Evacuate Collection Set: 0.1ms
[2026-10-07T17:56:43.356+0800][549.535s][info][gc,phases   ] GC(237)   Merge Heap Roots: 0.0ms
[2026-10-07T17:56:43.356+0800][549.535s][info][gc,phases   ] GC(237)   Evacuate Collection Set: 12.4ms
[2026-10-07T17:56:43.356+0800][549.535s][info][gc,phases   ] GC(237)   Post Evacuate Collection Set: 0.3ms
[2026-10-07T17:56:43.356+0800][549.535s][info][gc,phases   ] GC(237)   Other: 0.1ms
[2026-10-07T17:56:43.356+0800][549.535s][info][gc,heap     ] GC(237) Eden regions: 33->0(32)
[2026-10-07T17:56:43.356+0800][549.535s][info][gc,heap     ] GC(237) Survivor regions: 3->4(5)
[2026-10-07T17:56:43.356+0800][549.535s][info][gc,heap     ] GC(237) Old regions: 353->353
[2026-10-07T17:56:43.356+0800][549.535s][info][gc,heap     ] GC(237) Archive regions: 2->2
[2026-10-07T17:56:43.356+0800][549.535s][info][gc,heap     ] GC(237) Humongous regions: 8->8
[2026-10-07T17:56:43.356+0800][549.535s][info][gc,metaspace] GC(237) Metaspace: 160867K(163200K)->160867K(163200K) NonClass: 140240K(141376K)->140240K(141376K) Class: 20627K(21824K)->20627K(21824K)
[2026-10-07T17:56:43.356+0800][549.535s][info][gc          ] GC(237) Pause Young (Normal) (G1 Evacuation Pause) 396M->364M(721M) 12.909ms
[2026-10-07T17:56:43.356+0800][549.535s][info][gc,cpu      ] GC(237) User=0.02s Sys=0.00s Real=0.01s
[2026-10-07T17:56:43.356+0800][549.535s][info][safepoint   ] Safepoint "G1CollectForAllocation", Time since last: 69275125 ns, Reaching safepoint: 41458 ns, At safepoint: 12966209 ns, Total: 13007667 ns
[2026-10-07T17:56:44.361+0800][550.540s][info][gc,start    ] GC(238) Pause Young (Normal) (G1 Evacuation Pause)
[2026-10-07T17:56:44.361+0800][550.540s][info][gc,task     ] GC(238) Using 9 workers of 9 for evacuation
[2026-10-07T17:56:44.383+0800][550.562s][info][gc,phases   ] GC(238)   Pre Evacuate Collection Set: 0.4ms
[2026-10-07T17:56:44.383+0800][550.562s][info][gc,phases   ] GC(238)   Merge Heap Roots: 0.1ms
[2026-10-07T17:56:44.383+0800][550.562s][info][gc,phases   ] GC(238)   Evacuate Collection Set: 19.5ms
[2026-10-07T17:56:44.383+0800][550.562s][info][gc,phases   ] GC(238)   Post Evacuate Collection Set: 1.5ms
[2026-10-07T17:56:44.383+0800][550.562s][info][gc,phases   ] GC(238)   Other: 0.4ms
[2026-10-07T17:56:44.383+0800][550.562s][info][gc,heap     ] GC(238) Eden regions: 32->0(53)
[2026-10-07T17:56:44.383+0800][550.562s][info][gc,heap     ] GC(238) Survivor regions: 4->3(5)
[2026-10-07T17:56:44.383+0800][550.562s][info][gc,heap     ] GC(238) Old regions: 353->354
[2026-10-07T17:56:44.383+0800][550.562s][info][gc,heap     ] GC(238) Archive regions: 2->2
[2026-10-07T17:56:44.383+0800][550.562s][info][gc,heap     ] GC(238) Humongous regions: 8->8
[2026-10-07T17:56:44.383+0800][550.562s][info][gc,metaspace] GC(238) Metaspace: 160868K(163200K)->160868K(163200K) NonClass: 140240K(141376K)->140240K(141376K) Class: 20627K(21824K)->20627K(21824K)
[2026-10-07T17:56:44.383+0800][550.562s][info][gc          ] GC(238) Pause Young (Normal) (G1 Evacuation Pause) 396M->365M(721M) 22.144ms
[2026-10-07T17:56:44.383+0800][550.562s][info][gc,cpu      ] GC(238) User=0.01s Sys=0.02s Real=0.02s
[2026-10-07T17:56:44.383+0800][550.562s][info][safepoint   ] Safepoint "G1CollectForAllocation", Time since last: 1004550333 ns, Reaching safepoint: 152875 ns, At safepoint: 22294042 ns, Total: 22446917 ns
[2026-10-07T17:56:45.710+0800][551.889s][info][gc,start    ] GC(239) Pause Young (Normal) (G1 Evacuation Pause)
[2026-10-07T17:56:45.710+0800][551.889s][info][gc,task     ] GC(239) Using 9 workers of 9 for evacuation
[2026-10-07T17:56:45.731+0800][551.910s][info][gc,phases   ] GC(239)   Pre Evacuate Collection Set: 0.6ms
[2026-10-07T17:56:45.731+0800][551.910s][info][gc,phases   ] GC(239)   Merge Heap Roots: 0.2ms
[2026-10-07T17:56:45.731+0800][551.910s][info][gc,phases   ] GC(239)   Evacuate Collection Set: 16.1ms
[2026-10-07T17:56:45.731+0800][551.910s][info][gc,phases   ] GC(239)   Post Evacuate Collection Set: 3.2ms
[2026-10-07T17:56:45.731+0800][551.910s][info][gc,phases   ] GC(239)   Other: 1.9ms
[2026-10-07T17:56:45.731+0800][551.910s][info][gc,heap     ] GC(239) Eden regions: 53->0(31)
[2026-10-07T17:56:45.731+0800][551.910s][info][gc,heap     ] GC(239) Survivor regions: 3->5(7)
[2026-10-07T17:56:45.731+0800][551.910s][info][gc,heap     ] GC(239) Old regions: 354->354
[2026-10-07T17:56:45.731+0800][551.910s][info][gc,heap     ] GC(239) Archive regions: 2->2
[2026-10-07T17:56:45.731+0800][551.910s][info][gc,heap     ] GC(239) Humongous regions: 8->8
[2026-10-07T17:56:45.731+0800][551.910s][info][gc,metaspace] GC(239) Metaspace: 160868K(163200K)->160868K(163200K) NonClass: 140241K(141376K)->140241K(141376K) Class: 20627K(21824K)->20627K(21824K)
[2026-10-07T17:56:45.731+0800][551.910s][info][gc          ] GC(239) Pause Young (Normal) (G1 Evacuation Pause) 418M->366M(721M) 21.371ms
[2026-10-07T17:56:45.731+0800][551.910s][info][gc,cpu      ] GC(239) User=0.01s Sys=0.03s Real=0.02s
[2026-10-07T17:56:45.731+0800][551.910s][info][safepoint   ] Safepoint "G1CollectForAllocation", Time since last: 1324775625 ns, Reaching safepoint: 946125 ns, At safepoint: 22453500 ns, Total: 23399625 ns
[2026-10-07T17:56:46.149+0800][552.328s][info][gc,start    ] GC(240) Pause Young (Normal) (G1 Evacuation Pause)
[2026-10-07T17:56:46.149+0800][552.328s][info][gc,task     ] GC(240) Using 9 workers of 9 for evacuation
[2026-10-07T17:56:46.261+0800][552.439s][info][gc,phases   ] GC(240)   Pre Evacuate Collection Set: 0.2ms
[2026-10-07T17:56:46.261+0800][552.439s][info][gc,phases   ] GC(240)   Merge Heap Roots: 0.1ms
[2026-10-07T17:56:46.261+0800][552.439s][info][gc,phases   ] GC(240)   Evacuate Collection Set: 109.7ms
[2026-10-07T17:56:46.261+0800][552.440s][info][gc,phases   ] GC(240)   Post Evacuate Collection Set: 1.1ms
[2026-10-07T17:56:46.261+0800][552.440s][info][gc,phases   ] GC(240)   Other: 0.5ms
[2026-10-07T17:56:46.261+0800][552.440s][info][gc,heap     ] GC(240) Eden regions: 31->0(127)
[2026-10-07T17:56:46.261+0800][552.440s][info][gc,heap     ] GC(240) Survivor regions: 5->3(5)
[2026-10-07T17:56:46.261+0800][552.440s][info][gc,heap     ] GC(240) Old regions: 354->356
[2026-10-07T17:56:46.261+0800][552.440s][info][gc,heap     ] GC(240) Archive regions: 2->2
[2026-10-07T17:56:46.261+0800][552.440s][info][gc,heap     ] GC(240) Humongous regions: 8->8
[2026-10-07T17:56:46.261+0800][552.440s][info][gc,metaspace] GC(240) Metaspace: 160869K(163200K)->160869K(163200K) NonClass: 140242K(141376K)->140242K(141376K) Class: 20627K(21824K)->20627K(21824K)
[2026-10-07T17:56:46.261+0800][552.440s][info][gc          ] GC(240) Pause Young (Normal) (G1 Evacuation Pause) 397M->367M(721M) 111.961ms
[2026-10-07T17:56:46.261+0800][552.440s][info][gc,cpu      ] GC(240) User=0.03s Sys=0.02s Real=0.12s
[2026-10-07T17:56:46.261+0800][552.440s][info][safepoint   ] Safepoint "G1CollectForAllocation", Time since last: 417064333 ns, Reaching safepoint: 591042 ns, At safepoint: 112174708 ns, Total: 112765750 ns
[2026-10-07T17:56:47.400+0800][553.579s][info][safepoint   ] Safepoint "Cleanup", Time since last: 1119704500 ns, Reaching safepoint: 18946958 ns, At safepoint: 213834 ns, Total: 19160792 ns
[2026-10-07T17:56:50.786+0800][556.964s][info][safepoint   ] Safepoint "Cleanup", Time since last: 3384706875 ns, Reaching safepoint: 581375 ns, At safepoint: 291166 ns, Total: 872541 ns
[2026-10-07T17:57:02.163+0800][568.342s][info][safepoint   ] Safepoint "Cleanup", Time since last: 11261659875 ns, Reaching safepoint: 115806875 ns, At safepoint: 211125 ns, Total: 116018000 ns
[2026-10-07T17:57:16.077+0800][582.257s][info][gc,start    ] GC(241) Pause Young (Normal) (G1 Evacuation Pause)
[2026-10-07T17:57:16.078+0800][582.257s][info][gc,task     ] GC(241) Using 9 workers of 9 for evacuation
[2026-10-07T17:57:16.153+0800][582.333s][info][gc,phases   ] GC(241)   Pre Evacuate Collection Set: 3.8ms
[2026-10-07T17:57:16.154+0800][582.333s][info][gc,phases   ] GC(241)   Merge Heap Roots: 2.5ms
[2026-10-07T17:57:16.154+0800][582.333s][info][gc,phases   ] GC(241)   Evacuate Collection Set: 60.8ms
[2026-10-07T17:57:16.154+0800][582.333s][info][gc,phases   ] GC(241)   Post Evacuate Collection Set: 8.3ms
[2026-10-07T17:57:16.154+0800][582.333s][info][gc,phases   ] GC(241)   Other: 1.6ms
[2026-10-07T17:57:16.154+0800][582.333s][info][gc,heap     ] GC(241) Eden regions: 127->0(29)
[2026-10-07T17:57:16.154+0800][582.333s][info][gc,heap     ] GC(241) Survivor regions: 3->7(17)
[2026-10-07T17:57:16.154+0800][582.333s][info][gc,heap     ] GC(241) Old regions: 356->356
[2026-10-07T17:57:16.154+0800][582.333s][info][gc,heap     ] GC(241) Archive regions: 2->2
[2026-10-07T17:57:16.154+0800][582.333s][info][gc,heap     ] GC(241) Humongous regions: 8->8
[2026-10-07T17:57:16.154+0800][582.333s][info][gc,metaspace] GC(241) Metaspace: 160875K(163200K)->160875K(163200K) NonClass: 140247K(141376K)->140247K(141376K) Class: 20628K(21824K)->20628K(21824K)
[2026-10-07T17:57:16.154+0800][582.334s][info][gc          ] GC(241) Pause Young (Normal) (G1 Evacuation Pause) 494M->371M(721M) 77.389ms
[2026-10-07T17:57:16.154+0800][582.334s][info][gc,cpu      ] GC(241) User=0.02s Sys=0.11s Real=0.08s
[2026-10-07T17:57:16.155+0800][582.334s][info][safepoint   ] Safepoint "G1CollectForAllocation", Time since last: 13910402542 ns, Reaching safepoint: 3095167 ns, At safepoint: 78360291 ns, Total: 81455458 ns
[2026-10-07T17:57:16.810+0800][582.989s][info][gc,start    ] GC(242) Pause Young (Normal) (G1 Evacuation Pause)
[2026-10-07T17:57:16.810+0800][582.989s][info][gc,task     ] GC(242) Using 9 workers of 9 for evacuation
[2026-10-07T17:57:16.930+0800][583.110s][info][gc,phases   ] GC(242)   Pre Evacuate Collection Set: 0.4ms
[2026-10-07T17:57:16.930+0800][583.110s][info][gc,phases   ] GC(242)   Merge Heap Roots: 0.2ms
[2026-10-07T17:57:16.931+0800][583.110s][info][gc,phases   ] GC(242)   Evacuate Collection Set: 116.7ms
[2026-10-07T17:57:16.931+0800][583.110s][info][gc,phases   ] GC(242)   Post Evacuate Collection Set: 3.1ms
[2026-10-07T17:57:16.931+0800][583.110s][info][gc,phases   ] GC(242)   Other: 0.4ms
[2026-10-07T17:57:16.931+0800][583.110s][info][gc,heap     ] GC(242) Eden regions: 29->0(157)
[2026-10-07T17:57:16.931+0800][583.110s][info][gc,heap     ] GC(242) Survivor regions: 7->2(5)
[2026-10-07T17:57:16.931+0800][583.110s][info][gc,heap     ] GC(242) Old regions: 356->362
[2026-10-07T17:57:16.931+0800][583.110s][info][gc,heap     ] GC(242) Archive regions: 2->2
[2026-10-07T17:57:16.931+0800][583.110s][info][gc,heap     ] GC(242) Humongous regions: 8->8
[2026-10-07T17:57:16.931+0800][583.110s][info][gc,metaspace] GC(242) Metaspace: 160907K(163200K)->160907K(163200K) NonClass: 140277K(141376K)->140277K(141376K) Class: 20629K(21824K)->20629K(21824K)
[2026-10-07T17:57:16.931+0800][583.110s][info][gc          ] GC(242) Pause Young (Normal) (G1 Evacuation Pause) 400M->371M(721M) 120.897ms
[2026-10-07T17:57:16.931+0800][583.110s][info][gc,cpu      ] GC(242) User=0.02s Sys=0.05s Real=0.12s
[2026-10-07T17:57:16.931+0800][583.110s][info][safepoint   ] Safepoint "G1CollectForAllocation", Time since last: 654107334 ns, Reaching safepoint: 991416 ns, At safepoint: 121172667 ns, Total: 122164083 ns
[2026-10-07T17:57:18.125+0800][584.305s][info][safepoint   ] Safepoint "Cleanup", Time since last: 1144893083 ns, Reaching safepoint: 49459292 ns, At safepoint: 12417 ns, Total: 49471709 ns
[2026-10-07T17:57:24.909+0800][591.088s][info][safepoint   ] Safepoint "Cleanup", Time since last: 6781204208 ns, Reaching safepoint: 2554292 ns, At safepoint: 158125 ns, Total: 2712417 ns
[2026-10-07T17:57:36.956+0800][603.136s][info][safepoint   ] Safepoint "Cleanup", Time since last: 12004125500 ns, Reaching safepoint: 43427375 ns, At safepoint: 102125 ns, Total: 43529500 ns
[2026-10-07T17:57:42.661+0800][608.841s][info][safepoint   ] Safepoint "Cleanup", Time since last: 5671285416 ns, Reaching safepoint: 33541584 ns, At safepoint: 111458 ns, Total: 33653042 ns
[2026-10-07T17:57:57.584+0800][623.764s][info][safepoint   ] Safepoint "Cleanup", Time since last: 14789274958 ns, Reaching safepoint: 103609792 ns, At safepoint: 2951708 ns, Total: 106561500 ns
[2026-10-07T17:57:57.755+0800][623.935s][info][gc,start    ] GC(243) Pause Young (Normal) (G1 Evacuation Pause)
[2026-10-07T17:57:57.755+0800][623.935s][info][gc,task     ] GC(243) Using 9 workers of 9 for evacuation
[2026-10-07T17:57:57.979+0800][624.159s][info][gc,mmu      ] GC(243) MMU target violated: 201.0ms (200.0ms/201.0ms)
[2026-10-07T17:57:57.979+0800][624.159s][info][gc,phases   ] GC(243)   Pre Evacuate Collection Set: 14.9ms
[2026-10-07T17:57:57.979+0800][624.159s][info][gc,phases   ] GC(243)   Merge Heap Roots: 3.1ms
[2026-10-07T17:57:57.979+0800][624.159s][info][gc,phases   ] GC(243)   Evacuate Collection Set: 159.9ms
[2026-10-07T17:57:57.979+0800][624.159s][info][gc,phases   ] GC(243)   Post Evacuate Collection Set: 38.1ms
[2026-10-07T17:57:57.979+0800][624.159s][info][gc,phases   ] GC(243)   Other: 8.9ms
[2026-10-07T17:57:57.979+0800][624.159s][info][gc,heap     ] GC(243) Eden regions: 157->0(44)
[2026-10-07T17:57:57.979+0800][624.159s][info][gc,heap     ] GC(243) Survivor regions: 2->5(20)
[2026-10-07T17:57:57.979+0800][624.159s][info][gc,heap     ] GC(243) Old regions: 362->362
[2026-10-07T17:57:57.979+0800][624.159s][info][gc,heap     ] GC(243) Archive regions: 2->2
[2026-10-07T17:57:57.979+0800][624.159s][info][gc,heap     ] GC(243) Humongous regions: 8->8
[2026-10-07T17:57:57.979+0800][624.159s][info][gc,metaspace] GC(243) Metaspace: 160999K(163328K)->160999K(163328K) NonClass: 140365K(141504K)->140365K(141504K) Class: 20634K(21824K)->20634K(21824K)
[2026-10-07T17:57:57.979+0800][624.160s][info][gc          ] GC(243) Pause Young (Normal) (G1 Evacuation Pause) 528M->375M(723M) 224.800ms
[2026-10-07T17:57:57.979+0800][624.160s][info][gc,cpu      ] GC(243) User=0.03s Sys=0.12s Real=0.22s
[2026-10-07T17:57:57.980+0800][624.160s][info][safepoint   ] Safepoint "G1CollectForAllocation", Time since last: 196769709 ns, Reaching safepoint: 84875 ns, At safepoint: 226428791 ns, Total: 226513666 ns
[2026-10-07T17:57:59.145+0800][625.325s][info][safepoint   ] Safepoint "Cleanup", Time since last: 1149852417 ns, Reaching safepoint: 14820917 ns, At safepoint: 191458 ns, Total: 15012375 ns
[2026-10-07T17:58:00.313+0800][626.493s][info][safepoint   ] Safepoint "Cleanup", Time since last: 1148280833 ns, Reaching safepoint: 19849667 ns, At safepoint: 5417 ns, Total: 19855084 ns
[2026-10-07T17:58:05.510+0800][631.691s][info][gc,start    ] GC(244) Pause Young (Normal) (G1 Evacuation Pause)
[2026-10-07T17:58:05.511+0800][631.692s][info][gc,task     ] GC(244) Using 9 workers of 9 for evacuation
[2026-10-07T17:58:10.214+0800][636.395s][info][gc,mmu      ] GC(244) MMU target violated: 201.0ms (200.0ms/201.0ms)
[2026-10-07T17:58:10.366+0800][636.547s][info][gc,phases   ] GC(244)   Pre Evacuate Collection Set: 337.6ms
[2026-10-07T17:58:10.366+0800][636.547s][info][gc,phases   ] GC(244)   Merge Heap Roots: 332.7ms
[2026-10-07T17:58:10.366+0800][636.547s][info][gc,phases   ] GC(244)   Evacuate Collection Set: 3800.7ms
[2026-10-07T17:58:10.366+0800][636.547s][info][gc,phases   ] GC(244)   Post Evacuate Collection Set: 134.0ms
[2026-10-07T17:58:10.366+0800][636.547s][info][gc,phases   ] GC(244)   Other: 250.9ms
[2026-10-07T17:58:10.366+0800][636.547s][info][gc,heap     ] GC(244) Eden regions: 44->0(34)
[2026-10-07T17:58:10.366+0800][636.547s][info][gc,heap     ] GC(244) Survivor regions: 5->2(7)
[2026-10-07T17:58:10.366+0800][636.547s][info][gc,heap     ] GC(244) Old regions: 362->367
[2026-10-07T17:58:10.366+0800][636.547s][info][gc,heap     ] GC(244) Archive regions: 2->2
[2026-10-07T17:58:10.366+0800][636.547s][info][gc,heap     ] GC(244) Humongous regions: 8->8
[2026-10-07T17:58:10.366+0800][636.547s][info][gc,metaspace] GC(244) Metaspace: 161011K(163328K)->161011K(163328K) NonClass: 140377K(141504K)->140377K(141504K) Class: 20634K(21824K)->20634K(21824K)
[2026-10-07T17:58:10.390+0800][636.571s][info][gc          ] GC(244) Pause Young (Normal) (G1 Evacuation Pause) 419M->376M(723M) 4879.662ms
[2026-10-07T17:58:10.390+0800][636.571s][info][gc,cpu      ] GC(244) User=0.04s Sys=0.11s Real=4.88s
[2026-10-07T17:58:10.393+0800][636.574s][info][safepoint   ] Safepoint "G1CollectForAllocation", Time since last: 4928127083 ns, Reaching safepoint: 238645333 ns, At safepoint: 4913864709 ns, Total: 5152510042 ns
[2026-10-07T17:58:11.571+0800][637.752s][info][safepoint   ] Safepoint "Cleanup", Time since last: 1146986791 ns, Reaching safepoint: 30774000 ns, At safepoint: 32875 ns, Total: 30806875 ns
[2026-10-07T17:58:15.511+0800][641.691s][info][gc,start    ] GC(245) Pause Young (Normal) (G1 Evacuation Pause)
[2026-10-07T17:58:15.511+0800][641.692s][info][gc,task     ] GC(245) Using 9 workers of 9 for evacuation
[2026-10-07T17:58:15.544+0800][641.725s][info][gc,phases   ] GC(245)   Pre Evacuate Collection Set: 4.6ms
[2026-10-07T17:58:15.544+0800][641.725s][info][gc,phases   ] GC(245)   Merge Heap Roots: 3.3ms
[2026-10-07T17:58:15.544+0800][641.725s][info][gc,phases   ] GC(245)   Evacuate Collection Set: 19.0ms
[2026-10-07T17:58:15.544+0800][641.725s][info][gc,phases   ] GC(245)   Post Evacuate Collection Set: 4.1ms
[2026-10-07T17:58:15.544+0800][641.725s][info][gc,phases   ] GC(245)   Other: 2.3ms
[2026-10-07T17:58:15.544+0800][641.725s][info][gc,heap     ] GC(245) Eden regions: 34->0(34)
[2026-10-07T17:58:15.544+0800][641.725s][info][gc,heap     ] GC(245) Survivor regions: 2->2(5)
[2026-10-07T17:58:15.544+0800][641.725s][info][gc,heap     ] GC(245) Old regions: 367->367
[2026-10-07T17:58:15.544+0800][641.725s][info][gc,heap     ] GC(245) Archive regions: 2->2
[2026-10-07T17:58:15.544+0800][641.725s][info][gc,heap     ] GC(245) Humongous regions: 8->8
[2026-10-07T17:58:15.544+0800][641.725s][info][gc,metaspace] GC(245) Metaspace: 161012K(163328K)->161012K(163328K) NonClass: 140377K(141504K)->140377K(141504K) Class: 20634K(21824K)->20634K(21824K)
[2026-10-07T17:58:15.544+0800][641.725s][info][gc          ] GC(245) Pause Young (Normal) (G1 Evacuation Pause) 410M->377M(723M) 33.467ms
[2026-10-07T17:58:15.544+0800][641.725s][info][gc,cpu      ] GC(245) User=0.01s Sys=0.04s Real=0.03s
[2026-10-07T17:58:15.545+0800][641.725s][info][safepoint   ] Safepoint "G1CollectForAllocation", Time since last: 3939540792 ns, Reaching safepoint: 288333 ns, At safepoint: 34002584 ns, Total: 34290917 ns
[2026-10-07T17:58:22.440+0800][648.621s][info][gc,start    ] GC(246) Pause Young (Normal) (G1 Evacuation Pause)
[2026-10-07T17:58:22.441+0800][648.622s][info][gc,task     ] GC(246) Using 9 workers of 9 for evacuation
[2026-10-07T17:58:22.517+0800][648.698s][info][gc,phases   ] GC(246)   Pre Evacuate Collection Set: 4.1ms
[2026-10-07T17:58:22.517+0800][648.698s][info][gc,phases   ] GC(246)   Merge Heap Roots: 1.5ms
[2026-10-07T17:58:22.517+0800][648.698s][info][gc,phases   ] GC(246)   Evacuate Collection Set: 50.2ms
[2026-10-07T17:58:22.517+0800][648.698s][info][gc,phases   ] GC(246)   Post Evacuate Collection Set: 19.6ms
[2026-10-07T17:58:22.517+0800][648.698s][info][gc,phases   ] GC(246)   Other: 1.6ms
[2026-10-07T17:58:22.517+0800][648.698s][info][gc,heap     ] GC(246) Eden regions: 34->0(33)
[2026-10-07T17:58:22.517+0800][648.698s][info][gc,heap     ] GC(246) Survivor regions: 2->3(5)
[2026-10-07T17:58:22.517+0800][648.698s][info][gc,heap     ] GC(246) Old regions: 367->367
[2026-10-07T17:58:22.517+0800][648.698s][info][gc,heap     ] GC(246) Archive regions: 2->2
[2026-10-07T17:58:22.517+0800][648.698s][info][gc,heap     ] GC(246) Humongous regions: 8->8
[2026-10-07T17:58:22.517+0800][648.698s][info][gc,metaspace] GC(246) Metaspace: 161013K(163328K)->161013K(163328K) NonClass: 140379K(141504K)->140379K(141504K) Class: 20634K(21824K)->20634K(21824K)
[2026-10-07T17:58:22.517+0800][648.698s][info][gc          ] GC(246) Pause Young (Normal) (G1 Evacuation Pause) 411M->377M(723M) 77.013ms
[2026-10-07T17:58:22.517+0800][648.698s][info][gc,cpu      ] GC(246) User=0.01s Sys=0.05s Real=0.07s
[2026-10-07T17:58:22.518+0800][648.699s][info][safepoint   ] Safepoint "G1CollectForAllocation", Time since last: 6894881041 ns, Reaching safepoint: 786542 ns, At safepoint: 77722292 ns, Total: 78508834 ns
[2026-10-07T17:58:37.681+0800][663.862s][info][gc,start    ] GC(247) Pause Young (Normal) (G1 Evacuation Pause)
[2026-10-07T17:58:37.695+0800][663.876s][info][gc,task     ] GC(247) Using 9 workers of 9 for evacuation
[2026-10-07T17:58:38.840+0800][665.021s][info][gc,mmu      ] GC(247) MMU target violated: 201.0ms (200.0ms/201.0ms)
[2026-10-07T17:58:38.843+0800][665.024s][info][gc,phases   ] GC(247)   Pre Evacuate Collection Set: 12.9ms
[2026-10-07T17:58:38.843+0800][665.024s][info][gc,phases   ] GC(247)   Merge Heap Roots: 16.1ms
[2026-10-07T17:58:38.843+0800][665.024s][info][gc,phases   ] GC(247)   Evacuate Collection Set: 523.3ms
[2026-10-07T17:58:38.843+0800][665.024s][info][gc,phases   ] GC(247)   Post Evacuate Collection Set: 575.5ms
[2026-10-07T17:58:38.853+0800][665.034s][info][gc,phases   ] GC(247)   Other: 47.1ms
[2026-10-07T17:58:38.853+0800][665.034s][info][gc,heap     ] GC(247) Eden regions: 33->0(33)
[2026-10-07T17:58:38.853+0800][665.034s][info][gc,heap     ] GC(247) Survivor regions: 3->3(5)
[2026-10-07T17:58:38.853+0800][665.034s][info][gc,heap     ] GC(247) Old regions: 367->367
[2026-10-07T17:58:38.853+0800][665.034s][info][gc,heap     ] GC(247) Archive regions: 2->2
[2026-10-07T17:58:38.853+0800][665.034s][info][gc,heap     ] GC(247) Humongous regions: 8->8
[2026-10-07T17:58:38.854+0800][665.035s][info][gc,metaspace] GC(247) Metaspace: 161014K(163328K)->161014K(163328K) NonClass: 140380K(141504K)->140380K(141504K) Class: 20634K(21824K)->20634K(21824K)
[2026-10-07T17:58:38.860+0800][665.041s][info][gc          ] GC(247) Pause Young (Normal) (G1 Evacuation Pause) 410M->377M(723M) 1178.364ms
[2026-10-07T17:58:38.860+0800][665.041s][info][gc,cpu      ] GC(247) User=0.01s Sys=0.06s Real=1.19s
[2026-10-07T17:58:38.864+0800][665.046s][info][safepoint   ] Safepoint "G1CollectForAllocation", Time since last: 15019342291 ns, Reaching safepoint: 117809042 ns, At safepoint: 1209583417 ns, Total: 1327392459 ns
[2026-10-07T17:59:16.533+0800][702.715s][info][gc,start    ] GC(248) Pause Young (Normal) (G1 Evacuation Pause)
[2026-10-07T17:59:18.652+0800][704.834s][info][gc,task     ] GC(248) Using 9 workers of 9 for evacuation
[2026-10-07T17:59:22.524+0800][708.706s][info][gc,mmu      ] GC(248) MMU target violated: 201.0ms (200.0ms/201.0ms)
[2026-10-07T17:59:22.537+0800][708.719s][info][gc,phases   ] GC(248)   Pre Evacuate Collection Set: 190.4ms
[2026-10-07T17:59:22.537+0800][708.719s][info][gc,phases   ] GC(248)   Merge Heap Roots: 75.8ms
[2026-10-07T17:59:22.537+0800][708.719s][info][gc,phases   ] GC(248)   Evacuate Collection Set: 3267.9ms
[2026-10-07T17:59:22.537+0800][708.719s][info][gc,phases   ] GC(248)   Post Evacuate Collection Set: 216.3ms
[2026-10-07T17:59:22.543+0800][708.725s][info][gc,phases   ] GC(248)   Other: 2517.0ms
[2026-10-07T17:59:22.543+0800][708.725s][info][gc,heap     ] GC(248) Eden regions: 33->0(33)
[2026-10-07T17:59:22.543+0800][708.726s][info][gc,heap     ] GC(248) Survivor regions: 3->3(5)
[2026-10-07T17:59:22.543+0800][708.726s][info][gc,heap     ] GC(248) Old regions: 367->368
[2026-10-07T17:59:22.543+0800][708.726s][info][gc,heap     ] GC(248) Archive regions: 2->2
[2026-10-07T17:59:22.543+0800][708.726s][info][gc,heap     ] GC(248) Humongous regions: 8->8
[2026-10-07T17:59:22.544+0800][708.726s][info][gc,metaspace] GC(248) Metaspace: 161015K(163328K)->161015K(163328K) NonClass: 140381K(141504K)->140381K(141504K) Class: 20634K(21824K)->20634K(21824K)
[2026-10-07T17:59:22.545+0800][708.727s][info][gc          ] GC(248) Pause Young (Normal) (G1 Evacuation Pause) 410M->378M(723M) 6064.412ms
[2026-10-07T17:59:22.545+0800][708.727s][info][gc,cpu      ] GC(248) User=0.02s Sys=0.12s Real=6.06s
[2026-10-07T17:59:22.550+0800][708.732s][info][safepoint   ] Safepoint "G1CollectForAllocation", Time since last: 37169700541 ns, Reaching safepoint: 182346334 ns, At safepoint: 6334688375 ns, Total: 6517034709 ns
[2026-10-07T17:59:32.675+0800][718.857s][info][safepoint   ] Safepoint "Cleanup", Time since last: 10051910250 ns, Reaching safepoint: 72917083 ns, At safepoint: 143708 ns, Total: 73060791 ns
[2026-10-07T17:59:37.224+0800][723.407s][info][gc,start    ] GC(249) Pause Young (Normal) (G1 Evacuation Pause)
[2026-10-07T17:59:37.224+0800][723.407s][info][gc,task     ] GC(249) Using 9 workers of 9 for evacuation
[2026-10-07T17:59:37.320+0800][723.503s][info][gc,phases   ] GC(249)   Pre Evacuate Collection Set: 12.6ms
[2026-10-07T17:59:37.320+0800][723.503s][info][gc,phases   ] GC(249)   Merge Heap Roots: 0.8ms
[2026-10-07T17:59:37.320+0800][723.503s][info][gc,phases   ] GC(249)   Evacuate Collection Set: 60.4ms
[2026-10-07T17:59:37.320+0800][723.503s][info][gc,phases   ] GC(249)   Post Evacuate Collection Set: 20.9ms
[2026-10-07T17:59:37.320+0800][723.503s][info][gc,phases   ] GC(249)   Other: 2.1ms
[2026-10-07T17:59:37.320+0800][723.503s][info][gc,heap     ] GC(249) Eden regions: 33->0(32)
[2026-10-07T17:59:37.320+0800][723.503s][info][gc,heap     ] GC(249) Survivor regions: 3->4(5)
[2026-10-07T17:59:37.320+0800][723.503s][info][gc,heap     ] GC(249) Old regions: 368->368
[2026-10-07T17:59:37.320+0800][723.503s][info][gc,heap     ] GC(249) Archive regions: 2->2
[2026-10-07T17:59:37.320+0800][723.503s][info][gc,heap     ] GC(249) Humongous regions: 8->8
[2026-10-07T17:59:37.320+0800][723.503s][info][gc,metaspace] GC(249) Metaspace: 161016K(163328K)->161016K(163328K) NonClass: 140381K(141504K)->140381K(141504K) Class: 20634K(21824K)->20634K(21824K)
[2026-10-07T17:59:37.320+0800][723.503s][info][gc          ] GC(249) Pause Young (Normal) (G1 Evacuation Pause) 411M->379M(723M) 96.215ms
[2026-10-07T17:59:37.320+0800][723.503s][info][gc,cpu      ] GC(249) User=0.02s Sys=0.07s Real=0.10s
[2026-10-07T17:59:37.320+0800][723.503s][info][safepoint   ] Safepoint "G1CollectForAllocation", Time since last: 4518641834 ns, Reaching safepoint: 29590958 ns, At safepoint: 97616542 ns, Total: 127207500 ns
[2026-10-07T17:59:55.617+0800][741.800s][info][gc,start    ] GC(250) Pause Young (Normal) (G1 Evacuation Pause)
[2026-10-07T17:59:55.777+0800][741.960s][info][gc,task     ] GC(250) Using 9 workers of 9 for evacuation
[2026-10-07T17:59:58.706+0800][744.890s][info][gc,mmu      ] GC(250) MMU target violated: 201.0ms (200.0ms/201.0ms)
[2026-10-07T17:59:58.712+0800][744.895s][info][gc,phases   ] GC(250)   Pre Evacuate Collection Set: 341.1ms
[2026-10-07T17:59:58.712+0800][744.895s][info][gc,phases   ] GC(250)   Merge Heap Roots: 12.0ms
[2026-10-07T17:59:58.712+0800][744.895s][info][gc,phases   ] GC(250)   Evacuate Collection Set: 2032.3ms
[2026-10-07T17:59:58.712+0800][744.895s][info][gc,phases   ] GC(250)   Post Evacuate Collection Set: 466.8ms
[2026-10-07T17:59:58.742+0800][744.925s][info][gc,phases   ] GC(250)   Other: 351.4ms
[2026-10-07T17:59:58.742+0800][744.925s][info][gc,heap     ] GC(250) Eden regions: 32->0(33)
[2026-10-07T17:59:58.742+0800][744.925s][info][gc,heap     ] GC(250) Survivor regions: 4->3(5)
[2026-10-07T17:59:58.742+0800][744.926s][info][gc,heap     ] GC(250) Old regions: 368->368
[2026-10-07T17:59:58.742+0800][744.926s][info][gc,heap     ] GC(250) Archive regions: 2->2
[2026-10-07T17:59:58.742+0800][744.926s][info][gc,heap     ] GC(250) Humongous regions: 8->8
[2026-10-07T17:59:58.765+0800][744.948s][info][gc,metaspace] GC(250) Metaspace: 161017K(163328K)->161017K(163328K) NonClass: 140382K(141504K)->140382K(141504K) Class: 20634K(21824K)->20634K(21824K)
[2026-10-07T17:59:58.808+0800][744.991s][info][gc          ] GC(250) Pause Young (Normal) (G1 Evacuation Pause) 411M->379M(723M) 3255.190ms
[2026-10-07T17:59:58.808+0800][744.991s][info][gc,cpu      ] GC(250) User=0.02s Sys=0.13s Real=3.25s
[2026-10-07T17:59:58.815+0800][744.998s][info][safepoint   ] Safepoint "G1CollectForAllocation", Time since last: 17935964750 ns, Reaching safepoint: 242382875 ns, At safepoint: 3316470875 ns, Total: 3558853750 ns
[2026-10-07T18:00:34.904+0800][781.088s][info][gc,start    ] GC(251) Pause Young (Normal) (G1 Evacuation Pause)
[2026-10-07T18:00:35.115+0800][781.300s][info][gc,task     ] GC(251) Using 9 workers of 9 for evacuation
[2026-10-07T18:00:36.233+0800][782.418s][info][gc,mmu      ] GC(251) MMU target violated: 201.0ms (200.0ms/201.0ms)
[2026-10-07T18:00:36.235+0800][782.419s][info][gc,phases   ] GC(251)   Pre Evacuate Collection Set: 504.5ms
[2026-10-07T18:00:36.235+0800][782.419s][info][gc,phases   ] GC(251)   Merge Heap Roots: 33.4ms
[2026-10-07T18:00:36.235+0800][782.419s][info][gc,phases   ] GC(251)   Evacuate Collection Set: 353.3ms
[2026-10-07T18:00:36.235+0800][782.419s][info][gc,phases   ] GC(251)   Post Evacuate Collection Set: 71.3ms
[2026-10-07T18:00:36.235+0800][782.419s][info][gc,phases   ] GC(251)   Other: 598.2ms
[2026-10-07T18:00:36.235+0800][782.419s][info][gc,heap     ] GC(251) Eden regions: 33->0(33)
[2026-10-07T18:00:36.235+0800][782.419s][info][gc,heap     ] GC(251) Survivor regions: 3->3(5)
[2026-10-07T18:00:36.235+0800][782.419s][info][gc,heap     ] GC(251) Old regions: 368->369
[2026-10-07T18:00:36.235+0800][782.419s][info][gc,heap     ] GC(251) Archive regions: 2->2
[2026-10-07T18:00:36.235+0800][782.419s][info][gc,heap     ] GC(251) Humongous regions: 8->8
[2026-10-07T18:00:36.257+0800][782.441s][info][gc,metaspace] GC(251) Metaspace: 161018K(163328K)->161018K(163328K) NonClass: 140383K(141504K)->140383K(141504K) Class: 20634K(21824K)->20634K(21824K)
[2026-10-07T18:00:36.283+0800][782.467s][info][gc          ] GC(251) Pause Young (Normal) (G1 Evacuation Pause) 412M->380M(723M) 1503.902ms
[2026-10-07T18:00:36.283+0800][782.467s][info][gc,cpu      ] GC(251) User=0.02s Sys=0.08s Real=1.51s
[2026-10-07T18:00:36.284+0800][782.468s][info][safepoint   ] Safepoint "G1CollectForAllocation", Time since last: 35492589875 ns, Reaching safepoint: 318243083 ns, At safepoint: 1658984958 ns, Total: 1977228041 ns
[2026-10-07T18:00:58.647+0800][804.832s][info][gc,start    ] GC(252) Pause Young (Normal) (G1 Evacuation Pause)
[2026-10-07T18:00:58.649+0800][804.834s][info][gc,task     ] GC(252) Using 9 workers of 9 for evacuation
[2026-10-07T18:00:59.869+0800][806.053s][info][gc,mmu      ] GC(252) MMU target violated: 201.0ms (200.0ms/201.0ms)
[2026-10-07T18:00:59.870+0800][806.055s][info][gc,phases   ] GC(252)   Pre Evacuate Collection Set: 83.8ms
[2026-10-07T18:00:59.870+0800][806.055s][info][gc,phases   ] GC(252)   Merge Heap Roots: 145.9ms
[2026-10-07T18:00:59.870+0800][806.055s][info][gc,phases   ] GC(252)   Evacuate Collection Set: 861.6ms
[2026-10-07T18:00:59.870+0800][806.055s][info][gc,phases   ] GC(252)   Post Evacuate Collection Set: 77.5ms
[2026-10-07T18:00:59.871+0800][806.056s][info][gc,phases   ] GC(252)   Other: 111.5ms
[2026-10-07T18:00:59.871+0800][806.056s][info][gc,heap     ] GC(252) Eden regions: 33->0(33)
[2026-10-07T18:00:59.871+0800][806.056s][info][gc,heap     ] GC(252) Survivor regions: 3->3(5)
[2026-10-07T18:00:59.871+0800][806.056s][info][gc,heap     ] GC(252) Old regions: 369->369
[2026-10-07T18:00:59.871+0800][806.056s][info][gc,heap     ] GC(252) Archive regions: 2->2
[2026-10-07T18:00:59.871+0800][806.056s][info][gc,heap     ] GC(252) Humongous regions: 8->8
[2026-10-07T18:00:59.872+0800][806.056s][info][gc,metaspace] GC(252) Metaspace: 161019K(163328K)->161019K(163328K) NonClass: 140385K(141504K)->140385K(141504K) Class: 20634K(21824K)->20634K(21824K)
[2026-10-07T18:00:59.882+0800][806.067s][info][gc          ] GC(252) Pause Young (Normal) (G1 Evacuation Pause) 413M->380M(723M) 1250.451ms
[2026-10-07T18:00:59.882+0800][806.067s][info][gc,cpu      ] GC(252) User=0.02s Sys=0.07s Real=1.26s
[2026-10-07T18:00:59.883+0800][806.068s][info][safepoint   ] Safepoint "G1CollectForAllocation", Time since last: 22303469917 ns, Reaching safepoint: 2877792 ns, At safepoint: 1293980375 ns, Total: 1296858167 ns
[2026-10-07T18:01:28.980+0800][835.166s][info][safepoint   ] Safepoint "Cleanup", Time since last: 29073243125 ns, Reaching safepoint: 16668500 ns, At safepoint: 1141916 ns, Total: 17810416 ns
[2026-10-07T18:01:44.841+0800][851.027s][info][safepoint   ] Safepoint "Cleanup", Time since last: 15806006459 ns, Reaching safepoint: 42978125 ns, At safepoint: 17788125 ns, Total: 60766250 ns
[2026-10-07T18:01:48.178+0800][854.364s][info][safepoint   ] Safepoint "Cleanup", Time since last: 3334871166 ns, Reaching safepoint: 2475750 ns, At safepoint: 210417 ns, Total: 2686167 ns
[2026-10-07T18:01:50.511+0800][856.697s][info][safepoint   ] Safepoint "Cleanup", Time since last: 2271160000 ns, Reaching safepoint: 61942625 ns, At safepoint: 779083 ns, Total: 62721708 ns
[2026-10-07T18:01:53.974+0800][860.160s][info][safepoint   ] Safepoint "Cleanup", Time since last: 3459545334 ns, Reaching safepoint: 3311333 ns, At safepoint: 27333 ns, Total: 3338666 ns
[2026-10-07T18:01:55.119+0800][861.305s][info][safepoint   ] Safepoint "Cleanup", Time since last: 1144390584 ns, Reaching safepoint: 764541 ns, At safepoint: 105459 ns, Total: 870000 ns
[2026-10-07T18:01:56.178+0800][862.364s][info][safepoint   ] Safepoint "Cleanup", Time since last: 1058180375 ns, Reaching safepoint: 414958 ns, At safepoint: 46833 ns, Total: 461791 ns
[2026-10-07T18:01:57.337+0800][863.523s][info][safepoint   ] Safepoint "Cleanup", Time since last: 1144853709 ns, Reaching safepoint: 13421708 ns, At safepoint: 779500 ns, Total: 14201208 ns
[2026-10-07T18:02:06.240+0800][872.427s][info][safepoint   ] Safepoint "Cleanup", Time since last: 8900994417 ns, Reaching safepoint: 2475625 ns, At safepoint: 81708 ns, Total: 2557333 ns
[2026-10-07T18:02:07.362+0800][873.549s][info][safepoint   ] Safepoint "Cleanup", Time since last: 1121744292 ns, Reaching safepoint: 257083 ns, At safepoint: 28042 ns, Total: 285125 ns
[2026-10-07T18:02:08.520+0800][874.706s][info][safepoint   ] Safepoint "Cleanup", Time since last: 1145632916 ns, Reaching safepoint: 11882584 ns, At safepoint: 77958 ns, Total: 11960542 ns
[2026-10-07T18:02:09.650+0800][875.836s][info][safepoint   ] Safepoint "Cleanup", Time since last: 1128399958 ns, Reaching safepoint: 1424459 ns, At safepoint: 31750 ns, Total: 1456209 ns
[2026-10-07T18:02:10.773+0800][876.959s][info][safepoint   ] Safepoint "Cleanup", Time since last: 1122942833 ns, Reaching safepoint: 114125 ns, At safepoint: 2125 ns, Total: 116250 ns
[2026-10-07T18:02:12.180+0800][878.366s][info][safepoint   ] Safepoint "Cleanup", Time since last: 1375044417 ns, Reaching safepoint: 31947208 ns, At safepoint: 11542 ns, Total: 31958750 ns
[2026-10-07T18:02:12.695+0800][878.882s][info][gc,start    ] GC(253) Pause Young (Normal) (G1 Evacuation Pause)
[2026-10-07T18:02:12.695+0800][878.882s][info][gc,task     ] GC(253) Using 9 workers of 9 for evacuation
[2026-10-07T18:02:12.993+0800][879.180s][info][gc,mmu      ] GC(253) MMU target violated: 201.0ms (200.0ms/201.0ms)
[2026-10-07T18:02:12.993+0800][879.180s][info][gc,phases   ] GC(253)   Pre Evacuate Collection Set: 6.3ms
[2026-10-07T18:02:12.993+0800][879.180s][info][gc,phases   ] GC(253)   Merge Heap Roots: 7.7ms
[2026-10-07T18:02:12.993+0800][879.180s][info][gc,phases   ] GC(253)   Evacuate Collection Set: 279.1ms
[2026-10-07T18:02:12.993+0800][879.180s][info][gc,phases   ] GC(253)   Post Evacuate Collection Set: 4.2ms
[2026-10-07T18:02:12.993+0800][879.180s][info][gc,phases   ] GC(253)   Other: 9.4ms
[2026-10-07T18:02:12.993+0800][879.180s][info][gc,heap     ] GC(253) Eden regions: 33->0(33)
[2026-10-07T18:02:12.993+0800][879.180s][info][gc,heap     ] GC(253) Survivor regions: 3->3(5)
[2026-10-07T18:02:12.993+0800][879.180s][info][gc,heap     ] GC(253) Old regions: 369->370
[2026-10-07T18:02:12.993+0800][879.180s][info][gc,heap     ] GC(253) Archive regions: 2->2
[2026-10-07T18:02:12.993+0800][879.180s][info][gc,heap     ] GC(253) Humongous regions: 8->8
[2026-10-07T18:02:12.993+0800][879.180s][info][gc,metaspace] GC(253) Metaspace: 161633K(163968K)->161633K(163968K) NonClass: 140896K(142016K)->140896K(142016K) Class: 20736K(21952K)->20736K(21952K)
[2026-10-07T18:02:12.994+0800][879.180s][info][gc          ] GC(253) Pause Young (Normal) (G1 Evacuation Pause) 413M->380M(723M) 298.515ms
[2026-10-07T18:02:12.994+0800][879.180s][info][gc,cpu      ] GC(253) User=0.02s Sys=0.07s Real=0.30s
[2026-10-07T18:02:12.994+0800][879.180s][info][safepoint   ] Safepoint "G1CollectForAllocation", Time since last: 497904166 ns, Reaching safepoint: 196292 ns, At safepoint: 315999333 ns, Total: 316195625 ns
[2026-10-07T18:02:14.165+0800][880.351s][info][safepoint   ] Safepoint "Cleanup", Time since last: 1135147459 ns, Reaching safepoint: 35303291 ns, At safepoint: 265917 ns, Total: 35569208 ns
[2026-10-07T18:02:15.272+0800][881.459s][info][safepoint   ] Safepoint "Cleanup", Time since last: 1093131083 ns, Reaching safepoint: 12716334 ns, At safepoint: 1584666 ns, Total: 14301000 ns
[2026-10-07T18:02:16.391+0800][882.578s][info][safepoint   ] Safepoint "Cleanup", Time since last: 1100227459 ns, Reaching safepoint: 18775208 ns, At safepoint: 22500 ns, Total: 18797708 ns
[2026-10-07T18:02:17.558+0800][883.745s][info][safepoint   ] Safepoint "Cleanup", Time since last: 1099138833 ns, Reaching safepoint: 68023292 ns, At safepoint: 56208 ns, Total: 68079500 ns
[2026-10-07T18:02:23.705+0800][889.892s][info][safepoint   ] Safepoint "Cleanup", Time since last: 5706223500 ns, Reaching safepoint: 384613375 ns, At safepoint: 29040834 ns, Total: 413654209 ns
[2026-10-07T18:02:25.394+0800][891.581s][info][safepoint   ] Safepoint "Cleanup", Time since last: 1177994041 ns, Reaching safepoint: 538077500 ns, At safepoint: 134042 ns, Total: 538211542 ns
[2026-10-07T18:02:28.960+0800][895.147s][info][safepoint   ] Safepoint "Cleanup", Time since last: 3449004167 ns, Reaching safepoint: 113321458 ns, At safepoint: 3674583 ns, Total: 116996041 ns
[2026-10-07T18:02:37.159+0800][903.346s][info][safepoint   ] Safepoint "Cleanup", Time since last: 8161538334 ns, Reaching safepoint: 37557541 ns, At safepoint: 486709 ns, Total: 38044250 ns
[2026-10-07T18:02:39.543+0800][905.730s][info][safepoint   ] Safepoint "Cleanup", Time since last: 2289096833 ns, Reaching safepoint: 93436583 ns, At safepoint: 1056042 ns, Total: 94492625 ns
[2026-10-07T18:02:40.969+0800][907.156s][info][safepoint   ] Safepoint "Cleanup", Time since last: 1042880167 ns, Reaching safepoint: 382811791 ns, At safepoint: 533125 ns, Total: 383344916 ns
[2026-10-07T18:02:44.628+0800][910.815s][info][safepoint   ] Safepoint "Cleanup", Time since last: 3370674209 ns, Reaching safepoint: 265992000 ns, At safepoint: 808333 ns, Total: 266800333 ns
[2026-10-07T18:02:45.809+0800][911.996s][info][safepoint   ] Safepoint "Cleanup", Time since last: 1179475875 ns, Reaching safepoint: 23123667 ns, At safepoint: 21333 ns, Total: 23145000 ns
[2026-10-07T18:02:47.227+0800][913.415s][info][safepoint   ] Safepoint "Cleanup", Time since last: 1162484500 ns, Reaching safepoint: 255731333 ns, At safepoint: 157250 ns, Total: 255888583 ns
[2026-10-07T18:02:49.494+0800][915.682s][info][safepoint   ] Safepoint "Cleanup", Time since last: 2237610250 ns, Reaching safepoint: 29203459 ns, At safepoint: 73208 ns, Total: 29276667 ns
[2026-10-07T18:02:50.674+0800][916.862s][info][safepoint   ] Safepoint "Cleanup", Time since last: 1145636000 ns, Reaching safepoint: 34568083 ns, At safepoint: 76584 ns, Total: 34644667 ns
[2026-10-07T18:02:51.714+0800][917.901s][info][safepoint   ] Safepoint "Cleanup", Time since last: 1002397750 ns, Reaching safepoint: 37131375 ns, At safepoint: 78333 ns, Total: 37209708 ns
[2026-10-07T18:02:52.815+0800][919.003s][info][safepoint   ] Safepoint "Cleanup", Time since last: 1040147375 ns, Reaching safepoint: 61090917 ns, At safepoint: 186250 ns, Total: 61277167 ns
[2026-10-07T18:02:54.007+0800][920.195s][info][safepoint   ] Safepoint "Cleanup", Time since last: 1134812583 ns, Reaching safepoint: 56981792 ns, At safepoint: 119250 ns, Total: 57101042 ns
[2026-10-07T18:02:56.327+0800][922.514s][info][safepoint   ] Safepoint "Cleanup", Time since last: 2290467916 ns, Reaching safepoint: 29024167 ns, At safepoint: 77875 ns, Total: 29102042 ns
[2026-10-07T18:02:58.338+0800][924.526s][info][safepoint   ] Safepoint "Cleanup", Time since last: 1989458667 ns, Reaching safepoint: 21675458 ns, At safepoint: 49042 ns, Total: 21724500 ns
[2026-10-07T18:02:59.631+0800][925.819s][info][safepoint   ] Safepoint "Cleanup", Time since last: 1140838583 ns, Reaching safepoint: 150097208 ns, At safepoint: 2215042 ns, Total: 152312250 ns
[2026-10-07T18:03:03.231+0800][929.418s][info][safepoint   ] Safepoint "Cleanup", Time since last: 3590194833 ns, Reaching safepoint: 9387625 ns, At safepoint: 34417 ns, Total: 9422042 ns
[2026-10-07T18:03:04.460+0800][930.648s][info][safepoint   ] Safepoint "Cleanup", Time since last: 1130007750 ns, Reaching safepoint: 99340208 ns, At safepoint: 78834 ns, Total: 99419042 ns
[2026-10-07T18:03:11.189+0800][937.377s][info][safepoint   ] Safepoint "Cleanup", Time since last: 3317698833 ns, Reaching safepoint: 3364471667 ns, At safepoint: 45687083 ns, Total: 3410158750 ns
[2026-10-07T18:03:12.862+0800][939.050s][info][safepoint   ] Safepoint "Cleanup", Time since last: 1654268042 ns, Reaching safepoint: 19874250 ns, At safepoint: 26250 ns, Total: 19900500 ns
[2026-10-07T18:03:15.160+0800][941.348s][info][safepoint   ] Safepoint "Cleanup", Time since last: 2227065458 ns, Reaching safepoint: 70981042 ns, At safepoint: 78750 ns, Total: 71059792 ns
[2026-10-07T18:03:25.102+0800][951.290s][info][gc,start    ] GC(254) Pause Young (Normal) (G1 Evacuation Pause)
[2026-10-07T18:03:25.104+0800][951.293s][info][gc,task     ] GC(254) Using 9 workers of 9 for evacuation
[2026-10-07T18:03:27.355+0800][953.543s][info][gc,mmu      ] GC(254) MMU target violated: 201.0ms (200.0ms/201.0ms)
[2026-10-07T18:03:27.355+0800][953.543s][info][gc,phases   ] GC(254)   Pre Evacuate Collection Set: 19.8ms
[2026-10-07T18:03:27.355+0800][953.543s][info][gc,phases   ] GC(254)   Merge Heap Roots: 17.7ms
[2026-10-07T18:03:27.355+0800][953.544s][info][gc,phases   ] GC(254)   Evacuate Collection Set: 2133.7ms
[2026-10-07T18:03:27.355+0800][953.544s][info][gc,phases   ] GC(254)   Post Evacuate Collection Set: 67.7ms
[2026-10-07T18:03:27.355+0800][953.544s][info][gc,phases   ] GC(254)   Other: 18.3ms
[2026-10-07T18:03:27.355+0800][953.544s][info][gc,heap     ] GC(254) Eden regions: 33->0(32)
[2026-10-07T18:03:27.355+0800][953.544s][info][gc,heap     ] GC(254) Survivor regions: 3->4(5)
[2026-10-07T18:03:27.355+0800][953.544s][info][gc,heap     ] GC(254) Old regions: 370->370
[2026-10-07T18:03:27.355+0800][953.544s][info][gc,heap     ] GC(254) Archive regions: 2->2
[2026-10-07T18:03:27.355+0800][953.544s][info][gc,heap     ] GC(254) Humongous regions: 8->8
[2026-10-07T18:03:27.355+0800][953.544s][info][gc,metaspace] GC(254) Metaspace: 161756K(164096K)->161756K(164096K) NonClass: 141017K(142144K)->141017K(142144K) Class: 20738K(21952K)->20738K(21952K)
[2026-10-07T18:03:27.356+0800][953.544s][info][gc          ] GC(254) Pause Young (Normal) (G1 Evacuation Pause) 413M->382M(723M) 2254.558ms
[2026-10-07T18:03:27.356+0800][953.544s][info][gc,cpu      ] GC(254) User=0.02s Sys=0.14s Real=2.25s
[2026-10-07T18:03:27.360+0800][953.549s][info][safepoint   ] Safepoint "G1CollectForAllocation", Time since last: 9922144291 ns, Reaching safepoint: 14412000 ns, At safepoint: 2264123250 ns, Total: 2278535250 ns
[2026-10-07T18:03:28.949+0800][955.138s][info][safepoint   ] Safepoint "Cleanup", Time since last: 1147244709 ns, Reaching safepoint: 441211791 ns, At safepoint: 764667 ns, Total: 441976458 ns
[2026-10-07T18:03:30.153+0800][956.341s][info][safepoint   ] Safepoint "Cleanup", Time since last: 1138078375 ns, Reaching safepoint: 64812000 ns, At safepoint: 273042 ns, Total: 65085042 ns
[2026-10-07T18:03:31.458+0800][957.646s][info][safepoint   ] Safepoint "Cleanup", Time since last: 1164388541 ns, Reaching safepoint: 140829584 ns, At safepoint: 218541 ns, Total: 141048125 ns
[2026-10-07T18:03:32.896+0800][959.085s][info][safepoint   ] Safepoint "Cleanup", Time since last: 1004992584 ns, Reaching safepoint: 432289291 ns, At safepoint: 1041459 ns, Total: 433330750 ns
[2026-10-07T18:03:35.228+0800][961.416s][info][safepoint   ] Safepoint "Cleanup", Time since last: 2246218500 ns, Reaching safepoint: 85067916 ns, At safepoint: 80834 ns, Total: 85148750 ns
[2026-10-07T18:03:36.958+0800][963.146s][info][safepoint   ] Safepoint "Cleanup", Time since last: 1623355583 ns, Reaching safepoint: 106674958 ns, At safepoint: 106500 ns, Total: 106781458 ns
[2026-10-07T18:03:42.965+0800][969.153s][info][safepoint   ] Safepoint "Cleanup", Time since last: 5999132709 ns, Reaching safepoint: 6899458 ns, At safepoint: 1146625 ns, Total: 8046083 ns
[2026-10-07T18:03:57.187+0800][983.376s][info][safepoint   ] Safepoint "Cleanup", Time since last: 14215181292 ns, Reaching safepoint: 6824125 ns, At safepoint: 177416 ns, Total: 7001541 ns
[2026-10-07T18:03:58.245+0800][984.434s][info][safepoint   ] Safepoint "Cleanup", Time since last: 1021388584 ns, Reaching safepoint: 37358208 ns, At safepoint: 94750 ns, Total: 37452958 ns
[2026-10-07T18:04:01.951+0800][988.140s][info][safepoint   ] Safepoint "Cleanup", Time since last: 3311833667 ns, Reaching safepoint: 350287208 ns, At safepoint: 22806292 ns, Total: 373093500 ns
[2026-10-07T18:04:04.338+0800][990.527s][info][safepoint   ] Safepoint "Cleanup", Time since last: 2360196166 ns, Reaching safepoint: 47109000 ns, At safepoint: 132750 ns, Total: 47241750 ns
[2026-10-07T18:04:06.671+0800][992.860s][info][safepoint   ] Safepoint "Cleanup", Time since last: 2306944584 ns, Reaching safepoint: 26292291 ns, At safepoint: 78542 ns, Total: 26370833 ns
[2026-10-07T18:04:07.812+0800][994.001s][info][safepoint   ] Safepoint "Cleanup", Time since last: 1132808500 ns, Reaching safepoint: 8389083 ns, At safepoint: 74292 ns, Total: 8463375 ns
[2026-10-07T18:04:18.337+0800][1004.526s][info][gc,start    ] GC(255) Pause Young (Normal) (G1 Evacuation Pause)
[2026-10-07T18:04:18.558+0800][1004.747s][info][gc,task     ] GC(255) Using 9 workers of 9 for evacuation
[2026-10-07T18:04:20.734+0800][1006.923s][info][gc,mmu      ] GC(255) MMU target violated: 201.0ms (200.0ms/201.0ms)
[2026-10-07T18:04:20.735+0800][1006.924s][info][gc,phases   ] GC(255)   Pre Evacuate Collection Set: 972.5ms
[2026-10-07T18:04:20.735+0800][1006.924s][info][gc,phases   ] GC(255)   Merge Heap Roots: 75.8ms
[2026-10-07T18:04:20.735+0800][1006.924s][info][gc,phases   ] GC(255)   Evacuate Collection Set: 683.9ms
[2026-10-07T18:04:20.735+0800][1006.924s][info][gc,phases   ] GC(255)   Post Evacuate Collection Set: 51.7ms
[2026-10-07T18:04:20.735+0800][1006.925s][info][gc,phases   ] GC(255)   Other: 768.3ms
[2026-10-07T18:04:20.735+0800][1006.925s][info][gc,heap     ] GC(255) Eden regions: 32->0(31)
[2026-10-07T18:04:20.735+0800][1006.925s][info][gc,heap     ] GC(255) Survivor regions: 4->5(5)
[2026-10-07T18:04:20.735+0800][1006.925s][info][gc,heap     ] GC(255) Old regions: 370->372
[2026-10-07T18:04:20.735+0800][1006.925s][info][gc,heap     ] GC(255) Archive regions: 2->2
[2026-10-07T18:04:20.735+0800][1006.925s][info][gc,heap     ] GC(255) Humongous regions: 8->8
[2026-10-07T18:04:20.736+0800][1006.925s][info][gc,metaspace] GC(255) Metaspace: 161798K(164160K)->161798K(164160K) NonClass: 141054K(142208K)->141054K(142208K) Class: 20743K(21952K)->20743K(21952K)
[2026-10-07T18:04:20.738+0800][1006.927s][info][gc          ] GC(255) Pause Young (Normal) (G1 Evacuation Pause) 414M->385M(723M) 2442.327ms
[2026-10-07T18:04:20.738+0800][1006.927s][info][gc,cpu      ] GC(255) User=0.02s Sys=0.14s Real=2.44s
[2026-10-07T18:04:20.742+0800][1006.931s][info][safepoint   ] Safepoint "G1CollectForAllocation", Time since last: 10167371667 ns, Reaching safepoint: 105547291 ns, At safepoint: 2657136292 ns, Total: 2762683583 ns
[2026-10-07T18:04:24.187+0800][1010.376s][info][safepoint   ] Safepoint "Cleanup", Time since last: 3430213458 ns, Reaching safepoint: 14152667 ns, At safepoint: 638417 ns, Total: 14791084 ns
[2026-10-07T18:04:30.970+0800][1017.160s][info][safepoint   ] Safepoint "Cleanup", Time since last: 6729838625 ns, Reaching safepoint: 53735583 ns, At safepoint: 19833 ns, Total: 53755416 ns
[2026-10-07T18:04:35.515+0800][1021.704s][info][safepoint   ] Safepoint "Cleanup", Time since last: 4537384375 ns, Reaching safepoint: 6913334 ns, At safepoint: 136583 ns, Total: 7049917 ns
[2026-10-07T18:04:36.652+0800][1022.842s][info][safepoint   ] Safepoint "Cleanup", Time since last: 1137082375 ns, Reaching safepoint: 789708 ns, At safepoint: 29959 ns, Total: 819667 ns
[2026-10-07T18:04:37.205+0800][1023.395s][info][gc,start    ] GC(256) Pause Young (Normal) (G1 Evacuation Pause)
[2026-10-07T18:04:37.207+0800][1023.397s][info][gc,task     ] GC(256) Using 9 workers of 9 for evacuation
[2026-10-07T18:04:37.386+0800][1023.576s][info][gc,phases   ] GC(256)   Pre Evacuate Collection Set: 2.0ms
[2026-10-07T18:04:37.387+0800][1023.576s][info][gc,phases   ] GC(256)   Merge Heap Roots: 1.1ms
[2026-10-07T18:04:37.387+0800][1023.577s][info][gc,phases   ] GC(256)   Evacuate Collection Set: 147.7ms
[2026-10-07T18:04:37.387+0800][1023.577s][info][gc,phases   ] GC(256)   Post Evacuate Collection Set: 28.3ms
[2026-10-07T18:04:37.387+0800][1023.577s][info][gc,phases   ] GC(256)   Other: 3.3ms
[2026-10-07T18:04:37.387+0800][1023.577s][info][gc,heap     ] GC(256) Eden regions: 31->0(32)
[2026-10-07T18:04:37.387+0800][1023.577s][info][gc,heap     ] GC(256) Survivor regions: 5->4(5)
[2026-10-07T18:04:37.387+0800][1023.577s][info][gc,heap     ] GC(256) Old regions: 372->376
[2026-10-07T18:04:37.387+0800][1023.577s][info][gc,heap     ] GC(256) Archive regions: 2->2
[2026-10-07T18:04:37.387+0800][1023.577s][info][gc,heap     ] GC(256) Humongous regions: 8->8
[2026-10-07T18:04:37.387+0800][1023.577s][info][gc,metaspace] GC(256) Metaspace: 161799K(164160K)->161799K(164160K) NonClass: 141055K(142208K)->141055K(142208K) Class: 20743K(21952K)->20743K(21952K)
[2026-10-07T18:04:37.407+0800][1023.597s][info][gc          ] GC(256) Pause Young (Normal) (G1 Evacuation Pause) 416M->388M(723M) 202.014ms
[2026-10-07T18:04:37.407+0800][1023.597s][info][gc,cpu      ] GC(256) User=0.01s Sys=0.05s Real=0.20s
[2026-10-07T18:04:37.407+0800][1023.597s][info][safepoint   ] Safepoint "G1CollectForAllocation", Time since last: 550885125 ns, Reaching safepoint: 117458 ns, At safepoint: 203694250 ns, Total: 203811708 ns
[2026-10-07T18:04:38.533+0800][1024.723s][info][safepoint   ] Safepoint "Cleanup", Time since last: 1087726333 ns, Reaching safepoint: 38414667 ns, At safepoint: 78542 ns, Total: 38493209 ns
[2026-10-07T18:04:43.896+0800][1030.087s][info][gc,start    ] GC(257) Pause Young (Normal) (G1 Evacuation Pause)
[2026-10-07T18:04:43.899+0800][1030.089s][info][gc,task     ] GC(257) Using 9 workers of 9 for evacuation
[2026-10-07T18:04:44.029+0800][1030.219s][info][gc,phases   ] GC(257)   Pre Evacuate Collection Set: 57.0ms
[2026-10-07T18:04:44.029+0800][1030.219s][info][gc,phases   ] GC(257)   Merge Heap Roots: 0.4ms
[2026-10-07T18:04:44.029+0800][1030.219s][info][gc,phases   ] GC(257)   Evacuate Collection Set: 52.9ms
[2026-10-07T18:04:44.029+0800][1030.219s][info][gc,phases   ] GC(257)   Post Evacuate Collection Set: 1.4ms
[2026-10-07T18:04:44.029+0800][1030.219s][info][gc,phases   ] GC(257)   Other: 24.3ms
[2026-10-07T18:04:44.029+0800][1030.219s][info][gc,heap     ] GC(257) Eden regions: 32->0(33)
[2026-10-07T18:04:44.029+0800][1030.219s][info][gc,heap     ] GC(257) Survivor regions: 4->3(5)
[2026-10-07T18:04:44.029+0800][1030.219s][info][gc,heap     ] GC(257) Old regions: 376->380
[2026-10-07T18:04:44.029+0800][1030.219s][info][gc,heap     ] GC(257) Archive regions: 2->2
[2026-10-07T18:04:44.029+0800][1030.219s][info][gc,heap     ] GC(257) Humongous regions: 8->8
[2026-10-07T18:04:44.029+0800][1030.219s][info][gc,metaspace] GC(257) Metaspace: 161805K(164160K)->161805K(164160K) NonClass: 141060K(142208K)->141060K(142208K) Class: 20745K(21952K)->20745K(21952K)
[2026-10-07T18:04:44.029+0800][1030.219s][info][gc          ] GC(257) Pause Young (Normal) (G1 Evacuation Pause) 420M->390M(723M) 132.801ms
[2026-10-07T18:04:44.029+0800][1030.219s][info][gc,cpu      ] GC(257) User=0.01s Sys=0.04s Real=0.13s
[2026-10-07T18:04:44.029+0800][1030.219s][info][safepoint   ] Safepoint "G1CollectForAllocation", Time since last: 5359481708 ns, Reaching safepoint: 310750 ns, At safepoint: 136375208 ns, Total: 136685958 ns
[2026-10-07T18:04:53.662+0800][1039.852s][info][gc,start    ] GC(258) Pause Young (Normal) (G1 Evacuation Pause)
[2026-10-07T18:04:53.663+0800][1039.854s][info][gc,task     ] GC(258) Using 9 workers of 9 for evacuation
[2026-10-07T18:04:53.697+0800][1039.887s][info][gc,phases   ] GC(258)   Pre Evacuate Collection Set: 6.0ms
[2026-10-07T18:04:53.697+0800][1039.887s][info][gc,phases   ] GC(258)   Merge Heap Roots: 2.7ms
[2026-10-07T18:04:53.697+0800][1039.887s][info][gc,phases   ] GC(258)   Evacuate Collection Set: 20.1ms
[2026-10-07T18:04:53.697+0800][1039.887s][info][gc,phases   ] GC(258)   Post Evacuate Collection Set: 4.2ms
[2026-10-07T18:04:53.697+0800][1039.888s][info][gc,phases   ] GC(258)   Other: 1.9ms
[2026-10-07T18:04:53.697+0800][1039.888s][info][gc,heap     ] GC(258) Eden regions: 33->0(31)
[2026-10-07T18:04:53.697+0800][1039.888s][info][gc,heap     ] GC(258) Survivor regions: 3->5(5)
[2026-10-07T18:04:53.697+0800][1039.888s][info][gc,heap     ] GC(258) Old regions: 380->380
[2026-10-07T18:04:53.697+0800][1039.888s][info][gc,heap     ] GC(258) Archive regions: 2->2
[2026-10-07T18:04:53.697+0800][1039.888s][info][gc,heap     ] GC(258) Humongous regions: 8->8
[2026-10-07T18:04:53.697+0800][1039.888s][info][gc,metaspace] GC(258) Metaspace: 161814K(164160K)->161814K(164160K) NonClass: 141069K(142208K)->141069K(142208K) Class: 20745K(21952K)->20745K(21952K)
[2026-10-07T18:04:53.697+0800][1039.888s][info][gc          ] GC(258) Pause Young (Normal) (G1 Evacuation Pause) 423M->392M(723M) 35.364ms
[2026-10-07T18:04:53.697+0800][1039.888s][info][gc,cpu      ] GC(258) User=0.01s Sys=0.03s Real=0.03s
[2026-10-07T18:04:53.698+0800][1039.888s][info][safepoint   ] Safepoint "G1CollectForAllocation", Time since last: 9632507292 ns, Reaching safepoint: 260792 ns, At safepoint: 35736041 ns, Total: 35996833 ns
[2026-10-07T18:04:56.609+0800][1042.799s][info][safepoint   ] Safepoint "Cleanup", Time since last: 2208719000 ns, Reaching safepoint: 701798000 ns, At safepoint: 486542 ns, Total: 702284542 ns
[2026-10-07T18:04:57.739+0800][1043.930s][info][safepoint   ] Safepoint "Cleanup", Time since last: 1095977167 ns, Reaching safepoint: 34841708 ns, At safepoint: 48292 ns, Total: 34890000 ns
[2026-10-07T18:05:01.134+0800][1047.325s][info][safepoint   ] Safepoint "Cleanup", Time since last: 3357395166 ns, Reaching safepoint: 37549292 ns, At safepoint: 91375 ns, Total: 37640667 ns
[2026-10-07T18:05:01.466+0800][1047.657s][info][gc,start    ] GC(259) Pause Young (Normal) (G1 Evacuation Pause)
[2026-10-07T18:05:01.481+0800][1047.672s][info][gc,task     ] GC(259) Using 9 workers of 9 for evacuation
[2026-10-07T18:05:01.583+0800][1047.773s][info][gc,phases   ] GC(259)   Pre Evacuate Collection Set: 2.5ms
[2026-10-07T18:05:01.583+0800][1047.774s][info][gc,phases   ] GC(259)   Merge Heap Roots: 2.7ms
[2026-10-07T18:05:01.583+0800][1047.774s][info][gc,phases   ] GC(259)   Evacuate Collection Set: 88.3ms
[2026-10-07T18:05:01.583+0800][1047.774s][info][gc,phases   ] GC(259)   Post Evacuate Collection Set: 7.7ms
[2026-10-07T18:05:01.583+0800][1047.774s][info][gc,phases   ] GC(259)   Other: 24.0ms
[2026-10-07T18:05:01.583+0800][1047.774s][info][gc,heap     ] GC(259) Eden regions: 31->0(32)
[2026-10-07T18:05:01.583+0800][1047.774s][info][gc,heap     ] GC(259) Survivor regions: 5->4(5)
[2026-10-07T18:05:01.583+0800][1047.774s][info][gc,heap     ] GC(259) Old regions: 380->382
[2026-10-07T18:05:01.583+0800][1047.774s][info][gc,heap     ] GC(259) Archive regions: 2->2
[2026-10-07T18:05:01.583+0800][1047.774s][info][gc,heap     ] GC(259) Humongous regions: 8->8
[2026-10-07T18:05:01.583+0800][1047.774s][info][gc,metaspace] GC(259) Metaspace: 161814K(164160K)->161814K(164160K) NonClass: 141069K(142208K)->141069K(142208K) Class: 20745K(21952K)->20745K(21952K)
[2026-10-07T18:05:01.584+0800][1047.774s][info][gc          ] GC(259) Pause Young (Normal) (G1 Evacuation Pause) 423M->393M(723M) 118.359ms
[2026-10-07T18:05:01.584+0800][1047.775s][info][gc,cpu      ] GC(259) User=0.01s Sys=0.05s Real=0.12s
[2026-10-07T18:05:01.585+0800][1047.776s][info][safepoint   ] Safepoint "G1CollectForAllocation", Time since last: 313196458 ns, Reaching safepoint: 9128209 ns, At safepoint: 128830708 ns, Total: 137958917 ns
[2026-10-07T18:05:03.339+0800][1049.529s][info][safepoint   ] Safepoint "Cleanup", Time since last: 1742249417 ns, Reaching safepoint: 10834875 ns, At safepoint: 36625 ns, Total: 10871500 ns
[2026-10-07T18:05:03.615+0800][1049.805s][info][gc,start    ] GC(260) Pause Young (Normal) (G1 Evacuation Pause)
[2026-10-07T18:05:03.615+0800][1049.805s][info][gc,task     ] GC(260) Using 9 workers of 9 for evacuation
[2026-10-07T18:05:03.796+0800][1049.986s][info][gc,phases   ] GC(260)   Pre Evacuate Collection Set: 1.7ms
[2026-10-07T18:05:03.796+0800][1049.986s][info][gc,phases   ] GC(260)   Merge Heap Roots: 0.6ms
[2026-10-07T18:05:03.796+0800][1049.986s][info][gc,phases   ] GC(260)   Evacuate Collection Set: 133.3ms
[2026-10-07T18:05:03.796+0800][1049.986s][info][gc,phases   ] GC(260)   Post Evacuate Collection Set: 2.8ms
[2026-10-07T18:05:03.796+0800][1049.986s][info][gc,phases   ] GC(260)   Other: 42.7ms
[2026-10-07T18:05:03.796+0800][1049.986s][info][gc,heap     ] GC(260) Eden regions: 32->0(33)
[2026-10-07T18:05:03.796+0800][1049.986s][info][gc,heap     ] GC(260) Survivor regions: 4->3(5)
[2026-10-07T18:05:03.796+0800][1049.986s][info][gc,heap     ] GC(260) Old regions: 382->384
[2026-10-07T18:05:03.796+0800][1049.986s][info][gc,heap     ] GC(260) Archive regions: 2->2
[2026-10-07T18:05:03.796+0800][1049.986s][info][gc,heap     ] GC(260) Humongous regions: 8->8
[2026-10-07T18:05:03.796+0800][1049.986s][info][gc,metaspace] GC(260) Metaspace: 161822K(164160K)->161822K(164160K) NonClass: 141077K(142208K)->141077K(142208K) Class: 20745K(21952K)->20745K(21952K)
[2026-10-07T18:05:03.796+0800][1049.987s][info][gc          ] GC(260) Pause Young (Normal) (G1 Evacuation Pause) 425M->394M(723M) 181.360ms
[2026-10-07T18:05:03.796+0800][1049.987s][info][gc,cpu      ] GC(260) User=0.01s Sys=0.03s Real=0.18s
[2026-10-07T18:05:03.796+0800][1049.987s][info][safepoint   ] Safepoint "G1CollectForAllocation", Time since last: 275354333 ns, Reaching safepoint: 441083 ns, At safepoint: 181727334 ns, Total: 182168417 ns
[2026-10-07T18:05:07.213+0800][1053.404s][info][safepoint   ] Safepoint "Cleanup", Time since last: 3368342500 ns, Reaching safepoint: 49048541 ns, At safepoint: 78292 ns, Total: 49126833 ns
[2026-10-07T18:05:08.364+0800][1054.555s][info][safepoint   ] Safepoint "Cleanup", Time since last: 1142568625 ns, Reaching safepoint: 8071083 ns, At safepoint: 19917 ns, Total: 8091000 ns
[2026-10-07T18:05:09.503+0800][1055.694s][info][safepoint   ] Safepoint "Cleanup", Time since last: 1138371917 ns, Reaching safepoint: 427375 ns, At safepoint: 248166 ns, Total: 675541 ns
[2026-10-07T18:05:10.679+0800][1056.870s][info][safepoint   ] Safepoint "Cleanup", Time since last: 1158689000 ns, Reaching safepoint: 17606000 ns, At safepoint: 107750 ns, Total: 17713750 ns
[2026-10-07T18:05:11.063+0800][1057.253s][info][gc,start    ] GC(261) Pause Young (Normal) (G1 Evacuation Pause)
[2026-10-07T18:05:11.063+0800][1057.253s][info][gc,task     ] GC(261) Using 9 workers of 9 for evacuation
[2026-10-07T18:05:11.107+0800][1057.297s][info][gc,phases   ] GC(261)   Pre Evacuate Collection Set: 7.8ms
[2026-10-07T18:05:11.107+0800][1057.297s][info][gc,phases   ] GC(261)   Merge Heap Roots: 0.9ms
[2026-10-07T18:05:11.107+0800][1057.297s][info][gc,phases   ] GC(261)   Evacuate Collection Set: 30.7ms
[2026-10-07T18:05:11.107+0800][1057.297s][info][gc,phases   ] GC(261)   Post Evacuate Collection Set: 3.1ms
[2026-10-07T18:05:11.107+0800][1057.297s][info][gc,phases   ] GC(261)   Other: 2.6ms
[2026-10-07T18:05:11.107+0800][1057.297s][info][gc,heap     ] GC(261) Eden regions: 33->0(31)
[2026-10-07T18:05:11.107+0800][1057.297s][info][gc,heap     ] GC(261) Survivor regions: 3->5(5)
[2026-10-07T18:05:11.107+0800][1057.297s][info][gc,heap     ] GC(261) Old regions: 384->384
[2026-10-07T18:05:11.107+0800][1057.297s][info][gc,heap     ] GC(261) Archive regions: 2->2
[2026-10-07T18:05:11.107+0800][1057.297s][info][gc,heap     ] GC(261) Humongous regions: 8->8
[2026-10-07T18:05:11.107+0800][1057.297s][info][gc,metaspace] GC(261) Metaspace: 161836K(164160K)->161836K(164160K) NonClass: 141091K(142208K)->141091K(142208K) Class: 20745K(21952K)->20745K(21952K)
[2026-10-07T18:05:11.107+0800][1057.298s][info][gc          ] GC(261) Pause Young (Normal) (G1 Evacuation Pause) 427M->396M(723M) 44.079ms
[2026-10-07T18:05:11.107+0800][1057.298s][info][gc,cpu      ] GC(261) User=0.01s Sys=0.04s Real=0.04s
[2026-10-07T18:05:11.107+0800][1057.298s][info][safepoint   ] Safepoint "G1CollectForAllocation", Time since last: 381838542 ns, Reaching safepoint: 75375 ns, At safepoint: 45634667 ns, Total: 45710042 ns
[2026-10-07T18:05:12.258+0800][1058.448s][info][safepoint   ] Safepoint "Cleanup", Time since last: 1150037750 ns, Reaching safepoint: 566625 ns, At safepoint: 10750 ns, Total: 577375 ns
[2026-10-07T18:05:12.323+0800][1058.514s][info][gc,start    ] GC(262) Pause Young (Normal) (G1 Evacuation Pause)
[2026-10-07T18:05:12.323+0800][1058.514s][info][gc,task     ] GC(262) Using 9 workers of 9 for evacuation
[2026-10-07T18:05:12.841+0800][1059.032s][info][gc,mmu      ] GC(262) MMU target violated: 201.0ms (200.0ms/201.0ms)
[2026-10-07T18:05:12.841+0800][1059.032s][info][gc,phases   ] GC(262)   Pre Evacuate Collection Set: 2.3ms
[2026-10-07T18:05:12.841+0800][1059.032s][info][gc,phases   ] GC(262)   Merge Heap Roots: 0.5ms
[2026-10-07T18:05:12.841+0800][1059.032s][info][gc,phases   ] GC(262)   Evacuate Collection Set: 512.0ms
[2026-10-07T18:05:12.841+0800][1059.032s][info][gc,phases   ] GC(262)   Post Evacuate Collection Set: 2.3ms
[2026-10-07T18:05:12.841+0800][1059.032s][info][gc,phases   ] GC(262)   Other: 1.0ms
[2026-10-07T18:05:12.841+0800][1059.032s][info][gc,heap     ] GC(262) Eden regions: 31->0(34)
[2026-10-07T18:05:12.841+0800][1059.032s][info][gc,heap     ] GC(262) Survivor regions: 5->2(5)
[2026-10-07T18:05:12.841+0800][1059.032s][info][gc,heap     ] GC(262) Old regions: 384->388
[2026-10-07T18:05:12.841+0800][1059.032s][info][gc,heap     ] GC(262) Archive regions: 2->2
[2026-10-07T18:05:12.841+0800][1059.032s][info][gc,heap     ] GC(262) Humongous regions: 8->8
[2026-10-07T18:05:12.841+0800][1059.032s][info][gc,metaspace] GC(262) Metaspace: 161844K(164160K)->161844K(164160K) NonClass: 141099K(142208K)->141099K(142208K) Class: 20745K(21952K)->20745K(21952K)
[2026-10-07T18:05:12.841+0800][1059.032s][info][gc          ] GC(262) Pause Young (Normal) (G1 Evacuation Pause) 427M->397M(723M) 518.007ms
[2026-10-07T18:05:12.841+0800][1059.032s][info][gc,cpu      ] GC(262) User=0.04s Sys=0.04s Real=0.52s
[2026-10-07T18:05:12.841+0800][1059.032s][info][safepoint   ] Safepoint "G1CollectForAllocation", Time since last: 65505083 ns, Reaching safepoint: 57708 ns, At safepoint: 518307417 ns, Total: 518365125 ns
[2026-10-07T18:05:13.633+0800][1059.824s][info][gc,start    ] GC(263) Pause Young (Normal) (G1 Evacuation Pause)
[2026-10-07T18:05:13.633+0800][1059.824s][info][gc,task     ] GC(263) Using 9 workers of 9 for evacuation
[2026-10-07T18:05:13.659+0800][1059.850s][info][gc,phases   ] GC(263)   Pre Evacuate Collection Set: 1.8ms
[2026-10-07T18:05:13.659+0800][1059.850s][info][gc,phases   ] GC(263)   Merge Heap Roots: 0.6ms
[2026-10-07T18:05:13.659+0800][1059.850s][info][gc,phases   ] GC(263)   Evacuate Collection Set: 13.1ms
[2026-10-07T18:05:13.659+0800][1059.850s][info][gc,phases   ] GC(263)   Post Evacuate Collection Set: 5.8ms
[2026-10-07T18:05:13.659+0800][1059.850s][info][gc,phases   ] GC(263)   Other: 5.2ms
[2026-10-07T18:05:13.659+0800][1059.850s][info][gc,heap     ] GC(263) Eden regions: 34->0(33)
[2026-10-07T18:05:13.659+0800][1059.850s][info][gc,heap     ] GC(263) Survivor regions: 2->3(5)
[2026-10-07T18:05:13.659+0800][1059.850s][info][gc,heap     ] GC(263) Old regions: 388->388
[2026-10-07T18:05:13.659+0800][1059.850s][info][gc,heap     ] GC(263) Archive regions: 2->2
[2026-10-07T18:05:13.659+0800][1059.850s][info][gc,heap     ] GC(263) Humongous regions: 8->8
[2026-10-07T18:05:13.659+0800][1059.850s][info][gc,metaspace] GC(263) Metaspace: 161844K(164160K)->161844K(164160K) NonClass: 141099K(142208K)->141099K(142208K) Class: 20745K(21952K)->20745K(21952K)
[2026-10-07T18:05:13.659+0800][1059.850s][info][gc          ] GC(263) Pause Young (Normal) (G1 Evacuation Pause) 431M->398M(723M) 26.623ms
[2026-10-07T18:05:13.659+0800][1059.850s][info][gc,cpu      ] GC(263) User=0.01s Sys=0.02s Real=0.02s
[2026-10-07T18:05:13.660+0800][1059.851s][info][safepoint   ] Safepoint "G1CollectForAllocation", Time since last: 789990208 ns, Reaching safepoint: 1245250 ns, At safepoint: 27808375 ns, Total: 29053625 ns
[2026-10-07T18:05:13.765+0800][1059.956s][info][gc,start    ] GC(264) Pause Young (Normal) (G1 Evacuation Pause)
[2026-10-07T18:05:13.765+0800][1059.956s][info][gc,task     ] GC(264) Using 9 workers of 9 for evacuation
[2026-10-07T18:05:13.771+0800][1059.961s][info][gc,phases   ] GC(264)   Pre Evacuate Collection Set: 0.1ms
[2026-10-07T18:05:13.771+0800][1059.961s][info][gc,phases   ] GC(264)   Merge Heap Roots: 0.0ms
[2026-10-07T18:05:13.771+0800][1059.961s][info][gc,phases   ] GC(264)   Evacuate Collection Set: 5.2ms
[2026-10-07T18:05:13.771+0800][1059.961s][info][gc,phases   ] GC(264)   Post Evacuate Collection Set: 0.2ms
[2026-10-07T18:05:13.771+0800][1059.961s][info][gc,phases   ] GC(264)   Other: 0.1ms
[2026-10-07T18:05:13.771+0800][1059.961s][info][gc,heap     ] GC(264) Eden regions: 33->0(33)
[2026-10-07T18:05:13.771+0800][1059.961s][info][gc,heap     ] GC(264) Survivor regions: 3->3(5)
[2026-10-07T18:05:13.771+0800][1059.961s][info][gc,heap     ] GC(264) Old regions: 388->389
[2026-10-07T18:05:13.771+0800][1059.961s][info][gc,heap     ] GC(264) Archive regions: 2->2
[2026-10-07T18:05:13.771+0800][1059.961s][info][gc,heap     ] GC(264) Humongous regions: 8->8
[2026-10-07T18:05:13.771+0800][1059.961s][info][gc,metaspace] GC(264) Metaspace: 161844K(164160K)->161844K(164160K) NonClass: 141099K(142208K)->141099K(142208K) Class: 20745K(21952K)->20745K(21952K)
[2026-10-07T18:05:13.771+0800][1059.962s][info][gc          ] GC(264) Pause Young (Normal) (G1 Evacuation Pause) 431M->399M(723M) 5.662ms
[2026-10-07T18:05:13.771+0800][1059.962s][info][gc,cpu      ] GC(264) User=0.00s Sys=0.00s Real=0.01s
[2026-10-07T18:05:13.771+0800][1059.962s][info][safepoint   ] Safepoint "G1CollectForAllocation", Time since last: 104434500 ns, Reaching safepoint: 51709 ns, At safepoint: 5716875 ns, Total: 5768584 ns
[2026-10-07T18:05:15.194+0800][1061.385s][info][gc,start    ] GC(265) Pause Young (Normal) (G1 Evacuation Pause)
[2026-10-07T18:05:15.195+0800][1061.386s][info][gc,task     ] GC(265) Using 9 workers of 9 for evacuation
[2026-10-07T18:05:15.245+0800][1061.436s][info][gc,phases   ] GC(265)   Pre Evacuate Collection Set: 6.4ms
[2026-10-07T18:05:15.245+0800][1061.436s][info][gc,phases   ] GC(265)   Merge Heap Roots: 2.3ms
[2026-10-07T18:05:15.245+0800][1061.436s][info][gc,phases   ] GC(265)   Evacuate Collection Set: 33.5ms
[2026-10-07T18:05:15.245+0800][1061.436s][info][gc,phases   ] GC(265)   Post Evacuate Collection Set: 7.9ms
[2026-10-07T18:05:15.245+0800][1061.436s][info][gc,phases   ] GC(265)   Other: 1.4ms
[2026-10-07T18:05:15.245+0800][1061.436s][info][gc,heap     ] GC(265) Eden regions: 33->0(32)
[2026-10-07T18:05:15.245+0800][1061.436s][info][gc,heap     ] GC(265) Survivor regions: 3->4(5)
[2026-10-07T18:05:15.245+0800][1061.436s][info][gc,heap     ] GC(265) Old regions: 389->389
[2026-10-07T18:05:15.245+0800][1061.436s][info][gc,heap     ] GC(265) Archive regions: 2->2
[2026-10-07T18:05:15.245+0800][1061.436s][info][gc,heap     ] GC(265) Humongous regions: 8->8
[2026-10-07T18:05:15.245+0800][1061.436s][info][gc,metaspace] GC(265) Metaspace: 161845K(164160K)->161845K(164160K) NonClass: 141100K(142208K)->141100K(142208K) Class: 20745K(21952K)->20745K(21952K)
[2026-10-07T18:05:15.245+0800][1061.436s][info][gc          ] GC(265) Pause Young (Normal) (G1 Evacuation Pause) 432M->400M(723M) 51.043ms
[2026-10-07T18:05:15.245+0800][1061.436s][info][gc,cpu      ] GC(265) User=0.01s Sys=0.03s Real=0.05s
[2026-10-07T18:05:15.246+0800][1061.437s][info][safepoint   ] Safepoint "G1CollectForAllocation", Time since last: 1418511500 ns, Reaching safepoint: 3946958 ns, At safepoint: 52517292 ns, Total: 56464250 ns
[2026-10-07T18:05:15.799+0800][1061.990s][info][gc,start    ] GC(266) Pause Young (Normal) (G1 Evacuation Pause)
[2026-10-07T18:05:15.799+0800][1061.990s][info][gc,task     ] GC(266) Using 9 workers of 9 for evacuation
[2026-10-07T18:05:15.805+0800][1061.996s][info][gc,phases   ] GC(266)   Pre Evacuate Collection Set: 0.5ms
[2026-10-07T18:05:15.805+0800][1061.996s][info][gc,phases   ] GC(266)   Merge Heap Roots: 0.3ms
[2026-10-07T18:05:15.805+0800][1061.996s][info][gc,phases   ] GC(266)   Evacuate Collection Set: 5.2ms
[2026-10-07T18:05:15.805+0800][1061.996s][info][gc,phases   ] GC(266)   Post Evacuate Collection Set: 0.4ms
[2026-10-07T18:05:15.805+0800][1061.996s][info][gc,phases   ] GC(266)   Other: 0.4ms
[2026-10-07T18:05:15.805+0800][1061.996s][info][gc,heap     ] GC(266) Eden regions: 32->0(69)
[2026-10-07T18:05:15.805+0800][1061.996s][info][gc,heap     ] GC(266) Survivor regions: 4->3(5)
[2026-10-07T18:05:15.805+0800][1061.996s][info][gc,heap     ] GC(266) Old regions: 389->390
[2026-10-07T18:05:15.805+0800][1061.996s][info][gc,heap     ] GC(266) Archive regions: 2->2
[2026-10-07T18:05:15.805+0800][1061.996s][info][gc,heap     ] GC(266) Humongous regions: 8->8
[2026-10-07T18:05:15.805+0800][1061.996s][info][gc,metaspace] GC(266) Metaspace: 161847K(164160K)->161847K(164160K) NonClass: 141102K(142208K)->141102K(142208K) Class: 20745K(21952K)->20745K(21952K)
[2026-10-07T18:05:15.805+0800][1061.996s][info][gc          ] GC(266) Pause Young (Normal) (G1 Evacuation Pause) 432M->401M(723M) 6.739ms
[2026-10-07T18:05:15.805+0800][1061.996s][info][gc,cpu      ] GC(266) User=0.01s Sys=0.01s Real=0.01s
[2026-10-07T18:05:15.805+0800][1061.996s][info][safepoint   ] Safepoint "G1CollectForAllocation", Time since last: 551470541 ns, Reaching safepoint: 1469375 ns, At safepoint: 6854625 ns, Total: 8324000 ns
[2026-10-07T18:05:37.139+0800][1083.330s][info][safepoint   ] Safepoint "Cleanup", Time since last: 21289085792 ns, Reaching safepoint: 41457542 ns, At safepoint: 1740083 ns, Total: 43197625 ns
[2026-10-07T18:05:37.973+0800][1084.164s][info][gc,start    ] GC(267) Pause Young (Normal) (G1 Evacuation Pause)
[2026-10-07T18:05:37.974+0800][1084.165s][info][gc,task     ] GC(267) Using 9 workers of 9 for evacuation
[2026-10-07T18:05:39.364+0800][1085.555s][info][gc,mmu      ] GC(267) MMU target violated: 201.0ms (200.0ms/201.0ms)
[2026-10-07T18:05:39.365+0800][1085.556s][info][gc,phases   ] GC(267)   Pre Evacuate Collection Set: 17.3ms
[2026-10-07T18:05:39.365+0800][1085.556s][info][gc,phases   ] GC(267)   Merge Heap Roots: 83.5ms
[2026-10-07T18:05:39.365+0800][1085.556s][info][gc,phases   ] GC(267)   Evacuate Collection Set: 1206.6ms
[2026-10-07T18:05:39.365+0800][1085.556s][info][gc,phases   ] GC(267)   Post Evacuate Collection Set: 72.7ms
[2026-10-07T18:05:39.365+0800][1085.556s][info][gc,phases   ] GC(267)   Other: 23.6ms
[2026-10-07T18:05:39.365+0800][1085.556s][info][gc,heap     ] GC(267) Eden regions: 69->0(31)
[2026-10-07T18:05:39.365+0800][1085.556s][info][gc,heap     ] GC(267) Survivor regions: 3->5(9)
[2026-10-07T18:05:39.365+0800][1085.556s][info][gc,heap     ] GC(267) Old regions: 390->390
[2026-10-07T18:05:39.365+0800][1085.556s][info][gc,heap     ] GC(267) Archive regions: 2->2
[2026-10-07T18:05:39.365+0800][1085.556s][info][gc,heap     ] GC(267) Humongous regions: 8->8
[2026-10-07T18:05:39.365+0800][1085.556s][info][gc,metaspace] GC(267) Metaspace: 161848K(164160K)->161848K(164160K) NonClass: 141103K(142208K)->141103K(142208K) Class: 20745K(21952K)->20745K(21952K)
[2026-10-07T18:05:39.365+0800][1085.556s][info][gc          ] GC(267) Pause Young (Normal) (G1 Evacuation Pause) 470M->403M(723M) 1392.090ms
[2026-10-07T18:05:39.365+0800][1085.557s][info][gc,cpu      ] GC(267) User=0.02s Sys=0.12s Real=1.39s
[2026-10-07T18:05:39.367+0800][1085.558s][info][safepoint   ] Safepoint "G1CollectForAllocation", Time since last: 799881667 ns, Reaching safepoint: 787375 ns, At safepoint: 1428986958 ns, Total: 1429774333 ns
[2026-10-07T18:05:40.680+0800][1086.872s][info][safepoint   ] Safepoint "Cleanup", Time since last: 1139875000 ns, Reaching safepoint: 173097083 ns, At safepoint: 358959 ns, Total: 173456042 ns
[2026-10-07T18:05:41.207+0800][1087.398s][info][gc,start    ] GC(268) Pause Young (Normal) (G1 Evacuation Pause)
[2026-10-07T18:05:41.207+0800][1087.398s][info][gc,task     ] GC(268) Using 9 workers of 9 for evacuation
[2026-10-07T18:05:41.276+0800][1087.467s][info][gc,phases   ] GC(268)   Pre Evacuate Collection Set: 0.9ms
[2026-10-07T18:05:41.276+0800][1087.467s][info][gc,phases   ] GC(268)   Merge Heap Roots: 2.6ms
[2026-10-07T18:05:41.276+0800][1087.467s][info][gc,phases   ] GC(268)   Evacuate Collection Set: 56.9ms
[2026-10-07T18:05:41.276+0800][1087.467s][info][gc,phases   ] GC(268)   Post Evacuate Collection Set: 8.4ms
[2026-10-07T18:05:41.276+0800][1087.467s][info][gc,phases   ] GC(268)   Other: 0.2ms
[2026-10-07T18:05:41.276+0800][1087.467s][info][gc,heap     ] GC(268) Eden regions: 31->0(32)
[2026-10-07T18:05:41.276+0800][1087.467s][info][gc,heap     ] GC(268) Survivor regions: 5->4(5)
[2026-10-07T18:05:41.276+0800][1087.467s][info][gc,heap     ] GC(268) Old regions: 390->392
[2026-10-07T18:05:41.276+0800][1087.467s][info][gc,heap     ] GC(268) Archive regions: 2->2
[2026-10-07T18:05:41.276+0800][1087.468s][info][gc,heap     ] GC(268) Humongous regions: 8->8
[2026-10-07T18:05:41.276+0800][1087.468s][info][gc,metaspace] GC(268) Metaspace: 161848K(164160K)->161848K(164160K) NonClass: 141103K(142208K)->141103K(142208K) Class: 20745K(21952K)->20745K(21952K)
[2026-10-07T18:05:41.276+0800][1087.468s][info][gc          ] GC(268) Pause Young (Normal) (G1 Evacuation Pause) 434M->404M(723M) 69.163ms
[2026-10-07T18:05:41.276+0800][1087.468s][info][gc,cpu      ] GC(268) User=0.01s Sys=0.03s Real=0.07s
[2026-10-07T18:05:41.276+0800][1087.468s][info][safepoint   ] Safepoint "G1CollectForAllocation", Time since last: 526187125 ns, Reaching safepoint: 546166 ns, At safepoint: 69307834 ns, Total: 69854000 ns
[2026-10-07T18:05:41.574+0800][1087.766s][info][gc,start    ] GC(269) Pause Young (Normal) (G1 Evacuation Pause)
[2026-10-07T18:05:41.574+0800][1087.766s][info][gc,task     ] GC(269) Using 9 workers of 9 for evacuation
[2026-10-07T18:05:41.679+0800][1087.871s][info][gc,phases   ] GC(269)   Pre Evacuate Collection Set: 0.1ms
[2026-10-07T18:05:41.679+0800][1087.871s][info][gc,phases   ] GC(269)   Merge Heap Roots: 0.1ms
[2026-10-07T18:05:41.679+0800][1087.871s][info][gc,phases   ] GC(269)   Evacuate Collection Set: 103.8ms
[2026-10-07T18:05:41.680+0800][1087.871s][info][gc,phases   ] GC(269)   Post Evacuate Collection Set: 1.2ms
[2026-10-07T18:05:41.680+0800][1087.871s][info][gc,phases   ] GC(269)   Other: 0.2ms
[2026-10-07T18:05:41.680+0800][1087.871s][info][gc,heap     ] GC(269) Eden regions: 32->0(33)
[2026-10-07T18:05:41.680+0800][1087.871s][info][gc,heap     ] GC(269) Survivor regions: 4->3(5)
[2026-10-07T18:05:41.680+0800][1087.871s][info][gc,heap     ] GC(269) Old regions: 392->394
[2026-10-07T18:05:41.680+0800][1087.871s][info][gc,heap     ] GC(269) Archive regions: 2->2
[2026-10-07T18:05:41.680+0800][1087.871s][info][gc,heap     ] GC(269) Humongous regions: 8->8
[2026-10-07T18:05:41.680+0800][1087.871s][info][gc,metaspace] GC(269) Metaspace: 161848K(164160K)->161848K(164160K) NonClass: 141103K(142208K)->141103K(142208K) Class: 20745K(21952K)->20745K(21952K)
[2026-10-07T18:05:41.680+0800][1087.871s][info][gc          ] GC(269) Pause Young (Normal) (G1 Evacuation Pause) 436M->404M(723M) 105.600ms
[2026-10-07T18:05:41.680+0800][1087.871s][info][gc,cpu      ] GC(269) User=0.01s Sys=0.02s Real=0.11s
[2026-10-07T18:05:41.680+0800][1087.871s][info][safepoint   ] Safepoint "G1CollectForAllocation", Time since last: 297846041 ns, Reaching safepoint: 59209 ns, At safepoint: 105805041 ns, Total: 105864250 ns
[2026-10-07T18:05:41.935+0800][1088.127s][info][gc,start    ] GC(270) Pause Young (Normal) (G1 Evacuation Pause)
[2026-10-07T18:05:41.936+0800][1088.127s][info][gc,task     ] GC(270) Using 9 workers of 9 for evacuation
[2026-10-07T18:05:41.960+0800][1088.152s][info][gc,phases   ] GC(270)   Pre Evacuate Collection Set: 0.3ms
[2026-10-07T18:05:41.961+0800][1088.152s][info][gc,phases   ] GC(270)   Merge Heap Roots: 0.1ms
[2026-10-07T18:05:41.961+0800][1088.152s][info][gc,phases   ] GC(270)   Evacuate Collection Set: 23.7ms
[2026-10-07T18:05:41.961+0800][1088.152s][info][gc,phases   ] GC(270)   Post Evacuate Collection Set: 0.6ms
[2026-10-07T18:05:41.961+0800][1088.152s][info][gc,phases   ] GC(270)   Other: 0.3ms
[2026-10-07T18:05:41.961+0800][1088.152s][info][gc,heap     ] GC(270) Eden regions: 33->0(33)
[2026-10-07T18:05:41.961+0800][1088.152s][info][gc,heap     ] GC(270) Survivor regions: 3->3(5)
[2026-10-07T18:05:41.961+0800][1088.152s][info][gc,heap     ] GC(270) Old regions: 394->394
[2026-10-07T18:05:41.961+0800][1088.152s][info][gc,heap     ] GC(270) Archive regions: 2->2
[2026-10-07T18:05:41.961+0800][1088.152s][info][gc,heap     ] GC(270) Humongous regions: 8->8
[2026-10-07T18:05:41.961+0800][1088.152s][info][gc,metaspace] GC(270) Metaspace: 161848K(164160K)->161848K(164160K) NonClass: 141103K(142208K)->141103K(142208K) Class: 20745K(21952K)->20745K(21952K)
[2026-10-07T18:05:41.961+0800][1088.152s][info][gc          ] GC(270) Pause Young (Normal) (G1 Evacuation Pause) 437M->405M(723M) 25.163ms
[2026-10-07T18:05:41.961+0800][1088.152s][info][gc,cpu      ] GC(270) User=0.01s Sys=0.01s Real=0.03s
[2026-10-07T18:05:41.961+0800][1088.152s][info][safepoint   ] Safepoint "G1CollectForAllocation", Time since last: 255363500 ns, Reaching safepoint: 206459 ns, At safepoint: 25228791 ns, Total: 25435250 ns
[2026-10-07T18:05:42.357+0800][1088.549s][info][gc,start    ] GC(271) Pause Young (Normal) (G1 Evacuation Pause)
[2026-10-07T18:05:42.357+0800][1088.549s][info][gc,task     ] GC(271) Using 9 workers of 9 for evacuation
[2026-10-07T18:05:42.385+0800][1088.576s][info][gc,phases   ] GC(271)   Pre Evacuate Collection Set: 0.3ms
[2026-10-07T18:05:42.385+0800][1088.577s][info][gc,phases   ] GC(271)   Merge Heap Roots: 0.1ms
[2026-10-07T18:05:42.385+0800][1088.577s][info][gc,phases   ] GC(271)   Evacuate Collection Set: 23.7ms
[2026-10-07T18:05:42.385+0800][1088.577s][info][gc,phases   ] GC(271)   Post Evacuate Collection Set: 3.3ms
[2026-10-07T18:05:42.385+0800][1088.577s][info][gc,phases   ] GC(271)   Other: 0.2ms
[2026-10-07T18:05:42.385+0800][1088.577s][info][gc,heap     ] GC(271) Eden regions: 33->0(33)
[2026-10-07T18:05:42.385+0800][1088.577s][info][gc,heap     ] GC(271) Survivor regions: 3->3(5)
[2026-10-07T18:05:42.385+0800][1088.577s][info][gc,heap     ] GC(271) Old regions: 394->395
[2026-10-07T18:05:42.385+0800][1088.577s][info][gc,heap     ] GC(271) Archive regions: 2->2
[2026-10-07T18:05:42.385+0800][1088.577s][info][gc,heap     ] GC(271) Humongous regions: 8->8
[2026-10-07T18:05:42.385+0800][1088.577s][info][gc,metaspace] GC(271) Metaspace: 161848K(164160K)->161848K(164160K) NonClass: 141103K(142208K)->141103K(142208K) Class: 20745K(21952K)->20745K(21952K)
[2026-10-07T18:05:42.385+0800][1088.577s][info][gc          ] GC(271) Pause Young (Normal) (G1 Evacuation Pause) 438M->406M(725M) 27.940ms
[2026-10-07T18:05:42.385+0800][1088.577s][info][gc,cpu      ] GC(271) User=0.01s Sys=0.02s Real=0.03s
[2026-10-07T18:05:42.386+0800][1088.578s][info][safepoint   ] Safepoint "G1CollectForAllocation", Time since last: 396483625 ns, Reaching safepoint: 271084 ns, At safepoint: 28877250 ns, Total: 29148334 ns
[2026-10-07T18:05:44.061+0800][1090.253s][info][gc,start    ] GC(272) Pause Young (Normal) (G1 Evacuation Pause)
[2026-10-07T18:05:44.061+0800][1090.253s][info][gc,task     ] GC(272) Using 9 workers of 9 for evacuation
[2026-10-07T18:05:44.169+0800][1090.360s][info][gc,phases   ] GC(272)   Pre Evacuate Collection Set: 1.2ms
[2026-10-07T18:05:44.169+0800][1090.360s][info][gc,phases   ] GC(272)   Merge Heap Roots: 0.3ms
[2026-10-07T18:05:44.169+0800][1090.360s][info][gc,phases   ] GC(272)   Evacuate Collection Set: 96.6ms
[2026-10-07T18:05:44.169+0800][1090.360s][info][gc,phases   ] GC(272)   Post Evacuate Collection Set: 9.1ms
[2026-10-07T18:05:44.169+0800][1090.360s][info][gc,phases   ] GC(272)   Other: 0.7ms
[2026-10-07T18:05:44.169+0800][1090.361s][info][gc,heap     ] GC(272) Eden regions: 33->0(32)
[2026-10-07T18:05:44.169+0800][1090.361s][info][gc,heap     ] GC(272) Survivor regions: 3->4(5)
[2026-10-07T18:05:44.169+0800][1090.361s][info][gc,heap     ] GC(272) Old regions: 395->396
[2026-10-07T18:05:44.169+0800][1090.361s][info][gc,heap     ] GC(272) Archive regions: 2->2
[2026-10-07T18:05:44.169+0800][1090.361s][info][gc,heap     ] GC(272) Humongous regions: 8->8
[2026-10-07T18:05:44.169+0800][1090.361s][info][gc,metaspace] GC(272) Metaspace: 161878K(164224K)->161878K(164224K) NonClass: 141132K(142272K)->141132K(142272K) Class: 20746K(21952K)->20746K(21952K)
[2026-10-07T18:05:44.169+0800][1090.361s][info][gc          ] GC(272) Pause Young (Normal) (G1 Evacuation Pause) 439M->407M(725M) 108.089ms
[2026-10-07T18:05:44.169+0800][1090.361s][info][gc,cpu      ] GC(272) User=0.01s Sys=0.05s Real=0.10s
[2026-10-07T18:05:44.169+0800][1090.361s][info][safepoint   ] Safepoint "G1CollectForAllocation", Time since last: 1648526875 ns, Reaching safepoint: 26127000 ns, At safepoint: 108371625 ns, Total: 134498625 ns
[2026-10-07T18:05:45.310+0800][1091.501s][info][safepoint   ] Safepoint "Cleanup", Time since last: 1137420875 ns, Reaching safepoint: 2937083 ns, At safepoint: 3917 ns, Total: 2941000 ns
[2026-10-07T18:05:45.824+0800][1092.016s][info][gc,start    ] GC(273) Pause Young (Normal) (G1 Evacuation Pause)
[2026-10-07T18:05:45.824+0800][1092.016s][info][gc,task     ] GC(273) Using 9 workers of 9 for evacuation
[2026-10-07T18:05:45.854+0800][1092.046s][info][gc,phases   ] GC(273)   Pre Evacuate Collection Set: 0.4ms
[2026-10-07T18:05:45.855+0800][1092.046s][info][gc,phases   ] GC(273)   Merge Heap Roots: 0.1ms
[2026-10-07T18:05:45.855+0800][1092.046s][info][gc,phases   ] GC(273)   Evacuate Collection Set: 26.6ms
[2026-10-07T18:05:45.855+0800][1092.046s][info][gc,phases   ] GC(273)   Post Evacuate Collection Set: 3.1ms
[2026-10-07T18:05:45.855+0800][1092.046s][info][gc,phases   ] GC(273)   Other: 0.3ms
[2026-10-07T18:05:45.855+0800][1092.046s][info][gc,heap     ] GC(273) Eden regions: 32->0(87)
[2026-10-07T18:05:45.855+0800][1092.046s][info][gc,heap     ] GC(273) Survivor regions: 4->3(5)
[2026-10-07T18:05:45.855+0800][1092.046s][info][gc,heap     ] GC(273) Old regions: 396->397
[2026-10-07T18:05:45.855+0800][1092.046s][info][gc,heap     ] GC(273) Archive regions: 2->2
[2026-10-07T18:05:45.855+0800][1092.046s][info][gc,heap     ] GC(273) Humongous regions: 8->8
[2026-10-07T18:05:45.855+0800][1092.046s][info][gc,metaspace] GC(273) Metaspace: 161905K(164224K)->161905K(164224K) NonClass: 141157K(142272K)->141157K(142272K) Class: 20748K(21952K)->20748K(21952K)
[2026-10-07T18:05:45.855+0800][1092.047s][info][gc          ] GC(273) Pause Young (Normal) (G1 Evacuation Pause) 439M->408M(725M) 30.850ms
[2026-10-07T18:05:45.855+0800][1092.047s][info][gc,cpu      ] GC(273) User=0.01s Sys=0.03s Real=0.03s
[2026-10-07T18:05:45.856+0800][1092.047s][info][safepoint   ] Safepoint "G1CollectForAllocation", Time since last: 514066958 ns, Reaching safepoint: 221500 ns, At safepoint: 31896708 ns, Total: 32118208 ns
[2026-10-07T18:05:48.151+0800][1094.342s][info][safepoint   ] Safepoint "Cleanup", Time since last: 2290815500 ns, Reaching safepoint: 3678084 ns, At safepoint: 518000 ns, Total: 4196084 ns
[2026-10-07T18:05:51.835+0800][1098.027s][info][gc,start    ] GC(274) Pause Young (Normal) (G1 Evacuation Pause)
[2026-10-07T18:05:51.836+0800][1098.028s][info][gc,task     ] GC(274) Using 9 workers of 9 for evacuation
[2026-10-07T18:05:51.856+0800][1098.048s][info][gc,phases   ] GC(274)   Pre Evacuate Collection Set: 0.2ms
[2026-10-07T18:05:51.856+0800][1098.048s][info][gc,phases   ] GC(274)   Merge Heap Roots: 0.1ms
[2026-10-07T18:05:51.856+0800][1098.048s][info][gc,phases   ] GC(274)   Evacuate Collection Set: 15.4ms
[2026-10-07T18:05:51.856+0800][1098.048s][info][gc,phases   ] GC(274)   Post Evacuate Collection Set: 4.2ms
[2026-10-07T18:05:51.856+0800][1098.048s][info][gc,phases   ] GC(274)   Other: 2.3ms
[2026-10-07T18:05:51.856+0800][1098.048s][info][gc,heap     ] GC(274) Eden regions: 85->0(62)
[2026-10-07T18:05:51.856+0800][1098.048s][info][gc,heap     ] GC(274) Survivor regions: 3->5(11)
[2026-10-07T18:05:51.856+0800][1098.048s][info][gc,heap     ] GC(274) Old regions: 397->397
[2026-10-07T18:05:51.856+0800][1098.048s][info][gc,heap     ] GC(274) Archive regions: 2->2
[2026-10-07T18:05:51.856+0800][1098.048s][info][gc,heap     ] GC(274) Humongous regions: 8->8
[2026-10-07T18:05:51.856+0800][1098.048s][info][gc,metaspace] GC(274) Metaspace: 161962K(164288K)->161962K(164288K) NonClass: 141211K(142336K)->141211K(142336K) Class: 20750K(21952K)->20750K(21952K)
[2026-10-07T18:05:51.856+0800][1098.048s][info][gc          ] GC(274) Pause Young (Normal) (G1 Evacuation Pause) 493M->410M(725M) 21.662ms
[2026-10-07T18:05:51.856+0800][1098.048s][info][gc,cpu      ] GC(274) User=0.02s Sys=0.03s Real=0.02s
[2026-10-07T18:05:51.856+0800][1098.048s][info][safepoint   ] Safepoint "G1CollectForAllocation", Time since last: 3682816500 ns, Reaching safepoint: 140708 ns, At safepoint: 22735583 ns, Total: 22876291 ns
[2026-10-07T18:05:52.576+0800][1098.768s][info][gc,start    ] GC(275) Pause Young (Normal) (G1 Evacuation Pause)
[2026-10-07T18:05:52.576+0800][1098.768s][info][gc,task     ] GC(275) Using 9 workers of 9 for evacuation
[2026-10-07T18:05:52.707+0800][1098.899s][info][gc,phases   ] GC(275)   Pre Evacuate Collection Set: 0.2ms
[2026-10-07T18:05:52.707+0800][1098.899s][info][gc,phases   ] GC(275)   Merge Heap Roots: 0.2ms
[2026-10-07T18:05:52.707+0800][1098.899s][info][gc,phases   ] GC(275)   Evacuate Collection Set: 130.1ms
[2026-10-07T18:05:52.707+0800][1098.899s][info][gc,phases   ] GC(275)   Post Evacuate Collection Set: 0.8ms
[2026-10-07T18:05:52.707+0800][1098.899s][info][gc,phases   ] GC(275)   Other: 0.2ms
[2026-10-07T18:05:52.707+0800][1098.899s][info][gc,heap     ] GC(275) Eden regions: 62->0(40)
[2026-10-07T18:05:52.707+0800][1098.899s][info][gc,heap     ] GC(275) Survivor regions: 5->6(9)
[2026-10-07T18:05:52.707+0800][1098.899s][info][gc,heap     ] GC(275) Old regions: 397->398
[2026-10-07T18:05:52.707+0800][1098.899s][info][gc,heap     ] GC(275) Archive regions: 2->2
[2026-10-07T18:05:52.707+0800][1098.899s][info][gc,heap     ] GC(275) Humongous regions: 8->8
[2026-10-07T18:05:52.707+0800][1098.899s][info][gc,metaspace] GC(275) Metaspace: 161962K(164288K)->161962K(164288K) NonClass: 141211K(142336K)->141211K(142336K) Class: 20750K(21952K)->20750K(21952K)
[2026-10-07T18:05:52.707+0800][1098.899s][info][gc          ] GC(275) Pause Young (Normal) (G1 Evacuation Pause) 472M->412M(725M) 131.629ms
[2026-10-07T18:05:52.707+0800][1098.899s][info][gc,cpu      ] GC(275) User=0.02s Sys=0.03s Real=0.13s
[2026-10-07T18:05:52.708+0800][1098.899s][info][safepoint   ] Safepoint "G1CollectForAllocation", Time since last: 719301000 ns, Reaching safepoint: 216667 ns, At safepoint: 131766583 ns, Total: 131983250 ns
[2026-10-07T18:05:53.030+0800][1099.221s][info][gc,start    ] GC(276) Pause Young (Normal) (G1 Evacuation Pause)
[2026-10-07T18:05:53.030+0800][1099.221s][info][gc,task     ] GC(276) Using 9 workers of 9 for evacuation
[2026-10-07T18:05:53.061+0800][1099.253s][info][gc,phases   ] GC(276)   Pre Evacuate Collection Set: 0.1ms
[2026-10-07T18:05:53.061+0800][1099.253s][info][gc,phases   ] GC(276)   Merge Heap Roots: 0.0ms
[2026-10-07T18:05:53.061+0800][1099.253s][info][gc,phases   ] GC(276)   Evacuate Collection Set: 30.2ms
[2026-10-07T18:05:53.061+0800][1099.253s][info][gc,phases   ] GC(276)   Post Evacuate Collection Set: 1.1ms
[2026-10-07T18:05:53.061+0800][1099.253s][info][gc,phases   ] GC(276)   Other: 0.1ms
[2026-10-07T18:05:53.061+0800][1099.253s][info][gc,heap     ] GC(276) Eden regions: 40->0(211)
[2026-10-07T18:05:53.061+0800][1099.253s][info][gc,heap     ] GC(276) Survivor regions: 6->3(6)
[2026-10-07T18:05:53.061+0800][1099.253s][info][gc,heap     ] GC(276) Old regions: 398->402
[2026-10-07T18:05:53.061+0800][1099.253s][info][gc,heap     ] GC(276) Archive regions: 2->2
[2026-10-07T18:05:53.061+0800][1099.253s][info][gc,heap     ] GC(276) Humongous regions: 8->8
[2026-10-07T18:05:53.061+0800][1099.253s][info][gc,metaspace] GC(276) Metaspace: 161966K(164288K)->161966K(164288K) NonClass: 141215K(142336K)->141215K(142336K) Class: 20750K(21952K)->20750K(21952K)
[2026-10-07T18:05:53.061+0800][1099.253s][info][gc          ] GC(276) Pause Young (Normal) (G1 Evacuation Pause) 452M->413M(725M) 31.805ms
[2026-10-07T18:05:53.061+0800][1099.253s][info][gc,cpu      ] GC(276) User=0.02s Sys=0.01s Real=0.03s
[2026-10-07T18:05:53.061+0800][1099.253s][info][safepoint   ] Safepoint "G1CollectForAllocation", Time since last: 321963000 ns, Reaching safepoint: 63584 ns, At safepoint: 31865208 ns, Total: 31928792 ns
[2026-10-07T18:05:56.494+0800][1102.686s][info][safepoint   ] Safepoint "Cleanup", Time since last: 3432140792 ns, Reaching safepoint: 736625 ns, At safepoint: 12125 ns, Total: 748750 ns
[2026-10-07T18:06:05.548+0800][1111.740s][info][gc,start    ] GC(277) Pause Young (Normal) (G1 Evacuation Pause)
[2026-10-07T18:06:05.549+0800][1111.741s][info][gc,task     ] GC(277) Using 9 workers of 9 for evacuation
[2026-10-07T18:06:05.669+0800][1111.861s][info][gc,phases   ] GC(277)   Pre Evacuate Collection Set: 2.8ms
[2026-10-07T18:06:05.669+0800][1111.861s][info][gc,phases   ] GC(277)   Merge Heap Roots: 1.4ms
[2026-10-07T18:06:05.669+0800][1111.861s][info][gc,phases   ] GC(277)   Evacuate Collection Set: 114.7ms
[2026-10-07T18:06:05.669+0800][1111.861s][info][gc,phases   ] GC(277)   Post Evacuate Collection Set: 1.3ms
[2026-10-07T18:06:05.669+0800][1111.861s][info][gc,phases   ] GC(277)   Other: 0.8ms
[2026-10-07T18:06:05.669+0800][1111.861s][info][gc,heap     ] GC(277) Eden regions: 193->0(93)
[2026-10-07T18:06:05.669+0800][1111.861s][info][gc,heap     ] GC(277) Survivor regions: 3->6(25)
[2026-10-07T18:06:05.669+0800][1111.861s][info][gc,heap     ] GC(277) Old regions: 402->402
[2026-10-07T18:06:05.669+0800][1111.861s][info][gc,heap     ] GC(277) Archive regions: 2->2
[2026-10-07T18:06:05.669+0800][1111.861s][info][gc,heap     ] GC(277) Humongous regions: 8->8
[2026-10-07T18:06:05.669+0800][1111.861s][info][gc,metaspace] GC(277) Metaspace: 161966K(164288K)->161966K(164288K) NonClass: 141215K(142336K)->141215K(142336K) Class: 20750K(21952K)->20750K(21952K)
[2026-10-07T18:06:05.669+0800][1111.861s][info][gc          ] GC(277) Pause Young (Normal) (G1 Evacuation Pause) 606M->416M(725M) 120.800ms
[2026-10-07T18:06:05.669+0800][1111.861s][info][gc,cpu      ] GC(277) User=0.03s Sys=0.07s Real=0.12s
[2026-10-07T18:06:05.669+0800][1111.861s][info][safepoint   ] Safepoint "G1CollectForAllocation", Time since last: 9052730750 ns, Reaching safepoint: 1334083 ns, At safepoint: 121190667 ns, Total: 122524750 ns
[2026-10-07T18:06:06.824+0800][1113.016s][info][safepoint   ] Safepoint "Cleanup", Time since last: 1135906625 ns, Reaching safepoint: 18565583 ns, At safepoint: 81042 ns, Total: 18646625 ns
[2026-10-07T18:06:07.966+0800][1114.158s][info][safepoint   ] Safepoint "Cleanup", Time since last: 1140432916 ns, Reaching safepoint: 1901334 ns, At safepoint: 71541 ns, Total: 1972875 ns
[2026-10-07T18:06:09.119+0800][1115.311s][info][safepoint   ] Safepoint "Cleanup", Time since last: 1147338917 ns, Reaching safepoint: 5560458 ns, At safepoint: 11000 ns, Total: 5571458 ns
[2026-10-07T18:06:10.280+0800][1116.473s][info][safepoint   ] Safepoint "Cleanup", Time since last: 1146084250 ns, Reaching safepoint: 15281084 ns, At safepoint: 62791 ns, Total: 15343875 ns
[2026-10-07T18:06:50.934+0800][1157.127s][info][safepoint   ] Safepoint "Cleanup", Time since last: 40293090959 ns, Reaching safepoint: 244922666 ns, At safepoint: 71638584 ns, Total: 316561250 ns
[2026-10-07T18:06:52.134+0800][1158.327s][info][safepoint   ] Safepoint "Cleanup", Time since last: 1226231958 ns, Reaching safepoint: 18814708 ns, At safepoint: 112667 ns, Total: 18927375 ns
[2026-10-07T18:06:52.920+0800][1159.113s][info][gc,start    ] GC(278) Pause Young (Normal) (G1 Evacuation Pause)
[2026-10-07T18:06:52.920+0800][1159.114s][info][gc,task     ] GC(278) Using 9 workers of 9 for evacuation
[2026-10-07T18:06:53.669+0800][1159.863s][info][gc,mmu      ] GC(278) MMU target violated: 201.0ms (200.0ms/201.0ms)
[2026-10-07T18:06:53.670+0800][1159.863s][info][gc,phases   ] GC(278)   Pre Evacuate Collection Set: 11.4ms
[2026-10-07T18:06:53.670+0800][1159.864s][info][gc,phases   ] GC(278)   Merge Heap Roots: 9.7ms
[2026-10-07T18:06:53.670+0800][1159.864s][info][gc,phases   ] GC(278)   Evacuate Collection Set: 413.2ms
[2026-10-07T18:06:53.670+0800][1159.864s][info][gc,phases   ] GC(278)   Post Evacuate Collection Set: 303.3ms
[2026-10-07T18:06:53.670+0800][1159.864s][info][gc,phases   ] GC(278)   Other: 13.9ms
[2026-10-07T18:06:53.670+0800][1159.864s][info][gc,heap     ] GC(278) Eden regions: 68->0(32)
[2026-10-07T18:06:53.670+0800][1159.864s][info][gc,heap     ] GC(278) Survivor regions: 6->4(10)
[2026-10-07T18:06:53.670+0800][1159.864s][info][gc,heap     ] GC(278) Old regions: 402->403
[2026-10-07T18:06:53.670+0800][1159.864s][info][gc,heap     ] GC(278) Archive regions: 2->2
[2026-10-07T18:06:53.670+0800][1159.864s][info][gc,heap     ] GC(278) Humongous regions: 8->8
[2026-10-07T18:06:53.671+0800][1159.864s][info][gc,metaspace] GC(278) Metaspace: 161975K(164288K)->161975K(164288K) NonClass: 141224K(142336K)->141224K(142336K) Class: 20750K(21952K)->20750K(21952K)
[2026-10-07T18:06:53.671+0800][1159.864s][info][gc          ] GC(278) Pause Young (Normal) (G1 Evacuation Pause) 484M->414M(725M) 751.401ms
[2026-10-07T18:06:53.671+0800][1159.864s][info][gc,cpu      ] GC(278) User=0.05s Sys=0.13s Real=0.75s
[2026-10-07T18:06:53.671+0800][1159.865s][info][safepoint   ] Safepoint "G1CollectForAllocation", Time since last: 781308417 ns, Reaching safepoint: 430791 ns, At safepoint: 755475000 ns, Total: 755905791 ns
[2026-10-07T18:06:58.068+0800][1164.261s][info][safepoint   ] Safepoint "Cleanup", Time since last: 4395712042 ns, Reaching safepoint: 565708 ns, At safepoint: 64334 ns, Total: 630042 ns
[2026-10-07T18:07:00.852+0800][1167.046s][info][safepoint   ] Safepoint "Cleanup", Time since last: 2270209166 ns, Reaching safepoint: 514158750 ns, At safepoint: 230250 ns, Total: 514389000 ns
[2026-10-07T18:07:03.127+0800][1169.320s][info][safepoint   ] Safepoint "Cleanup", Time since last: 2273139084 ns, Reaching safepoint: 1616458 ns, At safepoint: 88125 ns, Total: 1704583 ns
[2026-10-07T18:07:08.939+0800][1175.133s][info][safepoint   ] Safepoint "Cleanup", Time since last: 5691720000 ns, Reaching safepoint: 120836125 ns, At safepoint: 33042 ns, Total: 120869167 ns
[2026-10-07T18:07:19.448+0800][1185.642s][info][safepoint   ] Safepoint "Cleanup", Time since last: 10355234166 ns, Reaching safepoint: 153399959 ns, At safepoint: 182708 ns, Total: 153582667 ns
[2026-10-07T18:07:28.355+0800][1194.549s][info][safepoint   ] Safepoint "Cleanup", Time since last: 8863300625 ns, Reaching safepoint: 43348417 ns, At safepoint: 82250 ns, Total: 43430667 ns
[2026-10-07T18:07:36.388+0800][1202.582s][info][safepoint   ] Safepoint "Cleanup", Time since last: 7895285625 ns, Reaching safepoint: 138053166 ns, At safepoint: 399084 ns, Total: 138452250 ns
[2026-10-07T18:07:37.586+0800][1203.781s][info][safepoint   ] Safepoint "Cleanup", Time since last: 1160815208 ns, Reaching safepoint: 37409500 ns, At safepoint: 33750 ns, Total: 37443250 ns
[2026-10-07T18:07:52.339+0800][1218.534s][info][safepoint   ] Safepoint "Cleanup", Time since last: 14582871958 ns, Reaching safepoint: 170357417 ns, At safepoint: 269792 ns, Total: 170627209 ns
[2026-10-07T18:07:56.970+0800][1223.165s][info][safepoint   ] Safepoint "Cleanup", Time since last: 4579031041 ns, Reaching safepoint: 51897625 ns, At safepoint: 78125 ns, Total: 51975750 ns
[2026-10-07T18:07:58.115+0800][1224.310s][info][safepoint   ] Safepoint "Cleanup", Time since last: 1144317084 ns, Reaching safepoint: 818166 ns, At safepoint: 9459 ns, Total: 827625 ns
[2026-10-07T18:07:59.419+0800][1225.614s][info][safepoint   ] Safepoint "Cleanup", Time since last: 1139391791 ns, Reaching safepoint: 138835334 ns, At safepoint: 25283375 ns, Total: 164118709 ns
[2026-10-07T18:08:02.763+0800][1228.958s][info][safepoint   ] Safepoint "Cleanup", Time since last: 3343849583 ns, Reaching safepoint: 211583 ns, At safepoint: 29459 ns, Total: 241042 ns
[2026-10-07T18:08:03.935+0800][1230.130s][info][safepoint   ] Safepoint "Cleanup", Time since last: 1143920375 ns, Reaching safepoint: 27806625 ns, At safepoint: 100375 ns, Total: 27907000 ns
[2026-10-07T18:08:06.062+0800][1232.257s][info][safepoint   ] Safepoint "Cleanup", Time since last: 2123812666 ns, Reaching safepoint: 3805917 ns, At safepoint: 68542 ns, Total: 3874459 ns
[2026-10-07T18:08:07.189+0800][1233.384s][info][safepoint   ] Safepoint "Cleanup", Time since last: 1125546458 ns, Reaching safepoint: 788083 ns, At safepoint: 22959 ns, Total: 811042 ns
[2026-10-07T18:08:08.280+0800][1234.475s][info][safepoint   ] Safepoint "Cleanup", Time since last: 1061418125 ns, Reaching safepoint: 29484291 ns, At safepoint: 17167 ns, Total: 29501458 ns
[2026-10-07T18:08:10.455+0800][1236.650s][info][safepoint   ] Safepoint "Cleanup", Time since last: 2169101833 ns, Reaching safepoint: 6025167 ns, At safepoint: 75417 ns, Total: 6100584 ns
[2026-10-07T18:08:11.623+0800][1237.818s][info][safepoint   ] Safepoint "Cleanup", Time since last: 1140758208 ns, Reaching safepoint: 25706417 ns, At safepoint: 1551625 ns, Total: 27258042 ns
[2026-10-07T18:08:11.901+0800][1238.097s][info][gc,start    ] GC(279) Pause Young (Normal) (G1 Evacuation Pause)
[2026-10-07T18:08:11.902+0800][1238.097s][info][gc,task     ] GC(279) Using 9 workers of 9 for evacuation
[2026-10-07T18:08:13.559+0800][1239.754s][info][gc,mmu      ] GC(279) MMU target violated: 201.0ms (200.0ms/201.0ms)
[2026-10-07T18:08:13.560+0800][1239.755s][info][gc,phases   ] GC(279)   Pre Evacuate Collection Set: 181.5ms
[2026-10-07T18:08:13.560+0800][1239.755s][info][gc,phases   ] GC(279)   Merge Heap Roots: 320.2ms
[2026-10-07T18:08:13.560+0800][1239.755s][info][gc,phases   ] GC(279)   Evacuate Collection Set: 1096.4ms
[2026-10-07T18:08:13.560+0800][1239.755s][info][gc,phases   ] GC(279)   Post Evacuate Collection Set: 19.0ms
[2026-10-07T18:08:13.560+0800][1239.755s][info][gc,phases   ] GC(279)   Other: 42.6ms
[2026-10-07T18:08:13.560+0800][1239.755s][info][gc,heap     ] GC(279) Eden regions: 32->0(32)
[2026-10-07T18:08:13.560+0800][1239.755s][info][gc,heap     ] GC(279) Survivor regions: 4->4(5)
[2026-10-07T18:08:13.560+0800][1239.755s][info][gc,heap     ] GC(279) Old regions: 403->403
[2026-10-07T18:08:13.560+0800][1239.755s][info][gc,heap     ] GC(279) Archive regions: 2->2
[2026-10-07T18:08:13.560+0800][1239.755s][info][gc,heap     ] GC(279) Humongous regions: 8->8
[2026-10-07T18:08:13.560+0800][1239.755s][info][gc,metaspace] GC(279) Metaspace: 162035K(164352K)->162035K(164352K) NonClass: 141278K(142400K)->141278K(142400K) Class: 20756K(21952K)->20756K(21952K)
[2026-10-07T18:08:13.561+0800][1239.756s][info][gc          ] GC(279) Pause Young (Normal) (G1 Evacuation Pause) 446M->415M(725M) 1659.339ms
[2026-10-07T18:08:13.561+0800][1239.756s][info][gc,cpu      ] GC(279) User=0.07s Sys=0.08s Real=1.66s
[2026-10-07T18:08:13.562+0800][1239.757s][info][safepoint   ] Safepoint "G1CollectForAllocation", Time since last: 276427458 ns, Reaching safepoint: 354167 ns, At safepoint: 1662782583 ns, Total: 1663136750 ns
[2026-10-07T18:08:14.621+0800][1240.816s][info][safepoint   ] Safepoint "Cleanup", Time since last: 1040022125 ns, Reaching safepoint: 18248792 ns, At safepoint: 139166 ns, Total: 18387958 ns
[2026-10-07T18:08:15.736+0800][1241.932s][info][safepoint   ] Safepoint "Cleanup", Time since last: 1097232834 ns, Reaching safepoint: 18613125 ns, At safepoint: 39791 ns, Total: 18652916 ns
[2026-10-07T18:08:18.577+0800][1244.773s][info][safepoint   ] Safepoint "Cleanup", Time since last: 2232263042 ns, Reaching safepoint: 607633958 ns, At safepoint: 1159167 ns, Total: 608793125 ns
[2026-10-07T18:08:19.770+0800][1245.965s][info][safepoint   ] Safepoint "Cleanup", Time since last: 1124024292 ns, Reaching safepoint: 68566333 ns, At safepoint: 126417 ns, Total: 68692750 ns
[2026-10-07T18:08:23.219+0800][1249.415s][info][safepoint   ] Safepoint "Cleanup", Time since last: 3437488416 ns, Reaching safepoint: 11398584 ns, At safepoint: 444875 ns, Total: 11843459 ns
[2026-10-07T18:08:29.606+0800][1255.801s][info][safepoint   ] Safepoint "Cleanup", Time since last: 5624629333 ns, Reaching safepoint: 761639792 ns, At safepoint: 89666 ns, Total: 761729458 ns
[2026-10-07T18:08:30.760+0800][1256.955s][info][safepoint   ] Safepoint "Cleanup", Time since last: 1135716959 ns, Reaching safepoint: 18359916 ns, At safepoint: 71875 ns, Total: 18431791 ns
[2026-10-07T18:08:32.230+0800][1258.426s][info][safepoint   ] Safepoint "Cleanup", Time since last: 1435454625 ns, Reaching safepoint: 34719167 ns, At safepoint: 74667 ns, Total: 34793834 ns
[2026-10-07T18:08:34.961+0800][1261.156s][info][safepoint   ] Safepoint "Cleanup", Time since last: 1132772291 ns, Reaching safepoint: 1596197375 ns, At safepoint: 1684125 ns, Total: 1597881500 ns
[2026-10-07T18:08:37.913+0800][1264.109s][info][safepoint   ] Safepoint "Cleanup", Time since last: 2941752459 ns, Reaching safepoint: 9652958 ns, At safepoint: 1058667 ns, Total: 10711625 ns
[2026-10-07T18:08:41.303+0800][1267.499s][info][safepoint   ] Safepoint "Cleanup", Time since last: 3382602875 ns, Reaching safepoint: 7629000 ns, At safepoint: 331875 ns, Total: 7960875 ns
[2026-10-07T18:08:42.779+0800][1268.975s][info][safepoint   ] Safepoint "Cleanup", Time since last: 1158210416 ns, Reaching safepoint: 317389792 ns, At safepoint: 97083 ns, Total: 317486875 ns
[2026-10-07T18:08:43.951+0800][1270.147s][info][safepoint   ] Safepoint "Cleanup", Time since last: 1138970709 ns, Reaching safepoint: 33066750 ns, At safepoint: 20416 ns, Total: 33087166 ns
[2026-10-07T18:08:46.299+0800][1272.495s][info][safepoint   ] Safepoint "Cleanup", Time since last: 2319136667 ns, Reaching safepoint: 16172042 ns, At safepoint: 1510000 ns, Total: 17682042 ns
[2026-10-07T18:09:15.768+0800][1301.964s][info][safepoint   ] Safepoint "Cleanup", Time since last: 29336407208 ns, Reaching safepoint: 67942875 ns, At safepoint: 23800792 ns, Total: 91743667 ns
[2026-10-07T18:09:18.219+0800][1304.416s][info][safepoint   ] Safepoint "Cleanup", Time since last: 2443639416 ns, Reaching safepoint: 59852792 ns, At safepoint: 78292 ns, Total: 59931084 ns
[2026-10-07T18:09:20.075+0800][1306.272s][info][safepoint   ] Safepoint "Cleanup", Time since last: 1141488125 ns, Reaching safepoint: 713551458 ns, At safepoint: 1125500 ns, Total: 714676958 ns
[2026-10-07T18:09:33.711+0800][1319.908s][info][safepoint   ] Safepoint "Cleanup", Time since last: 13467472792 ns, Reaching safepoint: 168190625 ns, At safepoint: 445166 ns, Total: 168635791 ns
[2026-10-07T18:09:43.371+0800][1329.569s][info][safepoint   ] Safepoint "Cleanup", Time since last: 9605188875 ns, Reaching safepoint: 55737042 ns, At safepoint: 84667 ns, Total: 55821709 ns
[2026-10-07T18:09:44.551+0800][1330.749s][info][safepoint   ] Safepoint "Cleanup", Time since last: 1121285375 ns, Reaching safepoint: 58375833 ns, At safepoint: 95125 ns, Total: 58470958 ns
[2026-10-07T18:09:46.899+0800][1333.097s][info][safepoint   ] Safepoint "Cleanup", Time since last: 2253031292 ns, Reaching safepoint: 94995666 ns, At safepoint: 75667 ns, Total: 95071333 ns
[2026-10-07T18:10:02.127+0800][1348.324s][info][safepoint   ] Safepoint "Cleanup", Time since last: 13961377125 ns, Reaching safepoint: 796544625 ns, At safepoint: 94083 ns, Total: 796638708 ns
[2026-10-07T18:10:12.142+0800][1358.340s][info][safepoint   ] Safepoint "Cleanup", Time since last: 10365531084 ns, Reaching safepoint: 77679208 ns, At safepoint: 74500 ns, Total: 77753708 ns
[2026-10-07T18:10:13.478+0800][1359.676s][info][safepoint   ] Safepoint "Cleanup", Time since last: 1265966333 ns, Reaching safepoint: 107734625 ns, At safepoint: 4368667 ns, Total: 112103292 ns
[2026-10-07T18:10:22.398+0800][1368.596s][info][safepoint   ] Safepoint "Cleanup", Time since last: 8876360458 ns, Reaching safepoint: 43323417 ns, At safepoint: 84000 ns, Total: 43407417 ns
[2026-10-07T18:10:23.565+0800][1369.764s][info][safepoint   ] Safepoint "Cleanup", Time since last: 1167428958 ns, Reaching safepoint: 371167 ns, At safepoint: 7417 ns, Total: 378584 ns
[2026-10-07T18:10:24.770+0800][1370.968s][info][safepoint   ] Safepoint "Cleanup", Time since last: 1184691125 ns, Reaching safepoint: 19765916 ns, At safepoint: 34500 ns, Total: 19800416 ns
[2026-10-07T18:10:25.453+0800][1371.651s][info][gc,start    ] GC(280) Pause Young (Normal) (G1 Evacuation Pause)
[2026-10-07T18:10:25.453+0800][1371.652s][info][gc,task     ] GC(280) Using 9 workers of 9 for evacuation
[2026-10-07T18:10:26.765+0800][1372.964s][info][gc,mmu      ] GC(280) MMU target violated: 201.0ms (200.0ms/201.0ms)
[2026-10-07T18:10:26.775+0800][1372.973s][info][gc,phases   ] GC(280)   Pre Evacuate Collection Set: 34.5ms
[2026-10-07T18:10:26.775+0800][1372.973s][info][gc,phases   ] GC(280)   Merge Heap Roots: 7.0ms
[2026-10-07T18:10:26.775+0800][1372.973s][info][gc,phases   ] GC(280)   Evacuate Collection Set: 1228.6ms
[2026-10-07T18:10:26.775+0800][1372.973s][info][gc,phases   ] GC(280)   Post Evacuate Collection Set: 40.2ms
[2026-10-07T18:10:26.775+0800][1372.973s][info][gc,phases   ] GC(280)   Other: 12.3ms
[2026-10-07T18:10:26.775+0800][1372.973s][info][gc,heap     ] GC(280) Eden regions: 32->0(33)
[2026-10-07T18:10:26.775+0800][1372.973s][info][gc,heap     ] GC(280) Survivor regions: 4->3(5)
[2026-10-07T18:10:26.775+0800][1372.973s][info][gc,heap     ] GC(280) Old regions: 403->404
[2026-10-07T18:10:26.775+0800][1372.973s][info][gc,heap     ] GC(280) Archive regions: 2->2
[2026-10-07T18:10:26.775+0800][1372.973s][info][gc,heap     ] GC(280) Humongous regions: 8->8
[2026-10-07T18:10:26.775+0800][1372.973s][info][gc,metaspace] GC(280) Metaspace: 162097K(164416K)->162097K(164416K) NonClass: 141329K(142464K)->141329K(142464K) Class: 20767K(21952K)->20767K(21952K)
[2026-10-07T18:10:26.779+0800][1372.978s][info][gc          ] GC(280) Pause Young (Normal) (G1 Evacuation Pause) 447M->415M(725M) 1325.049ms
[2026-10-07T18:10:26.780+0800][1372.978s][info][gc,cpu      ] GC(280) User=0.02s Sys=0.10s Real=1.33s
[2026-10-07T18:10:26.783+0800][1372.981s][info][safepoint   ] Safepoint "G1CollectForAllocation", Time since last: 680402292 ns, Reaching safepoint: 920083 ns, At safepoint: 1331847834 ns, Total: 1332767917 ns
[2026-10-07T18:10:27.928+0800][1374.127s][info][safepoint   ] Safepoint "Cleanup", Time since last: 1144661416 ns, Reaching safepoint: 643000 ns, At safepoint: 9292 ns, Total: 652292 ns
[2026-10-07T18:10:29.063+0800][1375.262s][info][safepoint   ] Safepoint "Cleanup", Time since last: 1112893583 ns, Reaching safepoint: 21837459 ns, At safepoint: 334125 ns, Total: 22171584 ns
[2026-10-07T18:10:30.169+0800][1376.367s][info][safepoint   ] Safepoint "Cleanup", Time since last: 1089119333 ns, Reaching safepoint: 16251208 ns, At safepoint: 218584 ns, Total: 16469792 ns
[2026-10-07T18:10:31.318+0800][1377.516s][info][safepoint   ] Safepoint "Cleanup", Time since last: 1147647333 ns, Reaching safepoint: 1347292 ns, At safepoint: 24250 ns, Total: 1371542 ns
[2026-10-07T18:10:32.470+0800][1378.668s][info][safepoint   ] Safepoint "Cleanup", Time since last: 1150459375 ns, Reaching safepoint: 1643083 ns, At safepoint: 13333 ns, Total: 1656416 ns
[2026-10-07T18:10:33.563+0800][1379.762s][info][safepoint   ] Safepoint "Cleanup", Time since last: 1075972375 ns, Reaching safepoint: 17103667 ns, At safepoint: 74458 ns, Total: 17178125 ns
[2026-10-07T18:10:34.718+0800][1380.917s][info][safepoint   ] Safepoint "Cleanup", Time since last: 1154837292 ns, Reaching safepoint: 447167 ns, At safepoint: 46708 ns, Total: 493875 ns
[2026-10-07T18:10:35.907+0800][1382.105s][info][safepoint   ] Safepoint "Cleanup", Time since last: 1125013875 ns, Reaching safepoint: 63288292 ns, At safepoint: 139375 ns, Total: 63427667 ns
[2026-10-07T18:10:37.018+0800][1383.217s][info][safepoint   ] Safepoint "Cleanup", Time since last: 1110752208 ns, Reaching safepoint: 424000 ns, At safepoint: 1500 ns, Total: 425500 ns
[2026-10-07T18:10:40.407+0800][1386.605s][info][safepoint   ] Safepoint "Cleanup", Time since last: 3388561458 ns, Reaching safepoint: 351875 ns, At safepoint: 2542 ns, Total: 354417 ns
[2026-10-07T18:10:41.519+0800][1387.717s][info][safepoint   ] Safepoint "Cleanup", Time since last: 1110802083 ns, Reaching safepoint: 1069792 ns, At safepoint: 48167 ns, Total: 1117959 ns
[2026-10-07T18:10:42.090+0800][1388.288s][info][gc,heap,exit] Heap
[2026-10-07T18:10:42.090+0800][1388.289s][info][gc,heap,exit]  garbage-first heap   total 742400K, used 459469K [0x00000007d0000000, 0x0000000800000000)
[2026-10-07T18:10:42.090+0800][1388.289s][info][gc,heap,exit]   region size 1024K, 36 young (36864K), 3 survivors (3072K)
[2026-10-07T18:10:42.090+0800][1388.289s][info][gc,heap,exit]  Metaspace       used 162238K, committed 164672K, reserved 1245184K
[2026-10-07T18:10:42.090+0800][1388.289s][info][gc,heap,exit]   class space    used 20787K, committed 22016K, reserved 1048576K
