Picked up JAVA_TOOL_OPTIONS: -Xmx768m -XX:ReservedCodeCacheSize=128m -Dspring.test.context.cache.maxSize=2 -Dhify.test.startup-diagnostics=true -Xlog:gc*,safepoint:file=/tmp/hify-six-scopes-05ab7a0.47QSzQ/gc-%p.log:time,uptime,level,tags -Dhttp.nonProxyHosts=localhost|127.*|[::1] -Dhttps.nonProxyHosts=localhost|127.*|[::1] -DsocksNonProxyHosts=localhost|127.*|[::1]
[INFO] Scanning for projects...
[INFO] ------------------------------------------------------------------------
[INFO] Reactor Build Order:
[INFO] 
[INFO] hify-parent                                                        [pom]
[INFO] hify-common                                                        [jar]
[INFO] hify-provider                                                      [jar]
[INFO] hify-tool                                                          [jar]
[INFO] hify-mcp                                                           [jar]
[INFO] hify-knowledge                                                     [jar]
[INFO] hify-workflow                                                      [jar]
[INFO] hify-agent                                                         [jar]
[INFO] hify-chat                                                          [jar]
[INFO] hify-demo                                                          [jar]
[INFO] hify-app                                                           [jar]
[INFO] 
[INFO] ------------------------< com.hify:hify-parent >------------------------
[INFO] Building hify-parent 0.1.0-SNAPSHOT                               [1/11]
[INFO]   from pom.xml
[INFO] --------------------------------[ pom ]---------------------------------
[INFO] 
[INFO] ------------------------< com.hify:hify-common >------------------------
[INFO] Building hify-common 0.1.0-SNAPSHOT                               [2/11]
[INFO]   from hify-common/pom.xml
[INFO] --------------------------------[ jar ]---------------------------------
[INFO] 
[INFO] --- resources:3.3.1:resources (default-resources) @ hify-common ---
[INFO] skip non existing resourceDirectory /private/tmp/hify-course-20261006.hhEhwt/retrieval-worktree/backend/hify-common/src/main/resources
[INFO] skip non existing resourceDirectory /private/tmp/hify-course-20261006.hhEhwt/retrieval-worktree/backend/hify-common/src/main/resources
[INFO] 
[INFO] --- compiler:3.13.0:compile (default-compile) @ hify-common ---
[INFO] Nothing to compile - all classes are up to date.
[INFO] 
[INFO] --- resources:3.3.1:testResources (default-testResources) @ hify-common ---
[INFO] skip non existing resourceDirectory /private/tmp/hify-course-20261006.hhEhwt/retrieval-worktree/backend/hify-common/src/test/resources
[INFO] 
[INFO] --- compiler:3.13.0:testCompile (default-testCompile) @ hify-common ---
[INFO] Nothing to compile - all classes are up to date.
[INFO] 
[INFO] --- surefire:3.5.3:test (default-test) @ hify-common ---
[INFO] 
[INFO] -----------------------< com.hify:hify-provider >-----------------------
[INFO] Building hify-provider 0.1.0-SNAPSHOT                             [3/11]
[INFO]   from hify-provider/pom.xml
[INFO] --------------------------------[ jar ]---------------------------------
[INFO] 
[INFO] --- resources:3.3.1:resources (default-resources) @ hify-provider ---
[INFO] skip non existing resourceDirectory /private/tmp/hify-course-20261006.hhEhwt/retrieval-worktree/backend/hify-provider/src/main/resources
[INFO] skip non existing resourceDirectory /private/tmp/hify-course-20261006.hhEhwt/retrieval-worktree/backend/hify-provider/src/main/resources
[INFO] 
[INFO] --- compiler:3.13.0:compile (default-compile) @ hify-provider ---
[INFO] Nothing to compile - all classes are up to date.
[INFO] 
[INFO] --- resources:3.3.1:testResources (default-testResources) @ hify-provider ---
[INFO] skip non existing resourceDirectory /private/tmp/hify-course-20261006.hhEhwt/retrieval-worktree/backend/hify-provider/src/test/resources
[INFO] 
[INFO] --- compiler:3.13.0:testCompile (default-testCompile) @ hify-provider ---
[INFO] Nothing to compile - all classes are up to date.
[INFO] 
[INFO] --- surefire:3.5.3:test (default-test) @ hify-provider ---
[INFO] 
[INFO] -------------------------< com.hify:hify-tool >-------------------------
[INFO] Building hify-tool 0.1.0-SNAPSHOT                                 [4/11]
[INFO]   from hify-tool/pom.xml
[INFO] --------------------------------[ jar ]---------------------------------
[INFO] 
[INFO] --- resources:3.3.1:resources (default-resources) @ hify-tool ---
[INFO] skip non existing resourceDirectory /private/tmp/hify-course-20261006.hhEhwt/retrieval-worktree/backend/hify-tool/src/main/resources
[INFO] skip non existing resourceDirectory /private/tmp/hify-course-20261006.hhEhwt/retrieval-worktree/backend/hify-tool/src/main/resources
[INFO] 
[INFO] --- compiler:3.13.0:compile (default-compile) @ hify-tool ---
[INFO] Nothing to compile - all classes are up to date.
[INFO] 
[INFO] --- resources:3.3.1:testResources (default-testResources) @ hify-tool ---
[INFO] skip non existing resourceDirectory /private/tmp/hify-course-20261006.hhEhwt/retrieval-worktree/backend/hify-tool/src/test/resources
[INFO] 
[INFO] --- compiler:3.13.0:testCompile (default-testCompile) @ hify-tool ---
[INFO] Nothing to compile - all classes are up to date.
[INFO] 
[INFO] --- surefire:3.5.3:test (default-test) @ hify-tool ---
[INFO] 
[INFO] -------------------------< com.hify:hify-mcp >--------------------------
[INFO] Building hify-mcp 0.1.0-SNAPSHOT                                  [5/11]
[INFO]   from hify-mcp/pom.xml
[INFO] --------------------------------[ jar ]---------------------------------
[INFO] 
[INFO] --- resources:3.3.1:resources (default-resources) @ hify-mcp ---
[INFO] skip non existing resourceDirectory /private/tmp/hify-course-20261006.hhEhwt/retrieval-worktree/backend/hify-mcp/src/main/resources
[INFO] skip non existing resourceDirectory /private/tmp/hify-course-20261006.hhEhwt/retrieval-worktree/backend/hify-mcp/src/main/resources
[INFO] 
[INFO] --- compiler:3.13.0:compile (default-compile) @ hify-mcp ---
[INFO] Nothing to compile - all classes are up to date.
[INFO] 
[INFO] --- resources:3.3.1:testResources (default-testResources) @ hify-mcp ---
[INFO] skip non existing resourceDirectory /private/tmp/hify-course-20261006.hhEhwt/retrieval-worktree/backend/hify-mcp/src/test/resources
[INFO] 
[INFO] --- compiler:3.13.0:testCompile (default-testCompile) @ hify-mcp ---
[INFO] No sources to compile
[INFO] 
[INFO] --- surefire:3.5.3:test (default-test) @ hify-mcp ---
[INFO] No tests to run.
[INFO] 
[INFO] ----------------------< com.hify:hify-knowledge >-----------------------
[INFO] Building hify-knowledge 0.1.0-SNAPSHOT                            [6/11]
[INFO]   from hify-knowledge/pom.xml
[INFO] --------------------------------[ jar ]---------------------------------
[INFO] 
[INFO] --- resources:3.3.1:resources (default-resources) @ hify-knowledge ---
[INFO] skip non existing resourceDirectory /private/tmp/hify-course-20261006.hhEhwt/retrieval-worktree/backend/hify-knowledge/src/main/resources
[INFO] skip non existing resourceDirectory /private/tmp/hify-course-20261006.hhEhwt/retrieval-worktree/backend/hify-knowledge/src/main/resources
[INFO] 
[INFO] --- compiler:3.13.0:compile (default-compile) @ hify-knowledge ---
[INFO] Nothing to compile - all classes are up to date.
[INFO] 
[INFO] --- resources:3.3.1:testResources (default-testResources) @ hify-knowledge ---
[INFO] skip non existing resourceDirectory /private/tmp/hify-course-20261006.hhEhwt/retrieval-worktree/backend/hify-knowledge/src/test/resources
[INFO] 
[INFO] --- compiler:3.13.0:testCompile (default-testCompile) @ hify-knowledge ---
[INFO] Nothing to compile - all classes are up to date.
[INFO] 
[INFO] --- surefire:3.5.3:test (default-test) @ hify-knowledge ---
[INFO] 
[INFO] -----------------------< com.hify:hify-workflow >-----------------------
[INFO] Building hify-workflow 0.1.0-SNAPSHOT                             [7/11]
[INFO]   from hify-workflow/pom.xml
[INFO] --------------------------------[ jar ]---------------------------------
[INFO] 
[INFO] --- resources:3.3.1:resources (default-resources) @ hify-workflow ---
[INFO] skip non existing resourceDirectory /private/tmp/hify-course-20261006.hhEhwt/retrieval-worktree/backend/hify-workflow/src/main/resources
[INFO] skip non existing resourceDirectory /private/tmp/hify-course-20261006.hhEhwt/retrieval-worktree/backend/hify-workflow/src/main/resources
[INFO] 
[INFO] --- compiler:3.13.0:compile (default-compile) @ hify-workflow ---
[INFO] Nothing to compile - all classes are up to date.
[INFO] 
[INFO] --- resources:3.3.1:testResources (default-testResources) @ hify-workflow ---
[INFO] Copying 2 resources from src/test/resources to target/test-classes
[INFO] 
[INFO] --- compiler:3.13.0:testCompile (default-testCompile) @ hify-workflow ---
[INFO] Nothing to compile - all classes are up to date.
[INFO] 
[INFO] --- surefire:3.5.3:test (default-test) @ hify-workflow ---
[INFO] 
[INFO] ------------------------< com.hify:hify-agent >-------------------------
[INFO] Building hify-agent 0.1.0-SNAPSHOT                                [8/11]
[INFO]   from hify-agent/pom.xml
[INFO] --------------------------------[ jar ]---------------------------------
[INFO] 
[INFO] --- resources:3.3.1:resources (default-resources) @ hify-agent ---
[INFO] skip non existing resourceDirectory /private/tmp/hify-course-20261006.hhEhwt/retrieval-worktree/backend/hify-agent/src/main/resources
[INFO] skip non existing resourceDirectory /private/tmp/hify-course-20261006.hhEhwt/retrieval-worktree/backend/hify-agent/src/main/resources
[INFO] 
[INFO] --- compiler:3.13.0:compile (default-compile) @ hify-agent ---
[INFO] Nothing to compile - all classes are up to date.
[INFO] 
[INFO] --- resources:3.3.1:testResources (default-testResources) @ hify-agent ---
[INFO] skip non existing resourceDirectory /private/tmp/hify-course-20261006.hhEhwt/retrieval-worktree/backend/hify-agent/src/test/resources
[INFO] 
[INFO] --- compiler:3.13.0:testCompile (default-testCompile) @ hify-agent ---
[INFO] No sources to compile
[INFO] 
[INFO] --- surefire:3.5.3:test (default-test) @ hify-agent ---
[INFO] No tests to run.
[INFO] 
[INFO] -------------------------< com.hify:hify-chat >-------------------------
[INFO] Building hify-chat 0.1.0-SNAPSHOT                                 [9/11]
[INFO]   from hify-chat/pom.xml
[INFO] --------------------------------[ jar ]---------------------------------
[INFO] 
[INFO] --- resources:3.3.1:resources (default-resources) @ hify-chat ---
[INFO] skip non existing resourceDirectory /private/tmp/hify-course-20261006.hhEhwt/retrieval-worktree/backend/hify-chat/src/main/resources
[INFO] skip non existing resourceDirectory /private/tmp/hify-course-20261006.hhEhwt/retrieval-worktree/backend/hify-chat/src/main/resources
[INFO] 
[INFO] --- compiler:3.13.0:compile (default-compile) @ hify-chat ---
[INFO] Nothing to compile - all classes are up to date.
[INFO] 
[INFO] --- resources:3.3.1:testResources (default-testResources) @ hify-chat ---
[INFO] Copying 3 resources from src/test/resources to target/test-classes
[INFO] 
[INFO] --- compiler:3.13.0:testCompile (default-testCompile) @ hify-chat ---
[INFO] Nothing to compile - all classes are up to date.
[INFO] 
[INFO] --- surefire:3.5.3:test (default-test) @ hify-chat ---
[INFO] 
[INFO] -------------------------< com.hify:hify-demo >-------------------------
[INFO] Building hify-demo 0.1.0-SNAPSHOT                                [10/11]
[INFO]   from hify-demo/pom.xml
[INFO] --------------------------------[ jar ]---------------------------------
[INFO] 
[INFO] --- resources:3.3.1:resources (default-resources) @ hify-demo ---
[INFO] skip non existing resourceDirectory /private/tmp/hify-course-20261006.hhEhwt/retrieval-worktree/backend/hify-demo/src/main/resources
[INFO] skip non existing resourceDirectory /private/tmp/hify-course-20261006.hhEhwt/retrieval-worktree/backend/hify-demo/src/main/resources
[INFO] 
[INFO] --- compiler:3.13.0:compile (default-compile) @ hify-demo ---
[INFO] Nothing to compile - all classes are up to date.
[INFO] 
[INFO] --- resources:3.3.1:testResources (default-testResources) @ hify-demo ---
[INFO] skip non existing resourceDirectory /private/tmp/hify-course-20261006.hhEhwt/retrieval-worktree/backend/hify-demo/src/test/resources
[INFO] 
[INFO] --- compiler:3.13.0:testCompile (default-testCompile) @ hify-demo ---
[INFO] No sources to compile
[INFO] 
[INFO] --- surefire:3.5.3:test (default-test) @ hify-demo ---
[INFO] No tests to run.
[INFO] 
[INFO] -------------------------< com.hify:hify-app >--------------------------
[INFO] Building hify-app 0.1.0-SNAPSHOT                                 [11/11]
[INFO]   from hify-app/pom.xml
[INFO] --------------------------------[ jar ]---------------------------------
[INFO] 
[INFO] --- resources:3.3.1:resources (default-resources) @ hify-app ---
[INFO] Copying 1 resource from src/main/resources to target/classes
[INFO] Copying 21 resources from src/main/resources to target/classes
[INFO] 
[INFO] --- compiler:3.13.0:compile (default-compile) @ hify-app ---
[INFO] Nothing to compile - all classes are up to date.
[INFO] 
[INFO] --- resources:3.3.1:testResources (default-testResources) @ hify-app ---
[INFO] skip non existing resourceDirectory /private/tmp/hify-course-20261006.hhEhwt/retrieval-worktree/backend/hify-app/src/test/resources
[INFO] 
[INFO] --- compiler:3.13.0:testCompile (default-testCompile) @ hify-app ---
[INFO] Nothing to compile - all classes are up to date.
[INFO] 
[INFO] --- surefire:3.5.3:test (default-test) @ hify-app ---
[INFO] Using auto detected provider org.apache.maven.surefire.junitplatform.JUnitPlatformProvider
[INFO] 
[INFO] -------------------------------------------------------
[INFO]  T E S T S
[INFO] -------------------------------------------------------
Picked up JAVA_TOOL_OPTIONS: -Xmx768m -XX:ReservedCodeCacheSize=128m -Dspring.test.context.cache.maxSize=2 -Dhify.test.startup-diagnostics=true -Xlog:gc*,safepoint:file=/tmp/hify-six-scopes-05ab7a0.47QSzQ/gc-%p.log:time,uptime,level,tags -Dhttp.nonProxyHosts=localhost|127.*|[::1] -Dhttps.nonProxyHosts=localhost|127.*|[::1] -DsocksNonProxyHosts=localhost|127.*|[::1]
15:53:20.547 [main] INFO org.testcontainers.DockerClientFactory -- Testcontainers version: 1.20.6
15:53:21.319 [main] INFO org.testcontainers.dockerclient.DockerClientProviderStrategy -- Found Docker environment with Environment variables, system properties and defaults. Resolved dockerHost=unix:///Users/weberzhao/.colima/hify-verify-20261004/docker.sock
15:53:21.320 [main] INFO org.testcontainers.DockerClientFactory -- Docker host IP address is 127.0.0.1
15:53:21.339 [main] INFO org.testcontainers.DockerClientFactory -- Connected to docker: 
  Server Version: 29.5.2
  API Version: 1.54
  Operating System: Ubuntu 24.04.4 LTS
  Total Memory: 955 MB
15:53:21.346 [main] INFO org.testcontainers.images.PullPolicy -- Image pull policy will be performed by: DefaultPullPolicy()
15:53:21.347 [main] INFO org.testcontainers.utility.ImageNameSubstitutor -- Image name substitution will be performed by: DefaultImageNameSubstitutor (composite of 'ConfigurationFileImageNameSubstitutor' and 'PrefixingImageNameSubstitutor')
15:53:21.476 [main] INFO tc.testcontainers/ryuk:0.11.0 -- Creating container for image: testcontainers/ryuk:0.11.0
15:53:21.587 [main] INFO tc.testcontainers/ryuk:0.11.0 -- Container testcontainers/ryuk:0.11.0 is starting: 2abce8ed9cd2429ab90ed71c0888c46430719957cf422b1c2131264b968373bc
15:53:22.182 [main] INFO tc.testcontainers/ryuk:0.11.0 -- Container testcontainers/ryuk:0.11.0 started in PT0.705739S
15:53:22.192 [testcontainers-ryuk] WARN org.testcontainers.utility.RyukResourceReaper -- Can not connect to Ryuk at 127.0.0.1:32768
java.net.ConnectException: Connection refused
	at java.base/sun.nio.ch.Net.pollConnect(Native Method)
	at java.base/sun.nio.ch.Net.pollConnectNow(Net.java:684)
	at java.base/sun.nio.ch.NioSocketImpl.timedFinishConnect(NioSocketImpl.java:547)
	at java.base/sun.nio.ch.NioSocketImpl.connect(NioSocketImpl.java:602)
	at java.base/java.net.SocksSocketImpl.connect(SocksSocketImpl.java:327)
	at java.base/java.net.Socket.connect(Socket.java:633)
	at org.testcontainers.utility.RyukResourceReaper.lambda$maybeStart$0(RyukResourceReaper.java:92)
	at org.rnorth.ducttape.ratelimits.RateLimiter.doWhenReady(RateLimiter.java:27)
	at org.testcontainers.utility.RyukResourceReaper.lambda$maybeStart$1(RyukResourceReaper.java:88)
	at java.base/java.lang.Thread.run(Thread.java:842)
15:53:22.558 [main] INFO org.testcontainers.utility.RyukResourceReaper -- Ryuk started - will monitor and terminate Testcontainers containers on JVM exit
15:53:22.558 [main] INFO org.testcontainers.DockerClientFactory -- Checking the system...
15:53:22.559 [main] INFO org.testcontainers.DockerClientFactory -- ✔︎ Docker server version should be at least 1.6.0
[INFO] Running com.hify.api.KnowledgeShutdownPostgresTest
15:53:23.024 [main] INFO org.springframework.test.context.support.AnnotationConfigContextLoaderUtils -- Could not detect default configuration classes for test class [com.hify.api.KnowledgeShutdownPostgresTest]: KnowledgeShutdownPostgresTest does not declare any static, non-private, non-final, nested classes annotated with @Configuration.
15:53:23.360 [main] INFO org.springframework.boot.test.context.SpringBootTestContextBootstrapper -- Found @SpringBootConfiguration com.hify.HifyApplication for test class com.hify.api.KnowledgeShutdownPostgresTest
15:53:23.418 [main] INFO tc.pgvector/pgvector:pg16 -- Creating container for image: pgvector/pgvector:pg16
15:53:23.477 [main] INFO tc.pgvector/pgvector:pg16 -- Container pgvector/pgvector:pg16 is starting: 47c9ad6ba0129cd036061163d9c09df801ce6b3794e815d3e90c83582f225f3e
15:53:24.710 [main] INFO tc.pgvector/pgvector:pg16 -- Container pgvector/pgvector:pg16 started in PT1.2916S
15:53:24.715 [main] INFO tc.pgvector/pgvector:pg16 -- Container is started (JDBC URL: jdbc:postgresql://127.0.0.1:32769/knowledge_shutdown?loggerLevel=OFF)

  .   ____          _            __ _ _
 /\\ / ___'_ __ _ _(_)_ __  __ _ \ \ \ \
( ( )\___ | '_ | '_| | '_ \/ _` | \ \ \ \
 \\/  ___)| |_)| | | | | || (_| |  ) ) ) )
  '  |____| .__|_| |_|_| |_\__, | / / / /
 =========|_|==============|___/=/_/_/_/

 :: Spring Boot ::                (v3.4.5)

2026-10-07T15:53:25.059+08:00 INFO  [main] [requestId=] c.h.a.KnowledgeShutdownPostgresTest - Starting KnowledgeShutdownPostgresTest using Java 17.0.19 with PID 22759 (started by weberzhao in /private/tmp/hify-course-20261006.hhEhwt/retrieval-worktree/backend/hify-app)
2026-10-07T15:53:25.060+08:00 INFO  [main] [requestId=] c.h.a.KnowledgeShutdownPostgresTest - No active profile set, falling back to 1 default profile: "default"
2026-10-07T15:53:26.113+08:00 INFO  [main] [requestId=] o.s.d.r.c.RepositoryConfigurationDelegate - Multiple Spring Data modules found, entering strict repository configuration mode
2026-10-07T15:53:26.148+08:00 INFO  [main] [requestId=] o.s.d.r.c.RepositoryConfigurationDelegate - Bootstrapping Spring Data JPA repositories in DEFAULT mode.
2026-10-07T15:53:26.531+08:00 INFO  [main] [requestId=] o.s.d.r.c.RepositoryConfigurationDelegate - Finished Spring Data repository scanning in 306 ms. Found 34 JPA repository interfaces.
Java HotSpot(TM) 64-Bit Server VM warning: Sharing is only supported for boot loader classes because bootstrap classpath has been appended
2026-10-07T15:53:28.190+08:00 INFO  [main] [requestId=] com.zaxxer.hikari.HikariDataSource - HikariPool-1 - Starting...
2026-10-07T15:53:28.324+08:00 INFO  [main] [requestId=] com.zaxxer.hikari.pool.HikariPool - HikariPool-1 - Added connection org.postgresql.jdbc.PgConnection@4d9ad37e
2026-10-07T15:53:28.324+08:00 INFO  [main] [requestId=] com.zaxxer.hikari.HikariDataSource - HikariPool-1 - Start completed.
2026-10-07T15:53:28.341+08:00 INFO  [main] [requestId=] org.flywaydb.core.FlywayExecutor - Database: jdbc:postgresql://127.0.0.1:32769/knowledge_shutdown?loggerLevel=OFF (PostgreSQL 16.15)
2026-10-07T15:53:28.371+08:00 INFO  [main] [requestId=] o.f.c.i.s.JdbcTableSchemaHistory - Schema history table "public"."flyway_schema_history" does not exist yet
2026-10-07T15:53:28.373+08:00 INFO  [main] [requestId=] o.f.core.internal.command.DbValidate - Successfully validated 24 migrations (execution time 00:00.017s)
2026-10-07T15:53:28.383+08:00 INFO  [main] [requestId=] o.f.c.i.s.JdbcTableSchemaHistory - Creating Schema History table "public"."flyway_schema_history" ...
2026-10-07T15:53:28.426+08:00 INFO  [main] [requestId=] o.f.core.internal.command.DbMigrate - Current version of schema "public": << Empty Schema >>
2026-10-07T15:53:28.433+08:00 INFO  [main] [requestId=] o.f.core.internal.command.DbMigrate - Migrating schema "public" to version "1 - baseline"
2026-10-07T15:53:28.453+08:00 INFO  [main] [requestId=] o.f.core.internal.command.DbMigrate - Migrating schema "public" to version "2 - demo item"
2026-10-07T15:53:28.460+08:00 INFO  [main] [requestId=] o.f.core.internal.command.DbMigrate - Migrating schema "public" to version "3 - run replan control"
2026-10-07T15:53:28.468+08:00 INFO  [main] [requestId=] o.f.core.internal.command.DbMigrate - Migrating schema "public" to version "4 - run context state"
2026-10-07T15:53:28.479+08:00 INFO  [main] [requestId=] o.f.core.internal.command.DbMigrate - Migrating schema "public" to version "5 - provider catalog"
2026-10-07T15:53:28.495+08:00 INFO  [main] [requestId=] o.f.core.internal.command.DbMigrate - Migrating schema "public" to version "6 - agent publishing"
2026-10-07T15:53:28.510+08:00 INFO  [main] [requestId=] o.f.core.internal.command.DbMigrate - Migrating schema "public" to version "7 - agent archive and tool bindings"
2026-10-07T15:53:28.517+08:00 INFO  [main] [requestId=] o.f.core.internal.command.DbMigrate - Migrating schema "public" to version "8 - backfill agent tool bindings"
2026-10-07T15:53:28.525+08:00 INFO  [main] [requestId=] o.f.core.internal.command.DbMigrate - Migrating schema "public" to version "9 - runtime capability and history"
2026-10-07T15:53:28.533+08:00 INFO  [main] [requestId=] o.f.core.internal.command.DbMigrate - Migrating schema "public" to version "10 - child agent task protocol"
2026-10-07T15:53:28.542+08:00 INFO  [main] [requestId=] o.f.core.internal.command.DbMigrate - Migrating schema "public" to version "11 - context memory catalog"
2026-10-07T15:53:28.552+08:00 INFO  [main] [requestId=] o.f.core.internal.command.DbMigrate - Migrating schema "public" to version "12 - history full text index"
2026-10-07T15:53:28.560+08:00 INFO  [main] [requestId=] o.f.core.internal.command.DbMigrate - Migrating schema "public" to version "13 - history vector index"
2026-10-07T15:53:28.582+08:00 INFO  [main] [requestId=] o.f.core.internal.command.DbMigrate - Migrating schema "public" to version "14 - knowledge catalog"
2026-10-07T15:53:28.593+08:00 INFO  [main] [requestId=] o.f.core.internal.command.DbMigrate - Migrating schema "public" to version "15 - knowledge search indexes"
2026-10-07T15:53:28.603+08:00 INFO  [main] [requestId=] o.f.core.internal.command.DbMigrate - Migrating schema "public" to version "16 - workflow runtime"
2026-10-07T15:53:28.627+08:00 INFO  [main] [requestId=] o.f.core.internal.command.DbMigrate - Migrating schema "public" to version "17 - mcp server registry"
2026-10-07T15:53:28.637+08:00 INFO  [main] [requestId=] o.f.core.internal.command.DbMigrate - Migrating schema "public" to version "18 - agent knowledge capability"
2026-10-07T15:53:28.650+08:00 INFO  [main] [requestId=] o.f.core.internal.command.DbMigrate - Migrating schema "public" to version "19 - agent workflow mcp capabilities"
2026-10-07T15:53:28.661+08:00 INFO  [main] [requestId=] o.f.core.internal.command.DbMigrate - Migrating schema "public" to version "20 - mcp encrypted credentials"
2026-10-07T15:53:28.668+08:00 INFO  [main] [requestId=] o.f.core.internal.command.DbMigrate - Migrating schema "public" to version "21 - workflow control terminal states"
2026-10-07T15:53:28.674+08:00 INFO  [main] [requestId=] o.f.core.internal.command.DbMigrate - Migrating schema "public" to version "22 - workflow interrupted state"
2026-10-07T15:53:28.679+08:00 INFO  [main] [requestId=] o.f.core.internal.command.DbMigrate - Migrating schema "public" to version "23 - history operation recovery"
2026-10-07T15:53:28.684+08:00 INFO  [main] [requestId=] o.f.core.internal.command.DbMigrate - Migrating schema "public" to version "24 - semantic embedding profiles"
2026-10-07T15:53:28.692+08:00 INFO  [main] [requestId=] o.f.core.internal.command.DbMigrate - Successfully applied 24 migrations to schema "public", now at version v24 (execution time 00:00.128s)
2026-10-07T15:53:28.821+08:00 INFO  [main] [requestId=] o.h.jpa.internal.util.LogHelper - HHH000204: Processing PersistenceUnitInfo [name: default]
2026-10-07T15:53:28.903+08:00 INFO  [main] [requestId=] org.hibernate.Version - HHH000412: Hibernate ORM core version 6.6.13.Final
2026-10-07T15:53:28.921+08:00 INFO  [main] [requestId=] o.h.c.i.RegionFactoryInitiator - HHH000026: Second-level cache disabled
2026-10-07T15:53:29.004+08:00 INFO  [main] [requestId=] o.s.o.j.p.SpringPersistenceUnitInfo - No LoadTimeWeaver setup: ignoring JPA class transformer
2026-10-07T15:53:29.045+08:00 INFO  [main] [requestId=] o.hibernate.orm.connections.pooling - HHH10001005: Database info:
	Database JDBC URL [Connecting through datasource 'HikariDataSource (HikariPool-1)']
	Database driver: undefined/unknown
	Database version: 16.15
	Autocommit mode: undefined/unknown
	Isolation level: undefined/unknown
	Minimum pool size: undefined/unknown
	Maximum pool size: undefined/unknown
2026-10-07T15:53:29.765+08:00 INFO  [main] [requestId=] o.h.e.t.j.p.i.JtaPlatformInitiator - HHH000489: No JTA platform available (set 'hibernate.transaction.jta.platform' to enable JTA platform integration)
2026-10-07T15:53:29.793+08:00 INFO  [main] [requestId=] o.s.o.j.LocalContainerEntityManagerFactoryBean - Initialized JPA EntityManagerFactory for persistence unit 'default'
2026-10-07T15:53:30.265+08:00 INFO  [main] [requestId=] o.s.d.j.r.query.QueryEnhancerFactory - JSqlParser is in classpath; If applicable, JSqlParser will be used.
2026-10-07T15:53:30.265+08:00 INFO  [main] [requestId=] o.s.d.j.r.query.QueryEnhancerFactory - Hibernate is in classpath; If applicable, HQL parser will be used.
2026-10-07T15:53:33.867+08:00 INFO  [main] [requestId=] c.b.m.s.MybatisPlusApplicationContextAware - Register ApplicationContext instances org.springframework.web.context.support.GenericWebApplicationContext@5eb5da12
2026-10-07T15:53:34.782+08:00 INFO  [main] [requestId=] o.s.b.t.m.w.SpringBootMockServletContext - Initializing Spring TestDispatcherServlet ''
2026-10-07T15:53:34.783+08:00 INFO  [main] [requestId=] o.s.t.w.s.TestDispatcherServlet - Initializing Servlet ''
2026-10-07T15:53:34.790+08:00 INFO  [main] [requestId=] o.s.b.a.e.web.EndpointLinksResolver - Exposing 2 endpoints beneath base path '/actuator'
2026-10-07T15:53:34.808+08:00 INFO  [main] [requestId=] o.s.t.w.s.TestDispatcherServlet - Completed initialization in 25 ms
2026-10-07T15:53:34.895+08:00 INFO  [main] [requestId=] c.h.a.KnowledgeShutdownPostgresTest - Started KnowledgeShutdownPostgresTest in 10.117 seconds (process running for 14.968)
2026-10-07T15:53:35.474+08:00 INFO  [main] [requestId=518f70b3-568c-4b82-ad7f-e44f246c3fe7] c.hify.common.RequestLoggingFilter - http.request method=POST path=/api/v1/knowledge-bases status=201 latencyMs=64
2026-10-07T15:53:35.527+08:00 INFO  [main] [requestId=599c8a91-5ebf-4eee-9bb0-bd88ed33e01e] c.hify.common.RequestLoggingFilter - http.request method=POST path=/api/v1/knowledge-bases status=201 latencyMs=6
2026-10-07T15:53:35.593+08:00 INFO  [main] [requestId=bb952350-7468-4cd9-857f-56ddb84d1d3b] c.hify.common.RequestLoggingFilter - http.request method=POST path=/api/v1/workflows status=201 latencyMs=63
2026-10-07T15:53:35.600+08:00 INFO  [main] [requestId=884d7516-0995-4a52-a2cb-6fd5fec4519f] c.hify.common.RequestLoggingFilter - http.request method=POST path=/api/v1/workflows status=400 latencyMs=4
2026-10-07T15:53:35.611+08:00 INFO  [main] [requestId=795c4f59-0ab2-4b11-a650-7ea59d649b4f] c.hify.common.RequestLoggingFilter - http.request method=PUT path=/api/v1/workflows/655f6c2a-248c-4c9c-a5bf-2440440d1230 status=400 latencyMs=9
2026-10-07T15:53:35.625+08:00 INFO  [main] [requestId=ef0e267c-e9a2-42df-9645-ebfbfc16662e] c.hify.common.RequestLoggingFilter - http.request method=POST path=/api/v1/workflow-versions/84fec4ac-21a8-41ea-839c-c683ff84d871/runs status=409 latencyMs=6
2026-10-07T15:53:35.645+08:00 INFO  [main] [requestId=6d2f7796-356f-483b-afb3-0c70bb3cd834] c.hify.common.RequestLoggingFilter - http.request method=POST path=/api/v1/knowledge-bases status=201 latencyMs=6
2026-10-07T15:53:35.675+08:00 INFO  [main] [requestId=8235cef3-6072-4a0b-a418-488b56401edb] c.hify.common.RequestLoggingFilter - http.request method=POST path=/api/v1/knowledge-bases/743ac5b2-d72f-498a-8c6a-0ceefe4ee96a/documents status=202 latencyMs=25
2026-10-07T15:53:35.691+08:00 INFO  [main] [requestId=9e426236-b704-48be-a2ad-78a4b240df7a] c.hify.common.RequestLoggingFilter - http.request method=GET path=/api/v1/documents/1fcf510a-0fa4-4586-ac56-9f084aaf99ad status=200 latencyMs=14
2026-10-07T15:53:35.816+08:00 INFO  [main] [requestId=1bc52320-b374-47da-b82d-4c1fc6fbad19] c.hify.common.RequestLoggingFilter - http.request method=GET path=/api/v1/documents/1fcf510a-0fa4-4586-ac56-9f084aaf99ad status=200 latencyMs=4
2026-10-07T15:53:35.823+08:00 INFO  [main] [requestId=9c3d805e-4f08-4fc1-b1c1-eecb12bcd126] c.hify.common.RequestLoggingFilter - http.request method=GET path=/api/v1/documents/1fcf510a-0fa4-4586-ac56-9f084aaf99ad/chunks status=200 latencyMs=5
2026-10-07T15:53:35.828+08:00 INFO  [main] [requestId=fcd86cb8-0139-4b09-a4bd-410140bd38bb] c.hify.common.RequestLoggingFilter - http.request method=DELETE path=/api/v1/documents/1fcf510a-0fa4-4586-ac56-9f084aaf99ad status=200 latencyMs=4
2026-10-07T15:53:35.847+08:00 INFO  [main] [requestId=0e57aede-135e-4470-91d8-1f5dcde332e8] c.hify.common.RequestLoggingFilter - http.request method=POST path=/api/v1/knowledge-bases status=201 latencyMs=4
2026-10-07T15:53:35.854+08:00 INFO  [main] [requestId=82c9f586-e4e0-4c8b-ac59-2e5c4c2cb405] c.hify.common.RequestLoggingFilter - http.request method=POST path=/api/v1/knowledge-bases/d8ef5a5f-9ef0-4df3-9a60-9c572a04dd6a/documents status=202 latencyMs=5
2026-10-07T15:53:35.856+08:00 INFO  [main] [requestId=2af28b04-fe99-491f-8525-e4838cca5acb] c.hify.common.RequestLoggingFilter - http.request method=GET path=/api/v1/documents/e26723a7-19f3-4826-b5cd-055279ded328 status=200 latencyMs=2
2026-10-07T15:53:36.006+08:00 INFO  [main] [requestId=bf7d56d1-6047-497e-a67a-e09c7fc2a8cf] c.hify.common.RequestLoggingFilter - http.request method=GET path=/api/v1/documents/e26723a7-19f3-4826-b5cd-055279ded328 status=200 latencyMs=8
2026-10-07T15:53:36.024+08:00 INFO  [main] [requestId=7c0c1e45-1fe3-438e-b90c-58f10d877cc6] c.hify.common.RequestLoggingFilter - http.request method=POST path=/api/v1/workflows status=201 latencyMs=17
2026-10-07T15:53:36.060+08:00 INFO  [main] [requestId=703920cf-5bbe-4f11-a1f9-98dfae43dd4e] c.hify.common.RequestLoggingFilter - http.request method=POST path=/api/v1/workflows/0d22bb18-3ec8-4bec-9304-7f375dbb4279/versions status=200 latencyMs=34
2026-10-07T15:53:36.095+08:00 INFO  [main] [requestId=a1e7c368-99e1-4aca-8014-8635f259f935] c.hify.common.RequestLoggingFilter - http.request method=POST path=/api/v1/agents status=201 latencyMs=33
2026-10-07T15:53:36.117+08:00 INFO  [main] [requestId=dd4eabae-926a-4145-84c5-66d60a29914b] c.hify.common.RequestLoggingFilter - http.request method=PUT path=/api/v1/agents/5a6b7572-e80f-48b1-a605-6f9000e8145e/workflow-binding status=200 latencyMs=20
2026-10-07T15:53:36.145+08:00 INFO  [main] [requestId=1d21af62-bd4a-4a40-b0d6-b02b890ccc41] c.hify.common.RequestLoggingFilter - http.request method=POST path=/api/v1/agents/5a6b7572-e80f-48b1-a605-6f9000e8145e/publications status=200 latencyMs=26
2026-10-07T15:53:36.167+08:00 INFO  [main] [requestId=4a083e9f-3b8a-44c1-938e-08c70c0e202a] c.hify.common.RequestLoggingFilter - http.request method=POST path=/api/v1/conversations status=201 latencyMs=22
2026-10-07T15:53:36.213+08:00 INFO  [main] [requestId=161a0ee5-e5d2-4477-8843-18af00925e8e] c.hify.common.RequestLoggingFilter - http.request method=POST path=/api/v1/workflow-versions/d24d30f4-45b4-4308-af57-f5824b658c0c/runs status=202 latencyMs=45
2026-10-07T15:53:36.221+08:00 INFO  [main] [requestId=1d9b3065-e413-4513-9e77-2006d11b8032] c.hify.common.RequestLoggingFilter - http.request method=DELETE path=/api/v1/documents/e26723a7-19f3-4826-b5cd-055279ded328 status=200 latencyMs=6
2026-10-07T15:53:36.226+08:00 INFO  [main] [requestId=9116a593-3c74-4a1c-8650-a23ede480cbf] c.hify.common.RequestLoggingFilter - http.request method=POST path=/api/v1/knowledge-bases/d8ef5a5f-9ef0-4df3-9a60-9c572a04dd6a/documents status=202 latencyMs=4
2026-10-07T15:53:36.229+08:00 INFO  [main] [requestId=95aa3ced-e05e-4858-9e47-c551b50ed414] c.hify.common.RequestLoggingFilter - http.request method=GET path=/api/v1/documents/b1faf168-ba66-4717-9387-1249a203d858 status=200 latencyMs=2
2026-10-07T15:53:36.396+08:00 INFO  [main] [requestId=63890359-a43f-41c6-8677-0da3bb910fbf] c.hify.common.RequestLoggingFilter - http.request method=GET path=/api/v1/documents/b1faf168-ba66-4717-9387-1249a203d858 status=200 latencyMs=3
2026-10-07T15:53:36.442+08:00 INFO  [main] [requestId=e22be2e4-61ed-48bf-a4fc-7cb05abee21d] c.hify.common.RequestLoggingFilter - http.request method=POST path=/api/v1/workflow-versions/d24d30f4-45b4-4308-af57-f5824b658c0c/runs status=202 latencyMs=44
2026-10-07T15:53:36.472+08:00 INFO  [main] [requestId=d25ededb-0eb4-464d-b281-bcae8fb52095] c.hify.common.RequestLoggingFilter - http.request method=POST path=/api/v1/workflows/0d22bb18-3ec8-4bec-9304-7f375dbb4279/versions status=200 latencyMs=21
2026-10-07T15:53:36.543+08:00 INFO  [main] [requestId=5c6804e0-95cb-4d37-b67d-69c30696e249] c.hify.common.RequestLoggingFilter - http.request method=POST path=/api/v1/workflow-versions/67b41544-706a-4a01-9d8c-59aed4b201fb/runs status=202 latencyMs=64
2026-10-07T15:53:36.603+08:00 INFO  [main] [requestId=69549d36-2349-4fe2-b54e-f061153bfc0c] c.hify.common.RequestLoggingFilter - http.request method=POST path=/api/v1/agents/5a6b7572-e80f-48b1-a605-6f9000e8145e/publications status=200 latencyMs=56
2026-10-07T15:53:36.711+08:00 INFO  [main] [requestId=cdf5e7bf-692e-4d5e-8338-7489ca6d1d5b] c.hify.common.RequestLoggingFilter - http.request method=POST path=/api/v1/conversations/4c114ada-c15f-4d91-ba79-38fc9e150083/runs status=202 latencyMs=106
2026-10-07T15:53:36.721+08:00 INFO  [main] [requestId=29b242dd-35b0-4ef6-ac11-47bfbe9db742] c.hify.common.RequestLoggingFilter - http.request method=GET path=/api/v1/runs/73694063-0e73-433c-87a6-a5f3dbef5c30 status=200 latencyMs=7
2026-10-07T15:53:36.891+08:00 INFO  [main] [requestId=fdb32e0c-d578-4104-a633-c930f9728ad5] c.hify.common.RequestLoggingFilter - http.request method=GET path=/api/v1/runs/73694063-0e73-433c-87a6-a5f3dbef5c30 status=200 latencyMs=5
2026-10-07T15:53:36.912+08:00 INFO  [main] [requestId=2ba20708-60bb-4be3-a4f1-bc141de5039d] c.hify.common.RequestLoggingFilter - http.request method=POST path=/api/v1/conversations status=201 latencyMs=19
2026-10-07T15:53:36.965+08:00 INFO  [main] [requestId=8808649a-4417-4603-a75e-5de92ac7f8fb] c.hify.common.RequestLoggingFilter - http.request method=POST path=/api/v1/conversations/b8493360-8457-4f7d-83f2-20acb9a6e9d9/runs status=202 latencyMs=52
2026-10-07T15:53:36.979+08:00 INFO  [main] [requestId=0b419d09-d386-4ccb-a00f-46a7965701e2] c.hify.common.RequestLoggingFilter - http.request method=GET path=/api/v1/runs/d0dd1e48-6069-4279-84ed-03b1a3d1182a status=200 latencyMs=12
2026-10-07T15:53:37.157+08:00 INFO  [main] [requestId=ad8b33a6-7dae-4420-9534-d9b0366b7bc3] c.hify.common.RequestLoggingFilter - http.request method=GET path=/api/v1/runs/d0dd1e48-6069-4279-84ed-03b1a3d1182a status=200 latencyMs=2
2026-10-07T15:53:37.164+08:00 INFO  [main] [requestId=a187d3b2-65ad-4494-82d3-81e5ddd451f8] c.hify.common.RequestLoggingFilter - http.request method=GET path=/api/v1/workflows/0d22bb18-3ec8-4bec-9304-7f375dbb4279 status=200 latencyMs=5
2026-10-07T15:53:37.171+08:00 INFO  [main] [requestId=eed471c7-ab8a-4181-975d-2b517c17e484] c.hify.common.RequestLoggingFilter - http.request method=DELETE path=/api/v1/knowledge-bases/d8ef5a5f-9ef0-4df3-9a60-9c572a04dd6a status=200 latencyMs=5
2026-10-07T15:53:37.197+08:00 INFO  [main] [requestId=2bff0508-7c4b-4a64-bb7b-84fc60965e10] c.hify.common.RequestLoggingFilter - http.request method=POST path=/api/v1/workflow-versions/d24d30f4-45b4-4308-af57-f5824b658c0c/runs status=202 latencyMs=25
2026-10-07T15:53:37.207+08:00 INFO  [main] [requestId=9f31abe3-27b5-41e7-b6e5-7a4d92edba43] c.hify.common.RequestLoggingFilter - http.request method=POST path=/api/v1/workflows/0d22bb18-3ec8-4bec-9304-7f375dbb4279/versions status=404 latencyMs=7
2026-10-07T15:53:37.257+08:00 INFO  [main] [requestId=ccd36c2f-a73a-44cc-a6a7-2072901dd5dc] c.hify.common.RequestLoggingFilter - http.request method=POST path=/api/v1/knowledge-bases status=201 latencyMs=10
2026-10-07T15:53:37.265+08:00 INFO  [main] [requestId=08d6c817-15d6-4548-9deb-7f19b7fa8499] c.hify.common.RequestLoggingFilter - http.request method=POST path=/api/v1/knowledge-bases/55dba508-6f4b-4bf3-8eb1-ffd41216128a/documents status=202 latencyMs=6
2026-10-07T15:53:37.268+08:00 INFO  [main] [requestId=e5dfb833-6ed8-4a8e-a2eb-d326b36afd71] c.hify.common.RequestLoggingFilter - http.request method=GET path=/api/v1/documents/95c4fb10-964f-455e-9bf6-8b7b24c5e2bb status=200 latencyMs=2
2026-10-07T15:53:37.386+08:00 INFO  [main] [requestId=15b5a5b9-6732-47d8-8567-74e59d5f91ed] c.hify.common.RequestLoggingFilter - http.request method=GET path=/api/v1/documents/95c4fb10-964f-455e-9bf6-8b7b24c5e2bb status=200 latencyMs=3
2026-10-07T15:53:37.395+08:00 INFO  [main] [requestId=9b5ffdf2-3cbf-4caf-8c24-5d6a6d7a9ac5] c.hify.common.RequestLoggingFilter - http.request method=POST path=/api/v1/workflows status=201 latencyMs=8
2026-10-07T15:53:37.404+08:00 INFO  [main] [requestId=37f0af2d-bb91-4c59-b746-2885676fee5e] c.hify.common.RequestLoggingFilter - http.request method=POST path=/api/v1/workflows/ec793426-f5f2-4302-a30c-4f96c6f6d4e5/versions status=200 latencyMs=8
2026-10-07T15:53:37.420+08:00 INFO  [main] [requestId=3ce5a06c-470b-423a-bac5-550249551be2] c.hify.common.RequestLoggingFilter - http.request method=POST path=/api/v1/workflow-versions/86c9e74f-2e64-4e6e-9e67-4e5d0c4ebe42/runs status=202 latencyMs=14
2026-10-07T15:53:37.433+08:00 INFO  [main] [requestId=1d53e276-6f05-4d9f-a260-00628bb9106c] c.hify.common.RequestLoggingFilter - http.request method=POST path=/api/v1/knowledge-bases status=201 latencyMs=4
2026-10-07T15:53:37.441+08:00 INFO  [main] [requestId=ae35dd05-1c2a-4c46-a4f2-a1673d41b476] c.hify.common.RequestLoggingFilter - http.request method=POST path=/api/v1/knowledge-bases/f4ccf41e-4824-484a-9a2b-fd977c956082/documents status=202 latencyMs=6
2026-10-07T15:53:37.444+08:00 INFO  [main] [requestId=5dd29a0d-e124-449b-9871-5c5abc6f4fb0] c.hify.common.RequestLoggingFilter - http.request method=GET path=/api/v1/documents/2ff4ab96-2530-4c61-9357-ca3d5ed51968 status=200 latencyMs=3
2026-10-07T15:53:37.625+08:00 INFO  [main] [requestId=459e3f46-29d7-414b-ada5-e04285845f89] c.hify.common.RequestLoggingFilter - http.request method=GET path=/api/v1/documents/2ff4ab96-2530-4c61-9357-ca3d5ed51968 status=200 latencyMs=4
2026-10-07T15:53:37.634+08:00 INFO  [main] [requestId=e7d2e184-43d8-4226-8575-63cb34243b33] c.hify.common.RequestLoggingFilter - http.request method=POST path=/api/v1/workflows status=201 latencyMs=7
2026-10-07T15:53:37.645+08:00 INFO  [main] [requestId=53904573-04d8-4244-ab52-0b5326258d05] c.hify.common.RequestLoggingFilter - http.request method=POST path=/api/v1/workflows/e77fdc9e-3b64-4448-90c9-a7591def23a1/versions status=200 latencyMs=10
2026-10-07T15:53:37.661+08:00 INFO  [main] [requestId=1e9c26ea-00d8-4617-9663-b51979dcf289] c.hify.common.RequestLoggingFilter - http.request method=POST path=/api/v1/workflow-versions/54ceb755-2bda-489a-81f2-952d7eb160e8/runs status=202 latencyMs=13
2026-10-07T15:53:37.671+08:00 INFO  [main] [requestId=76ff693f-d1f1-4ce9-8d84-86f1a7e7b605] c.hify.common.RequestLoggingFilter - http.request method=POST path=/api/v1/knowledge-bases status=201 latencyMs=3
2026-10-07T15:53:37.675+08:00 INFO  [main] [requestId=d3bfaecd-dc52-4c7b-b16f-5946cd782a96] c.hify.common.RequestLoggingFilter - http.request method=POST path=/api/v1/knowledge-bases/8ce72941-46c2-4a08-a8dc-f2e92c90650e/documents status=202 latencyMs=3
2026-10-07T15:53:37.678+08:00 INFO  [main] [requestId=56a7a00e-af1b-4219-870b-e08f5d01c5ba] c.hify.common.RequestLoggingFilter - http.request method=GET path=/api/v1/documents/2c8b7f3e-7af4-41f7-97e4-17085ed5ac02 status=200 latencyMs=2
2026-10-07T15:53:37.855+08:00 INFO  [main] [requestId=36d21b7c-b3e3-4796-b767-3042de4a64b7] c.hify.common.RequestLoggingFilter - http.request method=GET path=/api/v1/documents/2c8b7f3e-7af4-41f7-97e4-17085ed5ac02 status=200 latencyMs=10
2026-10-07T15:53:37.870+08:00 INFO  [main] [requestId=8930b645-008d-482a-962f-72bd6ca71626] c.hify.common.RequestLoggingFilter - http.request method=POST path=/api/v1/workflows status=201 latencyMs=11
2026-10-07T15:53:37.891+08:00 INFO  [main] [requestId=32aea081-18af-4ccb-987d-7f0adeac70cc] c.hify.common.RequestLoggingFilter - http.request method=POST path=/api/v1/workflows/f3b3bd27-0169-478d-8d66-ca2caf42be19/versions status=200 latencyMs=18
2026-10-07T15:53:37.911+08:00 INFO  [main] [requestId=9ba46e35-a317-4017-952a-850558993bc3] c.hify.common.RequestLoggingFilter - http.request method=POST path=/api/v1/workflow-versions/69e535a5-19e5-4390-b388-09b316fdc7d8/runs status=202 latencyMs=17
2026-10-07T15:53:37.934+08:00 INFO  [main] [requestId=3660bbd1-5a47-4860-85e1-11d5b328a589] c.hify.common.RequestLoggingFilter - http.request method=POST path=/api/v1/knowledge-bases status=201 latencyMs=6
2026-10-07T15:53:37.944+08:00 INFO  [main] [requestId=36a39aa8-439f-426b-8ebd-d4bb11e056ea] c.hify.common.RequestLoggingFilter - http.request method=POST path=/api/v1/knowledge-bases/9aa488dc-8bae-4981-bc14-8ade976a5f9a/documents status=202 latencyMs=7
2026-10-07T15:53:37.947+08:00 INFO  [main] [requestId=7877a6a4-6437-4e49-b9aa-2a03be155332] c.hify.common.RequestLoggingFilter - http.request method=GET path=/api/v1/documents/29db23b1-c13a-4988-b38f-2ad6dc0b91ad status=200 latencyMs=2
2026-10-07T15:53:38.119+08:00 INFO  [main] [requestId=1bfc1f5f-ff40-4b89-bcc8-ec176f8fc719] c.hify.common.RequestLoggingFilter - http.request method=GET path=/api/v1/documents/29db23b1-c13a-4988-b38f-2ad6dc0b91ad status=200 latencyMs=2
2026-10-07T15:53:38.127+08:00 INFO  [main] [requestId=91dfa58b-12b7-4685-abb4-44968b16dace] c.hify.common.RequestLoggingFilter - http.request method=POST path=/api/v1/workflows status=201 latencyMs=7
2026-10-07T15:53:38.135+08:00 INFO  [main] [requestId=52aae7fe-d539-40b6-aac9-4b93cb5bbd67] c.hify.common.RequestLoggingFilter - http.request method=POST path=/api/v1/workflows/9eb8562e-da5a-4d08-8493-4d5655527389/versions status=200 latencyMs=7
2026-10-07T15:53:38.143+08:00 INFO  [main] [requestId=93db7c9b-4690-4b60-88f9-59c5718a34c0] c.hify.common.RequestLoggingFilter - http.request method=POST path=/api/v1/knowledge-bases status=201 latencyMs=5
2026-10-07T15:53:38.204+08:00 INFO  [main] [requestId=d0e2e16f-6386-4df8-ab6a-ceee692298f6] c.hify.common.RequestLoggingFilter - http.request method=POST path=/api/v1/workflow-versions/348cda61-0fa9-499b-a491-4669681d8498/runs status=202 latencyMs=59
2026-10-07T15:53:38.221+08:00 INFO  [main] [requestId=eded7349-8dbd-4a33-8a20-9ce3d47481dc] c.hify.common.RequestLoggingFilter - http.request method=POST path=/api/v1/knowledge-bases status=201 latencyMs=7
2026-10-07T15:53:38.235+08:00 INFO  [main] [requestId=90ce80be-2b23-43d2-8301-baa3dab4db2e] c.hify.common.RequestLoggingFilter - http.request method=POST path=/api/v1/knowledge-bases/70a3e0ca-598e-428c-a233-8f082d3c0ae2/documents status=202 latencyMs=12
2026-10-07T15:53:38.241+08:00 INFO  [main] [requestId=f508c646-9c4c-43a9-b011-e8ce7e9d708e] c.hify.common.RequestLoggingFilter - http.request method=GET path=/api/v1/documents/af5e8b13-08d9-49c3-bfab-0bc85ff3b526 status=200 latencyMs=5
2026-10-07T15:53:38.421+08:00 INFO  [main] [requestId=20bb7b30-db4c-490b-bb74-65c779f04670] c.hify.common.RequestLoggingFilter - http.request method=GET path=/api/v1/documents/af5e8b13-08d9-49c3-bfab-0bc85ff3b526 status=200 latencyMs=5
2026-10-07T15:53:38.436+08:00 INFO  [main] [requestId=b5a8fd77-c97a-456c-9c26-a9c795c0e0af] c.hify.common.RequestLoggingFilter - http.request method=POST path=/api/v1/workflows status=201 latencyMs=14
2026-10-07T15:53:38.443+08:00 INFO  [main] [requestId=2a420c02-3a84-4ceb-8795-9461ff6c468c] c.hify.common.RequestLoggingFilter - http.request method=POST path=/api/v1/workflows/dbeb4f07-9da9-48a4-9b4a-d0d9281ebf3d/versions status=404 latencyMs=6
2026-10-07T15:53:38.458+08:00 INFO  [main] [requestId=a7e2c6d8-4603-4184-a8a6-6ead39d5230a] c.hify.common.RequestLoggingFilter - http.request method=POST path=/api/v1/knowledge-bases status=201 latencyMs=3
2026-10-07T15:53:38.462+08:00 INFO  [main] [requestId=9fe66368-7535-4fb6-ad63-d492d4f1667d] c.hify.common.RequestLoggingFilter - http.request method=POST path=/api/v1/knowledge-bases/4ddc67a0-f66f-40b2-bf15-6e2716979312/documents status=202 latencyMs=3
2026-10-07T15:53:38.465+08:00 INFO  [main] [requestId=5e6e47d8-12e8-4abf-8e61-76cae901f342] c.hify.common.RequestLoggingFilter - http.request method=GET path=/api/v1/documents/192679f6-94ce-4640-acbb-1a8871c82836 status=200 latencyMs=1
2026-10-07T15:53:38.630+08:00 INFO  [main] [requestId=ed19aa72-0698-402d-abb4-7bfb063469be] c.hify.common.RequestLoggingFilter - http.request method=GET path=/api/v1/documents/192679f6-94ce-4640-acbb-1a8871c82836 status=200 latencyMs=3
2026-10-07T15:53:38.695+08:00 INFO  [main] [requestId=f19ff3ca-32f4-42b5-8d7a-3f902b193476] c.hify.common.RequestLoggingFilter - http.request method=POST path=/api/v1/workflows status=201 latencyMs=64
2026-10-07T15:53:38.730+08:00 INFO  [main] [requestId=9ff97ac9-ef54-4be1-bbfe-d5c81483e04d] c.hify.common.RequestLoggingFilter - http.request method=POST path=/api/v1/workflows/d545c865-84cf-4f69-ab3a-7a6743b1c807/versions status=200 latencyMs=34
2026-10-07T15:53:38.769+08:00 INFO  [main] [requestId=6a984d7b-eff3-4c07-9bac-6f758e8a2b40] c.hify.common.RequestLoggingFilter - http.request method=POST path=/api/v1/workflow-versions/388b4825-1bb6-46f4-b3e3-0ced18a0f132/runs status=202 latencyMs=37
2026-10-07T15:53:38.790+08:00 INFO  [main] [requestId=7b3bbd6a-d447-4452-a7b7-55d45705c5d1] c.hify.common.RequestLoggingFilter - http.request method=POST path=/api/v1/workflow-versions/388b4825-1bb6-46f4-b3e3-0ced18a0f132/runs status=202 latencyMs=19
2026-10-07T15:53:38.809+08:00 INFO  [main] [requestId=751857ea-af48-4c84-bb2f-bfbd07da47fa] c.hify.common.RequestLoggingFilter - http.request method=POST path=/api/v1/knowledge-bases status=201 latencyMs=10
2026-10-07T15:53:38.818+08:00 INFO  [main] [requestId=a993615d-d4ea-4b1a-b18c-c789b913d2bf] c.hify.common.RequestLoggingFilter - http.request method=POST path=/api/v1/knowledge-bases/c724d01a-5bff-4a74-86c3-7dcf7dc5516d/documents status=202 latencyMs=7
2026-10-07T15:53:38.822+08:00 INFO  [main] [requestId=10f14b36-c9c2-40dc-82a1-6c4ae01f6c64] c.hify.common.RequestLoggingFilter - http.request method=GET path=/api/v1/documents/55c68a8f-6716-4d40-8b4c-69b93695e9b0 status=200 latencyMs=3
2026-10-07T15:53:39.008+08:00 INFO  [main] [requestId=53c59bf1-b462-4b3b-9dd4-212eff368dbc] c.hify.common.RequestLoggingFilter - http.request method=GET path=/api/v1/documents/55c68a8f-6716-4d40-8b4c-69b93695e9b0 status=200 latencyMs=13
2026-10-07T15:53:39.508+08:00 INFO  [main] [requestId=c9181413-9c25-4df2-89b6-ad6497d33796] c.hify.common.RequestLoggingFilter - http.request method=DELETE path=/api/v1/documents/55c68a8f-6716-4d40-8b4c-69b93695e9b0 status=200 latencyMs=5
2026-10-07T15:53:39.516+08:00 INFO  [main] [requestId=b7b0a712-c5a0-4f16-87e2-61b760d14de5] c.hify.common.RequestLoggingFilter - http.request method=POST path=/api/v1/knowledge-bases/c724d01a-5bff-4a74-86c3-7dcf7dc5516d/documents status=202 latencyMs=6
2026-10-07T15:53:39.520+08:00 INFO  [main] [requestId=375cf6d2-03a0-4903-95c7-1a5016bf591f] c.hify.common.RequestLoggingFilter - http.request method=GET path=/api/v1/documents/4a779ed4-816e-4b40-8f01-b84c86ddab15 status=200 latencyMs=3
2026-10-07T15:53:39.693+08:00 INFO  [main] [requestId=f252bd6d-0142-4d02-b2dc-f30ea585d930] c.hify.common.RequestLoggingFilter - http.request method=GET path=/api/v1/documents/4a779ed4-816e-4b40-8f01-b84c86ddab15 status=200 latencyMs=3
2026-10-07T15:53:39.831+08:00 INFO  [main] [requestId=db2bf374-cdf7-4e9a-aa08-6b4cab202d32] c.hify.common.RequestLoggingFilter - http.request method=POST path=/api/v1/knowledge-bases status=201 latencyMs=5
2026-10-07T15:53:39.851+08:00 INFO  [main] [requestId=42fcee55-945a-4e3c-bc65-686a148b78aa] c.hify.common.RequestLoggingFilter - http.request method=POST path=/api/v1/workflows status=201 latencyMs=18
2026-10-07T15:53:39.861+08:00 INFO  [main] [requestId=30adda47-c63e-412d-b993-438871a7348d] c.hify.common.RequestLoggingFilter - http.request method=POST path=/api/v1/workflows/0c071cbe-4e25-48a9-857f-14ee7110ddae/versions status=200 latencyMs=10
2026-10-07T15:53:39.880+08:00 INFO  [main] [requestId=9b29e907-c218-4ea4-90fc-f777b7de7ddc] c.hify.common.RequestLoggingFilter - http.request method=POST path=/api/v1/workflow-versions/b0b7a9be-c492-42a5-97cc-7c447e6527bf/runs status=202 latencyMs=18
2026-10-07T15:53:39.890+08:00 INFO  [main] [requestId=2351267e-4566-46e0-87a8-72431b93ae81] c.hify.common.RequestLoggingFilter - http.request method=POST path=/api/v1/knowledge-bases status=201 latencyMs=4
2026-10-07T15:53:39.898+08:00 INFO  [main] [requestId=b3357ab5-8cbe-45f4-a436-98e01e899b80] c.hify.common.RequestLoggingFilter - http.request method=POST path=/api/v1/knowledge-bases/f5554793-6064-435b-b1c0-396ea469d606/documents status=202 latencyMs=7
2026-10-07T15:53:39.901+08:00 INFO  [main] [requestId=c8f9b656-4e6e-4223-81a1-ca4ab8bcb0cb] c.hify.common.RequestLoggingFilter - http.request method=GET path=/api/v1/documents/c70b0467-e6d5-4d79-baf9-65286d4e51c5 status=200 latencyMs=2
2026-10-07T15:53:40.051+08:00 INFO  [main] [requestId=1e39fc80-0155-4ff0-959d-99ff8a63cffd] c.hify.common.RequestLoggingFilter - http.request method=GET path=/api/v1/documents/c70b0467-e6d5-4d79-baf9-65286d4e51c5 status=200 latencyMs=2
2026-10-07T15:53:40.880+08:00 INFO  [main] [requestId=6619f1f4-aa70-4d4b-aab3-20c7d0f2ce8c] c.hify.common.RequestLoggingFilter - http.request method=POST path=/api/v1/knowledge-bases status=201 latencyMs=6
2026-10-07T15:53:41.069+08:00 INFO  [main] [requestId=6fcdc48d-5874-4947-8428-04ac6bca6dcf] c.hify.common.RequestLoggingFilter - http.request method=POST path=/api/v1/knowledge-bases status=201 latencyMs=4
2026-10-07T15:53:41.074+08:00 INFO  [main] [requestId=f5d1550e-0b9f-435c-a110-f42fbabc22fe] c.hify.common.RequestLoggingFilter - http.request method=POST path=/api/v1/knowledge-bases/9374be5e-56ff-47b9-bf3b-7d53adc0b45d/documents status=202 latencyMs=4
2026-10-07T15:53:41.076+08:00 INFO  [main] [requestId=12054267-2860-4c6f-8ab5-77482430b321] c.hify.common.RequestLoggingFilter - http.request method=GET path=/api/v1/documents/cd3e6b56-2144-4dba-b708-d1b6fe8d2c45 status=200 latencyMs=1
2026-10-07T15:53:41.256+08:00 INFO  [main] [requestId=0247534b-e6d5-41d5-bbe1-55d7c7fe685d] c.hify.common.RequestLoggingFilter - http.request method=GET path=/api/v1/documents/cd3e6b56-2144-4dba-b708-d1b6fe8d2c45 status=200 latencyMs=5
2026-10-07T15:53:41.455+08:00 INFO  [main] [requestId=4da9013b-5019-4489-bf93-d1c396b1e797] c.hify.common.RequestLoggingFilter - http.request method=POST path=/api/v1/knowledge-bases status=201 latencyMs=3
2026-10-07T15:53:41.463+08:00 INFO  [main] [requestId=b7cd426b-950c-4389-bea9-f91ba1bab326] c.hify.common.RequestLoggingFilter - http.request method=POST path=/api/v1/knowledge-bases/b672f071-eb61-4e6d-9bfb-a998632684fe/documents status=202 latencyMs=7
2026-10-07T15:53:41.468+08:00 INFO  [main] [requestId=8ddf5d0e-1a5e-42ae-9c52-34faff1872d7] c.hify.common.RequestLoggingFilter - http.request method=GET path=/api/v1/documents/6dda1ab3-4c25-4d77-8030-2be0628c6b44 status=200 latencyMs=3
2026-10-07T15:53:41.639+08:00 INFO  [main] [requestId=4ee8cc51-38ed-4535-92ee-b0312eae717a] c.hify.common.RequestLoggingFilter - http.request method=GET path=/api/v1/documents/6dda1ab3-4c25-4d77-8030-2be0628c6b44 status=200 latencyMs=3
2026-10-07T15:53:41.876+08:00 INFO  [main] [requestId=42f6aa68-6c21-4d51-8c22-e1f6d005cec8] c.hify.common.RequestLoggingFilter - http.request method=POST path=/api/v1/knowledge-bases status=201 latencyMs=7
2026-10-07T15:53:41.883+08:00 INFO  [main] [requestId=5e6fb370-96fe-43bc-a4e9-1a6f459ef5a9] c.hify.common.RequestLoggingFilter - http.request method=POST path=/api/v1/knowledge-bases status=201 latencyMs=6
2026-10-07T15:53:41.893+08:00 INFO  [main] [requestId=89b90bf3-38bc-40f2-958a-71485925aec4] c.hify.common.RequestLoggingFilter - http.request method=POST path=/api/v1/knowledge-bases/a4deb259-6e44-46e5-8f6a-3f2aef4e4130/documents status=202 latencyMs=8
2026-10-07T15:53:41.896+08:00 INFO  [main] [requestId=cdd4f6a3-565e-4661-8446-0ac061167175] c.hify.common.RequestLoggingFilter - http.request method=GET path=/api/v1/documents/e9bb72ac-d364-42dd-a7a2-501193a9ed07 status=200 latencyMs=2
2026-10-07T15:53:42.069+08:00 INFO  [main] [requestId=d2b96103-33a6-4821-b9e6-c0f51943268f] c.hify.common.RequestLoggingFilter - http.request method=GET path=/api/v1/documents/e9bb72ac-d364-42dd-a7a2-501193a9ed07 status=200 latencyMs=2
2026-10-07T15:53:42.237+08:00 INFO  [main] [requestId=28828dd1-f257-4521-ad1c-a2185d04e87a] c.hify.common.RequestLoggingFilter - http.request method=POST path=/api/v1/knowledge-bases status=201 latencyMs=3
2026-10-07T15:53:42.241+08:00 INFO  [main] [requestId=1896202c-8d11-43e1-b6ea-3f622aed5c65] c.hify.common.RequestLoggingFilter - http.request method=POST path=/api/v1/knowledge-bases/7027da95-bb50-4385-86ab-1f0e616c46e4/documents status=202 latencyMs=3
2026-10-07T15:53:42.243+08:00 INFO  [main] [requestId=a2c4dccb-5f06-4f50-b1fb-8f9bcbf44f87] c.hify.common.RequestLoggingFilter - http.request method=GET path=/api/v1/documents/970d1590-b1be-4ada-96b4-b9a621954ce9 status=200 latencyMs=1
2026-10-07T15:53:42.406+08:00 INFO  [main] [requestId=ef55dd38-8e8a-476c-9c20-6720c0dfba6e] c.hify.common.RequestLoggingFilter - http.request method=GET path=/api/v1/documents/970d1590-b1be-4ada-96b4-b9a621954ce9 status=200 latencyMs=5
2026-10-07T15:53:42.755+08:00 INFO  [main] [requestId=1fc34c52-accb-4221-85bf-c270ea0ba5dc] c.hify.common.RequestLoggingFilter - http.request method=POST path=/api/v1/knowledge-bases status=201 latencyMs=4
2026-10-07T15:53:42.760+08:00 INFO  [main] [requestId=37c72de2-f5e1-4345-a365-9dd1d5f40937] c.hify.common.RequestLoggingFilter - http.request method=POST path=/api/v1/knowledge-bases/b853c44d-8572-4379-8ead-4f1dae65a864/documents status=202 latencyMs=3
2026-10-07T15:53:42.764+08:00 INFO  [main] [requestId=014a7eb3-a846-4531-bde5-b86edaab85cd] c.hify.common.RequestLoggingFilter - http.request method=GET path=/api/v1/documents/5689c99d-cde8-41cf-9239-3e9cf94df033 status=200 latencyMs=3
2026-10-07T15:53:42.941+08:00 INFO  [main] [requestId=1cd5c604-0193-4834-a829-1c7d86df0cd7] c.hify.common.RequestLoggingFilter - http.request method=GET path=/api/v1/documents/5689c99d-cde8-41cf-9239-3e9cf94df033 status=200 latencyMs=2
2026-10-07T15:53:43.136+08:00 INFO  [main] [requestId=b9dd6c62-d8e2-43dc-8a54-56ca3e5c77ae] c.hify.common.RequestLoggingFilter - http.request method=POST path=/api/v1/knowledge-bases status=201 latencyMs=4
2026-10-07T15:53:43.220+08:00 INFO  [main] [requestId=f4db513a-baf9-4bd7-8fea-0c79741488bf] c.hify.common.RequestLoggingFilter - http.request method=POST path=/api/v1/knowledge-bases status=201 latencyMs=2
[INFO] Tests run: 22, Failures: 0, Errors: 0, Skipped: 0, Time elapsed: 21.12 s -- in com.hify.api.KnowledgeShutdownPostgresTest
[INFO] Running com.hify.api.HistoryRecoveryMigrationTest
2026-10-07T15:53:43.934+08:00 INFO  [main] [requestId=] org.flywaydb.core.FlywayExecutor - Database: jdbc:h2:mem:history-upgrade-0f528f8c-35cb-4ace-9fe3-8d835bd7e075 (H2 2.3)
2026-10-07T15:53:43.938+08:00 WARN  [main] [requestId=] o.f.c.i.database.base.Database - Flyway upgrade recommended: H2 2.3.232 is newer than this version of Flyway and support has not been tested. The latest supported version of H2 is 2.2.224.
2026-10-07T15:53:43.950+08:00 INFO  [main] [requestId=] o.f.c.i.s.JdbcTableSchemaHistory - Schema history table "PUBLIC"."flyway_schema_history" does not exist yet
2026-10-07T15:53:43.950+08:00 INFO  [main] [requestId=] o.f.core.internal.command.DbValidate - Successfully validated 24 migrations (execution time 00:00.010s)
2026-10-07T15:53:43.954+08:00 INFO  [main] [requestId=] o.f.c.i.s.JdbcTableSchemaHistory - Creating Schema History table "PUBLIC"."flyway_schema_history" ...
2026-10-07T15:53:43.966+08:00 INFO  [main] [requestId=] o.f.core.internal.command.DbMigrate - Current version of schema "PUBLIC": << Empty Schema >>
2026-10-07T15:53:43.969+08:00 INFO  [main] [requestId=] o.f.core.internal.command.DbMigrate - Migrating schema "PUBLIC" to version "1 - baseline"
2026-10-07T15:53:43.986+08:00 INFO  [main] [requestId=] o.f.core.internal.command.DbMigrate - Migrating schema "PUBLIC" to version "2 - demo item"
2026-10-07T15:53:43.990+08:00 INFO  [main] [requestId=] o.f.core.internal.command.DbMigrate - Migrating schema "PUBLIC" to version "3 - run replan control"
2026-10-07T15:53:44.000+08:00 INFO  [main] [requestId=] o.f.core.internal.command.DbMigrate - Migrating schema "PUBLIC" to version "4 - run context state"
2026-10-07T15:53:44.034+08:00 INFO  [main] [requestId=] o.f.core.internal.command.DbMigrate - Migrating schema "PUBLIC" to version "5 - provider catalog"
2026-10-07T15:53:44.054+08:00 INFO  [main] [requestId=] o.f.core.internal.command.DbMigrate - Migrating schema "PUBLIC" to version "6 - agent publishing"
2026-10-07T15:53:44.105+08:00 INFO  [main] [requestId=] o.f.core.internal.command.DbMigrate - Migrating schema "PUBLIC" to version "7 - agent archive and tool bindings"
2026-10-07T15:53:44.120+08:00 INFO  [main] [requestId=] o.f.core.internal.command.DbMigrate - Migrating schema "PUBLIC" to version "8 - backfill agent tool bindings"
2026-10-07T15:53:44.122+08:00 INFO  [main] [requestId=] o.f.core.internal.command.DbMigrate - Migrating schema "PUBLIC" to version "9 - runtime capability and history"
2026-10-07T15:53:44.139+08:00 INFO  [main] [requestId=] o.f.core.internal.command.DbMigrate - Migrating schema "PUBLIC" to version "10 - child agent task protocol"
2026-10-07T15:53:44.147+08:00 INFO  [main] [requestId=] o.f.core.internal.command.DbMigrate - Migrating schema "PUBLIC" to version "11 - context memory catalog"
2026-10-07T15:53:44.159+08:00 INFO  [main] [requestId=] o.f.core.internal.command.DbMigrate - Migrating schema "PUBLIC" to version "12 - history full text index"
2026-10-07T15:53:44.160+08:00 INFO  [main] [requestId=] o.f.core.internal.command.DbMigrate - Migrating schema "PUBLIC" to version "13 - history vector index"
2026-10-07T15:53:44.165+08:00 INFO  [main] [requestId=] o.f.core.internal.command.DbMigrate - Migrating schema "PUBLIC" to version "14 - knowledge catalog"
2026-10-07T15:53:44.176+08:00 INFO  [main] [requestId=] o.f.core.internal.command.DbMigrate - Migrating schema "PUBLIC" to version "15 - knowledge search indexes"
2026-10-07T15:53:44.179+08:00 INFO  [main] [requestId=] o.f.core.internal.command.DbMigrate - Migrating schema "PUBLIC" to version "16 - workflow runtime"
2026-10-07T15:53:44.186+08:00 INFO  [main] [requestId=] o.f.core.internal.command.DbMigrate - Migrating schema "PUBLIC" to version "17 - mcp server registry"
2026-10-07T15:53:44.193+08:00 INFO  [main] [requestId=] o.f.core.internal.command.DbMigrate - Migrating schema "PUBLIC" to version "18 - agent knowledge capability"
2026-10-07T15:53:44.198+08:00 INFO  [main] [requestId=] o.f.core.internal.command.DbMigrate - Migrating schema "PUBLIC" to version "19 - agent workflow mcp capabilities"
2026-10-07T15:53:44.203+08:00 INFO  [main] [requestId=] o.f.core.internal.command.DbMigrate - Migrating schema "PUBLIC" to version "20 - mcp encrypted credentials"
2026-10-07T15:53:44.207+08:00 INFO  [main] [requestId=] o.f.core.internal.command.DbMigrate - Migrating schema "PUBLIC" to version "21 - workflow control terminal states"
2026-10-07T15:53:44.210+08:00 INFO  [main] [requestId=] o.f.core.internal.command.DbMigrate - Migrating schema "PUBLIC" to version "22 - workflow interrupted state"
2026-10-07T15:53:44.213+08:00 INFO  [main] [requestId=] o.f.core.internal.command.DbMigrate - Successfully applied 22 migrations to schema "PUBLIC", now at version v22 (execution time 00:00.175s)
2026-10-07T15:53:44.224+08:00 INFO  [main] [requestId=] org.flywaydb.core.FlywayExecutor - Database: jdbc:h2:mem:history-upgrade-0f528f8c-35cb-4ace-9fe3-8d835bd7e075 (H2 2.3)
2026-10-07T15:53:44.224+08:00 WARN  [main] [requestId=] o.f.c.i.database.base.Database - Flyway upgrade recommended: H2 2.3.232 is newer than this version of Flyway and support has not been tested. The latest supported version of H2 is 2.2.224.
2026-10-07T15:53:44.232+08:00 INFO  [main] [requestId=] o.f.core.internal.command.DbValidate - Successfully validated 24 migrations (execution time 00:00.007s)
2026-10-07T15:53:44.233+08:00 INFO  [main] [requestId=] o.f.core.internal.command.DbMigrate - Current version of schema "PUBLIC": 22
2026-10-07T15:53:44.234+08:00 INFO  [main] [requestId=] o.f.core.internal.command.DbMigrate - Migrating schema "PUBLIC" to version "23 - history operation recovery"
2026-10-07T15:53:44.239+08:00 INFO  [main] [requestId=] o.f.core.internal.command.DbMigrate - Migrating schema "PUBLIC" to version "24 - semantic embedding profiles"
2026-10-07T15:53:44.252+08:00 INFO  [main] [requestId=] o.f.core.internal.command.DbMigrate - Successfully applied 2 migrations to schema "PUBLIC", now at version v24 (execution time 00:00.013s)
[INFO] Tests run: 1, Failures: 0, Errors: 0, Skipped: 0, Time elapsed: 0.565 s -- in com.hify.api.HistoryRecoveryMigrationTest
[INFO] Running com.hify.api.WorkflowKnowledgeReviewPostgresTest
2026-10-07T15:53:44.273+08:00 INFO  [main] [requestId=] o.s.t.c.s.AnnotationConfigContextLoaderUtils - Could not detect default configuration classes for test class [com.hify.api.WorkflowKnowledgeReviewPostgresTest]: WorkflowKnowledgeReviewPostgresTest does not declare any static, non-private, non-final, nested classes annotated with @Configuration.
2026-10-07T15:53:44.288+08:00 INFO  [main] [requestId=] o.s.b.t.c.SpringBootTestContextBootstrapper - Found @SpringBootConfiguration com.hify.HifyApplication for test class com.hify.api.WorkflowKnowledgeReviewPostgresTest
2026-10-07T15:53:44.290+08:00 INFO  [main] [requestId=] tc.pgvector/pgvector:pg16 - Creating container for image: pgvector/pgvector:pg16
2026-10-07T15:53:44.393+08:00 INFO  [main] [requestId=] tc.pgvector/pgvector:pg16 - Container pgvector/pgvector:pg16 is starting: d9d464646d4b188d1a0eef218983d745bd6aa74098c14dae1eedc8521cee8e95
2026-10-07T15:53:45.209+08:00 INFO  [main] [requestId=] tc.pgvector/pgvector:pg16 - Container pgvector/pgvector:pg16 started in PT0.918981S
2026-10-07T15:53:45.210+08:00 INFO  [main] [requestId=] tc.pgvector/pgvector:pg16 - Container is started (JDBC URL: jdbc:postgresql://127.0.0.1:32770/workflow_review?loggerLevel=OFF)

  .   ____          _            __ _ _
 /\\ / ___'_ __ _ _(_)_ __  __ _ \ \ \ \
( ( )\___ | '_ | '_| | '_ \/ _` | \ \ \ \
 \\/  ___)| |_)| | | | | || (_| |  ) ) ) )
  '  |____| .__|_| |_|_| |_\__, | / / / /
 =========|_|==============|___/=/_/_/_/

 :: Spring Boot ::                (v3.4.5)

2026-10-07T15:53:45.249+08:00 INFO  [main] [requestId=] c.h.a.WorkflowKnowledgeReviewPostgresTest - Starting WorkflowKnowledgeReviewPostgresTest using Java 17.0.19 with PID 22759 (started by weberzhao in /private/tmp/hify-course-20261006.hhEhwt/retrieval-worktree/backend/hify-app)
2026-10-07T15:53:45.249+08:00 INFO  [main] [requestId=] c.h.a.WorkflowKnowledgeReviewPostgresTest - No active profile set, falling back to 1 default profile: "default"
2026-10-07T15:53:45.569+08:00 INFO  [main] [requestId=] o.s.d.r.c.RepositoryConfigurationDelegate - Multiple Spring Data modules found, entering strict repository configuration mode
2026-10-07T15:53:45.569+08:00 INFO  [main] [requestId=] o.s.d.r.c.RepositoryConfigurationDelegate - Bootstrapping Spring Data JPA repositories in DEFAULT mode.
2026-10-07T15:53:45.621+08:00 INFO  [main] [requestId=] o.s.d.r.c.RepositoryConfigurationDelegate - Finished Spring Data repository scanning in 49 ms. Found 34 JPA repository interfaces.
2026-10-07T15:53:45.740+08:00 INFO  [main] [requestId=] com.zaxxer.hikari.HikariDataSource - HikariPool-2 - Starting...
2026-10-07T15:53:45.767+08:00 INFO  [main] [requestId=] com.zaxxer.hikari.pool.HikariPool - HikariPool-2 - Added connection org.postgresql.jdbc.PgConnection@50317cce
2026-10-07T15:53:45.768+08:00 INFO  [main] [requestId=] com.zaxxer.hikari.HikariDataSource - HikariPool-2 - Start completed.
2026-10-07T15:53:45.769+08:00 INFO  [main] [requestId=] org.flywaydb.core.FlywayExecutor - Database: jdbc:postgresql://127.0.0.1:32770/workflow_review?loggerLevel=OFF (PostgreSQL 16.15)
2026-10-07T15:53:45.776+08:00 INFO  [main] [requestId=] o.f.c.i.s.JdbcTableSchemaHistory - Schema history table "public"."flyway_schema_history" does not exist yet
2026-10-07T15:53:45.776+08:00 INFO  [main] [requestId=] o.f.core.internal.command.DbValidate - Successfully validated 24 migrations (execution time 00:00.003s)
2026-10-07T15:53:45.785+08:00 INFO  [main] [requestId=] o.f.c.i.s.JdbcTableSchemaHistory - Creating Schema History table "public"."flyway_schema_history" ...
2026-10-07T15:53:45.807+08:00 INFO  [main] [requestId=] o.f.core.internal.command.DbMigrate - Current version of schema "public": << Empty Schema >>
2026-10-07T15:53:45.812+08:00 INFO  [main] [requestId=] o.f.core.internal.command.DbMigrate - Migrating schema "public" to version "1 - baseline"
2026-10-07T15:53:45.842+08:00 INFO  [main] [requestId=] o.f.core.internal.command.DbMigrate - Migrating schema "public" to version "2 - demo item"
2026-10-07T15:53:45.856+08:00 INFO  [main] [requestId=] o.f.core.internal.command.DbMigrate - Migrating schema "public" to version "3 - run replan control"
2026-10-07T15:53:45.877+08:00 INFO  [main] [requestId=] o.f.core.internal.command.DbMigrate - Migrating schema "public" to version "4 - run context state"
2026-10-07T15:53:45.906+08:00 INFO  [main] [requestId=] o.f.core.internal.command.DbMigrate - Migrating schema "public" to version "5 - provider catalog"
2026-10-07T15:53:45.934+08:00 INFO  [main] [requestId=] o.f.core.internal.command.DbMigrate - Migrating schema "public" to version "6 - agent publishing"
2026-10-07T15:53:45.965+08:00 INFO  [main] [requestId=] o.f.core.internal.command.DbMigrate - Migrating schema "public" to version "7 - agent archive and tool bindings"
2026-10-07T15:53:45.990+08:00 INFO  [main] [requestId=] o.f.core.internal.command.DbMigrate - Migrating schema "public" to version "8 - backfill agent tool bindings"
2026-10-07T15:53:46.006+08:00 INFO  [main] [requestId=] o.f.core.internal.command.DbMigrate - Migrating schema "public" to version "9 - runtime capability and history"
2026-10-07T15:53:46.015+08:00 INFO  [main] [requestId=] o.f.core.internal.command.DbMigrate - Migrating schema "public" to version "10 - child agent task protocol"
2026-10-07T15:53:46.025+08:00 INFO  [main] [requestId=] o.f.core.internal.command.DbMigrate - Migrating schema "public" to version "11 - context memory catalog"
2026-10-07T15:53:46.037+08:00 INFO  [main] [requestId=] o.f.core.internal.command.DbMigrate - Migrating schema "public" to version "12 - history full text index"
2026-10-07T15:53:46.044+08:00 INFO  [main] [requestId=] o.f.core.internal.command.DbMigrate - Migrating schema "public" to version "13 - history vector index"
2026-10-07T15:53:46.062+08:00 INFO  [main] [requestId=] o.f.core.internal.command.DbMigrate - Migrating schema "public" to version "14 - knowledge catalog"
2026-10-07T15:53:46.074+08:00 INFO  [main] [requestId=] o.f.core.internal.command.DbMigrate - Migrating schema "public" to version "15 - knowledge search indexes"
2026-10-07T15:53:46.081+08:00 INFO  [main] [requestId=] o.f.core.internal.command.DbMigrate - Migrating schema "public" to version "16 - workflow runtime"
2026-10-07T15:53:46.091+08:00 INFO  [main] [requestId=] o.f.core.internal.command.DbMigrate - Migrating schema "public" to version "17 - mcp server registry"
2026-10-07T15:53:46.101+08:00 INFO  [main] [requestId=] o.f.core.internal.command.DbMigrate - Migrating schema "public" to version "18 - agent knowledge capability"
2026-10-07T15:53:46.113+08:00 INFO  [main] [requestId=] o.f.core.internal.command.DbMigrate - Migrating schema "public" to version "19 - agent workflow mcp capabilities"
2026-10-07T15:53:46.133+08:00 INFO  [main] [requestId=] o.f.core.internal.command.DbMigrate - Migrating schema "public" to version "20 - mcp encrypted credentials"
2026-10-07T15:53:46.144+08:00 INFO  [main] [requestId=] o.f.core.internal.command.DbMigrate - Migrating schema "public" to version "21 - workflow control terminal states"
2026-10-07T15:53:46.161+08:00 INFO  [main] [requestId=] o.f.core.internal.command.DbMigrate - Migrating schema "public" to version "22 - workflow interrupted state"
2026-10-07T15:53:46.179+08:00 INFO  [main] [requestId=] o.f.core.internal.command.DbMigrate - Migrating schema "public" to version "23 - history operation recovery"
2026-10-07T15:53:46.204+08:00 INFO  [main] [requestId=] o.f.core.internal.command.DbMigrate - Migrating schema "public" to version "24 - semantic embedding profiles"
2026-10-07T15:53:46.238+08:00 INFO  [main] [requestId=] o.f.core.internal.command.DbMigrate - Successfully applied 24 migrations to schema "public", now at version v24 (execution time 00:00.198s)
2026-10-07T15:53:46.308+08:00 INFO  [main] [requestId=] o.h.jpa.internal.util.LogHelper - HHH000204: Processing PersistenceUnitInfo [name: default]
2026-10-07T15:53:46.310+08:00 INFO  [main] [requestId=] o.h.c.i.RegionFactoryInitiator - HHH000026: Second-level cache disabled
2026-10-07T15:53:46.332+08:00 INFO  [main] [requestId=] o.s.o.j.p.SpringPersistenceUnitInfo - No LoadTimeWeaver setup: ignoring JPA class transformer
2026-10-07T15:53:46.343+08:00 INFO  [main] [requestId=] o.hibernate.orm.connections.pooling - HHH10001005: Database info:
	Database JDBC URL [Connecting through datasource 'HikariDataSource (HikariPool-2)']
	Database driver: undefined/unknown
	Database version: 16.15
	Autocommit mode: undefined/unknown
	Isolation level: undefined/unknown
	Minimum pool size: undefined/unknown
	Maximum pool size: undefined/unknown
2026-10-07T15:53:46.532+08:00 INFO  [main] [requestId=] o.h.e.t.j.p.i.JtaPlatformInitiator - HHH000489: No JTA platform available (set 'hibernate.transaction.jta.platform' to enable JTA platform integration)
2026-10-07T15:53:46.563+08:00 INFO  [main] [requestId=] o.s.o.j.LocalContainerEntityManagerFactoryBean - Initialized JPA EntityManagerFactory for persistence unit 'default'
2026-10-07T15:53:48.800+08:00 INFO  [main] [requestId=] c.b.m.s.MybatisPlusApplicationContextAware - Register ApplicationContext instances org.springframework.web.context.support.GenericWebApplicationContext@4516e2f
2026-10-07T15:53:49.128+08:00 INFO  [main] [requestId=] o.s.b.t.m.w.SpringBootMockServletContext - Initializing Spring TestDispatcherServlet ''
2026-10-07T15:53:49.128+08:00 INFO  [main] [requestId=] o.s.t.w.s.TestDispatcherServlet - Initializing Servlet ''
2026-10-07T15:53:49.156+08:00 INFO  [main] [requestId=] o.s.b.a.e.web.EndpointLinksResolver - Exposing 2 endpoints beneath base path '/actuator'
2026-10-07T15:53:49.167+08:00 INFO  [main] [requestId=] o.s.t.w.s.TestDispatcherServlet - Completed initialization in 39 ms
2026-10-07T15:53:49.202+08:00 INFO  [main] [requestId=] c.h.a.WorkflowKnowledgeReviewPostgresTest - Started WorkflowKnowledgeReviewPostgresTest in 3.98 seconds (process running for 29.276)
2026-10-07T15:53:49.400+08:00 INFO  [main] [requestId=eedbfa52-efca-4428-a3ff-02a61d61b7d5] c.hify.common.RequestLoggingFilter - http.request method=POST path=/api/v1/knowledge-bases status=201 latencyMs=26
2026-10-07T15:53:49.428+08:00 INFO  [main] [requestId=f9b225d3-3a2c-4aec-9d50-9cb8d9d26087] c.hify.common.RequestLoggingFilter - http.request method=POST path=/api/v1/knowledge-bases status=201 latencyMs=3
2026-10-07T15:53:49.444+08:00 INFO  [main] [requestId=4b1b534c-2b9e-4e8a-825c-96ba7414c852] c.hify.common.RequestLoggingFilter - http.request method=POST path=/api/v1/workflows status=201 latencyMs=15
2026-10-07T15:53:49.446+08:00 INFO  [main] [requestId=a4ec1f8d-3ff3-4776-9fd1-76340261485c] c.hify.common.RequestLoggingFilter - http.request method=POST path=/api/v1/workflows status=400 latencyMs=1
2026-10-07T15:53:49.447+08:00 INFO  [main] [requestId=3d079d05-35cc-497c-a5db-3194e2105e0a] c.hify.common.RequestLoggingFilter - http.request method=PUT path=/api/v1/workflows/9f59c3bb-8c80-4647-b6bd-9ffede969e1c status=400 latencyMs=1
2026-10-07T15:53:49.455+08:00 INFO  [main] [requestId=ee1bfa64-24b5-4e9a-982e-4eb678f7df78] c.hify.common.RequestLoggingFilter - http.request method=POST path=/api/v1/workflow-versions/d3f91c84-2c71-46d7-af8a-17a769e5a233/runs status=409 latencyMs=4
2026-10-07T15:53:49.465+08:00 INFO  [main] [requestId=13757d6f-1c9a-4453-8fcf-0f7b7075fbde] c.hify.common.RequestLoggingFilter - http.request method=POST path=/api/v1/knowledge-bases status=201 latencyMs=3
2026-10-07T15:53:49.472+08:00 INFO  [main] [requestId=5d39ec95-98ff-4f0c-8bac-e1340bb86e0d] c.hify.common.RequestLoggingFilter - http.request method=POST path=/api/v1/knowledge-bases/1fa79f42-4222-4cbd-abd6-a1fb8e422cad/documents status=202 latencyMs=6
2026-10-07T15:53:49.478+08:00 INFO  [main] [requestId=f49459cf-8894-4cd4-a604-2208ecbb666e] c.hify.common.RequestLoggingFilter - http.request method=GET path=/api/v1/documents/13938b07-614f-446f-ab9a-6029bf4669ad status=200 latencyMs=5
2026-10-07T15:53:49.638+08:00 INFO  [main] [requestId=35aa2435-3fd3-4714-a07a-0daa2e0f0ea2] c.hify.common.RequestLoggingFilter - http.request method=GET path=/api/v1/documents/13938b07-614f-446f-ab9a-6029bf4669ad status=200 latencyMs=3
2026-10-07T15:53:49.644+08:00 INFO  [main] [requestId=c4473513-62ab-4889-b4cf-32256b90fa15] c.hify.common.RequestLoggingFilter - http.request method=GET path=/api/v1/documents/13938b07-614f-446f-ab9a-6029bf4669ad/chunks status=200 latencyMs=5
2026-10-07T15:53:49.649+08:00 INFO  [main] [requestId=4ff6e635-cc09-461c-9869-95f126d92dce] c.hify.common.RequestLoggingFilter - http.request method=DELETE path=/api/v1/documents/13938b07-614f-446f-ab9a-6029bf4669ad status=200 latencyMs=4
2026-10-07T15:53:49.664+08:00 INFO  [main] [requestId=b3ed953c-2490-496e-a98e-54da34a6ca80] c.hify.common.RequestLoggingFilter - http.request method=POST path=/api/v1/knowledge-bases status=201 latencyMs=3
2026-10-07T15:53:49.670+08:00 INFO  [main] [requestId=92c69188-c91a-444c-b53a-dc9d72222db9] c.hify.common.RequestLoggingFilter - http.request method=POST path=/api/v1/knowledge-bases/a876756c-3b73-45ca-82f8-bf076fbdc9f1/documents status=202 latencyMs=5
2026-10-07T15:53:49.673+08:00 INFO  [main] [requestId=e66019cf-4d67-4434-a9ee-67544e8c9bfc] c.hify.common.RequestLoggingFilter - http.request method=GET path=/api/v1/documents/1770821e-c5ce-4d51-ab64-fd5fb929aad6 status=200 latencyMs=2
2026-10-07T15:53:49.820+08:00 INFO  [main] [requestId=94110d66-2fe7-4262-aebc-77a037b25802] c.hify.common.RequestLoggingFilter - http.request method=GET path=/api/v1/documents/1770821e-c5ce-4d51-ab64-fd5fb929aad6 status=200 latencyMs=9
2026-10-07T15:53:49.833+08:00 INFO  [main] [requestId=be689a4f-1905-4b43-9800-0e00c01fa455] c.hify.common.RequestLoggingFilter - http.request method=POST path=/api/v1/workflows status=201 latencyMs=11
2026-10-07T15:53:49.857+08:00 INFO  [main] [requestId=9fced2c4-0240-49bb-81dd-8c8ea104b7e2] c.hify.common.RequestLoggingFilter - http.request method=POST path=/api/v1/workflows/106dda59-0bc4-446f-a427-ff161680e5e1/versions status=200 latencyMs=24
2026-10-07T15:53:49.895+08:00 INFO  [main] [requestId=2ce20242-fa5e-45cf-b1ce-4e0c1e5d9215] c.hify.common.RequestLoggingFilter - http.request method=POST path=/api/v1/agents status=201 latencyMs=34
2026-10-07T15:53:49.907+08:00 INFO  [main] [requestId=80dc1c23-8c9b-4299-8540-5da92cae751f] c.hify.common.RequestLoggingFilter - http.request method=PUT path=/api/v1/agents/b623430a-74f3-461d-b827-83e6f8f7e758/workflow-binding status=200 latencyMs=10
2026-10-07T15:53:49.928+08:00 INFO  [main] [requestId=c5cdb3a6-13d0-4d79-b090-5784e2b0a7ea] c.hify.common.RequestLoggingFilter - http.request method=POST path=/api/v1/agents/b623430a-74f3-461d-b827-83e6f8f7e758/publications status=200 latencyMs=20
2026-10-07T15:53:49.941+08:00 INFO  [main] [requestId=40db581e-6482-44f7-a3d5-c516ffce7acd] c.hify.common.RequestLoggingFilter - http.request method=POST path=/api/v1/conversations status=201 latencyMs=12
2026-10-07T15:53:49.965+08:00 INFO  [main] [requestId=7bf48610-1c1a-41b0-887b-2b054a8feac7] c.hify.common.RequestLoggingFilter - http.request method=POST path=/api/v1/workflow-versions/a75833e6-f766-4803-96ba-f1cf8fb13968/runs status=202 latencyMs=23
2026-10-07T15:53:49.969+08:00 INFO  [main] [requestId=117c5dd7-b928-4460-af54-c095be4496cb] c.hify.common.RequestLoggingFilter - http.request method=DELETE path=/api/v1/documents/1770821e-c5ce-4d51-ab64-fd5fb929aad6 status=200 latencyMs=3
2026-10-07T15:53:49.976+08:00 INFO  [main] [requestId=48b5cbcb-ffd7-4031-9593-605c2476a52d] c.hify.common.RequestLoggingFilter - http.request method=POST path=/api/v1/knowledge-bases/a876756c-3b73-45ca-82f8-bf076fbdc9f1/documents status=202 latencyMs=6
2026-10-07T15:53:49.980+08:00 INFO  [main] [requestId=fbef7335-a011-4cef-916e-10d67c8da41f] c.hify.common.RequestLoggingFilter - http.request method=GET path=/api/v1/documents/d36511ce-1201-4996-ab0c-9ac194cbf932 status=200 latencyMs=3
2026-10-07T15:53:50.149+08:00 INFO  [main] [requestId=7cc3543d-3143-4267-b398-36d6eb240093] c.hify.common.RequestLoggingFilter - http.request method=GET path=/api/v1/documents/d36511ce-1201-4996-ab0c-9ac194cbf932 status=200 latencyMs=3
2026-10-07T15:53:50.184+08:00 INFO  [main] [requestId=aafba2fa-add6-49b8-831e-1952fa8edd1f] c.hify.common.RequestLoggingFilter - http.request method=POST path=/api/v1/workflow-versions/a75833e6-f766-4803-96ba-f1cf8fb13968/runs status=202 latencyMs=33
2026-10-07T15:53:50.205+08:00 INFO  [main] [requestId=8dd71ccf-a4b7-4c8a-9509-c13f6c12dc05] c.hify.common.RequestLoggingFilter - http.request method=POST path=/api/v1/workflows/106dda59-0bc4-446f-a427-ff161680e5e1/versions status=200 latencyMs=17
2026-10-07T15:53:50.265+08:00 INFO  [main] [requestId=91b89fd1-1915-458b-9499-d3aa6a92d082] c.hify.common.RequestLoggingFilter - http.request method=POST path=/api/v1/workflow-versions/a94df613-47b7-4174-8e1c-f034b1c3f2d9/runs status=202 latencyMs=55
2026-10-07T15:53:50.280+08:00 INFO  [main] [requestId=118ea42f-4e51-4bad-8686-bf9cb8f4c34d] c.hify.common.RequestLoggingFilter - http.request method=POST path=/api/v1/agents/b623430a-74f3-461d-b827-83e6f8f7e758/publications status=200 latencyMs=14
2026-10-07T15:53:50.329+08:00 INFO  [main] [requestId=276eac6b-6b6e-4cf4-b379-f9e54fb69d2a] c.hify.common.RequestLoggingFilter - http.request method=POST path=/api/v1/conversations/e492e2bc-bde2-4caa-9882-97e521ad9088/runs status=202 latencyMs=48
2026-10-07T15:53:50.332+08:00 INFO  [main] [requestId=90b2187a-1dd6-4eb7-8d3a-a1cb0f9ea937] c.hify.common.RequestLoggingFilter - http.request method=GET path=/api/v1/runs/8701a932-61c9-441a-938d-24fa6d498df7 status=200 latencyMs=2
2026-10-07T15:53:50.502+08:00 INFO  [main] [requestId=75d6f981-138b-451d-ab50-50e056b6bb56] c.hify.common.RequestLoggingFilter - http.request method=GET path=/api/v1/runs/8701a932-61c9-441a-938d-24fa6d498df7 status=200 latencyMs=2
2026-10-07T15:53:50.515+08:00 INFO  [main] [requestId=b5437a07-c239-431c-8b97-5c8160a89daa] c.hify.common.RequestLoggingFilter - http.request method=POST path=/api/v1/conversations status=201 latencyMs=12
2026-10-07T15:53:50.532+08:00 INFO  [main] [requestId=368324c5-5b7f-4339-902c-35513f278921] c.hify.common.RequestLoggingFilter - http.request method=POST path=/api/v1/conversations/4161d4df-b554-4f9b-be59-36f195508721/runs status=202 latencyMs=15
2026-10-07T15:53:50.534+08:00 INFO  [main] [requestId=90abf57c-8480-4b05-b152-c522b8bb8994] c.hify.common.RequestLoggingFilter - http.request method=GET path=/api/v1/runs/abab8c77-cfdc-4892-acff-19d20e93f6bd status=200 latencyMs=1
2026-10-07T15:53:50.711+08:00 INFO  [main] [requestId=2330e8e1-115c-4dab-b938-730b47822362] c.hify.common.RequestLoggingFilter - http.request method=GET path=/api/v1/runs/abab8c77-cfdc-4892-acff-19d20e93f6bd status=200 latencyMs=2
2026-10-07T15:53:50.719+08:00 INFO  [main] [requestId=2e5cfb64-eb83-4ffd-bcab-304e5fe7f2cc] c.hify.common.RequestLoggingFilter - http.request method=GET path=/api/v1/workflows/106dda59-0bc4-446f-a427-ff161680e5e1 status=200 latencyMs=5
2026-10-07T15:53:50.725+08:00 INFO  [main] [requestId=816002b7-a563-4a83-be9e-23454dad0be6] c.hify.common.RequestLoggingFilter - http.request method=DELETE path=/api/v1/knowledge-bases/a876756c-3b73-45ca-82f8-bf076fbdc9f1 status=200 latencyMs=6
2026-10-07T15:53:50.756+08:00 INFO  [main] [requestId=94f9cc42-6cb5-4853-9fa3-b2e38c9eff48] c.hify.common.RequestLoggingFilter - http.request method=POST path=/api/v1/workflow-versions/a75833e6-f766-4803-96ba-f1cf8fb13968/runs status=202 latencyMs=30
2026-10-07T15:53:50.770+08:00 INFO  [main] [requestId=ab51e8cb-0343-4865-85be-60dd6fe29854] c.hify.common.RequestLoggingFilter - http.request method=POST path=/api/v1/workflows/106dda59-0bc4-446f-a427-ff161680e5e1/versions status=404 latencyMs=10
2026-10-07T15:53:50.810+08:00 INFO  [main] [requestId=becb5e82-9024-4b0a-bfa1-7dcd57e89e68] c.hify.common.RequestLoggingFilter - http.request method=POST path=/api/v1/knowledge-bases status=201 latencyMs=9
2026-10-07T15:53:50.818+08:00 INFO  [main] [requestId=c1dd2f35-81e0-4b22-8eec-34531d84cb20] c.hify.common.RequestLoggingFilter - http.request method=POST path=/api/v1/knowledge-bases/0f12b2c0-c003-49e6-a518-b55983de01ed/documents status=202 latencyMs=6
2026-10-07T15:53:50.821+08:00 INFO  [main] [requestId=bd0bef24-fa73-48d7-a2fb-427670059798] c.hify.common.RequestLoggingFilter - http.request method=GET path=/api/v1/documents/042ff7d1-6c9c-408c-99c9-97b9d02fd592 status=200 latencyMs=2
2026-10-07T15:53:50.976+08:00 INFO  [main] [requestId=adb8a684-3fc6-4765-a41a-3247bc360d08] c.hify.common.RequestLoggingFilter - http.request method=GET path=/api/v1/documents/042ff7d1-6c9c-408c-99c9-97b9d02fd592 status=200 latencyMs=2
2026-10-07T15:53:50.983+08:00 INFO  [main] [requestId=81573f79-beef-4644-90a4-1adc47abec49] c.hify.common.RequestLoggingFilter - http.request method=POST path=/api/v1/workflows status=201 latencyMs=6
2026-10-07T15:53:50.995+08:00 INFO  [main] [requestId=fa935463-ef9c-48f2-b332-3d6bbbdc90d8] c.hify.common.RequestLoggingFilter - http.request method=POST path=/api/v1/workflows/e27488ee-4bb7-401f-9923-df0de0c35400/versions status=200 latencyMs=11
2026-10-07T15:53:51.013+08:00 INFO  [main] [requestId=71861cd1-a688-4e37-a8c3-1cc1fc587e75] c.hify.common.RequestLoggingFilter - http.request method=POST path=/api/v1/workflow-versions/ed72c7b1-04f0-4e08-b05a-586067c565dc/runs status=202 latencyMs=15
2026-10-07T15:53:51.021+08:00 INFO  [main] [requestId=b5f91725-7165-4fd5-8482-395a2adc3064] c.hify.common.RequestLoggingFilter - http.request method=POST path=/api/v1/knowledge-bases status=201 latencyMs=3
2026-10-07T15:53:51.025+08:00 INFO  [main] [requestId=8f034e85-197b-4013-8629-b87bae8ddb22] c.hify.common.RequestLoggingFilter - http.request method=POST path=/api/v1/knowledge-bases/da1e3419-e955-482d-870b-5283e5bb492b/documents status=202 latencyMs=3
2026-10-07T15:53:51.027+08:00 INFO  [main] [requestId=ef66e7a2-28bc-4f9e-9720-e4619eb7eb7c] c.hify.common.RequestLoggingFilter - http.request method=GET path=/api/v1/documents/86990f1c-6edf-428b-9450-047c6c8403ef status=200 latencyMs=1
2026-10-07T15:53:51.207+08:00 INFO  [main] [requestId=162111d6-77e5-469a-93a8-418b37e8bbe9] c.hify.common.RequestLoggingFilter - http.request method=GET path=/api/v1/documents/86990f1c-6edf-428b-9450-047c6c8403ef status=200 latencyMs=3
2026-10-07T15:53:51.214+08:00 INFO  [main] [requestId=951f0b6f-9709-4c16-8483-fc56d6d0d915] c.hify.common.RequestLoggingFilter - http.request method=POST path=/api/v1/workflows status=201 latencyMs=6
2026-10-07T15:53:51.227+08:00 INFO  [main] [requestId=5b3cf2d9-7c46-485e-8beb-abafb7e88200] c.hify.common.RequestLoggingFilter - http.request method=POST path=/api/v1/workflows/bea8c2b6-5822-4c03-880b-d0a7efbc48fa/versions status=200 latencyMs=12
2026-10-07T15:53:51.247+08:00 INFO  [main] [requestId=bc83752f-8161-48c0-baf3-937d31c23db9] c.hify.common.RequestLoggingFilter - http.request method=POST path=/api/v1/workflow-versions/b08dabb8-9417-43db-b30c-f58a84e0bd53/runs status=202 latencyMs=17
2026-10-07T15:53:51.255+08:00 INFO  [main] [requestId=2edbfc09-db99-4d76-984d-02673abfc578] c.hify.common.RequestLoggingFilter - http.request method=POST path=/api/v1/knowledge-bases status=201 latencyMs=3
2026-10-07T15:53:51.258+08:00 INFO  [main] [requestId=7d47c67a-2437-43d8-abe4-2db7b8011d32] c.hify.common.RequestLoggingFilter - http.request method=POST path=/api/v1/knowledge-bases/b6dee674-a931-4449-8004-75f4f2b16e47/documents status=202 latencyMs=3
2026-10-07T15:53:51.260+08:00 INFO  [main] [requestId=373bcae7-3994-45f4-a21d-3e8eb7d6bbf6] c.hify.common.RequestLoggingFilter - http.request method=GET path=/api/v1/documents/71481791-9f3e-4fbd-8304-e54eae7d2bee status=200 latencyMs=1
2026-10-07T15:53:51.435+08:00 INFO  [main] [requestId=793d4903-bf74-48bf-9b33-f3e99da7517a] c.hify.common.RequestLoggingFilter - http.request method=GET path=/api/v1/documents/71481791-9f3e-4fbd-8304-e54eae7d2bee status=200 latencyMs=3
2026-10-07T15:53:51.446+08:00 INFO  [main] [requestId=bfd5e15f-e26b-4eab-9bdb-3ddc7d489144] c.hify.common.RequestLoggingFilter - http.request method=POST path=/api/v1/workflows status=201 latencyMs=9
2026-10-07T15:53:51.459+08:00 INFO  [main] [requestId=f9620fe4-30aa-4106-8973-be44dba1b956] c.hify.common.RequestLoggingFilter - http.request method=POST path=/api/v1/workflows/00a219b4-5ce6-4c4a-8547-a9ae523bf41a/versions status=200 latencyMs=12
2026-10-07T15:53:51.480+08:00 INFO  [main] [requestId=13e86abf-6adf-4907-a310-43666fed6cf2] c.hify.common.RequestLoggingFilter - http.request method=POST path=/api/v1/workflow-versions/af5299ec-3da6-485e-a3a3-3738512a1f87/runs status=202 latencyMs=18
2026-10-07T15:53:51.491+08:00 INFO  [main] [requestId=3b560f36-856d-44ae-a2e0-a90322596427] c.hify.common.RequestLoggingFilter - http.request method=POST path=/api/v1/knowledge-bases status=201 latencyMs=4
2026-10-07T15:53:51.501+08:00 INFO  [main] [requestId=c97dda9e-4160-417d-8441-286568b1619d] c.hify.common.RequestLoggingFilter - http.request method=POST path=/api/v1/knowledge-bases/664bb0d6-e03d-4e2d-af74-2a14bda31620/documents status=202 latencyMs=8
2026-10-07T15:53:51.506+08:00 INFO  [main] [requestId=c7a3d4ff-6549-4767-8a93-560fd57e12bb] c.hify.common.RequestLoggingFilter - http.request method=GET path=/api/v1/documents/a4033d2c-bb71-469a-be08-7c3ccf006ce2 status=200 latencyMs=3
2026-10-07T15:53:51.670+08:00 INFO  [main] [requestId=101afd3e-327d-4a73-9fa5-aef577fd4dbd] c.hify.common.RequestLoggingFilter - http.request method=GET path=/api/v1/documents/a4033d2c-bb71-469a-be08-7c3ccf006ce2 status=200 latencyMs=5
2026-10-07T15:53:51.686+08:00 INFO  [main] [requestId=356433a4-3b72-4a26-9c08-90e0ca23e262] c.hify.common.RequestLoggingFilter - http.request method=POST path=/api/v1/workflows status=201 latencyMs=14
2026-10-07T15:53:51.700+08:00 INFO  [main] [requestId=709dc033-e3d4-4b3f-b10e-bd9b93cdb7e8] c.hify.common.RequestLoggingFilter - http.request method=POST path=/api/v1/workflows/d19bff55-752d-4054-8416-cd743cafd7e9/versions status=200 latencyMs=14
2026-10-07T15:53:51.717+08:00 INFO  [main] [requestId=004ac4d1-ac6f-4fd1-8068-85dcf1eeb468] c.hify.common.RequestLoggingFilter - http.request method=POST path=/api/v1/knowledge-bases status=201 latencyMs=14
2026-10-07T15:53:51.738+08:00 INFO  [main] [requestId=cf84e90f-f68c-4a5e-8eaf-9876ba4c6416] c.hify.common.RequestLoggingFilter - http.request method=POST path=/api/v1/workflow-versions/c8ce7c3f-e962-40aa-9ff5-a00b7fc33d66/runs status=202 latencyMs=17
2026-10-07T15:53:51.755+08:00 INFO  [main] [requestId=eae5928f-e0b7-46cf-be3d-d0ed7d25c0ee] c.hify.common.RequestLoggingFilter - http.request method=POST path=/api/v1/knowledge-bases status=201 latencyMs=4
2026-10-07T15:53:51.760+08:00 INFO  [main] [requestId=2c983347-8024-4b38-b186-3ca92c08c32b] c.hify.common.RequestLoggingFilter - http.request method=POST path=/api/v1/knowledge-bases/9fa483cf-7b68-4e0b-a59a-7b2ef984278d/documents status=202 latencyMs=3
2026-10-07T15:53:51.762+08:00 INFO  [main] [requestId=6cb65028-66a0-4ab9-acb1-53dd7c6d81c3] c.hify.common.RequestLoggingFilter - http.request method=GET path=/api/v1/documents/ceaf4683-ab37-4a8f-a759-8af5130998e2 status=200 latencyMs=1
2026-10-07T15:53:51.923+08:00 INFO  [main] [requestId=d8b9fefa-2968-4c4c-818a-368169f55a7d] c.hify.common.RequestLoggingFilter - http.request method=GET path=/api/v1/documents/ceaf4683-ab37-4a8f-a759-8af5130998e2 status=200 latencyMs=2
2026-10-07T15:53:51.935+08:00 INFO  [main] [requestId=0bd13869-8ec1-45aa-8c42-fddf4bd7551e] c.hify.common.RequestLoggingFilter - http.request method=POST path=/api/v1/workflows status=201 latencyMs=12
2026-10-07T15:53:52.001+08:00 INFO  [main] [requestId=8750dddc-82e8-4f0f-ac8d-fef3743e47fc] c.hify.common.RequestLoggingFilter - http.request method=POST path=/api/v1/workflows/fa39608c-5c54-4e81-aae7-f0705341e683/versions status=404 latencyMs=65
2026-10-07T15:53:52.032+08:00 INFO  [main] [requestId=0db8c69a-655b-4c41-a30e-f4f106737f2a] c.hify.common.RequestLoggingFilter - http.request method=POST path=/api/v1/knowledge-bases status=201 latencyMs=10
2026-10-07T15:53:52.047+08:00 INFO  [main] [requestId=c98fc09d-63b8-4236-8b63-d3e8604a25e0] c.hify.common.RequestLoggingFilter - http.request method=POST path=/api/v1/knowledge-bases/1dfbb033-7af3-4e15-8742-d327d383ac54/documents status=202 latencyMs=12
2026-10-07T15:53:52.051+08:00 INFO  [main] [requestId=70ff12f3-fa2c-4de6-bc7c-eceefbc8b216] c.hify.common.RequestLoggingFilter - http.request method=GET path=/api/v1/documents/957d8504-89af-486d-85cb-f8e197b1a5de status=200 latencyMs=3
2026-10-07T15:53:52.233+08:00 INFO  [main] [requestId=12b7229a-0449-4ec9-92c1-a70d4a13f447] c.hify.common.RequestLoggingFilter - http.request method=GET path=/api/v1/documents/957d8504-89af-486d-85cb-f8e197b1a5de status=200 latencyMs=11
2026-10-07T15:53:52.246+08:00 INFO  [main] [requestId=5c4c98b5-3d0a-4c88-9f7a-c8f6fa2d7913] c.hify.common.RequestLoggingFilter - http.request method=POST path=/api/v1/workflows status=201 latencyMs=12
2026-10-07T15:53:52.259+08:00 INFO  [main] [requestId=00bb580f-31f7-43c3-8b39-4c41040f7563] c.hify.common.RequestLoggingFilter - http.request method=POST path=/api/v1/workflows/ef8d55cd-9049-4a68-9269-0c1477087320/versions status=200 latencyMs=12
2026-10-07T15:53:52.278+08:00 INFO  [main] [requestId=eb8da857-1f01-4cc6-933b-11408300f50d] c.hify.common.RequestLoggingFilter - http.request method=POST path=/api/v1/workflow-versions/2f523fcb-0af0-4d43-9a71-b25c54f0bdfb/runs status=202 latencyMs=18
2026-10-07T15:53:52.350+08:00 INFO  [main] [requestId=69e88b44-900a-422f-9f99-41e4970ab777] c.hify.common.RequestLoggingFilter - http.request method=POST path=/api/v1/workflow-versions/2f523fcb-0af0-4d43-9a71-b25c54f0bdfb/runs status=202 latencyMs=71
2026-10-07T15:53:52.360+08:00 INFO  [main] [requestId=076e0838-408b-4e9f-91a5-cb6c7769f0ec] c.hify.common.RequestLoggingFilter - http.request method=POST path=/api/v1/knowledge-bases status=201 latencyMs=2
2026-10-07T15:53:52.367+08:00 INFO  [main] [requestId=2da6db89-39db-4bc5-b4f0-37974fc08d30] c.hify.common.RequestLoggingFilter - http.request method=POST path=/api/v1/workflows status=201 latencyMs=6
2026-10-07T15:53:52.424+08:00 INFO  [main] [requestId=10cadb17-270f-44e8-9347-884831bd90c0] c.hify.common.RequestLoggingFilter - http.request method=POST path=/api/v1/workflows/68aa9a19-9526-403b-9e4a-f83aabd8a7ef/versions status=200 latencyMs=57
2026-10-07T15:53:52.433+08:00 INFO  [main] [requestId=2c737fac-8f95-4499-ac7b-3310f841d529] c.hify.common.RequestLoggingFilter - http.request method=POST path=/api/v1/agents status=201 latencyMs=7
2026-10-07T15:53:52.441+08:00 INFO  [main] [requestId=2146cb25-c905-4136-8de6-007145251cd8] c.hify.common.RequestLoggingFilter - http.request method=PUT path=/api/v1/agents/b240aacc-4564-4880-96b9-b4d81a25f8cd/workflow-binding status=200 latencyMs=7
2026-10-07T15:53:52.453+08:00 INFO  [main] [requestId=c1ebce8c-f7dc-4d6a-8fa5-9f23125a80fe] c.hify.common.RequestLoggingFilter - http.request method=POST path=/api/v1/agents/b240aacc-4564-4880-96b9-b4d81a25f8cd/publications status=409 latencyMs=9
2026-10-07T15:53:52.455+08:00 INFO  [main] [requestId=1b8c80fe-541d-4795-a659-96c99eacb856] c.hify.common.RequestLoggingFilter - http.request method=POST path=/api/v1/workflow-versions/52674bac-69aa-48e9-878b-d1975e065fd6/runs status=409 latencyMs=1
2026-10-07T15:53:52.468+08:00 INFO  [main] [requestId=0bcbd26e-855a-4af5-b5ac-a2fbbb96dfbf] c.hify.common.RequestLoggingFilter - http.request method=POST path=/api/v1/workflows/68aa9a19-9526-403b-9e4a-f83aabd8a7ef/versions status=200 latencyMs=10
2026-10-07T15:53:52.478+08:00 INFO  [main] [requestId=d607bd6b-cdc1-446f-8a6b-0cba99575781] c.hify.common.RequestLoggingFilter - http.request method=POST path=/api/v1/agents/b240aacc-4564-4880-96b9-b4d81a25f8cd/publications status=200 latencyMs=9
2026-10-07T15:53:52.488+08:00 INFO  [main] [requestId=38c1bbe9-449c-4dc7-9ff6-bbe95bb5317e] c.hify.common.RequestLoggingFilter - http.request method=POST path=/api/v1/knowledge-bases status=201 latencyMs=3
2026-10-07T15:53:52.495+08:00 INFO  [main] [requestId=d7675d91-1983-48f8-8aae-afc47a7dc857] c.hify.common.RequestLoggingFilter - http.request method=POST path=/api/v1/workflows status=201 latencyMs=6
2026-10-07T15:53:52.502+08:00 INFO  [main] [requestId=2e9850f9-315f-4123-86e2-973fc099d819] c.hify.common.RequestLoggingFilter - http.request method=POST path=/api/v1/workflows/26cf9178-d404-4b1f-acbe-4d5c95d162e5/versions status=200 latencyMs=6
2026-10-07T15:53:52.506+08:00 INFO  [main] [requestId=05eedd89-8fba-4120-8a7e-7289322d910c] c.hify.common.RequestLoggingFilter - http.request method=POST path=/api/v1/agents status=201 latencyMs=3
2026-10-07T15:53:52.515+08:00 INFO  [main] [requestId=7c28fd9c-c90a-4d7f-bca8-5e3ffb65f1b4] c.hify.common.RequestLoggingFilter - http.request method=PUT path=/api/v1/agents/2d8321dc-525d-433c-a6ad-b57cfc5e1d0e/workflow-binding status=200 latencyMs=8
2026-10-07T15:53:52.527+08:00 INFO  [main] [requestId=4f12e32a-2268-4f21-99c7-ec15d1bf6bcb] c.hify.common.RequestLoggingFilter - http.request method=POST path=/api/v1/agents/2d8321dc-525d-433c-a6ad-b57cfc5e1d0e/publications status=409 latencyMs=9
2026-10-07T15:53:52.529+08:00 INFO  [main] [requestId=5d520bc1-c596-4430-b220-969975d027ae] c.hify.common.RequestLoggingFilter - http.request method=POST path=/api/v1/workflow-versions/f555a37e-4665-4621-aef0-131d969ac5e3/runs status=409 latencyMs=1
2026-10-07T15:53:52.546+08:00 INFO  [main] [requestId=7c5564cd-9d52-425b-b6d9-a03f03fa0b2b] c.hify.common.RequestLoggingFilter - http.request method=POST path=/api/v1/workflows/26cf9178-d404-4b1f-acbe-4d5c95d162e5/versions status=200 latencyMs=14
2026-10-07T15:53:52.560+08:00 INFO  [main] [requestId=5300fec5-9c9c-45f1-a48a-48ab30702749] c.hify.common.RequestLoggingFilter - http.request method=POST path=/api/v1/agents/2d8321dc-525d-433c-a6ad-b57cfc5e1d0e/publications status=200 latencyMs=13
2026-10-07T15:53:52.571+08:00 INFO  [main] [requestId=a2492cf5-e39c-4142-abef-d6b87fcb1cc3] c.hify.common.RequestLoggingFilter - http.request method=POST path=/api/v1/knowledge-bases status=201 latencyMs=3
2026-10-07T15:53:52.579+08:00 INFO  [main] [requestId=52c549d1-5261-4c9f-ad4f-56264d732b8f] c.hify.common.RequestLoggingFilter - http.request method=POST path=/api/v1/workflows status=201 latencyMs=7
2026-10-07T15:53:52.592+08:00 INFO  [main] [requestId=12e2824e-2d69-4566-86f9-69e409bce1b3] c.hify.common.RequestLoggingFilter - http.request method=POST path=/api/v1/workflows/d19b2a5e-a8df-4d36-afe9-d526a58aa117/versions status=200 latencyMs=12
2026-10-07T15:53:52.600+08:00 INFO  [main] [requestId=7edee103-5db3-4696-a5bf-ea474e55136c] c.hify.common.RequestLoggingFilter - http.request method=POST path=/api/v1/agents status=201 latencyMs=7
2026-10-07T15:53:52.605+08:00 INFO  [main] [requestId=30125e43-3810-41c2-9031-eaa80296be23] c.hify.common.RequestLoggingFilter - http.request method=PUT path=/api/v1/agents/067c96bc-0665-4c7a-bb1c-753966766690/workflow-binding status=200 latencyMs=4
2026-10-07T15:53:52.622+08:00 INFO  [main] [requestId=72cde481-0401-4ab5-8e18-6f0db34ac802] c.hify.common.RequestLoggingFilter - http.request method=POST path=/api/v1/agents/067c96bc-0665-4c7a-bb1c-753966766690/publications status=409 latencyMs=14
2026-10-07T15:53:52.626+08:00 INFO  [main] [requestId=68bd780b-44b5-4c18-869f-5c8199441ff3] c.hify.common.RequestLoggingFilter - http.request method=POST path=/api/v1/workflow-versions/7958b3c2-7924-4e03-82cc-9bc2a49c7f51/runs status=409 latencyMs=3
2026-10-07T15:53:52.679+08:00 INFO  [main] [requestId=a9674148-435e-4279-a62b-1f7d3a2685cd] c.hify.common.RequestLoggingFilter - http.request method=POST path=/api/v1/knowledge-bases status=201 latencyMs=8
2026-10-07T15:53:52.683+08:00 INFO  [main] [requestId=7def694b-bdbf-4d3e-a0d8-083526061fa1] c.hify.common.RequestLoggingFilter - http.request method=POST path=/api/v1/knowledge-bases status=201 latencyMs=3
2026-10-07T15:53:52.706+08:00 INFO  [main] [requestId=5c0b386b-8089-4d9c-a190-6b1b070e61bd] c.hify.common.RequestLoggingFilter - http.request method=POST path=/api/v1/workflows status=201 latencyMs=22
2026-10-07T15:53:52.724+08:00 INFO  [main] [requestId=c39f5a93-42ad-4aa7-8042-3f9ab0b05dc2] c.hify.common.RequestLoggingFilter - http.request method=POST path=/api/v1/workflows/adc7015e-261c-4896-b2db-8ee965aacc2c/versions status=200 latencyMs=16
2026-10-07T15:53:52.733+08:00 INFO  [main] [requestId=babc2ac5-680c-4e77-ae49-35eae7625d4d] c.hify.common.RequestLoggingFilter - http.request method=POST path=/api/v1/agents status=201 latencyMs=8
2026-10-07T15:53:52.746+08:00 INFO  [main] [requestId=f1182f66-109e-4d3a-a07b-55ddcaf121a3] c.hify.common.RequestLoggingFilter - http.request method=PUT path=/api/v1/agents/22c054c0-bc27-4616-be88-02c5ee46bdb2/workflow-binding status=200 latencyMs=11
2026-10-07T15:53:52.888+08:00 INFO  [main] [requestId=0145b75a-6c52-41bb-80f8-442ae064a944] c.hify.common.RequestLoggingFilter - http.request method=POST path=/api/v1/knowledge-bases status=201 latencyMs=4
2026-10-07T15:53:52.893+08:00 INFO  [main] [requestId=d606973a-326b-4f79-b552-27153a428f3f] c.hify.common.RequestLoggingFilter - http.request method=POST path=/api/v1/knowledge-bases/a9b774b7-3665-47d4-86c2-6e3784084f03/documents status=202 latencyMs=4
2026-10-07T15:53:52.897+08:00 INFO  [main] [requestId=91d48f5c-4e65-455a-9075-5d698dc1895e] c.hify.common.RequestLoggingFilter - http.request method=GET path=/api/v1/documents/12c431e9-0890-43cc-8ccc-f21ce8efc308 status=200 latencyMs=3
2026-10-07T15:53:53.066+08:00 INFO  [main] [requestId=a70fe40b-f1ff-4b7c-a401-f563654c4204] c.hify.common.RequestLoggingFilter - http.request method=GET path=/api/v1/documents/12c431e9-0890-43cc-8ccc-f21ce8efc308 status=200 latencyMs=4
2026-10-07T15:53:53.073+08:00 INFO  [main] [requestId=62a09d89-8b1b-4c8e-b472-d36bfc3169bf] c.hify.common.RequestLoggingFilter - http.request method=POST path=/api/v1/workflows status=201 latencyMs=6
2026-10-07T15:53:53.095+08:00 INFO  [main] [requestId=2bec3757-242d-46f3-b00d-841f165a1382] c.hify.common.RequestLoggingFilter - http.request method=POST path=/api/v1/workflows/fcb5f3e2-1cc5-41a6-8212-a095815bae3e/versions status=200 latencyMs=21
2026-10-07T15:53:53.117+08:00 INFO  [main] [requestId=6fa9fe2a-ce71-412e-84fb-8324033699b6] c.hify.common.RequestLoggingFilter - http.request method=POST path=/api/v1/agents status=201 latencyMs=18
2026-10-07T15:53:53.139+08:00 INFO  [main] [requestId=f807ff28-dc46-4e9c-b5f5-9b99e83ad02f] c.hify.common.RequestLoggingFilter - http.request method=PUT path=/api/v1/agents/13fa5ee1-a8b4-426a-a365-3eea1129f1dd/workflow-binding status=200 latencyMs=21
2026-10-07T15:53:53.193+08:00 INFO  [main] [requestId=02c5105a-1132-4221-848d-67eeb46ffc40] c.hify.common.RequestLoggingFilter - http.request method=POST path=/api/v1/agents/13fa5ee1-a8b4-426a-a365-3eea1129f1dd/publications status=200 latencyMs=52
2026-10-07T15:53:53.208+08:00 INFO  [main] [requestId=c7afce70-736b-4140-bf58-705c801e5396] c.hify.common.RequestLoggingFilter - http.request method=POST path=/api/v1/conversations status=201 latencyMs=13
2026-10-07T15:53:53.244+08:00 INFO  [main] [requestId=7649e5e9-7726-4c47-9400-7280e769bf58] c.hify.common.RequestLoggingFilter - http.request method=POST path=/api/v1/conversations/c7774f0e-a6d7-4f92-8e35-fb750dbfbdcc/runs status=202 latencyMs=35
2026-10-07T15:53:53.247+08:00 INFO  [main] [requestId=fff015d0-324b-48fa-ae74-08f4fb722c01] c.hify.common.RequestLoggingFilter - http.request method=GET path=/api/v1/runs/93782ea6-759e-47e9-9f8a-bf42ff952307 status=200 latencyMs=2
2026-10-07T15:53:53.320+08:00 INFO  [main] [requestId=cd63d983-8a57-4fcd-8f40-c645399e393c] c.hify.common.RequestLoggingFilter - http.request method=GET path=/api/v1/runs/93782ea6-759e-47e9-9f8a-bf42ff952307 status=200 latencyMs=1
2026-10-07T15:53:53.350+08:00 INFO  [main] [requestId=ae6d4f45-3c61-42b4-9c7f-38427d8f8c18] c.hify.common.RequestLoggingFilter - http.request method=POST path=/api/v1/workflow-versions/e9e2b8f9-8f22-4397-94f3-580b9d8a7bf1/runs status=202 latencyMs=27
2026-10-07T15:53:53.369+08:00 INFO  [main] [requestId=dfd1f2da-cf0b-43bb-bf09-74ad40bc7935] c.hify.common.RequestLoggingFilter - http.request method=POST path=/api/v1/conversations/c7774f0e-a6d7-4f92-8e35-fb750dbfbdcc/runs status=202 latencyMs=16
2026-10-07T15:53:53.372+08:00 INFO  [main] [requestId=8410330d-7c4f-4ad4-bd76-ff6b3e7a5e0d] c.hify.common.RequestLoggingFilter - http.request method=GET path=/api/v1/runs/011982c5-27e1-476b-99b4-c6b70f451b50 status=200 latencyMs=1
2026-10-07T15:53:53.452+08:00 INFO  [main] [requestId=950947ee-88f8-4436-b1ce-db0a5799bfe2] c.hify.common.RequestLoggingFilter - http.request method=GET path=/api/v1/runs/011982c5-27e1-476b-99b4-c6b70f451b50 status=200 latencyMs=1
2026-10-07T15:53:53.467+08:00 INFO  [main] [requestId=1432a6bc-f3c1-4400-8469-3e8d353db556] c.hify.common.RequestLoggingFilter - http.request method=POST path=/api/v1/conversations/c7774f0e-a6d7-4f92-8e35-fb750dbfbdcc/runs status=202 latencyMs=12
2026-10-07T15:53:53.469+08:00 INFO  [main] [requestId=58cd1898-5b82-4874-a93d-d3ae00e0534f] c.hify.common.RequestLoggingFilter - http.request method=GET path=/api/v1/runs/03c7e67b-b1e2-49a4-a526-c6ee38e3369f status=200 latencyMs=0
2026-10-07T15:53:53.535+08:00 INFO  [main] [requestId=901f5990-d9da-4768-8353-3abfbd8c38e0] c.hify.common.RequestLoggingFilter - http.request method=GET path=/api/v1/runs/03c7e67b-b1e2-49a4-a526-c6ee38e3369f status=200 latencyMs=1
2026-10-07T15:53:53.557+08:00 INFO  [main] [requestId=ef2a0110-4c19-4c51-a791-2c6ec6a8129a] c.hify.common.RequestLoggingFilter - http.request method=POST path=/api/v1/knowledge-bases status=201 latencyMs=4
2026-10-07T15:53:53.564+08:00 INFO  [main] [requestId=d5d5adef-f6a8-4c21-9347-753023a1eedc] c.hify.common.RequestLoggingFilter - http.request method=POST path=/api/v1/knowledge-bases/5c41b858-7d2e-409b-b12b-11adcffe02ab/documents status=202 latencyMs=5
2026-10-07T15:53:53.567+08:00 INFO  [main] [requestId=92858d47-03c9-4c16-b6de-98ec8b51c12b] c.hify.common.RequestLoggingFilter - http.request method=GET path=/api/v1/documents/39b51e1b-3db3-4c79-afb3-639662826822 status=200 latencyMs=3
2026-10-07T15:53:53.744+08:00 INFO  [main] [requestId=a7da15c6-3bbc-43d7-9f8a-c8b4b240a8d4] c.hify.common.RequestLoggingFilter - http.request method=GET path=/api/v1/documents/39b51e1b-3db3-4c79-afb3-639662826822 status=200 latencyMs=2
2026-10-07T15:53:54.056+08:00 INFO  [main] [requestId=bcf80f3e-573a-4d6f-a57f-18e558fee61a] c.hify.common.RequestLoggingFilter - http.request method=POST path=/api/v1/knowledge-bases status=201 latencyMs=10
2026-10-07T15:53:54.067+08:00 INFO  [main] [requestId=797fe3af-fe28-4c57-be66-e098b4d85c91] c.hify.common.RequestLoggingFilter - http.request method=POST path=/api/v1/knowledge-bases/7c3c3d8e-7b7a-4789-8f1f-bd11fff8478f/documents status=202 latencyMs=10
2026-10-07T15:53:54.070+08:00 INFO  [main] [requestId=ea9a2e60-b150-4077-9c68-3b681538747e] c.hify.common.RequestLoggingFilter - http.request method=GET path=/api/v1/documents/5f16f5d1-ad91-4b27-b6c6-7692d3c2ea3d status=200 latencyMs=1
2026-10-07T15:53:54.254+08:00 INFO  [main] [requestId=3b557f96-6ae1-4b3b-9430-efcf7bd99d5e] c.hify.common.RequestLoggingFilter - http.request method=GET path=/api/v1/documents/5f16f5d1-ad91-4b27-b6c6-7692d3c2ea3d status=200 latencyMs=11
2026-10-07T15:53:54.277+08:00 INFO  [main] [requestId=f286f00d-93b2-4c08-b5e3-d1bf079839f4] c.hify.common.RequestLoggingFilter - http.request method=POST path=/api/v1/knowledge-bases status=201 latencyMs=3
2026-10-07T15:53:54.302+08:00 INFO  [main] [requestId=1a46815e-b158-41a8-a8b5-f1e70696f366] c.hify.common.RequestLoggingFilter - http.request method=POST path=/api/v1/knowledge-bases status=201 latencyMs=2
2026-10-07T15:53:54.306+08:00 INFO  [main] [requestId=193ec99a-7b3f-4a38-a1da-28ebe2950cb6] c.hify.common.RequestLoggingFilter - http.request method=POST path=/api/v1/knowledge-bases/4942ce3a-d359-4042-8f54-41603518f49e/documents status=202 latencyMs=2
2026-10-07T15:53:54.307+08:00 INFO  [main] [requestId=75d8c394-b1c0-4d87-84ac-83406f4a9310] c.hify.common.RequestLoggingFilter - http.request method=GET path=/api/v1/documents/aaeff353-bc63-48b7-8804-71d29af735d2 status=200 latencyMs=1
2026-10-07T15:53:54.435+08:00 INFO  [main] [requestId=1bb58184-c989-4574-80c1-232768c1cfd8] c.hify.common.RequestLoggingFilter - http.request method=GET path=/api/v1/documents/aaeff353-bc63-48b7-8804-71d29af735d2 status=200 latencyMs=2
[INFO] Tests run: 19, Failures: 0, Errors: 0, Skipped: 0, Time elapsed: 10.44 s -- in com.hify.api.WorkflowKnowledgeReviewPostgresTest
[INFO] Running com.hify.api.WorkflowTerminalPostgresTest
2026-10-07T15:53:54.710+08:00 INFO  [main] [requestId=] tc.pgvector/pgvector:pg16 - Creating container for image: pgvector/pgvector:pg16
2026-10-07T15:53:54.755+08:00 INFO  [main] [requestId=] tc.pgvector/pgvector:pg16 - Container pgvector/pgvector:pg16 is starting: 8b6ebfd5fc22ea85b108192d400eaa0e3093126e191de3673e3a630c81e6b77b
2026-10-07T15:53:55.659+08:00 INFO  [main] [requestId=] tc.pgvector/pgvector:pg16 - Container pgvector/pgvector:pg16 started in PT0.949757S
2026-10-07T15:53:55.665+08:00 INFO  [main] [requestId=] tc.pgvector/pgvector:pg16 - Container is started (JDBC URL: jdbc:postgresql://127.0.0.1:32771/workflow_upgrade?loggerLevel=OFF)
2026-10-07T15:53:55.738+08:00 INFO  [main] [requestId=] org.flywaydb.core.FlywayExecutor - Database: jdbc:postgresql://127.0.0.1:32771/workflow_upgrade?loggerLevel=OFF (PostgreSQL 16.15)
2026-10-07T15:53:55.759+08:00 INFO  [main] [requestId=] o.f.c.i.s.JdbcTableSchemaHistory - Schema history table "public"."flyway_schema_history" does not exist yet
2026-10-07T15:53:55.762+08:00 INFO  [main] [requestId=] o.f.core.internal.command.DbValidate - Successfully validated 24 migrations (execution time 00:00.015s)
2026-10-07T15:53:55.774+08:00 INFO  [main] [requestId=] o.f.c.i.s.JdbcTableSchemaHistory - Creating Schema History table "public"."flyway_schema_history" ...
2026-10-07T15:53:55.791+08:00 INFO  [main] [requestId=] o.f.core.internal.command.DbMigrate - Current version of schema "public": << Empty Schema >>
2026-10-07T15:53:55.798+08:00 INFO  [main] [requestId=] o.f.core.internal.command.DbMigrate - Migrating schema "public" to version "1 - baseline"
2026-10-07T15:53:55.813+08:00 INFO  [main] [requestId=] o.f.core.internal.command.DbMigrate - Migrating schema "public" to version "2 - demo item"
2026-10-07T15:53:55.826+08:00 INFO  [main] [requestId=] o.f.core.internal.command.DbMigrate - Migrating schema "public" to version "3 - run replan control"
2026-10-07T15:53:55.857+08:00 INFO  [main] [requestId=] o.f.core.internal.command.DbMigrate - Migrating schema "public" to version "4 - run context state"
2026-10-07T15:53:55.867+08:00 INFO  [main] [requestId=] o.f.core.internal.command.DbMigrate - Migrating schema "public" to version "5 - provider catalog"
2026-10-07T15:53:55.885+08:00 INFO  [main] [requestId=] o.f.core.internal.command.DbMigrate - Migrating schema "public" to version "6 - agent publishing"
2026-10-07T15:53:55.896+08:00 INFO  [main] [requestId=] o.f.core.internal.command.DbMigrate - Migrating schema "public" to version "7 - agent archive and tool bindings"
2026-10-07T15:53:55.904+08:00 INFO  [main] [requestId=] o.f.core.internal.command.DbMigrate - Migrating schema "public" to version "8 - backfill agent tool bindings"
2026-10-07T15:53:55.909+08:00 INFO  [main] [requestId=] o.f.core.internal.command.DbMigrate - Migrating schema "public" to version "9 - runtime capability and history"
2026-10-07T15:53:55.921+08:00 INFO  [main] [requestId=] o.f.core.internal.command.DbMigrate - Migrating schema "public" to version "10 - child agent task protocol"
2026-10-07T15:53:55.932+08:00 INFO  [main] [requestId=] o.f.core.internal.command.DbMigrate - Migrating schema "public" to version "11 - context memory catalog"
2026-10-07T15:53:55.942+08:00 INFO  [main] [requestId=] o.f.core.internal.command.DbMigrate - Migrating schema "public" to version "12 - history full text index"
2026-10-07T15:53:55.947+08:00 INFO  [main] [requestId=] o.f.core.internal.command.DbMigrate - Migrating schema "public" to version "13 - history vector index"
2026-10-07T15:53:55.972+08:00 INFO  [main] [requestId=] o.f.core.internal.command.DbMigrate - Migrating schema "public" to version "14 - knowledge catalog"
2026-10-07T15:53:55.982+08:00 INFO  [main] [requestId=] o.f.core.internal.command.DbMigrate - Migrating schema "public" to version "15 - knowledge search indexes"
2026-10-07T15:53:55.989+08:00 INFO  [main] [requestId=] o.f.core.internal.command.DbMigrate - Migrating schema "public" to version "16 - workflow runtime"
2026-10-07T15:53:55.999+08:00 INFO  [main] [requestId=] o.f.core.internal.command.DbMigrate - Migrating schema "public" to version "17 - mcp server registry"
2026-10-07T15:53:56.006+08:00 INFO  [main] [requestId=] o.f.core.internal.command.DbMigrate - Migrating schema "public" to version "18 - agent knowledge capability"
2026-10-07T15:53:56.022+08:00 INFO  [main] [requestId=] o.f.core.internal.command.DbMigrate - Migrating schema "public" to version "19 - agent workflow mcp capabilities"
2026-10-07T15:53:56.037+08:00 INFO  [main] [requestId=] o.f.core.internal.command.DbMigrate - Migrating schema "public" to version "20 - mcp encrypted credentials"
2026-10-07T15:53:56.049+08:00 INFO  [main] [requestId=] o.f.core.internal.command.DbMigrate - Successfully applied 20 migrations to schema "public", now at version v20 (execution time 00:00.121s)
2026-10-07T15:53:56.121+08:00 INFO  [main] [requestId=] org.flywaydb.core.FlywayExecutor - Database: jdbc:postgresql://127.0.0.1:32771/workflow_upgrade?loggerLevel=OFF (PostgreSQL 16.15)
2026-10-07T15:53:56.171+08:00 INFO  [main] [requestId=] o.f.core.internal.command.DbValidate - Successfully validated 24 migrations (execution time 00:00.025s)
2026-10-07T15:53:56.199+08:00 INFO  [main] [requestId=] o.f.core.internal.command.DbMigrate - Current version of schema "public": 20
2026-10-07T15:53:56.203+08:00 INFO  [main] [requestId=] o.f.core.internal.command.DbMigrate - Migrating schema "public" to version "21 - workflow control terminal states"
2026-10-07T15:53:56.214+08:00 INFO  [main] [requestId=] o.f.core.internal.command.DbMigrate - Migrating schema "public" to version "22 - workflow interrupted state"
2026-10-07T15:53:56.222+08:00 INFO  [main] [requestId=] o.f.core.internal.command.DbMigrate - Migrating schema "public" to version "23 - history operation recovery"
2026-10-07T15:53:56.230+08:00 INFO  [main] [requestId=] o.f.core.internal.command.DbMigrate - Migrating schema "public" to version "24 - semantic embedding profiles"
2026-10-07T15:53:56.237+08:00 INFO  [main] [requestId=] o.f.core.internal.command.DbMigrate - Successfully applied 4 migrations to schema "public", now at version v24 (execution time 00:00.012s)
[INFO] Tests run: 1, Failures: 0, Errors: 0, Skipped: 0, Time elapsed: 1.742 s -- in com.hify.api.WorkflowTerminalPostgresTest
[INFO] Running com.hify.api.RunShutdownPostgresTest
2026-10-07T15:53:56.458+08:00 INFO  [main] [requestId=] tc.pgvector/pgvector:pg16 - Creating container for image: pgvector/pgvector:pg16
2026-10-07T15:53:56.508+08:00 INFO  [main] [requestId=] tc.pgvector/pgvector:pg16 - Container pgvector/pgvector:pg16 is starting: d5fac00321a17b1f5e73d8996be736c5938ff3baaa065dbd667e224d413edae9
2026-10-07T15:53:57.281+08:00 INFO  [main] [requestId=] tc.pgvector/pgvector:pg16 - Container pgvector/pgvector:pg16 started in PT0.821427S
2026-10-07T15:53:57.284+08:00 INFO  [main] [requestId=] tc.pgvector/pgvector:pg16 - Container is started (JDBC URL: jdbc:postgresql://127.0.0.1:32772/shutdown_test?loggerLevel=OFF)
[shutdown-diagnostic] seconds=0.000 phase=model-begin interrupted=false
[shutdown-diagnostic] seconds=0.004 phase=model-first-context-starting interrupted=false
[startup-detail] wallMs=2479.062 currentThreadCpuMs=1531.099 completedEvents=977 interrupted=false
[startup-detail] id=4 stage=spring.context.refresh bean=other durationMs=2291.056
[startup-detail] id=58 stage=spring.beans.instantiate bean=other durationMs=687.429
[startup-detail] id=88 stage=spring.beans.instantiate bean=other durationMs=585.138
[startup-detail] id=89 stage=spring.beans.instantiate bean=other durationMs=576.992
[startup-detail] id=5 stage=spring.context.beans.post-process bean=other durationMs=436.201
[startup-detail] id=8 stage=other bean=other durationMs=371.740
[startup-detail] id=73 stage=spring.beans.instantiate bean=flywayInitializer durationMs=367.474
[startup-detail] id=9 stage=other bean=other durationMs=364.005
[startup-detail] id=236 stage=spring.beans.instantiate bean=other durationMs=183.647
[startup-detail] id=90 stage=spring.beans.instantiate bean=other durationMs=103.789
[startup-detail] id=265 stage=spring.beans.instantiate bean=other durationMs=99.552
[startup-detail] id=266 stage=spring.beans.instantiate bean=other durationMs=96.870
[shutdown-diagnostic] seconds=2.502 phase=model-first-context-started interrupted=false
[shutdown-diagnostic] seconds=2.577 phase=model-entered-before-close interrupted=false
[shutdown-diagnostic] seconds=2.602 phase=model-first-context-close-returned interrupted=false
[shutdown-diagnostic] seconds=2.663 phase=model-persistence-assertions-passed interrupted=false
[shutdown-diagnostic] seconds=2.663 phase=model-second-context-starting interrupted=false
[startup-detail] wallMs=1907.148 currentThreadCpuMs=1407.141 completedEvents=977 interrupted=false
[startup-detail] id=4 stage=spring.context.refresh bean=other durationMs=1793.644
[startup-detail] id=88 stage=spring.beans.instantiate bean=other durationMs=768.595
[startup-detail] id=89 stage=spring.beans.instantiate bean=other durationMs=764.680
[startup-detail] id=58 stage=spring.beans.instantiate bean=other durationMs=325.464
[startup-detail] id=296 stage=spring.beans.instantiate bean=other durationMs=254.442
[startup-detail] id=5 stage=spring.context.beans.post-process bean=other durationMs=225.832
[startup-detail] id=8 stage=other bean=other durationMs=198.092
[startup-detail] id=9 stage=other bean=other durationMs=197.210
[startup-detail] id=297 stage=spring.beans.instantiate bean=other durationMs=189.761
[startup-detail] id=236 stage=spring.beans.instantiate bean=other durationMs=187.887
[startup-detail] id=298 stage=spring.beans.instantiate bean=other durationMs=187.502
[startup-detail] id=313 stage=spring.beans.instantiate bean=other durationMs=108.651
[shutdown-diagnostic] seconds=4.574 phase=model-second-context-started interrupted=false
[shutdown-diagnostic] seconds=4.689 phase=model-recovery-assertions-passed interrupted=false
[shutdown-diagnostic] seconds=4.730 phase=model-second-context-close-returned interrupted=false
[shutdown-diagnostic] seconds=0.000 phase=model-begin interrupted=false
[shutdown-diagnostic] seconds=0.000 phase=model-first-context-starting interrupted=false
[startup-detail] wallMs=3131.395 currentThreadCpuMs=1623.392 completedEvents=977 interrupted=false
[startup-detail] id=4 stage=spring.context.refresh bean=other durationMs=3042.248
[startup-detail] id=58 stage=spring.beans.instantiate bean=other durationMs=1411.501
[startup-detail] id=73 stage=spring.beans.instantiate bean=flywayInitializer durationMs=948.189
[startup-detail] id=88 stage=spring.beans.instantiate bean=other durationMs=664.615
[startup-detail] id=89 stage=spring.beans.instantiate bean=other durationMs=659.817
[startup-detail] id=5 stage=spring.context.beans.post-process bean=other durationMs=339.384
[startup-detail] id=236 stage=spring.beans.instantiate bean=other durationMs=285.293
[startup-detail] id=8 stage=other bean=other durationMs=258.842
[startup-detail] id=9 stage=other bean=other durationMs=257.787
[startup-detail] id=247 stage=spring.beans.instantiate bean=other durationMs=92.458
[startup-detail] id=296 stage=spring.beans.instantiate bean=other durationMs=90.885
[startup-detail] id=248 stage=spring.beans.instantiate bean=other durationMs=89.383
[shutdown-diagnostic] seconds=3.139 phase=model-first-context-started interrupted=false
[shutdown-diagnostic] seconds=3.205 phase=model-entered-before-close interrupted=false
[shutdown-diagnostic] seconds=3.221 phase=model-first-context-close-returned interrupted=false
[shutdown-diagnostic] seconds=3.303 phase=model-persistence-assertions-passed interrupted=false
[shutdown-diagnostic] seconds=3.303 phase=model-second-context-starting interrupted=false
[startup-detail] wallMs=2572.912 currentThreadCpuMs=1842.338 completedEvents=977 interrupted=false
[startup-detail] id=4 stage=spring.context.refresh bean=other durationMs=2512.243
[startup-detail] id=88 stage=spring.beans.instantiate bean=other durationMs=831.090
[startup-detail] id=89 stage=spring.beans.instantiate bean=other durationMs=825.653
[startup-detail] id=58 stage=spring.beans.instantiate bean=other durationMs=641.031
[startup-detail] id=236 stage=spring.beans.instantiate bean=other durationMs=297.624
[startup-detail] id=5 stage=spring.context.beans.post-process bean=other durationMs=285.271
[startup-detail] id=8 stage=other bean=other durationMs=244.664
[startup-detail] id=9 stage=other bean=other durationMs=243.132
[startup-detail] id=474 stage=spring.beans.instantiate bean=other durationMs=116.944
[startup-detail] id=296 stage=spring.beans.instantiate bean=other durationMs=103.257
[startup-detail] id=237 stage=spring.beans.instantiate bean=other durationMs=97.375
[startup-detail] id=73 stage=spring.beans.instantiate bean=flywayInitializer durationMs=92.232
[shutdown-diagnostic] seconds=5.879 phase=model-second-context-started interrupted=false
[shutdown-diagnostic] seconds=6.036 phase=model-recovery-assertions-passed interrupted=false
[shutdown-diagnostic] seconds=6.044 phase=model-second-context-close-returned interrupted=false
[shutdown-diagnostic] seconds=0.000 phase=begin interrupted=false
[startup-detail] wallMs=1987.619 currentThreadCpuMs=1259.602 completedEvents=978 interrupted=false
[startup-detail] id=4 stage=spring.context.refresh bean=other durationMs=1811.981
[startup-detail] id=58 stage=spring.beans.instantiate bean=other durationMs=576.176
[startup-detail] id=87 stage=spring.beans.instantiate bean=other durationMs=361.118
[startup-detail] id=267 stage=spring.beans.instantiate bean=other durationMs=277.747
[startup-detail] id=268 stage=spring.beans.instantiate bean=other durationMs=272.364
[startup-detail] id=73 stage=spring.beans.instantiate bean=flywayInitializer durationMs=269.504
[startup-detail] id=88 stage=spring.beans.instantiate bean=other durationMs=258.778
[startup-detail] id=89 stage=spring.beans.instantiate bean=other durationMs=228.039
[startup-detail] id=90 stage=spring.beans.instantiate bean=other durationMs=226.678
[startup-detail] id=5 stage=spring.context.beans.post-process bean=other durationMs=196.493
[startup-detail] id=8 stage=other bean=other durationMs=175.124
[startup-detail] id=9 stage=other bean=other durationMs=174.371
[shutdown-diagnostic] seconds=1.993 phase=first-context-started interrupted=false
[shutdown-diagnostic] seconds=2.115 phase=computed-result-ready interrupted=false
[shutdown-diagnostic] seconds=2.117 phase=first-context-closing interrupted=false
[shutdown-diagnostic] seconds=2.137 phase=first-context-close-returned interrupted=false
[shutdown-diagnostic] seconds=2.194 phase=persistence-assertions-passed interrupted=false
[startup-detail] wallMs=1559.274 currentThreadCpuMs=1254.337 completedEvents=977 interrupted=false
[startup-detail] id=4 stage=spring.context.refresh bean=other durationMs=1524.838
[startup-detail] id=88 stage=spring.beans.instantiate bean=other durationMs=510.898
[startup-detail] id=89 stage=spring.beans.instantiate bean=other durationMs=506.394
[startup-detail] id=5 stage=spring.context.beans.post-process bean=other durationMs=308.795
[startup-detail] id=8 stage=other bean=other durationMs=280.406
[startup-detail] id=9 stage=other bean=other durationMs=279.024
[startup-detail] id=58 stage=spring.beans.instantiate bean=other durationMs=209.738
[startup-detail] id=236 stage=spring.beans.instantiate bean=other durationMs=182.123
[startup-detail] id=296 stage=spring.beans.instantiate bean=other durationMs=171.978
[startup-detail] id=621 stage=spring.beans.instantiate bean=other durationMs=119.039
[startup-detail] id=297 stage=spring.beans.instantiate bean=other durationMs=96.985
[startup-detail] id=298 stage=spring.beans.instantiate bean=other durationMs=96.063
[shutdown-diagnostic] seconds=3.755 phase=second-context-started interrupted=false
[shutdown-diagnostic] seconds=3.779 phase=recovery-assertions-passed interrupted=false
[shutdown-diagnostic] seconds=3.788 phase=second-context-close-returned interrupted=false
[INFO] Tests run: 3, Failures: 0, Errors: 0, Skipped: 0, Time elapsed: 15.78 s -- in com.hify.api.RunShutdownPostgresTest
[INFO] Running com.hify.api.KnowledgeFinishPostgresTest

  .   ____          _            __ _ _
 /\\ / ___'_ __ _ _(_)_ __  __ _ \ \ \ \
( ( )\___ | '_ | '_| | '_ \/ _` | \ \ \ \
 \\/  ___)| |_)| | | | | || (_| |  ) ) ) )
  '  |____| .__|_| |_|_| |_\__, | / / / /
 =========|_|==============|___/=/_/_/_/

 :: Spring Boot ::                (v3.4.5)

2026-10-07T15:54:13.315+08:00 INFO  [main] [requestId=] c.h.api.KnowledgeFinishPostgresTest - Starting KnowledgeFinishPostgresTest using Java 17.0.19 with PID 22759 (started by weberzhao in /private/tmp/hify-course-20261006.hhEhwt/retrieval-worktree/backend/hify-app)
2026-10-07T15:54:13.319+08:00 INFO  [main] [requestId=] c.h.api.KnowledgeFinishPostgresTest - No active profile set, falling back to 1 default profile: "default"
2026-10-07T15:54:13.716+08:00 INFO  [main] [requestId=] o.s.d.r.c.RepositoryConfigurationDelegate - Multiple Spring Data modules found, entering strict repository configuration mode
2026-10-07T15:54:13.716+08:00 INFO  [main] [requestId=] o.s.d.r.c.RepositoryConfigurationDelegate - Bootstrapping Spring Data JPA repositories in DEFAULT mode.
2026-10-07T15:54:13.745+08:00 INFO  [main] [requestId=] o.s.d.r.c.RepositoryConfigurationDelegate - Finished Spring Data repository scanning in 27 ms. Found 34 JPA repository interfaces.
2026-10-07T15:54:13.857+08:00 INFO  [main] [requestId=] com.zaxxer.hikari.HikariDataSource - HikariPool-9 - Starting...
2026-10-07T15:54:13.879+08:00 INFO  [main] [requestId=] com.zaxxer.hikari.pool.HikariPool - HikariPool-9 - Added connection org.postgresql.jdbc.PgConnection@69f54088
2026-10-07T15:54:13.880+08:00 INFO  [main] [requestId=] com.zaxxer.hikari.HikariDataSource - HikariPool-9 - Start completed.
2026-10-07T15:54:13.883+08:00 INFO  [main] [requestId=] org.flywaydb.core.FlywayExecutor - Database: jdbc:postgresql://127.0.0.1:32773/knowledge_finish?loggerLevel=OFF (PostgreSQL 16.15)
2026-10-07T15:54:13.892+08:00 INFO  [main] [requestId=] o.f.c.i.s.JdbcTableSchemaHistory - Schema history table "public"."flyway_schema_history" does not exist yet
2026-10-07T15:54:13.893+08:00 INFO  [main] [requestId=] o.f.core.internal.command.DbValidate - Successfully validated 24 migrations (execution time 00:00.003s)
2026-10-07T15:54:13.899+08:00 INFO  [main] [requestId=] o.f.c.i.s.JdbcTableSchemaHistory - Creating Schema History table "public"."flyway_schema_history" ...
2026-10-07T15:54:13.914+08:00 INFO  [main] [requestId=] o.f.core.internal.command.DbMigrate - Current version of schema "public": << Empty Schema >>
2026-10-07T15:54:13.916+08:00 INFO  [main] [requestId=] o.f.core.internal.command.DbMigrate - Migrating schema "public" to version "1 - baseline"
2026-10-07T15:54:13.929+08:00 INFO  [main] [requestId=] o.f.core.internal.command.DbMigrate - Migrating schema "public" to version "2 - demo item"
2026-10-07T15:54:13.935+08:00 INFO  [main] [requestId=] o.f.core.internal.command.DbMigrate - Migrating schema "public" to version "3 - run replan control"
2026-10-07T15:54:13.941+08:00 INFO  [main] [requestId=] o.f.core.internal.command.DbMigrate - Migrating schema "public" to version "4 - run context state"
2026-10-07T15:54:13.948+08:00 INFO  [main] [requestId=] o.f.core.internal.command.DbMigrate - Migrating schema "public" to version "5 - provider catalog"
2026-10-07T15:54:13.963+08:00 INFO  [main] [requestId=] o.f.core.internal.command.DbMigrate - Migrating schema "public" to version "6 - agent publishing"
2026-10-07T15:54:13.973+08:00 INFO  [main] [requestId=] o.f.core.internal.command.DbMigrate - Migrating schema "public" to version "7 - agent archive and tool bindings"
2026-10-07T15:54:13.978+08:00 INFO  [main] [requestId=] o.f.core.internal.command.DbMigrate - Migrating schema "public" to version "8 - backfill agent tool bindings"
2026-10-07T15:54:13.983+08:00 INFO  [main] [requestId=] o.f.core.internal.command.DbMigrate - Migrating schema "public" to version "9 - runtime capability and history"
2026-10-07T15:54:13.989+08:00 INFO  [main] [requestId=] o.f.core.internal.command.DbMigrate - Migrating schema "public" to version "10 - child agent task protocol"
2026-10-07T15:54:13.996+08:00 INFO  [main] [requestId=] o.f.core.internal.command.DbMigrate - Migrating schema "public" to version "11 - context memory catalog"
2026-10-07T15:54:14.005+08:00 INFO  [main] [requestId=] o.f.core.internal.command.DbMigrate - Migrating schema "public" to version "12 - history full text index"
2026-10-07T15:54:14.009+08:00 INFO  [main] [requestId=] o.f.core.internal.command.DbMigrate - Migrating schema "public" to version "13 - history vector index"
2026-10-07T15:54:14.044+08:00 INFO  [main] [requestId=] o.f.core.internal.command.DbMigrate - Migrating schema "public" to version "14 - knowledge catalog"
2026-10-07T15:54:14.053+08:00 INFO  [main] [requestId=] o.f.core.internal.command.DbMigrate - Migrating schema "public" to version "15 - knowledge search indexes"
2026-10-07T15:54:14.061+08:00 INFO  [main] [requestId=] o.f.core.internal.command.DbMigrate - Migrating schema "public" to version "16 - workflow runtime"
2026-10-07T15:54:14.072+08:00 INFO  [main] [requestId=] o.f.core.internal.command.DbMigrate - Migrating schema "public" to version "17 - mcp server registry"
2026-10-07T15:54:14.080+08:00 INFO  [main] [requestId=] o.f.core.internal.command.DbMigrate - Migrating schema "public" to version "18 - agent knowledge capability"
2026-10-07T15:54:14.088+08:00 INFO  [main] [requestId=] o.f.core.internal.command.DbMigrate - Migrating schema "public" to version "19 - agent workflow mcp capabilities"
2026-10-07T15:54:14.096+08:00 INFO  [main] [requestId=] o.f.core.internal.command.DbMigrate - Migrating schema "public" to version "20 - mcp encrypted credentials"
2026-10-07T15:54:14.103+08:00 INFO  [main] [requestId=] o.f.core.internal.command.DbMigrate - Migrating schema "public" to version "21 - workflow control terminal states"
2026-10-07T15:54:14.110+08:00 INFO  [main] [requestId=] o.f.core.internal.command.DbMigrate - Migrating schema "public" to version "22 - workflow interrupted state"
2026-10-07T15:54:14.118+08:00 INFO  [main] [requestId=] o.f.core.internal.command.DbMigrate - Migrating schema "public" to version "23 - history operation recovery"
2026-10-07T15:54:14.129+08:00 INFO  [main] [requestId=] o.f.core.internal.command.DbMigrate - Migrating schema "public" to version "24 - semantic embedding profiles"
2026-10-07T15:54:14.150+08:00 INFO  [main] [requestId=] o.f.core.internal.command.DbMigrate - Successfully applied 24 migrations to schema "public", now at version v24 (execution time 00:00.108s)
2026-10-07T15:54:14.219+08:00 INFO  [main] [requestId=] o.h.jpa.internal.util.LogHelper - HHH000204: Processing PersistenceUnitInfo [name: default]
2026-10-07T15:54:14.224+08:00 INFO  [main] [requestId=] o.h.c.i.RegionFactoryInitiator - HHH000026: Second-level cache disabled
2026-10-07T15:54:14.233+08:00 INFO  [main] [requestId=] o.s.o.j.p.SpringPersistenceUnitInfo - No LoadTimeWeaver setup: ignoring JPA class transformer
2026-10-07T15:54:14.237+08:00 INFO  [main] [requestId=] o.hibernate.orm.connections.pooling - HHH10001005: Database info:
	Database JDBC URL [Connecting through datasource 'HikariDataSource (HikariPool-9)']
	Database driver: undefined/unknown
	Database version: 16.15
	Autocommit mode: undefined/unknown
	Isolation level: undefined/unknown
	Minimum pool size: undefined/unknown
	Maximum pool size: undefined/unknown
2026-10-07T15:54:14.338+08:00 INFO  [main] [requestId=] o.h.e.t.j.p.i.JtaPlatformInitiator - HHH000489: No JTA platform available (set 'hibernate.transaction.jta.platform' to enable JTA platform integration)
2026-10-07T15:54:14.351+08:00 INFO  [main] [requestId=] o.s.o.j.LocalContainerEntityManagerFactoryBean - Initialized JPA EntityManagerFactory for persistence unit 'default'
2026-10-07T15:54:16.108+08:00 INFO  [main] [requestId=] c.b.m.s.MybatisPlusApplicationContextAware - Register ApplicationContext instances org.springframework.web.context.support.GenericWebApplicationContext@49b68e7f
2026-10-07T15:54:16.584+08:00 INFO  [main] [requestId=] o.s.b.t.m.w.SpringBootMockServletContext - Initializing Spring TestDispatcherServlet ''
2026-10-07T15:54:16.584+08:00 INFO  [main] [requestId=] o.s.t.w.s.TestDispatcherServlet - Initializing Servlet ''
2026-10-07T15:54:16.591+08:00 INFO  [main] [requestId=] o.s.b.a.e.web.EndpointLinksResolver - Exposing 2 endpoints beneath base path '/actuator'
2026-10-07T15:54:16.612+08:00 INFO  [main] [requestId=] o.s.t.w.s.TestDispatcherServlet - Completed initialization in 28 ms
2026-10-07T15:54:16.634+08:00 INFO  [main] [requestId=] c.h.api.KnowledgeFinishPostgresTest - Started KnowledgeFinishPostgresTest in 3.405 seconds (process running for 56.709)
2026-10-07T15:54:16.691+08:00 INFO  [main] [requestId=] o.s.o.j.LocalContainerEntityManagerFactoryBean - Closing JPA EntityManagerFactory for persistence unit 'default'
2026-10-07T15:54:16.692+08:00 INFO  [main] [requestId=] com.zaxxer.hikari.HikariDataSource - HikariPool-1 - Shutdown initiated...
2026-10-07T15:54:16.692+08:00 INFO  [main] [requestId=] com.zaxxer.hikari.HikariDataSource - HikariPool-1 - Shutdown completed.
2026-10-07T15:54:16.717+08:00 INFO  [main] [requestId=ac13d847-6102-4e64-946a-7cbab712ad0c] c.hify.common.RequestLoggingFilter - http.request method=POST path=/api/v1/knowledge-bases status=201 latencyMs=18
2026-10-07T15:54:16.733+08:00 INFO  [main] [requestId=4bd76bdf-4b5e-4a77-9bcc-baa53b74f537] c.hify.common.RequestLoggingFilter - http.request method=POST path=/api/v1/knowledge-bases status=201 latencyMs=2
2026-10-07T15:54:16.749+08:00 INFO  [main] [requestId=98bbade8-922f-4d2d-8214-7da340c042ca] c.hify.common.RequestLoggingFilter - http.request method=POST path=/api/v1/workflows status=201 latencyMs=16
2026-10-07T15:54:16.750+08:00 INFO  [main] [requestId=6719268d-da23-43c0-8875-148cfbdfac0c] c.hify.common.RequestLoggingFilter - http.request method=POST path=/api/v1/workflows status=400 latencyMs=0
2026-10-07T15:54:16.752+08:00 INFO  [main] [requestId=877015ff-6c3b-4197-8060-4a657413d11a] c.hify.common.RequestLoggingFilter - http.request method=PUT path=/api/v1/workflows/ff881e1e-7e36-4cbd-96d7-667ab9e46b96 status=400 latencyMs=0
2026-10-07T15:54:16.756+08:00 INFO  [main] [requestId=20eda92d-5627-432d-a909-5599f3a3d23b] c.hify.common.RequestLoggingFilter - http.request method=POST path=/api/v1/workflow-versions/7725b7e1-12e3-405f-865f-8329e6355cff/runs status=409 latencyMs=2
2026-10-07T15:54:16.764+08:00 INFO  [main] [requestId=ddb7990c-792e-4b46-8fa4-5fc25bbaaede] c.hify.common.RequestLoggingFilter - http.request method=POST path=/api/v1/knowledge-bases status=201 latencyMs=2
2026-10-07T15:54:16.769+08:00 INFO  [main] [requestId=82a19775-8177-498e-88c2-7e0356f0e6c1] c.hify.common.RequestLoggingFilter - http.request method=POST path=/api/v1/knowledge-bases/94179ce7-f5bf-4169-b67c-3749462fb1e7/documents status=202 latencyMs=4
2026-10-07T15:54:16.774+08:00 INFO  [main] [requestId=e73d95df-760a-42c1-a9a2-5936fed28886] c.hify.common.RequestLoggingFilter - http.request method=GET path=/api/v1/documents/8d953f9c-e223-4fe5-9a36-effb2d51700c status=200 latencyMs=4
2026-10-07T15:54:16.923+08:00 INFO  [main] [requestId=fe67e755-b333-4b0f-ae3b-32ad8b3463b1] c.hify.common.RequestLoggingFilter - http.request method=GET path=/api/v1/documents/8d953f9c-e223-4fe5-9a36-effb2d51700c status=200 latencyMs=3
2026-10-07T15:54:16.928+08:00 INFO  [main] [requestId=dbd53321-69db-441a-a587-1204b134e285] c.hify.common.RequestLoggingFilter - http.request method=GET path=/api/v1/documents/8d953f9c-e223-4fe5-9a36-effb2d51700c/chunks status=200 latencyMs=4
2026-10-07T15:54:16.932+08:00 INFO  [main] [requestId=e264bcd2-fc5c-4049-9c6c-fd4e112cf859] c.hify.common.RequestLoggingFilter - http.request method=DELETE path=/api/v1/documents/8d953f9c-e223-4fe5-9a36-effb2d51700c status=200 latencyMs=3
2026-10-07T15:54:16.942+08:00 INFO  [main] [requestId=b6a73b7d-355e-44a9-97c1-384731153eb6] c.hify.common.RequestLoggingFilter - http.request method=POST path=/api/v1/knowledge-bases status=201 latencyMs=3
2026-10-07T15:54:16.947+08:00 INFO  [main] [requestId=77c0aac8-aa9f-462e-909c-edbaf61e3744] c.hify.common.RequestLoggingFilter - http.request method=POST path=/api/v1/knowledge-bases/7ec93576-8c8b-45ed-aa8a-169ff69697c7/documents status=202 latencyMs=4
2026-10-07T15:54:16.950+08:00 INFO  [main] [requestId=a5449b4b-faa0-4597-937f-342dc26f2d7a] c.hify.common.RequestLoggingFilter - http.request method=GET path=/api/v1/documents/94fd51b2-8fc6-40a4-ad5f-ec8ca8f15acc status=200 latencyMs=2
2026-10-07T15:54:17.075+08:00 INFO  [main] [requestId=eb5f9535-7354-49c9-b71e-60561e3554a2] c.hify.common.RequestLoggingFilter - http.request method=GET path=/api/v1/documents/94fd51b2-8fc6-40a4-ad5f-ec8ca8f15acc status=200 latencyMs=2
2026-10-07T15:54:17.083+08:00 INFO  [main] [requestId=9f6bed32-2788-4b34-bdeb-4f0ebba7f7a2] c.hify.common.RequestLoggingFilter - http.request method=POST path=/api/v1/workflows status=201 latencyMs=7
2026-10-07T15:54:17.098+08:00 INFO  [main] [requestId=8c387a79-3558-45fc-83b9-de71cc015d15] c.hify.common.RequestLoggingFilter - http.request method=POST path=/api/v1/workflows/61ac82f7-c8ee-4c66-b36f-e70d5b5cb661/versions status=200 latencyMs=14
2026-10-07T15:54:17.119+08:00 INFO  [main] [requestId=10d73053-3ba7-48dc-ae48-f77176fa0f8c] c.hify.common.RequestLoggingFilter - http.request method=POST path=/api/v1/agents status=201 latencyMs=18
2026-10-07T15:54:17.129+08:00 INFO  [main] [requestId=a768c62f-11d8-470b-aa2a-7a62810f2177] c.hify.common.RequestLoggingFilter - http.request method=PUT path=/api/v1/agents/74e3af99-0890-45f2-8a72-da4454d10e40/workflow-binding status=200 latencyMs=8
2026-10-07T15:54:17.211+08:00 INFO  [main] [requestId=6c41df0d-123d-4162-bc17-0870a1de767c] c.hify.common.RequestLoggingFilter - http.request method=POST path=/api/v1/agents/74e3af99-0890-45f2-8a72-da4454d10e40/publications status=200 latencyMs=81
2026-10-07T15:54:17.265+08:00 INFO  [main] [requestId=ebccd07c-4d90-4009-9591-aa82b6357049] c.hify.common.RequestLoggingFilter - http.request method=POST path=/api/v1/conversations status=201 latencyMs=52
2026-10-07T15:54:17.292+08:00 INFO  [main] [requestId=8c981b42-e61d-4351-968f-7f1d6e39c969] c.hify.common.RequestLoggingFilter - http.request method=POST path=/api/v1/workflow-versions/f4cbe0be-b087-4114-b104-e42455c9ab5f/runs status=202 latencyMs=26
2026-10-07T15:54:17.298+08:00 INFO  [main] [requestId=9aa779a9-f67a-401d-b11c-503220900c47] c.hify.common.RequestLoggingFilter - http.request method=DELETE path=/api/v1/documents/94fd51b2-8fc6-40a4-ad5f-ec8ca8f15acc status=200 latencyMs=5
2026-10-07T15:54:17.306+08:00 INFO  [main] [requestId=0cf36af4-9bca-40ed-a5c8-14c6cee622cf] c.hify.common.RequestLoggingFilter - http.request method=POST path=/api/v1/knowledge-bases/7ec93576-8c8b-45ed-aa8a-169ff69697c7/documents status=202 latencyMs=7
2026-10-07T15:54:17.309+08:00 INFO  [main] [requestId=a55061c6-314f-41f9-9615-74160b8f8c32] c.hify.common.RequestLoggingFilter - http.request method=GET path=/api/v1/documents/7640df05-e1e4-4a30-ae4d-de3b5dd11b03 status=200 latencyMs=2
2026-10-07T15:54:17.485+08:00 INFO  [main] [requestId=a596fb18-eb7f-42ef-b0cc-ccb3d781069d] c.hify.common.RequestLoggingFilter - http.request method=GET path=/api/v1/documents/7640df05-e1e4-4a30-ae4d-de3b5dd11b03 status=200 latencyMs=2
2026-10-07T15:54:17.500+08:00 INFO  [main] [requestId=fc439f37-bb2a-4356-83fe-1123e870d3c5] c.hify.common.RequestLoggingFilter - http.request method=POST path=/api/v1/workflow-versions/f4cbe0be-b087-4114-b104-e42455c9ab5f/runs status=202 latencyMs=14
2026-10-07T15:54:17.516+08:00 INFO  [main] [requestId=53e7044f-bd20-4d9f-9fb9-4776c3fc5814] c.hify.common.RequestLoggingFilter - http.request method=POST path=/api/v1/workflows/61ac82f7-c8ee-4c66-b36f-e70d5b5cb661/versions status=200 latencyMs=11
2026-10-07T15:54:17.542+08:00 INFO  [main] [requestId=4285b29c-8015-436f-b135-71a7f9e43667] c.hify.common.RequestLoggingFilter - http.request method=POST path=/api/v1/workflow-versions/390e4562-2244-4747-8910-cde3fb82c09f/runs status=202 latencyMs=20
2026-10-07T15:54:17.566+08:00 INFO  [main] [requestId=301262d7-a66b-4a5d-bbe3-4150ee106610] c.hify.common.RequestLoggingFilter - http.request method=POST path=/api/v1/agents/74e3af99-0890-45f2-8a72-da4454d10e40/publications status=200 latencyMs=23
2026-10-07T15:54:17.620+08:00 INFO  [main] [requestId=27ad01ff-d03e-4770-af51-4d6b43825903] c.hify.common.RequestLoggingFilter - http.request method=POST path=/api/v1/conversations/8a84b55c-d6c8-49ce-9d38-97667aafa099/runs status=202 latencyMs=53
2026-10-07T15:54:17.622+08:00 INFO  [main] [requestId=1cb9de49-64ac-457f-8d02-c077ddfe1b41] c.hify.common.RequestLoggingFilter - http.request method=GET path=/api/v1/runs/9f07b258-5798-47d2-b801-999029468d34 status=200 latencyMs=0
2026-10-07T15:54:17.797+08:00 INFO  [main] [requestId=692f89aa-3a24-4f32-8d67-73157164c2d2] c.hify.common.RequestLoggingFilter - http.request method=GET path=/api/v1/runs/9f07b258-5798-47d2-b801-999029468d34 status=200 latencyMs=3
2026-10-07T15:54:17.807+08:00 INFO  [main] [requestId=981c4c15-1660-4ec0-9e7f-a1b2f6210b47] c.hify.common.RequestLoggingFilter - http.request method=POST path=/api/v1/conversations status=201 latencyMs=9
2026-10-07T15:54:17.817+08:00 INFO  [main] [requestId=67d3e5a6-430a-4856-b7a1-1fea360944ef] c.hify.common.RequestLoggingFilter - http.request method=POST path=/api/v1/conversations/cf24e32d-a9f3-41da-ae3c-f5bd751a024f/runs status=202 latencyMs=10
2026-10-07T15:54:17.818+08:00 INFO  [main] [requestId=f5ee0f43-81d3-46af-b495-be0d309f10bc] c.hify.common.RequestLoggingFilter - http.request method=GET path=/api/v1/runs/2f78518b-d457-4406-8fcb-b78778720314 status=200 latencyMs=0
2026-10-07T15:54:17.967+08:00 INFO  [main] [requestId=8ecfef60-bdfd-4125-995e-73c171ea0ec2] c.hify.common.RequestLoggingFilter - http.request method=GET path=/api/v1/runs/2f78518b-d457-4406-8fcb-b78778720314 status=200 latencyMs=4
2026-10-07T15:54:17.986+08:00 INFO  [main] [requestId=eb048b65-5c5f-49fb-a648-ded580293ca5] c.hify.common.RequestLoggingFilter - http.request method=GET path=/api/v1/workflows/61ac82f7-c8ee-4c66-b36f-e70d5b5cb661 status=200 latencyMs=14
2026-10-07T15:54:18.008+08:00 INFO  [main] [requestId=8f9d2e09-8d99-4209-9eff-1904c1c089a5] c.hify.common.RequestLoggingFilter - http.request method=DELETE path=/api/v1/knowledge-bases/7ec93576-8c8b-45ed-aa8a-169ff69697c7 status=200 latencyMs=20
2026-10-07T15:54:18.061+08:00 INFO  [main] [requestId=9ba19fa0-211a-44c1-9812-876bae458a26] c.hify.common.RequestLoggingFilter - http.request method=POST path=/api/v1/workflow-versions/f4cbe0be-b087-4114-b104-e42455c9ab5f/runs status=202 latencyMs=50
2026-10-07T15:54:18.075+08:00 INFO  [main] [requestId=26189172-909a-4840-886c-445d5cae3b87] c.hify.common.RequestLoggingFilter - http.request method=POST path=/api/v1/workflows/61ac82f7-c8ee-4c66-b36f-e70d5b5cb661/versions status=404 latencyMs=10
2026-10-07T15:54:18.166+08:00 INFO  [main] [requestId=85439014-3d97-45a2-9ce6-78afb11bb308] c.hify.common.RequestLoggingFilter - http.request method=POST path=/api/v1/knowledge-bases status=201 latencyMs=26
2026-10-07T15:54:18.191+08:00 INFO  [main] [requestId=bc532137-d6fc-452e-90b9-2f2767933b32] c.hify.common.RequestLoggingFilter - http.request method=POST path=/api/v1/knowledge-bases/6637be0a-b9f2-4c26-b817-c5634bfcf828/documents status=202 latencyMs=22
2026-10-07T15:54:18.208+08:00 INFO  [main] [requestId=1b963381-4b7f-4dc9-b38a-0fa74c209426] c.hify.common.RequestLoggingFilter - http.request method=GET path=/api/v1/documents/b274a92a-7a1c-4629-8a4b-1284fecaf32f status=200 latencyMs=14
2026-10-07T15:54:18.384+08:00 INFO  [main] [requestId=f488c995-4773-4a9a-a5be-bd8181904c25] c.hify.common.RequestLoggingFilter - http.request method=GET path=/api/v1/documents/b274a92a-7a1c-4629-8a4b-1284fecaf32f status=200 latencyMs=4
2026-10-07T15:54:18.401+08:00 INFO  [main] [requestId=758d1640-18f4-4968-aa05-54a5dfa01388] c.hify.common.RequestLoggingFilter - http.request method=POST path=/api/v1/workflows status=201 latencyMs=15
2026-10-07T15:54:18.414+08:00 INFO  [main] [requestId=0a9f8201-aa9f-4a0f-b646-72b0a3a54c2c] c.hify.common.RequestLoggingFilter - http.request method=POST path=/api/v1/workflows/0e667b22-08cb-4e78-9cd0-407f332f86b9/versions status=200 latencyMs=12
2026-10-07T15:54:18.430+08:00 INFO  [main] [requestId=80843916-a720-41cf-b4d7-3075eb9bb70e] c.hify.common.RequestLoggingFilter - http.request method=POST path=/api/v1/workflow-versions/b303bb06-ff79-44c1-b49c-2dd844d4a5ad/runs status=202 latencyMs=12
2026-10-07T15:54:18.448+08:00 INFO  [main] [requestId=f83d8b3f-4005-400a-b88e-26c5e82377f5] c.hify.common.RequestLoggingFilter - http.request method=POST path=/api/v1/knowledge-bases status=201 latencyMs=4
2026-10-07T15:54:18.453+08:00 INFO  [main] [requestId=2d6e56ed-7522-4590-8883-598c35195ea1] c.hify.common.RequestLoggingFilter - http.request method=POST path=/api/v1/knowledge-bases/9eb5a43c-9c6f-4e04-aed3-98f899df8298/documents status=202 latencyMs=4
2026-10-07T15:54:18.455+08:00 INFO  [main] [requestId=f7b0e25c-d854-482b-bafd-aa2a6766cd2a] c.hify.common.RequestLoggingFilter - http.request method=GET path=/api/v1/documents/692d3d2d-ac3c-4903-8e48-36ecdbc44f57 status=200 latencyMs=1
2026-10-07T15:54:18.613+08:00 INFO  [main] [requestId=f21a52ec-c4b5-4f02-acf6-db1ec95cace3] c.hify.common.RequestLoggingFilter - http.request method=GET path=/api/v1/documents/692d3d2d-ac3c-4903-8e48-36ecdbc44f57 status=200 latencyMs=3
2026-10-07T15:54:18.620+08:00 INFO  [main] [requestId=fdf9e313-9172-4b88-81c4-a3dc3fbb2363] c.hify.common.RequestLoggingFilter - http.request method=POST path=/api/v1/workflows status=201 latencyMs=6
2026-10-07T15:54:18.634+08:00 INFO  [main] [requestId=60f5710a-8527-4285-9410-629be07462b8] c.hify.common.RequestLoggingFilter - http.request method=POST path=/api/v1/workflows/fa4f7eb0-dc38-473a-9227-0262a0c6b2cd/versions status=200 latencyMs=13
2026-10-07T15:54:18.673+08:00 INFO  [main] [requestId=bb47067e-d7f9-45b2-9a5e-a3b89af1361d] c.hify.common.RequestLoggingFilter - http.request method=POST path=/api/v1/workflow-versions/d4abb17e-fb58-46e6-ba26-f394ecf13d2c/runs status=202 latencyMs=35
2026-10-07T15:54:18.689+08:00 INFO  [main] [requestId=cb714e34-8ecb-4053-bb3f-b6f51438bd3a] c.hify.common.RequestLoggingFilter - http.request method=POST path=/api/v1/knowledge-bases status=201 latencyMs=6
2026-10-07T15:54:18.714+08:00 INFO  [main] [requestId=b97cc6dc-6db3-4593-bfa7-299a5bd51d44] c.hify.common.RequestLoggingFilter - http.request method=POST path=/api/v1/knowledge-bases/94438dc5-2bd4-40e5-bda7-35a096fbad3e/documents status=202 latencyMs=24
2026-10-07T15:54:18.721+08:00 INFO  [main] [requestId=fa1ccfd1-b20e-49d9-b7db-c5d9727f177d] c.hify.common.RequestLoggingFilter - http.request method=GET path=/api/v1/documents/eb4fd6c5-c462-4a7f-bdac-610ba838dd6c status=200 latencyMs=5
2026-10-07T15:54:18.822+08:00 INFO  [main] [requestId=5f1f77df-3454-473b-a394-4d3df2ab224a] c.hify.common.RequestLoggingFilter - http.request method=GET path=/api/v1/documents/eb4fd6c5-c462-4a7f-bdac-610ba838dd6c status=200 latencyMs=2
2026-10-07T15:54:18.828+08:00 INFO  [main] [requestId=971a2743-49f7-4b2c-8595-d5623f5d0bea] c.hify.common.RequestLoggingFilter - http.request method=POST path=/api/v1/workflows status=201 latencyMs=5
2026-10-07T15:54:18.834+08:00 INFO  [main] [requestId=3ebb7557-8435-486b-ab43-d12036b777ff] c.hify.common.RequestLoggingFilter - http.request method=POST path=/api/v1/workflows/c5910e44-4100-43cf-ab2c-76f147df8d6d/versions status=200 latencyMs=6
2026-10-07T15:54:18.855+08:00 INFO  [main] [requestId=d04dae8f-d967-4cc1-a451-7c082ce4c387] c.hify.common.RequestLoggingFilter - http.request method=POST path=/api/v1/workflow-versions/5e097e8d-59b9-4aa5-8ea8-d4ec2c284835/runs status=202 latencyMs=19
2026-10-07T15:54:18.864+08:00 INFO  [main] [requestId=b949673e-730e-4494-b948-9f8215ee278f] c.hify.common.RequestLoggingFilter - http.request method=POST path=/api/v1/knowledge-bases status=201 latencyMs=3
2026-10-07T15:54:18.867+08:00 INFO  [main] [requestId=0037b623-7dc6-4fcc-bd55-784411445684] c.hify.common.RequestLoggingFilter - http.request method=POST path=/api/v1/knowledge-bases/2f2da4b6-1e32-4c52-bb40-305b6299b582/documents status=202 latencyMs=3
2026-10-07T15:54:18.869+08:00 INFO  [main] [requestId=ed75e9cd-abd7-4ea4-8378-2ed7cb9aba19] c.hify.common.RequestLoggingFilter - http.request method=GET path=/api/v1/documents/20ff823e-c550-45e8-838b-413ff9f341f4 status=200 latencyMs=1
2026-10-07T15:54:19.005+08:00 INFO  [main] [requestId=d0a336f0-d67b-4191-983a-11c6b26ae066] c.hify.common.RequestLoggingFilter - http.request method=GET path=/api/v1/documents/20ff823e-c550-45e8-838b-413ff9f341f4 status=200 latencyMs=2
2026-10-07T15:54:19.010+08:00 INFO  [main] [requestId=47be3bbe-2878-4f9a-97f3-fa7fc0e748ba] c.hify.common.RequestLoggingFilter - http.request method=POST path=/api/v1/workflows status=201 latencyMs=5
2026-10-07T15:54:19.017+08:00 INFO  [main] [requestId=51c87dee-eb63-4e47-a097-02158e8098c1] c.hify.common.RequestLoggingFilter - http.request method=POST path=/api/v1/workflows/ad977683-d356-4204-be40-402446f6d099/versions status=200 latencyMs=6
2026-10-07T15:54:19.021+08:00 INFO  [main] [requestId=431cc134-c4af-4d29-b98f-594e256eb5f0] c.hify.common.RequestLoggingFilter - http.request method=POST path=/api/v1/knowledge-bases status=201 latencyMs=2
2026-10-07T15:54:19.031+08:00 INFO  [main] [requestId=a7c07ce3-a651-4c51-9275-6b54baf1a5c4] c.hify.common.RequestLoggingFilter - http.request method=POST path=/api/v1/workflow-versions/96d9357f-dce3-4b08-9de7-2603548618fa/runs status=202 latencyMs=9
2026-10-07T15:54:19.038+08:00 INFO  [main] [requestId=eae0317a-dec3-4c89-a5f3-86a7c6797d5c] c.hify.common.RequestLoggingFilter - http.request method=POST path=/api/v1/knowledge-bases status=201 latencyMs=2
2026-10-07T15:54:19.042+08:00 INFO  [main] [requestId=4c6aec27-f3fb-4ee0-8153-4f300f84b2aa] c.hify.common.RequestLoggingFilter - http.request method=POST path=/api/v1/knowledge-bases/0e5449c7-050e-4b2e-a4a0-eea87397c107/documents status=202 latencyMs=3
2026-10-07T15:54:19.044+08:00 INFO  [main] [requestId=5373da56-3186-44dc-a213-d72cc65f1fad] c.hify.common.RequestLoggingFilter - http.request method=GET path=/api/v1/documents/45c0c54a-4629-4ebf-8812-9ad2148878b8 status=200 latencyMs=1
2026-10-07T15:54:19.203+08:00 INFO  [main] [requestId=95ec525c-821a-4fea-9845-f09721fc06f1] c.hify.common.RequestLoggingFilter - http.request method=GET path=/api/v1/documents/45c0c54a-4629-4ebf-8812-9ad2148878b8 status=200 latencyMs=5
2026-10-07T15:54:19.214+08:00 INFO  [main] [requestId=71777ed7-25f2-46a1-a080-b3c1396236d3] c.hify.common.RequestLoggingFilter - http.request method=POST path=/api/v1/workflows status=201 latencyMs=9
2026-10-07T15:54:19.223+08:00 INFO  [main] [requestId=147ae613-83aa-4133-bc8a-12ec3de8624f] c.hify.common.RequestLoggingFilter - http.request method=POST path=/api/v1/workflows/18126802-25e6-4785-a525-8cc9252a73fb/versions status=404 latencyMs=8
2026-10-07T15:54:19.236+08:00 INFO  [main] [requestId=0c20afad-13ae-4049-9bff-280af90e43dc] c.hify.common.RequestLoggingFilter - http.request method=POST path=/api/v1/knowledge-bases status=201 latencyMs=2
2026-10-07T15:54:19.240+08:00 INFO  [main] [requestId=107a7bef-e360-43ca-81a7-29be9191b9c2] c.hify.common.RequestLoggingFilter - http.request method=POST path=/api/v1/knowledge-bases/64af9c3f-2b4a-480d-8dd2-3bb2b757b9e7/documents status=202 latencyMs=3
2026-10-07T15:54:19.242+08:00 INFO  [main] [requestId=8bd97b15-dd73-4a8c-9f7f-b986f68236d7] c.hify.common.RequestLoggingFilter - http.request method=GET path=/api/v1/documents/15505e01-abbe-4582-8a07-055fe3014507 status=200 latencyMs=1
2026-10-07T15:54:19.395+08:00 INFO  [main] [requestId=e532dcae-44bf-42eb-b68e-ff1cc3a75222] c.hify.common.RequestLoggingFilter - http.request method=GET path=/api/v1/documents/15505e01-abbe-4582-8a07-055fe3014507 status=200 latencyMs=2
2026-10-07T15:54:19.400+08:00 INFO  [main] [requestId=57a344f6-6af1-464a-91b2-727d341351cf] c.hify.common.RequestLoggingFilter - http.request method=POST path=/api/v1/workflows status=201 latencyMs=5
2026-10-07T15:54:19.406+08:00 INFO  [main] [requestId=dbfc6f3f-fb3c-4b2a-b581-03b70930a645] c.hify.common.RequestLoggingFilter - http.request method=POST path=/api/v1/workflows/3df13eee-7757-4367-9bf9-b4d9db6ac6ea/versions status=200 latencyMs=5
2026-10-07T15:54:19.422+08:00 INFO  [main] [requestId=d72ccfda-a006-4d51-a0b4-c31ecd961132] c.hify.common.RequestLoggingFilter - http.request method=POST path=/api/v1/workflow-versions/95c3f7f3-c522-42b4-a341-bdd81880aaf8/runs status=202 latencyMs=15
2026-10-07T15:54:19.437+08:00 INFO  [main] [requestId=93969ced-a614-48bd-a7ba-59783e217a0f] c.hify.common.RequestLoggingFilter - http.request method=POST path=/api/v1/workflow-versions/95c3f7f3-c522-42b4-a341-bdd81880aaf8/runs status=202 latencyMs=12
2026-10-07T15:54:19.448+08:00 INFO  [main] [requestId=dff90e8b-4018-4e9b-a653-3bd18c1906c5] c.hify.common.RequestLoggingFilter - http.request method=POST path=/api/v1/knowledge-bases status=201 latencyMs=3
2026-10-07T15:54:19.452+08:00 INFO  [main] [requestId=2345dc02-56ad-4529-bad9-cbb5ad472646] c.hify.common.RequestLoggingFilter - http.request method=POST path=/api/v1/knowledge-bases/b3f3f3cd-7aca-4cd4-9eea-bdba37902eaa/documents status=202 latencyMs=3
2026-10-07T15:54:19.454+08:00 INFO  [main] [requestId=5b401a84-12c6-40a4-9088-ebd7c3bbb75c] c.hify.common.RequestLoggingFilter - http.request method=GET path=/api/v1/documents/1e6b635d-7979-4108-903c-d78fea533520 status=200 latencyMs=1
2026-10-07T15:54:19.628+08:00 INFO  [main] [requestId=2192a0c3-da39-4a1a-bfb7-64f9c77ba335] c.hify.common.RequestLoggingFilter - http.request method=GET path=/api/v1/documents/1e6b635d-7979-4108-903c-d78fea533520 status=200 latencyMs=2
2026-10-07T15:54:19.758+08:00 INFO  [main] [requestId=4cb78dd5-4474-4d72-afdb-b63cc866682f] c.hify.common.RequestLoggingFilter - http.request method=DELETE path=/api/v1/documents/1e6b635d-7979-4108-903c-d78fea533520 status=200 latencyMs=3
2026-10-07T15:54:19.761+08:00 INFO  [main] [requestId=fe11b64c-7f44-485a-b942-b2fa2f0a1d8f] c.hify.common.RequestLoggingFilter - http.request method=POST path=/api/v1/knowledge-bases/b3f3f3cd-7aca-4cd4-9eea-bdba37902eaa/documents status=202 latencyMs=2
2026-10-07T15:54:19.762+08:00 INFO  [main] [requestId=264a6a05-8d9c-4dfa-ac4c-c365a824f18b] c.hify.common.RequestLoggingFilter - http.request method=GET path=/api/v1/documents/ca950ee4-3866-45dc-8d75-b91c76c4e1a9 status=200 latencyMs=0
2026-10-07T15:54:19.935+08:00 INFO  [main] [requestId=efbf43ad-5bc6-4cde-8089-73d270b06bbf] c.hify.common.RequestLoggingFilter - http.request method=GET path=/api/v1/documents/ca950ee4-3866-45dc-8d75-b91c76c4e1a9 status=200 latencyMs=2
2026-10-07T15:54:20.015+08:00 INFO  [main] [requestId=e83907cf-3ed2-40f6-9719-cb14a183cd73] c.hify.common.RequestLoggingFilter - http.request method=POST path=/api/v1/knowledge-bases status=201 latencyMs=2
2026-10-07T15:54:20.020+08:00 INFO  [main] [requestId=5c2ec5ab-2745-4ff1-b9b6-f8cf285cde15] c.hify.common.RequestLoggingFilter - http.request method=POST path=/api/v1/workflows status=201 latencyMs=4
2026-10-07T15:54:20.025+08:00 INFO  [main] [requestId=ef1aabc1-b56f-4f0c-9787-7ccc348bb5c8] c.hify.common.RequestLoggingFilter - http.request method=POST path=/api/v1/workflows/e87de9d0-e3f3-42cd-87f2-c02008a1a539/versions status=200 latencyMs=5
2026-10-07T15:54:20.035+08:00 INFO  [main] [requestId=1f977993-a640-4061-bfb5-8d277a2da951] c.hify.common.RequestLoggingFilter - http.request method=POST path=/api/v1/workflow-versions/ab238b66-5fca-4786-a5b9-9340a04b7822/runs status=202 latencyMs=9
2026-10-07T15:54:20.041+08:00 INFO  [main] [requestId=72510e97-c6e6-42bd-8ff4-1b7175053e4a] c.hify.common.RequestLoggingFilter - http.request method=POST path=/api/v1/knowledge-bases status=201 latencyMs=2
2026-10-07T15:54:20.044+08:00 INFO  [main] [requestId=de2cf618-d83f-45be-9dc5-b625a3012b2d] c.hify.common.RequestLoggingFilter - http.request method=POST path=/api/v1/knowledge-bases/0c9aece6-937d-4983-b1e0-b23d554aa90b/documents status=202 latencyMs=2
2026-10-07T15:54:20.045+08:00 INFO  [main] [requestId=8235dc09-c4b5-4772-b2ed-3517ea19465e] c.hify.common.RequestLoggingFilter - http.request method=GET path=/api/v1/documents/3c305720-7dc9-4703-8a35-32ca9ffacf93 status=200 latencyMs=0
2026-10-07T15:54:20.160+08:00 INFO  [main] [requestId=354458b2-9465-42df-a68b-df2083b0e4a4] c.hify.common.RequestLoggingFilter - http.request method=GET path=/api/v1/documents/3c305720-7dc9-4703-8a35-32ca9ffacf93 status=200 latencyMs=5
2026-10-07T15:54:20.668+08:00 INFO  [main] [requestId=42aba48d-441d-4882-8cdc-a8a35d3edb5e] c.hify.common.RequestLoggingFilter - http.request method=POST path=/api/v1/knowledge-bases status=201 latencyMs=3
2026-10-07T15:54:20.811+08:00 INFO  [main] [requestId=a719992e-21cb-43ae-80a2-85751b75990c] c.hify.common.RequestLoggingFilter - http.request method=POST path=/api/v1/knowledge-bases status=201 latencyMs=4
2026-10-07T15:54:20.816+08:00 INFO  [main] [requestId=7039cb73-8d69-46ad-8952-d1965171c999] c.hify.common.RequestLoggingFilter - http.request method=POST path=/api/v1/knowledge-bases/c6a381f4-aa83-4e16-9f07-aa104361a06c/documents status=202 latencyMs=4
2026-10-07T15:54:20.818+08:00 INFO  [main] [requestId=e5bba244-ee10-4ede-8652-999cbd1ac50c] c.hify.common.RequestLoggingFilter - http.request method=GET path=/api/v1/documents/097b7414-0503-445b-8676-1e41cdb2a122 status=200 latencyMs=1
2026-10-07T15:54:20.963+08:00 INFO  [main] [requestId=ff34d432-9c62-46ea-99e4-e184fd52ec2f] c.hify.common.RequestLoggingFilter - http.request method=GET path=/api/v1/documents/097b7414-0503-445b-8676-1e41cdb2a122 status=200 latencyMs=2
2026-10-07T15:54:21.088+08:00 INFO  [main] [requestId=2e152dc3-f6fa-4b67-9f81-e8dbe7c41f30] c.hify.common.RequestLoggingFilter - http.request method=POST path=/api/v1/knowledge-bases status=201 latencyMs=2
2026-10-07T15:54:21.093+08:00 INFO  [main] [requestId=632e156d-5d52-4297-aaae-c9c504ea941c] c.hify.common.RequestLoggingFilter - http.request method=POST path=/api/v1/knowledge-bases/2798873a-d78d-4daf-a7aa-553742b95ce6/documents status=202 latencyMs=4
2026-10-07T15:54:21.096+08:00 INFO  [main] [requestId=a0390afa-8a49-4f16-9e87-98d7548e76c2] c.hify.common.RequestLoggingFilter - http.request method=GET path=/api/v1/documents/a7dcf233-752a-4155-842e-b5b96af54645 status=200 latencyMs=2
2026-10-07T15:54:21.268+08:00 INFO  [main] [requestId=75beeaa0-4bde-4ec5-8f7c-d9a4200c88bf] c.hify.common.RequestLoggingFilter - http.request method=GET path=/api/v1/documents/a7dcf233-752a-4155-842e-b5b96af54645 status=200 latencyMs=4
2026-10-07T15:54:21.437+08:00 INFO  [main] [requestId=5c440c7c-fbc2-4c17-a4f3-644abbee4c26] c.hify.common.RequestLoggingFilter - http.request method=POST path=/api/v1/knowledge-bases status=201 latencyMs=3
2026-10-07T15:54:21.440+08:00 INFO  [main] [requestId=ec0bbb4c-b405-4bd2-9dce-bf258a671a9e] c.hify.common.RequestLoggingFilter - http.request method=POST path=/api/v1/knowledge-bases status=201 latencyMs=3
2026-10-07T15:54:21.444+08:00 INFO  [main] [requestId=eadf2a5a-e003-44f6-bd6d-ddc02caee3c6] c.hify.common.RequestLoggingFilter - http.request method=POST path=/api/v1/knowledge-bases/87e4f3af-46b3-4fff-8974-5082e7e4d565/documents status=202 latencyMs=3
2026-10-07T15:54:21.446+08:00 INFO  [main] [requestId=23beb3da-fc8d-4c27-ae2f-c91a30b419bd] c.hify.common.RequestLoggingFilter - http.request method=GET path=/api/v1/documents/f85fde8d-ac92-448d-b62e-da444c5baac5 status=200 latencyMs=1
2026-10-07T15:54:21.618+08:00 INFO  [main] [requestId=d0401d12-a8cf-428f-bca6-fd66671bf43d] c.hify.common.RequestLoggingFilter - http.request method=GET path=/api/v1/documents/f85fde8d-ac92-448d-b62e-da444c5baac5 status=200 latencyMs=5
[INFO] Tests run: 18, Failures: 0, Errors: 0, Skipped: 0, Time elapsed: 9.835 s -- in com.hify.api.KnowledgeFinishPostgresTest
[INFO] Running com.hify.api.PostgresConcurrencyIntegrationTest
2026-10-07T15:54:22.135+08:00 INFO  [main] [requestId=] o.s.t.c.s.AnnotationConfigContextLoaderUtils - Could not detect default configuration classes for test class [com.hify.api.PostgresConcurrencyIntegrationTest]: PostgresConcurrencyIntegrationTest does not declare any static, non-private, non-final, nested classes annotated with @Configuration.
2026-10-07T15:54:22.198+08:00 INFO  [main] [requestId=] o.s.b.t.c.SpringBootTestContextBootstrapper - Found @SpringBootConfiguration com.hify.HifyApplication for test class com.hify.api.PostgresConcurrencyIntegrationTest
2026-10-07T15:54:22.224+08:00 INFO  [main] [requestId=] tc.pgvector/pgvector:pg16 - Creating container for image: pgvector/pgvector:pg16
2026-10-07T15:54:22.369+08:00 INFO  [main] [requestId=] tc.pgvector/pgvector:pg16 - Container pgvector/pgvector:pg16 is starting: c05b659e8b63afed47252aadf9e3f3a55bf2a62a64362a29604a89c236385c98
2026-10-07T15:54:23.330+08:00 INFO  [main] [requestId=] tc.pgvector/pgvector:pg16 - Container pgvector/pgvector:pg16 started in PT1.105698S
2026-10-07T15:54:23.341+08:00 INFO  [main] [requestId=] tc.pgvector/pgvector:pg16 - Container is started (JDBC URL: jdbc:postgresql://127.0.0.1:32774/hify_test?loggerLevel=OFF)

  .   ____          _            __ _ _
 /\\ / ___'_ __ _ _(_)_ __  __ _ \ \ \ \
( ( )\___ | '_ | '_| | '_ \/ _` | \ \ \ \
 \\/  ___)| |_)| | | | | || (_| |  ) ) ) )
  '  |____| .__|_| |_|_| |_\__, | / / / /
 =========|_|==============|___/=/_/_/_/

 :: Spring Boot ::                (v3.4.5)

2026-10-07T15:54:23.597+08:00 INFO  [main] [requestId=] c.h.a.PostgresConcurrencyIntegrationTest - Starting PostgresConcurrencyIntegrationTest using Java 17.0.19 with PID 22759 (started by weberzhao in /private/tmp/hify-course-20261006.hhEhwt/retrieval-worktree/backend/hify-app)
2026-10-07T15:54:23.597+08:00 INFO  [main] [requestId=] c.h.a.PostgresConcurrencyIntegrationTest - No active profile set, falling back to 1 default profile: "default"
2026-10-07T15:54:24.437+08:00 INFO  [main] [requestId=] o.s.d.r.c.RepositoryConfigurationDelegate - Multiple Spring Data modules found, entering strict repository configuration mode
2026-10-07T15:54:24.438+08:00 INFO  [main] [requestId=] o.s.d.r.c.RepositoryConfigurationDelegate - Bootstrapping Spring Data JPA repositories in DEFAULT mode.
2026-10-07T15:54:24.468+08:00 INFO  [main] [requestId=] o.s.d.r.c.RepositoryConfigurationDelegate - Finished Spring Data repository scanning in 28 ms. Found 34 JPA repository interfaces.
2026-10-07T15:54:24.604+08:00 INFO  [main] [requestId=] com.zaxxer.hikari.HikariDataSource - HikariPool-10 - Starting...
2026-10-07T15:54:24.639+08:00 INFO  [main] [requestId=] com.zaxxer.hikari.pool.HikariPool - HikariPool-10 - Added connection org.postgresql.jdbc.PgConnection@354dd3e0
2026-10-07T15:54:24.639+08:00 INFO  [main] [requestId=] com.zaxxer.hikari.HikariDataSource - HikariPool-10 - Start completed.
2026-10-07T15:54:24.641+08:00 INFO  [main] [requestId=] org.flywaydb.core.FlywayExecutor - Database: jdbc:postgresql://127.0.0.1:32774/hify_test?loggerLevel=OFF (PostgreSQL 16.15)
2026-10-07T15:54:24.657+08:00 INFO  [main] [requestId=] o.f.c.i.s.JdbcTableSchemaHistory - Schema history table "public"."flyway_schema_history" does not exist yet
2026-10-07T15:54:24.657+08:00 INFO  [main] [requestId=] o.f.core.internal.command.DbValidate - Successfully validated 24 migrations (execution time 00:00.009s)
2026-10-07T15:54:24.664+08:00 INFO  [main] [requestId=] o.f.c.i.s.JdbcTableSchemaHistory - Creating Schema History table "public"."flyway_schema_history" ...
2026-10-07T15:54:24.680+08:00 INFO  [main] [requestId=] o.f.core.internal.command.DbMigrate - Current version of schema "public": << Empty Schema >>
2026-10-07T15:54:24.682+08:00 INFO  [main] [requestId=] o.f.core.internal.command.DbMigrate - Migrating schema "public" to version "1 - baseline"
2026-10-07T15:54:24.694+08:00 INFO  [main] [requestId=] o.f.core.internal.command.DbMigrate - Migrating schema "public" to version "2 - demo item"
2026-10-07T15:54:24.700+08:00 INFO  [main] [requestId=] o.f.core.internal.command.DbMigrate - Migrating schema "public" to version "3 - run replan control"
2026-10-07T15:54:24.709+08:00 INFO  [main] [requestId=] o.f.core.internal.command.DbMigrate - Migrating schema "public" to version "4 - run context state"
2026-10-07T15:54:24.728+08:00 INFO  [main] [requestId=] o.f.core.internal.command.DbMigrate - Migrating schema "public" to version "5 - provider catalog"
2026-10-07T15:54:24.746+08:00 INFO  [main] [requestId=] o.f.core.internal.command.DbMigrate - Migrating schema "public" to version "6 - agent publishing"
2026-10-07T15:54:24.766+08:00 INFO  [main] [requestId=] o.f.core.internal.command.DbMigrate - Migrating schema "public" to version "7 - agent archive and tool bindings"
2026-10-07T15:54:24.775+08:00 INFO  [main] [requestId=] o.f.core.internal.command.DbMigrate - Migrating schema "public" to version "8 - backfill agent tool bindings"
2026-10-07T15:54:24.786+08:00 INFO  [main] [requestId=] o.f.core.internal.command.DbMigrate - Migrating schema "public" to version "9 - runtime capability and history"
2026-10-07T15:54:24.794+08:00 INFO  [main] [requestId=] o.f.core.internal.command.DbMigrate - Migrating schema "public" to version "10 - child agent task protocol"
2026-10-07T15:54:24.807+08:00 INFO  [main] [requestId=] o.f.core.internal.command.DbMigrate - Migrating schema "public" to version "11 - context memory catalog"
2026-10-07T15:54:24.821+08:00 INFO  [main] [requestId=] o.f.core.internal.command.DbMigrate - Migrating schema "public" to version "12 - history full text index"
2026-10-07T15:54:24.826+08:00 INFO  [main] [requestId=] o.f.core.internal.command.DbMigrate - Migrating schema "public" to version "13 - history vector index"
2026-10-07T15:54:24.843+08:00 INFO  [main] [requestId=] o.f.core.internal.command.DbMigrate - Migrating schema "public" to version "14 - knowledge catalog"
2026-10-07T15:54:24.851+08:00 INFO  [main] [requestId=] o.f.core.internal.command.DbMigrate - Migrating schema "public" to version "15 - knowledge search indexes"
2026-10-07T15:54:24.861+08:00 INFO  [main] [requestId=] o.f.core.internal.command.DbMigrate - Migrating schema "public" to version "16 - workflow runtime"
2026-10-07T15:54:24.881+08:00 INFO  [main] [requestId=] o.f.core.internal.command.DbMigrate - Migrating schema "public" to version "17 - mcp server registry"
2026-10-07T15:54:24.904+08:00 INFO  [main] [requestId=] o.f.core.internal.command.DbMigrate - Migrating schema "public" to version "18 - agent knowledge capability"
2026-10-07T15:54:24.926+08:00 INFO  [main] [requestId=] o.f.core.internal.command.DbMigrate - Migrating schema "public" to version "19 - agent workflow mcp capabilities"
2026-10-07T15:54:24.939+08:00 INFO  [main] [requestId=] o.f.core.internal.command.DbMigrate - Migrating schema "public" to version "20 - mcp encrypted credentials"
2026-10-07T15:54:24.955+08:00 INFO  [main] [requestId=] o.f.core.internal.command.DbMigrate - Migrating schema "public" to version "21 - workflow control terminal states"
2026-10-07T15:54:24.981+08:00 INFO  [main] [requestId=] o.f.core.internal.command.DbMigrate - Migrating schema "public" to version "22 - workflow interrupted state"
2026-10-07T15:54:25.045+08:00 INFO  [main] [requestId=] o.f.core.internal.command.DbMigrate - Migrating schema "public" to version "23 - history operation recovery"
2026-10-07T15:54:25.062+08:00 INFO  [main] [requestId=] o.f.core.internal.command.DbMigrate - Migrating schema "public" to version "24 - semantic embedding profiles"
2026-10-07T15:54:25.070+08:00 INFO  [main] [requestId=] o.f.core.internal.command.DbMigrate - Successfully applied 24 migrations to schema "public", now at version v24 (execution time 00:00.199s)
2026-10-07T15:54:25.151+08:00 INFO  [main] [requestId=] o.h.jpa.internal.util.LogHelper - HHH000204: Processing PersistenceUnitInfo [name: default]
2026-10-07T15:54:25.153+08:00 INFO  [main] [requestId=] o.h.c.i.RegionFactoryInitiator - HHH000026: Second-level cache disabled
2026-10-07T15:54:25.332+08:00 INFO  [main] [requestId=] o.s.o.j.p.SpringPersistenceUnitInfo - No LoadTimeWeaver setup: ignoring JPA class transformer
2026-10-07T15:54:25.346+08:00 INFO  [main] [requestId=] o.hibernate.orm.connections.pooling - HHH10001005: Database info:
	Database JDBC URL [Connecting through datasource 'HikariDataSource (HikariPool-10)']
	Database driver: undefined/unknown
	Database version: 16.15
	Autocommit mode: undefined/unknown
	Isolation level: undefined/unknown
	Minimum pool size: undefined/unknown
	Maximum pool size: undefined/unknown
2026-10-07T15:54:25.534+08:00 INFO  [main] [requestId=] o.h.e.t.j.p.i.JtaPlatformInitiator - HHH000489: No JTA platform available (set 'hibernate.transaction.jta.platform' to enable JTA platform integration)
2026-10-07T15:54:25.551+08:00 INFO  [main] [requestId=] o.s.o.j.LocalContainerEntityManagerFactoryBean - Initialized JPA EntityManagerFactory for persistence unit 'default'
2026-10-07T15:54:27.157+08:00 INFO  [main] [requestId=] c.b.m.s.MybatisPlusApplicationContextAware - Register ApplicationContext instances org.springframework.web.context.support.GenericWebApplicationContext@4383cccf
2026-10-07T15:54:27.499+08:00 INFO  [main] [requestId=] o.s.b.t.m.w.SpringBootMockServletContext - Initializing Spring TestDispatcherServlet ''
2026-10-07T15:54:27.499+08:00 INFO  [main] [requestId=] o.s.t.w.s.TestDispatcherServlet - Initializing Servlet ''
2026-10-07T15:54:27.502+08:00 INFO  [main] [requestId=] o.s.b.a.e.web.EndpointLinksResolver - Exposing 2 endpoints beneath base path '/actuator'
2026-10-07T15:54:27.507+08:00 INFO  [main] [requestId=] o.s.t.w.s.TestDispatcherServlet - Completed initialization in 8 ms
2026-10-07T15:54:27.540+08:00 INFO  [main] [requestId=] c.h.a.PostgresConcurrencyIntegrationTest - Started PostgresConcurrencyIntegrationTest in 4.179 seconds (process running for 67.615)
2026-10-07T15:54:27.653+08:00 INFO  [main] [requestId=] o.s.o.j.LocalContainerEntityManagerFactoryBean - Closing JPA EntityManagerFactory for persistence unit 'default'
2026-10-07T15:54:27.655+08:00 INFO  [main] [requestId=] com.zaxxer.hikari.HikariDataSource - HikariPool-2 - Shutdown initiated...
2026-10-07T15:54:27.656+08:00 INFO  [main] [requestId=] com.zaxxer.hikari.HikariDataSource - HikariPool-2 - Shutdown completed.
2026-10-07T15:54:27.700+08:00 INFO  [main] [requestId=54f5c5f5-26b7-42de-bd98-1b817e52a7ac] c.hify.common.RequestLoggingFilter - http.request method=GET path=/api/v1/runs/event-run-45d5163d-4dea-4ae2-a60b-eda61454ed84/events/stream status=200 latencyMs=29
2026-10-07T15:54:27.820+08:00 INFO  [main] [requestId=1f1bda20-95fb-477a-a7a8-325a026a29dd] c.hify.common.RequestLoggingFilter - http.request method=POST path=/api/v1/conversations status=201 latencyMs=14
2026-10-07T15:54:27.849+08:00 INFO  [main] [requestId=7b5f4b64-e49a-47c1-aaeb-22b652e5a522] c.hify.common.RequestLoggingFilter - http.request method=POST path=/api/v1/conversations/c5d92344-deec-4c4c-ad23-e0b3e88dec37/runs status=202 latencyMs=27
2026-10-07T15:54:28.231+08:00 INFO  [main] [requestId=7cdb012f-4c4d-42b4-842a-0d842d79ba6e] c.hify.common.RequestLoggingFilter - http.request method=GET path=/api/v1/runs/e72cf399-9fea-4a6c-8669-526ee93e9aa7/events/stream status=200 latencyMs=2
2026-10-07T15:54:28.376+08:00 INFO  [main] [requestId=5c105aee-7476-4acd-bb31-d5243374aee5] c.hify.common.RequestLoggingFilter - http.request method=POST path=/api/v1/conversations/c5d92344-deec-4c4c-ad23-e0b3e88dec37/runs status=202 latencyMs=24
2026-10-07T15:54:28.705+08:00 INFO  [main] [requestId=bed0b853-c511-4e9c-a211-623fabd96408] c.hify.common.RequestLoggingFilter - http.request method=POST path=/api/v1/conversations status=201 latencyMs=19
2026-10-07T15:54:28.735+08:00 INFO  [main] [requestId=98f3a378-bdec-47a2-9b0c-819945c05178] c.hify.common.RequestLoggingFilter - http.request method=GET path=/api/v1/runs/event-run-f1c5c369-a1e9-4fa1-ab95-bf5e2938ecba/events/stream status=200 latencyMs=4
2026-10-07T15:54:28.822+08:00 WARN  [pool-27-thread-1] [requestId=] o.h.e.jdbc.spi.SqlExceptionHelper - SQL Error: 0, SQLState: 23505
2026-10-07T15:54:28.822+08:00 WARN  [pool-27-thread-2] [requestId=] o.h.e.jdbc.spi.SqlExceptionHelper - SQL Error: 0, SQLState: 23505
2026-10-07T15:54:28.822+08:00 WARN  [pool-27-thread-3] [requestId=] o.h.e.jdbc.spi.SqlExceptionHelper - SQL Error: 0, SQLState: 23505
2026-10-07T15:54:28.822+08:00 WARN  [pool-27-thread-7] [requestId=] o.h.e.jdbc.spi.SqlExceptionHelper - SQL Error: 0, SQLState: 23505
2026-10-07T15:54:28.823+08:00 ERROR [pool-27-thread-7] [requestId=] o.h.e.jdbc.spi.SqlExceptionHelper - ERROR: duplicate key value violates unique constraint "uq_run_idempotency"
  Detail: Key (conversation_id, idempotency_key)=(conv-8f58812f-db7f-43a8-b076-8d6c53638c63, same-key) already exists.
2026-10-07T15:54:28.822+08:00 ERROR [pool-27-thread-2] [requestId=] o.h.e.jdbc.spi.SqlExceptionHelper - ERROR: duplicate key value violates unique constraint "uq_run_idempotency"
  Detail: Key (conversation_id, idempotency_key)=(conv-8f58812f-db7f-43a8-b076-8d6c53638c63, same-key) already exists.
2026-10-07T15:54:28.822+08:00 ERROR [pool-27-thread-3] [requestId=] o.h.e.jdbc.spi.SqlExceptionHelper - ERROR: duplicate key value violates unique constraint "uq_run_idempotency"
  Detail: Key (conversation_id, idempotency_key)=(conv-8f58812f-db7f-43a8-b076-8d6c53638c63, same-key) already exists.
2026-10-07T15:54:28.823+08:00 ERROR [pool-27-thread-1] [requestId=] o.h.e.jdbc.spi.SqlExceptionHelper - ERROR: duplicate key value violates unique constraint "uq_run_idempotency"
  Detail: Key (conversation_id, idempotency_key)=(conv-8f58812f-db7f-43a8-b076-8d6c53638c63, same-key) already exists.
2026-10-07T15:54:28.823+08:00 WARN  [pool-27-thread-6] [requestId=] o.h.e.jdbc.spi.SqlExceptionHelper - SQL Error: 0, SQLState: 23505
2026-10-07T15:54:28.823+08:00 ERROR [pool-27-thread-6] [requestId=] o.h.e.jdbc.spi.SqlExceptionHelper - ERROR: duplicate key value violates unique constraint "uq_run_idempotency"
  Detail: Key (conversation_id, idempotency_key)=(conv-8f58812f-db7f-43a8-b076-8d6c53638c63, same-key) already exists.
2026-10-07T15:54:28.830+08:00 WARN  [pool-27-thread-5] [requestId=] o.h.e.jdbc.spi.SqlExceptionHelper - SQL Error: 0, SQLState: 23505
2026-10-07T15:54:28.830+08:00 ERROR [pool-27-thread-5] [requestId=] o.h.e.jdbc.spi.SqlExceptionHelper - ERROR: duplicate key value violates unique constraint "uq_run_idempotency"
  Detail: Key (conversation_id, idempotency_key)=(conv-8f58812f-db7f-43a8-b076-8d6c53638c63, same-key) already exists.
2026-10-07T15:54:28.830+08:00 WARN  [pool-27-thread-8] [requestId=] o.h.e.jdbc.spi.SqlExceptionHelper - SQL Error: 0, SQLState: 23505
2026-10-07T15:54:28.830+08:00 ERROR [pool-27-thread-8] [requestId=] o.h.e.jdbc.spi.SqlExceptionHelper - ERROR: duplicate key value violates unique constraint "uq_run_idempotency"
  Detail: Key (conversation_id, idempotency_key)=(conv-8f58812f-db7f-43a8-b076-8d6c53638c63, same-key) already exists.
2026-10-07T15:54:29.389+08:00 WARN  [pool-29-thread-3] [requestId=] o.h.e.jdbc.spi.SqlExceptionHelper - SQL Error: 0, SQLState: 23505
2026-10-07T15:54:29.389+08:00 WARN  [pool-29-thread-7] [requestId=] o.h.e.jdbc.spi.SqlExceptionHelper - SQL Error: 0, SQLState: 23505
2026-10-07T15:54:29.389+08:00 ERROR [pool-29-thread-3] [requestId=] o.h.e.jdbc.spi.SqlExceptionHelper - ERROR: duplicate key value violates unique constraint "uq_agent_definition_name"
  Detail: Key (name)=(Concurrent Agent f642aca8-1aff-47b1-80a9-cf91b934caed) already exists.
2026-10-07T15:54:29.389+08:00 ERROR [pool-29-thread-7] [requestId=] o.h.e.jdbc.spi.SqlExceptionHelper - ERROR: duplicate key value violates unique constraint "uq_agent_definition_name"
  Detail: Key (name)=(Concurrent Agent f642aca8-1aff-47b1-80a9-cf91b934caed) already exists.
2026-10-07T15:54:29.389+08:00 WARN  [pool-29-thread-6] [requestId=] o.h.e.jdbc.spi.SqlExceptionHelper - SQL Error: 0, SQLState: 23505
2026-10-07T15:54:29.389+08:00 ERROR [pool-29-thread-6] [requestId=] o.h.e.jdbc.spi.SqlExceptionHelper - ERROR: duplicate key value violates unique constraint "uq_agent_definition_name"
  Detail: Key (name)=(Concurrent Agent f642aca8-1aff-47b1-80a9-cf91b934caed) already exists.
2026-10-07T15:54:29.389+08:00 WARN  [pool-29-thread-4] [requestId=] o.h.e.jdbc.spi.SqlExceptionHelper - SQL Error: 0, SQLState: 23505
2026-10-07T15:54:29.389+08:00 WARN  [pool-29-thread-1] [requestId=] o.h.e.jdbc.spi.SqlExceptionHelper - SQL Error: 0, SQLState: 23505
2026-10-07T15:54:29.389+08:00 ERROR [pool-29-thread-4] [requestId=] o.h.e.jdbc.spi.SqlExceptionHelper - ERROR: duplicate key value violates unique constraint "uq_agent_definition_name"
  Detail: Key (name)=(Concurrent Agent f642aca8-1aff-47b1-80a9-cf91b934caed) already exists.
2026-10-07T15:54:29.389+08:00 ERROR [pool-29-thread-1] [requestId=] o.h.e.jdbc.spi.SqlExceptionHelper - ERROR: duplicate key value violates unique constraint "uq_agent_definition_name"
  Detail: Key (name)=(Concurrent Agent f642aca8-1aff-47b1-80a9-cf91b934caed) already exists.
2026-10-07T15:54:29.389+08:00 WARN  [pool-29-thread-2] [requestId=] o.h.e.jdbc.spi.SqlExceptionHelper - SQL Error: 0, SQLState: 23505
2026-10-07T15:54:29.389+08:00 ERROR [pool-29-thread-2] [requestId=] o.h.e.jdbc.spi.SqlExceptionHelper - ERROR: duplicate key value violates unique constraint "uq_agent_definition_name"
  Detail: Key (name)=(Concurrent Agent f642aca8-1aff-47b1-80a9-cf91b934caed) already exists.
2026-10-07T15:54:29.389+08:00 WARN  [pool-29-thread-5] [requestId=] o.h.e.jdbc.spi.SqlExceptionHelper - SQL Error: 0, SQLState: 23505
2026-10-07T15:54:29.389+08:00 ERROR [pool-29-thread-5] [requestId=] o.h.e.jdbc.spi.SqlExceptionHelper - ERROR: duplicate key value violates unique constraint "uq_agent_definition_name"
  Detail: Key (name)=(Concurrent Agent f642aca8-1aff-47b1-80a9-cf91b934caed) already exists.
2026-10-07T15:54:29.402+08:00 INFO  [main] [requestId=5a4d3c1f-d26a-4307-b004-530fd0f7b007] c.hify.common.RequestLoggingFilter - http.request method=POST path=/api/v1/conversations status=201 latencyMs=4
2026-10-07T15:54:29.404+08:00 INFO  [main] [requestId=5f59b409-246b-41ca-b377-7d95aeae2abd] c.hify.common.RequestLoggingFilter - http.request method=POST path=/api/v1/conversations/bacc6aed-3683-4625-905b-7cafe72a8f12/runs status=400 latencyMs=1
2026-10-07T15:54:29.426+08:00 INFO  [main] [requestId=fbd29be2-90c1-4344-8ef0-5c27969b2362] c.hify.common.RequestLoggingFilter - http.request method=POST path=/api/v1/conversations/bacc6aed-3683-4625-905b-7cafe72a8f12/runs status=400 latencyMs=1
2026-10-07T15:54:29.426+08:00 INFO  [main] [requestId=f5b8a54f-0153-4edc-8040-a430d36f0a59] c.hify.common.RequestLoggingFilter - http.request method=POST path=/api/v1/conversations/bacc6aed-3683-4625-905b-7cafe72a8f12/runs status=400 latencyMs=0
2026-10-07T15:54:29.439+08:00 INFO  [main] [requestId=32cb5d64-32e8-430b-9bd0-c0cec6d961a1] c.hify.common.RequestLoggingFilter - http.request method=POST path=/api/v1/conversations/bacc6aed-3683-4625-905b-7cafe72a8f12/runs status=202 latencyMs=10
[INFO] Tests run: 7, Failures: 0, Errors: 0, Skipped: 0, Time elapsed: 7.760 s -- in com.hify.api.PostgresConcurrencyIntegrationTest
[INFO] Running com.hify.api.AgentToolBindingMigrationTest
2026-10-07T15:54:29.943+08:00 INFO  [main] [requestId=] org.flywaydb.core.FlywayExecutor - Database: jdbc:h2:mem:agent-tool-upgrade-9120474b-4b7d-47c5-a707-d70bab7f209b (H2 2.3)
2026-10-07T15:54:29.944+08:00 WARN  [main] [requestId=] o.f.c.i.database.base.Database - Flyway upgrade recommended: H2 2.3.232 is newer than this version of Flyway and support has not been tested. The latest supported version of H2 is 2.2.224.
2026-10-07T15:54:29.950+08:00 INFO  [main] [requestId=] o.f.c.i.s.JdbcTableSchemaHistory - Schema history table "PUBLIC"."flyway_schema_history" does not exist yet
2026-10-07T15:54:29.952+08:00 INFO  [main] [requestId=] o.f.core.internal.command.DbValidate - Successfully validated 24 migrations (execution time 00:00.007s)
2026-10-07T15:54:29.955+08:00 INFO  [main] [requestId=] o.f.c.i.s.JdbcTableSchemaHistory - Creating Schema History table "PUBLIC"."flyway_schema_history" ...
2026-10-07T15:54:29.960+08:00 INFO  [main] [requestId=] o.f.core.internal.command.DbMigrate - Current version of schema "PUBLIC": << Empty Schema >>
2026-10-07T15:54:29.963+08:00 INFO  [main] [requestId=] o.f.core.internal.command.DbMigrate - Migrating schema "PUBLIC" to version "1 - baseline"
2026-10-07T15:54:30.000+08:00 INFO  [main] [requestId=] o.f.core.internal.command.DbMigrate - Migrating schema "PUBLIC" to version "2 - demo item"
2026-10-07T15:54:30.008+08:00 INFO  [main] [requestId=] o.f.core.internal.command.DbMigrate - Migrating schema "PUBLIC" to version "3 - run replan control"
2026-10-07T15:54:30.023+08:00 INFO  [main] [requestId=] o.f.core.internal.command.DbMigrate - Migrating schema "PUBLIC" to version "4 - run context state"
2026-10-07T15:54:30.053+08:00 INFO  [main] [requestId=] o.f.core.internal.command.DbMigrate - Migrating schema "PUBLIC" to version "5 - provider catalog"
2026-10-07T15:54:30.065+08:00 INFO  [main] [requestId=] o.f.core.internal.command.DbMigrate - Migrating schema "PUBLIC" to version "6 - agent publishing"
2026-10-07T15:54:30.098+08:00 INFO  [main] [requestId=] o.f.core.internal.command.DbMigrate - Successfully applied 6 migrations to schema "PUBLIC", now at version v6 (execution time 00:00.107s)
2026-10-07T15:54:30.117+08:00 INFO  [main] [requestId=] org.flywaydb.core.FlywayExecutor - Database: jdbc:h2:mem:agent-tool-upgrade-9120474b-4b7d-47c5-a707-d70bab7f209b (H2 2.3)
2026-10-07T15:54:30.120+08:00 WARN  [main] [requestId=] o.f.c.i.database.base.Database - Flyway upgrade recommended: H2 2.3.232 is newer than this version of Flyway and support has not been tested. The latest supported version of H2 is 2.2.224.
2026-10-07T15:54:30.124+08:00 INFO  [main] [requestId=] o.f.core.internal.command.DbValidate - Successfully validated 24 migrations (execution time 00:00.003s)
2026-10-07T15:54:30.126+08:00 INFO  [main] [requestId=] o.f.core.internal.command.DbMigrate - Current version of schema "PUBLIC": 6
2026-10-07T15:54:30.127+08:00 INFO  [main] [requestId=] o.f.core.internal.command.DbMigrate - Migrating schema "PUBLIC" to version "7 - agent archive and tool bindings"
2026-10-07T15:54:30.132+08:00 INFO  [main] [requestId=] o.f.core.internal.command.DbMigrate - Migrating schema "PUBLIC" to version "8 - backfill agent tool bindings"
2026-10-07T15:54:30.141+08:00 INFO  [main] [requestId=] o.f.core.internal.command.DbMigrate - Migrating schema "PUBLIC" to version "9 - runtime capability and history"
2026-10-07T15:54:30.159+08:00 INFO  [main] [requestId=] o.f.core.internal.command.DbMigrate - Migrating schema "PUBLIC" to version "10 - child agent task protocol"
2026-10-07T15:54:30.169+08:00 INFO  [main] [requestId=] o.f.core.internal.command.DbMigrate - Migrating schema "PUBLIC" to version "11 - context memory catalog"
2026-10-07T15:54:30.172+08:00 INFO  [main] [requestId=] o.f.core.internal.command.DbMigrate - Migrating schema "PUBLIC" to version "12 - history full text index"
2026-10-07T15:54:30.172+08:00 INFO  [main] [requestId=] o.f.core.internal.command.DbMigrate - Migrating schema "PUBLIC" to version "13 - history vector index"
2026-10-07T15:54:30.176+08:00 INFO  [main] [requestId=] o.f.core.internal.command.DbMigrate - Migrating schema "PUBLIC" to version "14 - knowledge catalog"
2026-10-07T15:54:30.183+08:00 INFO  [main] [requestId=] o.f.core.internal.command.DbMigrate - Migrating schema "PUBLIC" to version "15 - knowledge search indexes"
2026-10-07T15:54:30.188+08:00 INFO  [main] [requestId=] o.f.core.internal.command.DbMigrate - Migrating schema "PUBLIC" to version "16 - workflow runtime"
2026-10-07T15:54:30.199+08:00 INFO  [main] [requestId=] o.f.core.internal.command.DbMigrate - Migrating schema "PUBLIC" to version "17 - mcp server registry"
2026-10-07T15:54:30.202+08:00 INFO  [main] [requestId=] o.f.core.internal.command.DbMigrate - Migrating schema "PUBLIC" to version "18 - agent knowledge capability"
2026-10-07T15:54:30.212+08:00 INFO  [main] [requestId=] o.f.core.internal.command.DbMigrate - Migrating schema "PUBLIC" to version "19 - agent workflow mcp capabilities"
2026-10-07T15:54:30.216+08:00 INFO  [main] [requestId=] o.f.core.internal.command.DbMigrate - Migrating schema "PUBLIC" to version "20 - mcp encrypted credentials"
2026-10-07T15:54:30.217+08:00 INFO  [main] [requestId=] o.f.core.internal.command.DbMigrate - Migrating schema "PUBLIC" to version "21 - workflow control terminal states"
2026-10-07T15:54:30.220+08:00 INFO  [main] [requestId=] o.f.core.internal.command.DbMigrate - Migrating schema "PUBLIC" to version "22 - workflow interrupted state"
2026-10-07T15:54:30.223+08:00 INFO  [main] [requestId=] o.f.core.internal.command.DbMigrate - Migrating schema "PUBLIC" to version "23 - history operation recovery"
2026-10-07T15:54:30.228+08:00 INFO  [main] [requestId=] o.f.core.internal.command.DbMigrate - Migrating schema "PUBLIC" to version "24 - semantic embedding profiles"
2026-10-07T15:54:30.234+08:00 INFO  [main] [requestId=] o.f.core.internal.command.DbMigrate - Successfully applied 18 migrations to schema "PUBLIC", now at version v24 (execution time 00:00.063s)
[INFO] Tests run: 1, Failures: 0, Errors: 0, Skipped: 0, Time elapsed: 0.352 s -- in com.hify.api.AgentToolBindingMigrationTest
[INFO] Running com.hify.api.McpCredentialPostgresTest
2026-10-07T15:54:30.244+08:00 INFO  [main] [requestId=] o.s.t.c.s.AnnotationConfigContextLoaderUtils - Could not detect default configuration classes for test class [com.hify.api.McpCredentialPostgresTest]: McpCredentialPostgresTest does not declare any static, non-private, non-final, nested classes annotated with @Configuration.
2026-10-07T15:54:30.248+08:00 INFO  [main] [requestId=] o.s.b.t.c.SpringBootTestContextBootstrapper - Found @SpringBootConfiguration com.hify.HifyApplication for test class com.hify.api.McpCredentialPostgresTest
2026-10-07T15:54:30.249+08:00 INFO  [main] [requestId=] tc.pgvector/pgvector:pg16 - Creating container for image: pgvector/pgvector:pg16
2026-10-07T15:54:30.318+08:00 INFO  [main] [requestId=] tc.pgvector/pgvector:pg16 - Container pgvector/pgvector:pg16 is starting: abd1383e9f488cf74cceb7670be88ff2982c23291c1a2432fe849e1de288f602
2026-10-07T15:54:31.124+08:00 INFO  [main] [requestId=] tc.pgvector/pgvector:pg16 - Container pgvector/pgvector:pg16 started in PT0.873632S
2026-10-07T15:54:31.128+08:00 INFO  [main] [requestId=] tc.pgvector/pgvector:pg16 - Container is started (JDBC URL: jdbc:postgresql://127.0.0.1:32775/hify_test?loggerLevel=OFF)

  .   ____          _            __ _ _
 /\\ / ___'_ __ _ _(_)_ __  __ _ \ \ \ \
( ( )\___ | '_ | '_| | '_ \/ _` | \ \ \ \
 \\/  ___)| |_)| | | | | || (_| |  ) ) ) )
  '  |____| .__|_| |_|_| |_\__, | / / / /
 =========|_|==============|___/=/_/_/_/

 :: Spring Boot ::                (v3.4.5)

2026-10-07T15:54:31.293+08:00 INFO  [main] [requestId=] c.hify.api.McpCredentialPostgresTest - Starting McpCredentialPostgresTest using Java 17.0.19 with PID 22759 (started by weberzhao in /private/tmp/hify-course-20261006.hhEhwt/retrieval-worktree/backend/hify-app)
2026-10-07T15:54:31.294+08:00 INFO  [main] [requestId=] c.hify.api.McpCredentialPostgresTest - No active profile set, falling back to 1 default profile: "default"
2026-10-07T15:54:31.645+08:00 INFO  [main] [requestId=] o.s.d.r.c.RepositoryConfigurationDelegate - Multiple Spring Data modules found, entering strict repository configuration mode
2026-10-07T15:54:31.645+08:00 INFO  [main] [requestId=] o.s.d.r.c.RepositoryConfigurationDelegate - Bootstrapping Spring Data JPA repositories in DEFAULT mode.
2026-10-07T15:54:31.740+08:00 INFO  [main] [requestId=] o.s.d.r.c.RepositoryConfigurationDelegate - Finished Spring Data repository scanning in 93 ms. Found 34 JPA repository interfaces.
2026-10-07T15:54:32.071+08:00 INFO  [main] [requestId=] com.zaxxer.hikari.HikariDataSource - HikariPool-11 - Starting...
2026-10-07T15:54:32.120+08:00 INFO  [main] [requestId=] com.zaxxer.hikari.pool.HikariPool - HikariPool-11 - Added connection org.postgresql.jdbc.PgConnection@6681f99d
2026-10-07T15:54:32.121+08:00 INFO  [main] [requestId=] com.zaxxer.hikari.HikariDataSource - HikariPool-11 - Start completed.
2026-10-07T15:54:32.122+08:00 INFO  [main] [requestId=] org.flywaydb.core.FlywayExecutor - Database: jdbc:postgresql://127.0.0.1:32775/hify_test?loggerLevel=OFF (PostgreSQL 16.15)
2026-10-07T15:54:32.130+08:00 INFO  [main] [requestId=] o.f.c.i.s.JdbcTableSchemaHistory - Schema history table "public"."flyway_schema_history" does not exist yet
2026-10-07T15:54:32.131+08:00 INFO  [main] [requestId=] o.f.core.internal.command.DbValidate - Successfully validated 24 migrations (execution time 00:00.004s)
2026-10-07T15:54:32.136+08:00 INFO  [main] [requestId=] o.f.c.i.s.JdbcTableSchemaHistory - Creating Schema History table "public"."flyway_schema_history" ...
2026-10-07T15:54:32.158+08:00 INFO  [main] [requestId=] o.f.core.internal.command.DbMigrate - Current version of schema "public": << Empty Schema >>
2026-10-07T15:54:32.163+08:00 INFO  [main] [requestId=] o.f.core.internal.command.DbMigrate - Migrating schema "public" to version "1 - baseline"
2026-10-07T15:54:32.187+08:00 INFO  [main] [requestId=] o.f.core.internal.command.DbMigrate - Migrating schema "public" to version "2 - demo item"
2026-10-07T15:54:32.198+08:00 INFO  [main] [requestId=] o.f.core.internal.command.DbMigrate - Migrating schema "public" to version "3 - run replan control"
2026-10-07T15:54:32.209+08:00 INFO  [main] [requestId=] o.f.core.internal.command.DbMigrate - Migrating schema "public" to version "4 - run context state"
2026-10-07T15:54:32.226+08:00 INFO  [main] [requestId=] o.f.core.internal.command.DbMigrate - Migrating schema "public" to version "5 - provider catalog"
2026-10-07T15:54:32.240+08:00 INFO  [main] [requestId=] o.f.core.internal.command.DbMigrate - Migrating schema "public" to version "6 - agent publishing"
2026-10-07T15:54:32.307+08:00 INFO  [main] [requestId=] o.f.core.internal.command.DbMigrate - Migrating schema "public" to version "7 - agent archive and tool bindings"
2026-10-07T15:54:32.319+08:00 INFO  [main] [requestId=] o.f.core.internal.command.DbMigrate - Migrating schema "public" to version "8 - backfill agent tool bindings"
2026-10-07T15:54:32.331+08:00 INFO  [main] [requestId=] o.f.core.internal.command.DbMigrate - Migrating schema "public" to version "9 - runtime capability and history"
2026-10-07T15:54:32.346+08:00 INFO  [main] [requestId=] o.f.core.internal.command.DbMigrate - Migrating schema "public" to version "10 - child agent task protocol"
2026-10-07T15:54:32.362+08:00 INFO  [main] [requestId=] o.f.core.internal.command.DbMigrate - Migrating schema "public" to version "11 - context memory catalog"
2026-10-07T15:54:32.375+08:00 INFO  [main] [requestId=] o.f.core.internal.command.DbMigrate - Migrating schema "public" to version "12 - history full text index"
2026-10-07T15:54:32.380+08:00 INFO  [main] [requestId=] o.f.core.internal.command.DbMigrate - Migrating schema "public" to version "13 - history vector index"
2026-10-07T15:54:32.406+08:00 INFO  [main] [requestId=] o.f.core.internal.command.DbMigrate - Migrating schema "public" to version "14 - knowledge catalog"
2026-10-07T15:54:32.418+08:00 INFO  [main] [requestId=] o.f.core.internal.command.DbMigrate - Migrating schema "public" to version "15 - knowledge search indexes"
2026-10-07T15:54:32.425+08:00 INFO  [main] [requestId=] o.f.core.internal.command.DbMigrate - Migrating schema "public" to version "16 - workflow runtime"
2026-10-07T15:54:32.452+08:00 INFO  [main] [requestId=] o.f.core.internal.command.DbMigrate - Migrating schema "public" to version "17 - mcp server registry"
2026-10-07T15:54:32.466+08:00 INFO  [main] [requestId=] o.f.core.internal.command.DbMigrate - Migrating schema "public" to version "18 - agent knowledge capability"
2026-10-07T15:54:32.476+08:00 INFO  [main] [requestId=] o.f.core.internal.command.DbMigrate - Migrating schema "public" to version "19 - agent workflow mcp capabilities"
2026-10-07T15:54:32.483+08:00 INFO  [main] [requestId=] o.f.core.internal.command.DbMigrate - Migrating schema "public" to version "20 - mcp encrypted credentials"
2026-10-07T15:54:32.490+08:00 INFO  [main] [requestId=] o.f.core.internal.command.DbMigrate - Migrating schema "public" to version "21 - workflow control terminal states"
2026-10-07T15:54:32.498+08:00 INFO  [main] [requestId=] o.f.core.internal.command.DbMigrate - Migrating schema "public" to version "22 - workflow interrupted state"
2026-10-07T15:54:32.505+08:00 INFO  [main] [requestId=] o.f.core.internal.command.DbMigrate - Migrating schema "public" to version "23 - history operation recovery"
2026-10-07T15:54:32.513+08:00 INFO  [main] [requestId=] o.f.core.internal.command.DbMigrate - Migrating schema "public" to version "24 - semantic embedding profiles"
2026-10-07T15:54:32.519+08:00 INFO  [main] [requestId=] o.f.core.internal.command.DbMigrate - Successfully applied 24 migrations to schema "public", now at version v24 (execution time 00:00.165s)
2026-10-07T15:54:32.636+08:00 INFO  [main] [requestId=] o.h.jpa.internal.util.LogHelper - HHH000204: Processing PersistenceUnitInfo [name: default]
2026-10-07T15:54:32.642+08:00 INFO  [main] [requestId=] o.h.c.i.RegionFactoryInitiator - HHH000026: Second-level cache disabled
2026-10-07T15:54:32.669+08:00 INFO  [main] [requestId=] o.s.o.j.p.SpringPersistenceUnitInfo - No LoadTimeWeaver setup: ignoring JPA class transformer
2026-10-07T15:54:32.680+08:00 INFO  [main] [requestId=] o.hibernate.orm.connections.pooling - HHH10001005: Database info:
	Database JDBC URL [Connecting through datasource 'HikariDataSource (HikariPool-11)']
	Database driver: undefined/unknown
	Database version: 16.15
	Autocommit mode: undefined/unknown
	Isolation level: undefined/unknown
	Minimum pool size: undefined/unknown
	Maximum pool size: undefined/unknown
2026-10-07T15:54:32.792+08:00 INFO  [main] [requestId=] o.h.e.t.j.p.i.JtaPlatformInitiator - HHH000489: No JTA platform available (set 'hibernate.transaction.jta.platform' to enable JTA platform integration)
2026-10-07T15:54:32.802+08:00 INFO  [main] [requestId=] o.s.o.j.LocalContainerEntityManagerFactoryBean - Initialized JPA EntityManagerFactory for persistence unit 'default'
2026-10-07T15:54:34.143+08:00 INFO  [main] [requestId=] c.b.m.s.MybatisPlusApplicationContextAware - Register ApplicationContext instances org.springframework.web.context.support.GenericWebApplicationContext@1f4004e6
2026-10-07T15:54:34.692+08:00 INFO  [main] [requestId=] o.s.b.t.m.w.SpringBootMockServletContext - Initializing Spring TestDispatcherServlet ''
2026-10-07T15:54:34.693+08:00 INFO  [main] [requestId=] o.s.t.w.s.TestDispatcherServlet - Initializing Servlet ''
2026-10-07T15:54:34.696+08:00 INFO  [main] [requestId=] o.s.b.a.e.web.EndpointLinksResolver - Exposing 2 endpoints beneath base path '/actuator'
2026-10-07T15:54:34.703+08:00 INFO  [main] [requestId=] o.s.t.w.s.TestDispatcherServlet - Completed initialization in 10 ms
2026-10-07T15:54:34.726+08:00 INFO  [main] [requestId=] c.hify.api.McpCredentialPostgresTest - Started McpCredentialPostgresTest in 3.557 seconds (process running for 74.801)
2026-10-07T15:54:34.801+08:00 INFO  [main] [requestId=] o.s.o.j.LocalContainerEntityManagerFactoryBean - Closing JPA EntityManagerFactory for persistence unit 'default'
2026-10-07T15:54:34.801+08:00 INFO  [main] [requestId=] com.zaxxer.hikari.HikariDataSource - HikariPool-9 - Shutdown initiated...
2026-10-07T15:54:34.802+08:00 INFO  [main] [requestId=] com.zaxxer.hikari.HikariDataSource - HikariPool-9 - Shutdown completed.
2026-10-07T15:54:34.850+08:00 INFO  [main] [requestId=b267744b-6e5c-4f7f-ba50-b4575f2c1152] c.hify.common.RequestLoggingFilter - http.request method=POST path=/api/v1/mcp-servers status=201 latencyMs=18
2026-10-07T15:54:34.855+08:00 INFO  [main] [requestId=60e8f1ff-5745-412f-b1cd-c19ccf83b6c3] c.hify.common.RequestLoggingFilter - http.request method=GET path=/api/v1/mcp-servers/fad0d765-fbc6-4677-8ebe-f872c41cc40e status=200 latencyMs=3
2026-10-07T15:54:34.862+08:00 INFO  [main] [requestId=776f3e7a-dde9-4774-9cc6-2bd9ee9d3885] c.hify.common.RequestLoggingFilter - http.request method=GET path=/api/v1/mcp-servers status=200 latencyMs=6
2026-10-07T15:54:34.866+08:00 INFO  [main] [requestId=47774077-1937-47e5-8af3-5fe2a2e4447e] c.hify.common.RequestLoggingFilter - http.request method=PUT path=/api/v1/mcp-servers/fad0d765-fbc6-4677-8ebe-f872c41cc40e status=200 latencyMs=3
2026-10-07T15:54:34.869+08:00 INFO  [main] [requestId=191c944a-a0a0-4d8f-9954-066b4b9a65be] c.hify.common.RequestLoggingFilter - http.request method=PUT path=/api/v1/mcp-servers/fad0d765-fbc6-4677-8ebe-f872c41cc40e status=200 latencyMs=2
2026-10-07T15:54:34.872+08:00 INFO  [main] [requestId=caa07066-dc5b-444b-a560-d10d2353115b] c.hify.common.RequestLoggingFilter - http.request method=PUT path=/api/v1/mcp-servers/fad0d765-fbc6-4677-8ebe-f872c41cc40e status=200 latencyMs=2
2026-10-07T15:54:34.878+08:00 INFO  [main] [requestId=fb217528-96d6-407e-b1ce-d117ad32fe30] c.hify.common.RequestLoggingFilter - http.request method=PUT path=/api/v1/mcp-servers/fad0d765-fbc6-4677-8ebe-f872c41cc40e status=200 latencyMs=2
2026-10-07T15:54:34.880+08:00 INFO  [main] [requestId=521a028c-52ad-428a-9c08-383fc4b044a1] c.hify.common.RequestLoggingFilter - http.request method=GET path=/api/v1/mcp-servers/fad0d765-fbc6-4677-8ebe-f872c41cc40e status=200 latencyMs=1
2026-10-07T15:54:34.888+08:00 INFO  [main] [requestId=459327bb-1103-423d-84a7-cb11dc8c3f3c] c.hify.common.RequestLoggingFilter - http.request method=POST path=/api/v1/mcp-servers status=201 latencyMs=4
2026-10-07T15:54:34.890+08:00 INFO  [main] [requestId=d5f6b9be-33ad-408b-8cff-6836abeed0c2] c.hify.common.RequestLoggingFilter - http.request method=PUT path=/api/v1/mcp-servers/6fb3f3ef-b9f1-4097-bd07-eec3b02f0462 status=400 latencyMs=1
2026-10-07T15:54:34.892+08:00 INFO  [main] [requestId=25999e4d-b313-4d39-a9bd-b7ff79d9f6cb] c.hify.common.RequestLoggingFilter - http.request method=GET path=/api/v1/mcp-servers/6fb3f3ef-b9f1-4097-bd07-eec3b02f0462 status=200 latencyMs=0
2026-10-07T15:54:34.894+08:00 INFO  [main] [requestId=2b6fffb5-0cc5-46f1-8ead-f634d12c27b8] c.hify.common.RequestLoggingFilter - http.request method=PUT path=/api/v1/mcp-servers/6fb3f3ef-b9f1-4097-bd07-eec3b02f0462 status=400 latencyMs=1
2026-10-07T15:54:34.898+08:00 INFO  [main] [requestId=30e82c56-6ca5-4a88-8312-184793121115] c.hify.common.RequestLoggingFilter - http.request method=PUT path=/api/v1/mcp-servers/6fb3f3ef-b9f1-4097-bd07-eec3b02f0462 status=200 latencyMs=3
2026-10-07T15:54:34.905+08:00 INFO  [main] [requestId=92bb9e47-773a-47a0-86ae-05fbca380d0f] c.hify.common.RequestLoggingFilter - http.request method=POST path=/api/v1/mcp-servers status=201 latencyMs=3
2026-10-07T15:54:34.909+08:00 INFO  [main] [requestId=8e97436b-57d4-4d51-a25e-96d2f23cc38f] c.hify.common.RequestLoggingFilter - http.request method=POST path=/api/v1/mcp-servers/482938ac-8cc2-4209-9dd3-d8f2f9619368/tools:refresh status=400 latencyMs=2
2026-10-07T15:54:34.915+08:00 INFO  [main] [requestId=672a9af0-171f-481d-8717-23d662cf059e] c.hify.common.RequestLoggingFilter - http.request method=POST path=/api/v1/mcp-servers status=400 latencyMs=2
2026-10-07T15:54:34.917+08:00 INFO  [main] [requestId=7366f6e6-e20a-4a6b-8815-7b909dfc46b1] c.hify.common.RequestLoggingFilter - http.request method=POST path=/api/v1/mcp-servers status=400 latencyMs=2
2026-10-07T15:54:34.919+08:00 INFO  [main] [requestId=ac7b1aca-a012-448c-9711-217e9e9e7306] c.hify.common.RequestLoggingFilter - http.request method=POST path=/api/v1/mcp-servers status=400 latencyMs=1
2026-10-07T15:54:34.921+08:00 INFO  [main] [requestId=59aa2754-ad5a-4570-a529-d20c7399179d] c.hify.common.RequestLoggingFilter - http.request method=POST path=/api/v1/mcp-servers status=400 latencyMs=1
2026-10-07T15:54:34.923+08:00 INFO  [main] [requestId=3e5f98fe-3604-4c1e-81d8-7f9d8bbfa2b8] c.hify.common.RequestLoggingFilter - http.request method=POST path=/api/v1/mcp-servers status=400 latencyMs=1
2026-10-07T15:54:34.924+08:00 INFO  [main] [requestId=37967e29-f7e4-43d4-813b-cfffee516503] c.hify.common.RequestLoggingFilter - http.request method=POST path=/api/v1/mcp-servers status=400 latencyMs=1
2026-10-07T15:54:34.927+08:00 INFO  [main] [requestId=976c6512-f31a-454f-9a49-01bcdef42053] c.hify.common.RequestLoggingFilter - http.request method=POST path=/api/v1/mcp-servers status=400 latencyMs=1
2026-10-07T15:54:34.928+08:00 INFO  [main] [requestId=62a955ef-3bb9-4227-a4ea-5b3dcc0c47ce] c.hify.common.RequestLoggingFilter - http.request method=POST path=/api/v1/mcp-servers status=400 latencyMs=1
2026-10-07T15:54:34.930+08:00 INFO  [main] [requestId=e6c822da-03f9-45fb-95f5-863c4632aa67] c.hify.common.RequestLoggingFilter - http.request method=POST path=/api/v1/mcp-servers status=400 latencyMs=1
2026-10-07T15:54:34.938+08:00 INFO  [main] [requestId=4e59cfeb-27cb-4ede-b592-4e9cf41b3b5c] c.hify.common.RequestLoggingFilter - http.request method=POST path=/api/v1/mcp-servers status=201 latencyMs=4
2026-10-07T15:54:35.037+08:00 INFO  [main] [requestId=13a9b231-511f-4582-a6ea-543a41b70516] c.hify.common.RequestLoggingFilter - http.request method=POST path=/api/v1/mcp-servers/ea5c86ef-0f01-4ef9-a5fb-85fdab564e7e/tools:refresh status=200 latencyMs=98
2026-10-07T15:54:35.057+08:00 INFO  [main] [requestId=7f13cb4d-2d28-4c95-a9a9-d4969ed5a8a3] c.hify.common.RequestLoggingFilter - http.request method=POST path=/api/v1/agents status=201 latencyMs=19
2026-10-07T15:54:35.073+08:00 INFO  [main] [requestId=848d23bb-66b1-4d0f-ba45-23ca25f889cc] c.hify.common.RequestLoggingFilter - http.request method=PUT path=/api/v1/agents/9af09bad-2a13-4316-9542-81a50002bcf8/mcp-bindings status=200 latencyMs=15
2026-10-07T15:54:35.088+08:00 INFO  [main] [requestId=7f811c6a-0667-4e7a-b0f7-b4eabed49edb] c.hify.common.RequestLoggingFilter - http.request method=POST path=/api/v1/agents/9af09bad-2a13-4316-9542-81a50002bcf8/publications status=200 latencyMs=14
2026-10-07T15:54:35.106+08:00 INFO  [main] [requestId=d4252811-6de1-4fcf-8b2d-7ba44727768f] c.hify.common.RequestLoggingFilter - http.request method=POST path=/api/v1/mcp-servers status=201 latencyMs=5
2026-10-07T15:54:35.109+08:00 INFO  [main] [requestId=c9764e0b-82e2-4cbd-b200-df1794fd0dc1] c.hify.common.RequestLoggingFilter - http.request method=GET path=/api/v1/mcp-servers/73cd5174-5c82-4f3e-b4d6-6fa844514ded status=200 latencyMs=1
2026-10-07T15:54:35.117+08:00 INFO  [main] [requestId=6ed40f31-aeb6-49ea-90f5-5da1eacea933] c.hify.common.RequestLoggingFilter - http.request method=POST path=/api/v1/mcp-servers status=201 latencyMs=4
2026-10-07T15:54:35.127+08:00 INFO  [main] [requestId=05001905-647b-40aa-aafe-7d7770ec9605] c.hify.common.RequestLoggingFilter - http.request method=POST path=/api/v1/mcp-servers status=400 latencyMs=7
2026-10-07T15:54:35.130+08:00 INFO  [main] [requestId=6d9363cd-fe97-4b54-a251-cded36c1d83f] c.hify.common.RequestLoggingFilter - http.request method=POST path=/api/v1/mcp-servers status=400 latencyMs=3
2026-10-07T15:54:35.137+08:00 INFO  [main] [requestId=4f407187-2992-460c-b07f-bc098905c45f] c.hify.common.RequestLoggingFilter - http.request method=POST path=/api/v1/mcp-servers status=400 latencyMs=6
2026-10-07T15:54:35.143+08:00 INFO  [main] [requestId=7e5f5606-2ab9-498d-922a-41d3d9de78c1] c.hify.common.RequestLoggingFilter - http.request method=POST path=/api/v1/mcp-servers status=400 latencyMs=5
2026-10-07T15:54:35.148+08:00 INFO  [main] [requestId=2ea6375b-4daa-46ad-93c5-cc9803fde635] c.hify.common.RequestLoggingFilter - http.request method=POST path=/api/v1/mcp-servers status=400 latencyMs=4
2026-10-07T15:54:35.153+08:00 INFO  [main] [requestId=cc8658d5-4652-4183-a4d1-c7de5e27cfdc] c.hify.common.RequestLoggingFilter - http.request method=POST path=/api/v1/mcp-servers status=400 latencyMs=4
2026-10-07T15:54:35.158+08:00 INFO  [main] [requestId=c3340635-85d2-4fc7-abcc-a0312654b21a] c.hify.common.RequestLoggingFilter - http.request method=POST path=/api/v1/mcp-servers status=400 latencyMs=5
2026-10-07T15:54:35.173+08:00 INFO  [main] [requestId=ea09516d-46d7-4e1f-87a1-51cec567661b] c.hify.common.RequestLoggingFilter - http.request method=POST path=/api/v1/mcp-servers status=400 latencyMs=13
2026-10-07T15:54:35.182+08:00 INFO  [main] [requestId=0e02fed7-1631-42a9-b30e-1fbe82a0c490] c.hify.common.RequestLoggingFilter - http.request method=POST path=/api/v1/mcp-servers status=400 latencyMs=8
2026-10-07T15:54:35.194+08:00 INFO  [main] [requestId=6a7c5f89-de9f-42e0-9424-bb5b2a333a48] c.hify.common.RequestLoggingFilter - http.request method=POST path=/api/v1/mcp-servers status=400 latencyMs=10
2026-10-07T15:54:35.204+08:00 INFO  [main] [requestId=87b23dcf-7e7c-471d-a5ba-fc62314003cc] c.hify.common.RequestLoggingFilter - http.request method=POST path=/api/v1/mcp-servers status=201 latencyMs=6
2026-10-07T15:54:35.221+08:00 INFO  [main] [requestId=eb7c66f4-2bc4-4494-983b-087572702d62] c.hify.common.RequestLoggingFilter - http.request method=POST path=/api/v1/mcp-servers/78e07dbc-b92f-43ee-8b56-f1a31a149616/tools:refresh status=200 latencyMs=16
2026-10-07T15:54:35.228+08:00 INFO  [main] [requestId=c03e77c9-7f1f-4b9e-a5f6-a4af7d6cfca2] c.hify.common.RequestLoggingFilter - http.request method=POST path=/api/v1/agents status=201 latencyMs=6
2026-10-07T15:54:35.241+08:00 INFO  [main] [requestId=37b9b561-455e-43b9-ae78-dd06081dc6bb] c.hify.common.RequestLoggingFilter - http.request method=PUT path=/api/v1/agents/efb90e48-883e-4a4f-833d-3ae6396d661b/mcp-bindings status=200 latencyMs=12
2026-10-07T15:54:35.253+08:00 INFO  [main] [requestId=32bc29d4-9f5c-4dc7-8937-1c312946f893] c.hify.common.RequestLoggingFilter - http.request method=POST path=/api/v1/agents/efb90e48-883e-4a4f-833d-3ae6396d661b/publications status=200 latencyMs=11
2026-10-07T15:54:35.258+08:00 INFO  [main] [requestId=5432f81d-dc33-4bf5-959a-615e1ad0f108] c.hify.common.RequestLoggingFilter - http.request method=PUT path=/api/v1/mcp-servers/78e07dbc-b92f-43ee-8b56-f1a31a149616 status=200 latencyMs=4
2026-10-07T15:54:35.259+08:00 INFO  [main] [requestId=61de61f3-5139-4a08-9df3-b35e1496ae68] c.hify.common.RequestLoggingFilter - http.request method=GET path=/api/v1/mcp-servers/78e07dbc-b92f-43ee-8b56-f1a31a149616 status=200 latencyMs=0
2026-10-07T15:54:35.267+08:00 INFO  [main] [requestId=bab92f1a-d25d-4733-83d0-1813d7ae7cb8] c.hify.common.RequestLoggingFilter - http.request method=POST path=/api/v1/mcp-servers/78e07dbc-b92f-43ee-8b56-f1a31a149616/tools:refresh status=200 latencyMs=7
2026-10-07T15:54:35.283+08:00 INFO  [main] [requestId=fbc2c777-ef82-4101-be1a-dd4324f1b7ba] c.hify.common.RequestLoggingFilter - http.request method=PUT path=/api/v1/mcp-servers/78e07dbc-b92f-43ee-8b56-f1a31a149616 status=200 latencyMs=3
2026-10-07T15:54:35.292+08:00 INFO  [main] [requestId=2460f101-5f70-4a98-a268-57ede851581a] c.hify.common.RequestLoggingFilter - http.request method=POST path=/api/v1/mcp-servers/78e07dbc-b92f-43ee-8b56-f1a31a149616/tools:refresh status=200 latencyMs=8
[INFO] Tests run: 8, Failures: 0, Errors: 0, Skipped: 0, Time elapsed: 5.345 s -- in com.hify.api.McpCredentialPostgresTest
[INFO] Running com.hify.api.WorkflowKnowledgePostgresTest
2026-10-07T15:54:35.757+08:00 INFO  [main] [requestId=] o.s.t.c.s.AnnotationConfigContextLoaderUtils - Could not detect default configuration classes for test class [com.hify.api.WorkflowKnowledgePostgresTest]: WorkflowKnowledgePostgresTest does not declare any static, non-private, non-final, nested classes annotated with @Configuration.
2026-10-07T15:54:35.783+08:00 INFO  [main] [requestId=] o.s.b.t.c.SpringBootTestContextBootstrapper - Found @SpringBootConfiguration com.hify.HifyApplication for test class com.hify.api.WorkflowKnowledgePostgresTest
2026-10-07T15:54:35.794+08:00 INFO  [main] [requestId=] tc.pgvector/pgvector:pg16 - Creating container for image: pgvector/pgvector:pg16
2026-10-07T15:54:36.025+08:00 INFO  [main] [requestId=] tc.pgvector/pgvector:pg16 - Container pgvector/pgvector:pg16 is starting: 9fa2e463a893b8465edef66846900cb3b22be1d1c01b3033d4025685af9afa1a
2026-10-07T15:54:36.918+08:00 INFO  [main] [requestId=] tc.pgvector/pgvector:pg16 - Container pgvector/pgvector:pg16 started in PT1.123611S
2026-10-07T15:54:36.920+08:00 INFO  [main] [requestId=] tc.pgvector/pgvector:pg16 - Container is started (JDBC URL: jdbc:postgresql://127.0.0.1:32776/workflow_knowledge?loggerLevel=OFF)

  .   ____          _            __ _ _
 /\\ / ___'_ __ _ _(_)_ __  __ _ \ \ \ \
( ( )\___ | '_ | '_| | '_ \/ _` | \ \ \ \
 \\/  ___)| |_)| | | | | || (_| |  ) ) ) )
  '  |____| .__|_| |_|_| |_\__, | / / / /
 =========|_|==============|___/=/_/_/_/

 :: Spring Boot ::                (v3.4.5)

2026-10-07T15:54:37.024+08:00 INFO  [main] [requestId=] c.h.a.WorkflowKnowledgePostgresTest - Starting WorkflowKnowledgePostgresTest using Java 17.0.19 with PID 22759 (started by weberzhao in /private/tmp/hify-course-20261006.hhEhwt/retrieval-worktree/backend/hify-app)
2026-10-07T15:54:37.024+08:00 INFO  [main] [requestId=] c.h.a.WorkflowKnowledgePostgresTest - No active profile set, falling back to 1 default profile: "default"
2026-10-07T15:54:37.437+08:00 INFO  [main] [requestId=] o.s.d.r.c.RepositoryConfigurationDelegate - Multiple Spring Data modules found, entering strict repository configuration mode
2026-10-07T15:54:37.437+08:00 INFO  [main] [requestId=] o.s.d.r.c.RepositoryConfigurationDelegate - Bootstrapping Spring Data JPA repositories in DEFAULT mode.
2026-10-07T15:54:37.479+08:00 INFO  [main] [requestId=] o.s.d.r.c.RepositoryConfigurationDelegate - Finished Spring Data repository scanning in 37 ms. Found 34 JPA repository interfaces.
2026-10-07T15:54:37.641+08:00 INFO  [main] [requestId=] com.zaxxer.hikari.HikariDataSource - HikariPool-12 - Starting...
2026-10-07T15:54:37.688+08:00 INFO  [main] [requestId=] com.zaxxer.hikari.pool.HikariPool - HikariPool-12 - Added connection org.postgresql.jdbc.PgConnection@59e30a49
2026-10-07T15:54:37.688+08:00 INFO  [main] [requestId=] com.zaxxer.hikari.HikariDataSource - HikariPool-12 - Start completed.
2026-10-07T15:54:37.690+08:00 INFO  [main] [requestId=] org.flywaydb.core.FlywayExecutor - Database: jdbc:postgresql://127.0.0.1:32776/workflow_knowledge?loggerLevel=OFF (PostgreSQL 16.15)
2026-10-07T15:54:37.711+08:00 INFO  [main] [requestId=] o.f.c.i.s.JdbcTableSchemaHistory - Schema history table "public"."flyway_schema_history" does not exist yet
2026-10-07T15:54:37.712+08:00 INFO  [main] [requestId=] o.f.core.internal.command.DbValidate - Successfully validated 24 migrations (execution time 00:00.014s)
2026-10-07T15:54:37.726+08:00 INFO  [main] [requestId=] o.f.c.i.s.JdbcTableSchemaHistory - Creating Schema History table "public"."flyway_schema_history" ...
2026-10-07T15:54:37.774+08:00 INFO  [main] [requestId=] o.f.core.internal.command.DbMigrate - Current version of schema "public": << Empty Schema >>
2026-10-07T15:54:37.780+08:00 INFO  [main] [requestId=] o.f.core.internal.command.DbMigrate - Migrating schema "public" to version "1 - baseline"
2026-10-07T15:54:37.808+08:00 INFO  [main] [requestId=] o.f.core.internal.command.DbMigrate - Migrating schema "public" to version "2 - demo item"
2026-10-07T15:54:37.815+08:00 INFO  [main] [requestId=] o.f.core.internal.command.DbMigrate - Migrating schema "public" to version "3 - run replan control"
2026-10-07T15:54:37.830+08:00 INFO  [main] [requestId=] o.f.core.internal.command.DbMigrate - Migrating schema "public" to version "4 - run context state"
2026-10-07T15:54:37.860+08:00 INFO  [main] [requestId=] o.f.core.internal.command.DbMigrate - Migrating schema "public" to version "5 - provider catalog"
2026-10-07T15:54:37.890+08:00 INFO  [main] [requestId=] o.f.core.internal.command.DbMigrate - Migrating schema "public" to version "6 - agent publishing"
2026-10-07T15:54:37.910+08:00 INFO  [main] [requestId=] o.f.core.internal.command.DbMigrate - Migrating schema "public" to version "7 - agent archive and tool bindings"
2026-10-07T15:54:37.931+08:00 INFO  [main] [requestId=] o.f.core.internal.command.DbMigrate - Migrating schema "public" to version "8 - backfill agent tool bindings"
2026-10-07T15:54:37.951+08:00 INFO  [main] [requestId=] o.f.core.internal.command.DbMigrate - Migrating schema "public" to version "9 - runtime capability and history"
2026-10-07T15:54:37.976+08:00 INFO  [main] [requestId=] o.f.core.internal.command.DbMigrate - Migrating schema "public" to version "10 - child agent task protocol"
2026-10-07T15:54:37.986+08:00 INFO  [main] [requestId=] o.f.core.internal.command.DbMigrate - Migrating schema "public" to version "11 - context memory catalog"
2026-10-07T15:54:38.005+08:00 INFO  [main] [requestId=] o.f.core.internal.command.DbMigrate - Migrating schema "public" to version "12 - history full text index"
2026-10-07T15:54:38.029+08:00 INFO  [main] [requestId=] o.f.core.internal.command.DbMigrate - Migrating schema "public" to version "13 - history vector index"
2026-10-07T15:54:38.072+08:00 INFO  [main] [requestId=] o.f.core.internal.command.DbMigrate - Migrating schema "public" to version "14 - knowledge catalog"
2026-10-07T15:54:38.083+08:00 INFO  [main] [requestId=] o.f.core.internal.command.DbMigrate - Migrating schema "public" to version "15 - knowledge search indexes"
2026-10-07T15:54:38.227+08:00 INFO  [main] [requestId=] o.f.core.internal.command.DbMigrate - Migrating schema "public" to version "16 - workflow runtime"
2026-10-07T15:54:38.283+08:00 INFO  [main] [requestId=] o.f.core.internal.command.DbMigrate - Migrating schema "public" to version "17 - mcp server registry"
2026-10-07T15:54:38.302+08:00 INFO  [main] [requestId=] o.f.core.internal.command.DbMigrate - Migrating schema "public" to version "18 - agent knowledge capability"
2026-10-07T15:54:38.316+08:00 INFO  [main] [requestId=] o.f.core.internal.command.DbMigrate - Migrating schema "public" to version "19 - agent workflow mcp capabilities"
2026-10-07T15:54:38.329+08:00 INFO  [main] [requestId=] o.f.core.internal.command.DbMigrate - Migrating schema "public" to version "20 - mcp encrypted credentials"
2026-10-07T15:54:38.337+08:00 INFO  [main] [requestId=] o.f.core.internal.command.DbMigrate - Migrating schema "public" to version "21 - workflow control terminal states"
2026-10-07T15:54:38.346+08:00 INFO  [main] [requestId=] o.f.core.internal.command.DbMigrate - Migrating schema "public" to version "22 - workflow interrupted state"
2026-10-07T15:54:38.354+08:00 INFO  [main] [requestId=] o.f.core.internal.command.DbMigrate - Migrating schema "public" to version "23 - history operation recovery"
2026-10-07T15:54:38.358+08:00 INFO  [main] [requestId=] o.f.core.internal.command.DbMigrate - Migrating schema "public" to version "24 - semantic embedding profiles"
2026-10-07T15:54:38.363+08:00 INFO  [main] [requestId=] o.f.core.internal.command.DbMigrate - Successfully applied 24 migrations to schema "public", now at version v24 (execution time 00:00.294s)
2026-10-07T15:54:38.411+08:00 INFO  [main] [requestId=] o.h.jpa.internal.util.LogHelper - HHH000204: Processing PersistenceUnitInfo [name: default]
2026-10-07T15:54:38.414+08:00 INFO  [main] [requestId=] o.h.c.i.RegionFactoryInitiator - HHH000026: Second-level cache disabled
2026-10-07T15:54:38.425+08:00 INFO  [main] [requestId=] o.s.o.j.p.SpringPersistenceUnitInfo - No LoadTimeWeaver setup: ignoring JPA class transformer
2026-10-07T15:54:38.434+08:00 INFO  [main] [requestId=] o.hibernate.orm.connections.pooling - HHH10001005: Database info:
	Database JDBC URL [Connecting through datasource 'HikariDataSource (HikariPool-12)']
	Database driver: undefined/unknown
	Database version: 16.15
	Autocommit mode: undefined/unknown
	Isolation level: undefined/unknown
	Minimum pool size: undefined/unknown
	Maximum pool size: undefined/unknown
2026-10-07T15:54:38.505+08:00 INFO  [main] [requestId=] o.h.e.t.j.p.i.JtaPlatformInitiator - HHH000489: No JTA platform available (set 'hibernate.transaction.jta.platform' to enable JTA platform integration)
2026-10-07T15:54:38.520+08:00 INFO  [main] [requestId=] o.s.o.j.LocalContainerEntityManagerFactoryBean - Initialized JPA EntityManagerFactory for persistence unit 'default'
2026-10-07T15:54:40.912+08:00 INFO  [main] [requestId=] c.b.m.s.MybatisPlusApplicationContextAware - Register ApplicationContext instances org.springframework.web.context.support.GenericWebApplicationContext@62922b5a
2026-10-07T15:54:41.834+08:00 INFO  [main] [requestId=] o.s.b.t.m.w.SpringBootMockServletContext - Initializing Spring TestDispatcherServlet ''
2026-10-07T15:54:41.835+08:00 INFO  [main] [requestId=] o.s.t.w.s.TestDispatcherServlet - Initializing Servlet ''
2026-10-07T15:54:41.848+08:00 INFO  [main] [requestId=] o.s.b.a.e.web.EndpointLinksResolver - Exposing 2 endpoints beneath base path '/actuator'
2026-10-07T15:54:41.863+08:00 INFO  [main] [requestId=] o.s.t.w.s.TestDispatcherServlet - Completed initialization in 28 ms
2026-10-07T15:54:41.909+08:00 INFO  [main] [requestId=] c.h.a.WorkflowKnowledgePostgresTest - Started WorkflowKnowledgePostgresTest in 4.978 seconds (process running for 81.984)
2026-10-07T15:54:42.076+08:00 INFO  [main] [requestId=] o.s.o.j.LocalContainerEntityManagerFactoryBean - Closing JPA EntityManagerFactory for persistence unit 'default'
2026-10-07T15:54:42.078+08:00 INFO  [main] [requestId=] com.zaxxer.hikari.HikariDataSource - HikariPool-10 - Shutdown initiated...
2026-10-07T15:54:42.081+08:00 INFO  [main] [requestId=] com.zaxxer.hikari.HikariDataSource - HikariPool-10 - Shutdown completed.
2026-10-07T15:54:42.124+08:00 INFO  [main] [requestId=5638b931-b0a2-4822-8514-743452376eaa] c.hify.common.RequestLoggingFilter - http.request method=POST path=/api/v1/knowledge-bases status=201 latencyMs=26
2026-10-07T15:54:42.146+08:00 INFO  [main] [requestId=dcfc0239-8fca-4fed-b1da-f30a116afa0f] c.hify.common.RequestLoggingFilter - http.request method=POST path=/api/v1/knowledge-bases status=201 latencyMs=6
2026-10-07T15:54:42.178+08:00 INFO  [main] [requestId=e20c4e32-259a-4ac0-880d-821a9d86c316] c.hify.common.RequestLoggingFilter - http.request method=POST path=/api/v1/workflows status=201 latencyMs=29
2026-10-07T15:54:42.180+08:00 INFO  [main] [requestId=d840de28-21ec-4c22-8e76-d981c398e439] c.hify.common.RequestLoggingFilter - http.request method=POST path=/api/v1/workflows status=400 latencyMs=1
2026-10-07T15:54:42.182+08:00 INFO  [main] [requestId=8372f267-73d5-4adc-9958-04fb1a4a7a78] c.hify.common.RequestLoggingFilter - http.request method=PUT path=/api/v1/workflows/fcb82556-14de-4807-b857-3cea3d9ddf74 status=400 latencyMs=1
2026-10-07T15:54:42.202+08:00 INFO  [main] [requestId=78effbe6-caea-4403-a181-e7da2f66fb19] c.hify.common.RequestLoggingFilter - http.request method=POST path=/api/v1/workflow-versions/1937668a-9180-48a2-ae3e-cb3dcd92c158/runs status=409 latencyMs=12
2026-10-07T15:54:42.258+08:00 INFO  [main] [requestId=7f7deb7b-5a3c-4c80-a324-33f82560c2b0] c.hify.common.RequestLoggingFilter - http.request method=POST path=/api/v1/knowledge-bases status=201 latencyMs=6
2026-10-07T15:54:42.273+08:00 INFO  [main] [requestId=d4dbf932-070d-44df-b140-041b5f85d4ba] c.hify.common.RequestLoggingFilter - http.request method=POST path=/api/v1/knowledge-bases/bfc80915-baf9-4a4f-9512-a2b95cd7b2e7/documents status=202 latencyMs=14
2026-10-07T15:54:42.282+08:00 INFO  [main] [requestId=a42b9e6e-208d-49a1-aec1-f0d3850d75cf] c.hify.common.RequestLoggingFilter - http.request method=GET path=/api/v1/documents/8f5d751f-a6a0-4989-a7d6-26544e129bbb status=200 latencyMs=8
2026-10-07T15:54:42.469+08:00 INFO  [main] [requestId=a22dbaf4-751d-41d4-92dc-345918d4bf55] c.hify.common.RequestLoggingFilter - http.request method=GET path=/api/v1/documents/8f5d751f-a6a0-4989-a7d6-26544e129bbb status=200 latencyMs=15
2026-10-07T15:54:42.475+08:00 INFO  [main] [requestId=113f3900-ada2-4680-846c-8444800432c2] c.hify.common.RequestLoggingFilter - http.request method=GET path=/api/v1/documents/8f5d751f-a6a0-4989-a7d6-26544e129bbb/chunks status=200 latencyMs=5
2026-10-07T15:54:42.482+08:00 INFO  [main] [requestId=24f50e33-2ed5-4c5a-a229-18668a3c3e06] c.hify.common.RequestLoggingFilter - http.request method=DELETE path=/api/v1/documents/8f5d751f-a6a0-4989-a7d6-26544e129bbb status=200 latencyMs=6
2026-10-07T15:54:42.496+08:00 INFO  [main] [requestId=950b8068-cbea-4728-965f-4d68f4e5c142] c.hify.common.RequestLoggingFilter - http.request method=POST path=/api/v1/knowledge-bases status=201 latencyMs=6
2026-10-07T15:54:42.502+08:00 INFO  [main] [requestId=eeac8e60-5a73-4243-bd34-487b9cd8847c] c.hify.common.RequestLoggingFilter - http.request method=POST path=/api/v1/knowledge-bases/6e65a6cd-e7d8-4908-9d53-8f81318cb3e5/documents status=202 latencyMs=6
2026-10-07T15:54:42.505+08:00 INFO  [main] [requestId=4c36e696-846e-4814-8d7a-f04b289995cd] c.hify.common.RequestLoggingFilter - http.request method=GET path=/api/v1/documents/234f135e-25f0-4f73-b77d-783ff9e6b33e status=200 latencyMs=2
2026-10-07T15:54:42.677+08:00 INFO  [main] [requestId=ea0730e2-8071-4aac-944e-fc9c07791b0b] c.hify.common.RequestLoggingFilter - http.request method=GET path=/api/v1/documents/234f135e-25f0-4f73-b77d-783ff9e6b33e status=200 latencyMs=2
2026-10-07T15:54:42.684+08:00 INFO  [main] [requestId=c63fa6d7-12cf-4d6e-89b4-92c95d505d7e] c.hify.common.RequestLoggingFilter - http.request method=POST path=/api/v1/workflows status=201 latencyMs=7
2026-10-07T15:54:42.697+08:00 INFO  [main] [requestId=aaa78b29-da6d-407f-a9b7-610f8e9b0532] c.hify.common.RequestLoggingFilter - http.request method=POST path=/api/v1/workflows/4342b26d-196c-47e4-992c-e170c159f076/versions status=200 latencyMs=12
2026-10-07T15:54:42.714+08:00 INFO  [main] [requestId=7ded5eaa-b56a-4905-a941-5cec4938a42d] c.hify.common.RequestLoggingFilter - http.request method=POST path=/api/v1/agents status=201 latencyMs=15
2026-10-07T15:54:42.721+08:00 INFO  [main] [requestId=67ac024a-a3e5-4d8b-849d-4cbe3e5fc858] c.hify.common.RequestLoggingFilter - http.request method=PUT path=/api/v1/agents/39599b01-914a-4cf9-b7ff-e6457360372a/workflow-binding status=200 latencyMs=6
2026-10-07T15:54:42.731+08:00 INFO  [main] [requestId=c391368c-97f8-47ab-9cc1-5450ee025f8f] c.hify.common.RequestLoggingFilter - http.request method=POST path=/api/v1/agents/39599b01-914a-4cf9-b7ff-e6457360372a/publications status=200 latencyMs=10
2026-10-07T15:54:42.741+08:00 INFO  [main] [requestId=ea5a80a5-a53f-43f1-b94c-2471433922ae] c.hify.common.RequestLoggingFilter - http.request method=POST path=/api/v1/conversations status=201 latencyMs=8
2026-10-07T15:54:42.763+08:00 INFO  [main] [requestId=f2f17daa-aa40-4db1-a4f8-aebf473a639a] c.hify.common.RequestLoggingFilter - http.request method=POST path=/api/v1/workflow-versions/83de53f7-c511-4ee4-9f86-9a8ef8f8c622/runs status=202 latencyMs=21
2026-10-07T15:54:42.766+08:00 INFO  [main] [requestId=a7950e6f-ad56-48a0-a1d6-4471eca2c999] c.hify.common.RequestLoggingFilter - http.request method=DELETE path=/api/v1/documents/234f135e-25f0-4f73-b77d-783ff9e6b33e status=200 latencyMs=2
2026-10-07T15:54:42.770+08:00 INFO  [main] [requestId=576ee2e1-f5ea-488c-abdc-ee46de9814ad] c.hify.common.RequestLoggingFilter - http.request method=POST path=/api/v1/knowledge-bases/6e65a6cd-e7d8-4908-9d53-8f81318cb3e5/documents status=202 latencyMs=3
2026-10-07T15:54:42.771+08:00 INFO  [main] [requestId=186295b8-b22a-47ea-841c-71f7919839db] c.hify.common.RequestLoggingFilter - http.request method=GET path=/api/v1/documents/3f0634c8-33cc-4a53-8081-9428ea6059d4 status=200 latencyMs=1
2026-10-07T15:54:42.955+08:00 INFO  [main] [requestId=eada80bf-05f6-4f10-87e5-6cb73f5276e1] c.hify.common.RequestLoggingFilter - http.request method=GET path=/api/v1/documents/3f0634c8-33cc-4a53-8081-9428ea6059d4 status=200 latencyMs=9
2026-10-07T15:54:42.990+08:00 INFO  [main] [requestId=5589d25a-0494-4b20-8120-99acbbb65796] c.hify.common.RequestLoggingFilter - http.request method=POST path=/api/v1/workflow-versions/83de53f7-c511-4ee4-9f86-9a8ef8f8c622/runs status=202 latencyMs=34
2026-10-07T15:54:43.006+08:00 INFO  [main] [requestId=a63a2463-ecd7-40b6-86b5-75bf0901cef4] c.hify.common.RequestLoggingFilter - http.request method=POST path=/api/v1/workflows/4342b26d-196c-47e4-992c-e170c159f076/versions status=200 latencyMs=10
2026-10-07T15:54:43.024+08:00 INFO  [main] [requestId=54a29a53-2ecd-45f2-a0db-29150c7f1be6] c.hify.common.RequestLoggingFilter - http.request method=POST path=/api/v1/workflow-versions/17d0f4a2-64df-49e5-ae51-36942f094c5f/runs status=202 latencyMs=15
2026-10-07T15:54:43.042+08:00 INFO  [main] [requestId=c47711ec-6ed5-4c16-9e8a-df719ea97111] c.hify.common.RequestLoggingFilter - http.request method=POST path=/api/v1/agents/39599b01-914a-4cf9-b7ff-e6457360372a/publications status=200 latencyMs=17
2026-10-07T15:54:43.065+08:00 INFO  [main] [requestId=2be57fc6-d6bc-4c78-9e38-456c5f48098d] c.hify.common.RequestLoggingFilter - http.request method=POST path=/api/v1/conversations/c06b62e3-45c3-4531-831b-bdc0a818e30e/runs status=202 latencyMs=23
2026-10-07T15:54:43.067+08:00 INFO  [main] [requestId=ec406f15-31e1-4ffe-991a-e417df05fce5] c.hify.common.RequestLoggingFilter - http.request method=GET path=/api/v1/runs/cb006d0f-c608-4972-b60b-f38e7a70bc0f status=200 latencyMs=1
2026-10-07T15:54:43.202+08:00 INFO  [main] [requestId=b77136ab-93f0-4a48-b529-6bba923b0da5] c.hify.common.RequestLoggingFilter - http.request method=GET path=/api/v1/runs/cb006d0f-c608-4972-b60b-f38e7a70bc0f status=200 latencyMs=4
2026-10-07T15:54:43.209+08:00 INFO  [main] [requestId=1bb562af-481d-4294-82f9-f6f8c6553f57] c.hify.common.RequestLoggingFilter - http.request method=POST path=/api/v1/conversations status=201 latencyMs=5
2026-10-07T15:54:43.227+08:00 INFO  [main] [requestId=e8f6aaf9-5d27-4d35-bb15-a02ebe3d89fc] c.hify.common.RequestLoggingFilter - http.request method=POST path=/api/v1/conversations/ab360b91-c201-4636-9253-ca0136df2502/runs status=202 latencyMs=18
2026-10-07T15:54:43.229+08:00 INFO  [main] [requestId=9902a2fa-18ea-4bf1-b17a-63770cefd894] c.hify.common.RequestLoggingFilter - http.request method=GET path=/api/v1/runs/b67d1b85-ac48-466f-9da0-22fbd6bc70db status=200 latencyMs=1
2026-10-07T15:54:43.404+08:00 INFO  [main] [requestId=6cf36cdd-aa77-442c-8b74-83087626f563] c.hify.common.RequestLoggingFilter - http.request method=GET path=/api/v1/runs/b67d1b85-ac48-466f-9da0-22fbd6bc70db status=200 latencyMs=1
2026-10-07T15:54:43.409+08:00 INFO  [main] [requestId=48962f76-d7ff-420a-8335-aa9cedfd2df7] c.hify.common.RequestLoggingFilter - http.request method=GET path=/api/v1/workflows/4342b26d-196c-47e4-992c-e170c159f076 status=200 latencyMs=4
2026-10-07T15:54:43.414+08:00 INFO  [main] [requestId=c4d8f764-de28-4ba0-9af0-6e1ed1c5c8dc] c.hify.common.RequestLoggingFilter - http.request method=DELETE path=/api/v1/knowledge-bases/6e65a6cd-e7d8-4908-9d53-8f81318cb3e5 status=200 latencyMs=3
2026-10-07T15:54:43.427+08:00 INFO  [main] [requestId=69b8be32-1d47-4d36-a5ef-f9b8c3311b9b] c.hify.common.RequestLoggingFilter - http.request method=POST path=/api/v1/workflow-versions/83de53f7-c511-4ee4-9f86-9a8ef8f8c622/runs status=202 latencyMs=13
2026-10-07T15:54:43.431+08:00 INFO  [main] [requestId=318bec74-be27-4a63-9a0d-d88a93476c73] c.hify.common.RequestLoggingFilter - http.request method=POST path=/api/v1/workflows/4342b26d-196c-47e4-992c-e170c159f076/versions status=404 latencyMs=2
2026-10-07T15:54:43.443+08:00 INFO  [main] [requestId=b0c45120-d41f-46e4-bd3c-6548af85528d] c.hify.common.RequestLoggingFilter - http.request method=POST path=/api/v1/knowledge-bases status=201 latencyMs=2
2026-10-07T15:54:43.445+08:00 INFO  [main] [requestId=e48653de-4845-4fe2-b05f-8d983a755d39] c.hify.common.RequestLoggingFilter - http.request method=POST path=/api/v1/knowledge-bases/a2638940-5931-498e-a210-71d00bb3859b/documents status=202 latencyMs=2
2026-10-07T15:54:43.447+08:00 INFO  [main] [requestId=ec6e4152-ab2e-48ae-b2ea-136d65108d6f] c.hify.common.RequestLoggingFilter - http.request method=GET path=/api/v1/documents/9ca90ea0-ed13-4149-952d-d2ec017cce20 status=200 latencyMs=0
2026-10-07T15:54:43.630+08:00 INFO  [main] [requestId=7c92e664-1003-4003-88a4-91bdd48a407b] c.hify.common.RequestLoggingFilter - http.request method=GET path=/api/v1/documents/9ca90ea0-ed13-4149-952d-d2ec017cce20 status=200 latencyMs=15
2026-10-07T15:54:43.642+08:00 INFO  [main] [requestId=a5132c49-e913-49f3-96e9-ac5262a36d1f] c.hify.common.RequestLoggingFilter - http.request method=POST path=/api/v1/workflows status=201 latencyMs=9
2026-10-07T15:54:43.650+08:00 INFO  [main] [requestId=30956341-4c7a-4a00-a9c7-c2e6bcc6e5b3] c.hify.common.RequestLoggingFilter - http.request method=POST path=/api/v1/workflows/254dfc54-d76f-4222-ad0b-0e8cd3db872d/versions status=200 latencyMs=7
2026-10-07T15:54:43.672+08:00 INFO  [main] [requestId=57431ec1-ac86-4964-87c2-5d174ddea27e] c.hify.common.RequestLoggingFilter - http.request method=POST path=/api/v1/workflow-versions/a60f42c9-d30d-499b-bc79-9a7c0ede2145/runs status=202 latencyMs=20
2026-10-07T15:54:43.681+08:00 INFO  [main] [requestId=09dc0e0c-96d2-4fe0-8ee1-f31d34a478b8] c.hify.common.RequestLoggingFilter - http.request method=POST path=/api/v1/knowledge-bases status=201 latencyMs=3
2026-10-07T15:54:43.686+08:00 INFO  [main] [requestId=f00a4a8d-ab5f-41e9-bbb9-b6cad3464c9b] c.hify.common.RequestLoggingFilter - http.request method=POST path=/api/v1/knowledge-bases/e1d87b42-2a4b-4076-94ed-134280de3d1d/documents status=202 latencyMs=4
2026-10-07T15:54:43.689+08:00 INFO  [main] [requestId=23dc3a10-8702-4aa2-9e18-e767cf9c8e31] c.hify.common.RequestLoggingFilter - http.request method=GET path=/api/v1/documents/c17ad6fb-58b7-4aff-b5dd-7b44f9b8387b status=200 latencyMs=2
2026-10-07T15:54:43.861+08:00 INFO  [main] [requestId=36fe794e-4561-4d33-ac97-54dad47c096f] c.hify.common.RequestLoggingFilter - http.request method=GET path=/api/v1/documents/c17ad6fb-58b7-4aff-b5dd-7b44f9b8387b status=200 latencyMs=2
2026-10-07T15:54:43.868+08:00 INFO  [main] [requestId=4e0c01b7-6bf6-4fa1-a0f0-1e38b90de867] c.hify.common.RequestLoggingFilter - http.request method=POST path=/api/v1/workflows status=201 latencyMs=6
2026-10-07T15:54:43.876+08:00 INFO  [main] [requestId=2366e6d7-4a32-4a14-a104-df721f76fdd8] c.hify.common.RequestLoggingFilter - http.request method=POST path=/api/v1/workflows/9b07aab7-59e5-4ec3-9912-85a0813c6628/versions status=200 latencyMs=7
2026-10-07T15:54:43.890+08:00 INFO  [main] [requestId=ef0e2796-4235-45cd-8e3b-30ce45931120] c.hify.common.RequestLoggingFilter - http.request method=POST path=/api/v1/workflow-versions/a33db516-fc69-42ef-9f1d-f62ff4ee1c14/runs status=202 latencyMs=12
2026-10-07T15:54:43.899+08:00 INFO  [main] [requestId=8673a851-06a1-4f31-8be8-3f88564d9de5] c.hify.common.RequestLoggingFilter - http.request method=POST path=/api/v1/knowledge-bases status=201 latencyMs=2
2026-10-07T15:54:43.903+08:00 INFO  [main] [requestId=93dadd90-09a8-4621-ab8b-bf04b2c6eb1d] c.hify.common.RequestLoggingFilter - http.request method=POST path=/api/v1/knowledge-bases/abdfc3f4-58d5-4ec0-8a1c-18f04eb75533/documents status=202 latencyMs=3
2026-10-07T15:54:43.905+08:00 INFO  [main] [requestId=51860076-cfb3-475d-9ecf-e659791baab8] c.hify.common.RequestLoggingFilter - http.request method=GET path=/api/v1/documents/7c052cd5-d226-4c00-85c3-ec1f3324f060 status=200 latencyMs=1
2026-10-07T15:54:44.088+08:00 INFO  [main] [requestId=b2cb52f2-76dd-4e7b-92ee-50b07943110d] c.hify.common.RequestLoggingFilter - http.request method=GET path=/api/v1/documents/7c052cd5-d226-4c00-85c3-ec1f3324f060 status=200 latencyMs=20
2026-10-07T15:54:44.115+08:00 INFO  [main] [requestId=2c4e5db1-1f67-463c-8b3b-d06943bbc39b] c.hify.common.RequestLoggingFilter - http.request method=POST path=/api/v1/workflows status=201 latencyMs=25
2026-10-07T15:54:44.146+08:00 INFO  [main] [requestId=6ae09786-3cea-4275-b5c5-516e98c2dd5c] c.hify.common.RequestLoggingFilter - http.request method=POST path=/api/v1/workflows/08590288-1e68-4062-9f52-17f3bc9de3fa/versions status=200 latencyMs=30
2026-10-07T15:54:44.280+08:00 INFO  [main] [requestId=1875ef35-ecd3-41d1-b59b-aabf38db27eb] c.hify.common.RequestLoggingFilter - http.request method=POST path=/api/v1/workflow-versions/84e2865b-278f-431c-8774-89a656449706/runs status=202 latencyMs=127
2026-10-07T15:54:44.337+08:00 INFO  [main] [requestId=685f3efb-0c8d-4f97-8457-97aa559344b5] c.hify.common.RequestLoggingFilter - http.request method=POST path=/api/v1/knowledge-bases status=201 latencyMs=11
2026-10-07T15:54:44.355+08:00 INFO  [main] [requestId=e8146514-29eb-4869-a4cc-06c8cbc765be] c.hify.common.RequestLoggingFilter - http.request method=POST path=/api/v1/knowledge-bases/8cfa5f28-fd79-4aba-b862-acbf19350830/documents status=202 latencyMs=17
2026-10-07T15:54:44.364+08:00 INFO  [main] [requestId=b5006572-a22d-41fd-9522-6f02244acc6b] c.hify.common.RequestLoggingFilter - http.request method=GET path=/api/v1/documents/b1f25ea8-1b5b-4113-a0c4-2e8e9cdd0486 status=200 latencyMs=7
2026-10-07T15:54:44.566+08:00 INFO  [main] [requestId=8850fd5b-90d4-4dc6-8df8-dc4b410946a7] c.hify.common.RequestLoggingFilter - http.request method=GET path=/api/v1/documents/b1f25ea8-1b5b-4113-a0c4-2e8e9cdd0486 status=200 latencyMs=20
2026-10-07T15:54:44.592+08:00 INFO  [main] [requestId=603d61c2-bc52-4b70-b8a9-3b2409e73532] c.hify.common.RequestLoggingFilter - http.request method=POST path=/api/v1/workflows status=201 latencyMs=23
2026-10-07T15:54:44.616+08:00 INFO  [main] [requestId=2eb6dab7-f28d-4bb5-8025-224269c8438a] c.hify.common.RequestLoggingFilter - http.request method=POST path=/api/v1/workflows/01409fe8-5bcf-4a6e-b8de-9935de99a49b/versions status=200 latencyMs=22
2026-10-07T15:54:44.625+08:00 INFO  [main] [requestId=27b53cd4-19e0-4802-8625-76135df7782a] c.hify.common.RequestLoggingFilter - http.request method=POST path=/api/v1/knowledge-bases status=201 latencyMs=5
2026-10-07T15:54:44.657+08:00 INFO  [main] [requestId=c7628e10-8609-426c-b195-2aa92bf13225] c.hify.common.RequestLoggingFilter - http.request method=POST path=/api/v1/workflow-versions/55ae63c7-7032-49fd-86ec-10d266b28419/runs status=202 latencyMs=28
2026-10-07T15:54:44.683+08:00 INFO  [main] [requestId=fad4f461-3a4d-4323-8ae7-d9c63355f392] c.hify.common.RequestLoggingFilter - http.request method=POST path=/api/v1/knowledge-bases status=201 latencyMs=7
2026-10-07T15:54:44.693+08:00 INFO  [main] [requestId=1d7b83a5-03fa-4b10-9eb3-59f2c3a994de] c.hify.common.RequestLoggingFilter - http.request method=POST path=/api/v1/knowledge-bases/96d42528-6c92-496f-9239-7fa087acb9ac/documents status=202 latencyMs=9
2026-10-07T15:54:44.697+08:00 INFO  [main] [requestId=35941b1b-f29f-4486-974d-16093072a223] c.hify.common.RequestLoggingFilter - http.request method=GET path=/api/v1/documents/9191e652-627b-48ce-b354-40ee169b276f status=200 latencyMs=3
2026-10-07T15:54:44.860+08:00 INFO  [main] [requestId=c6466ba4-9f45-4b3a-98d4-312ef7b5f8f6] c.hify.common.RequestLoggingFilter - http.request method=GET path=/api/v1/documents/9191e652-627b-48ce-b354-40ee169b276f status=200 latencyMs=4
2026-10-07T15:54:44.872+08:00 INFO  [main] [requestId=a794a354-9272-4226-b017-358f7658fc15] c.hify.common.RequestLoggingFilter - http.request method=POST path=/api/v1/workflows status=201 latencyMs=11
2026-10-07T15:54:44.880+08:00 INFO  [main] [requestId=d57c6e4b-247e-4806-b3ff-42cbef86bb90] c.hify.common.RequestLoggingFilter - http.request method=POST path=/api/v1/workflows/46e30435-a061-4e33-9602-2bca100cd9b6/versions status=404 latencyMs=7
2026-10-07T15:54:44.890+08:00 INFO  [main] [requestId=37952db7-486f-4190-892d-645c6116a613] c.hify.common.RequestLoggingFilter - http.request method=POST path=/api/v1/knowledge-bases status=201 latencyMs=2
2026-10-07T15:54:44.893+08:00 INFO  [main] [requestId=1b870969-ba5f-4584-af31-fac2a422ed20] c.hify.common.RequestLoggingFilter - http.request method=POST path=/api/v1/knowledge-bases/4f21248f-570b-4cb3-a128-a32c9b03aba9/documents status=202 latencyMs=2
2026-10-07T15:54:44.895+08:00 INFO  [main] [requestId=477e998b-f4e7-4148-8c68-07c9365fc471] c.hify.common.RequestLoggingFilter - http.request method=GET path=/api/v1/documents/3aa37bb9-bb34-41a3-9fa3-d46cd1ec5d71 status=200 latencyMs=1
2026-10-07T15:54:45.062+08:00 INFO  [main] [requestId=37500a83-8678-4120-9838-9d68c989273c] c.hify.common.RequestLoggingFilter - http.request method=GET path=/api/v1/documents/3aa37bb9-bb34-41a3-9fa3-d46cd1ec5d71 status=200 latencyMs=5
2026-10-07T15:54:45.082+08:00 INFO  [main] [requestId=4ea3c70b-9f41-4c88-9b7d-9d1d572dfc85] c.hify.common.RequestLoggingFilter - http.request method=POST path=/api/v1/workflows status=201 latencyMs=19
2026-10-07T15:54:45.096+08:00 INFO  [main] [requestId=e1df258d-92fb-429c-a69d-b47488bcc3f5] c.hify.common.RequestLoggingFilter - http.request method=POST path=/api/v1/workflows/7dea5bbc-6de4-46d9-b732-1cb2811957dd/versions status=200 latencyMs=12
2026-10-07T15:54:45.120+08:00 INFO  [main] [requestId=61fd58a9-2701-4c6a-bfcd-7b7885a849fd] c.hify.common.RequestLoggingFilter - http.request method=POST path=/api/v1/workflow-versions/e8d885ef-440a-4cdc-b1cd-948e70b10e10/runs status=202 latencyMs=22
2026-10-07T15:54:45.133+08:00 INFO  [main] [requestId=28db3ffa-cbc9-460f-9b0a-331bd4547cab] c.hify.common.RequestLoggingFilter - http.request method=POST path=/api/v1/workflow-versions/e8d885ef-440a-4cdc-b1cd-948e70b10e10/runs status=202 latencyMs=12
[INFO] Tests run: 10, Failures: 0, Errors: 0, Skipped: 0, Time elapsed: 9.666 s -- in com.hify.api.WorkflowKnowledgePostgresTest
[INFO] Running com.hify.api.HistoryRecoveryPostgresTest
2026-10-07T15:54:45.418+08:00 INFO  [main] [requestId=] tc.pgvector/pgvector:pg16 - Creating container for image: pgvector/pgvector:pg16
2026-10-07T15:54:45.461+08:00 INFO  [main] [requestId=] tc.pgvector/pgvector:pg16 - Container pgvector/pgvector:pg16 is starting: a5ae1372fcbd0fd41075e3a3682eacc296f24e4296e29c421cf954b58f84d759
2026-10-07T15:54:46.398+08:00 INFO  [main] [requestId=] tc.pgvector/pgvector:pg16 - Container pgvector/pgvector:pg16 started in PT0.980472S
2026-10-07T15:54:46.401+08:00 INFO  [main] [requestId=] tc.pgvector/pgvector:pg16 - Container is started (JDBC URL: jdbc:postgresql://127.0.0.1:32777/history_recovery?loggerLevel=OFF)
[INFO] Tests run: 3, Failures: 0, Errors: 0, Skipped: 0, Time elapsed: 14.23 s -- in com.hify.api.HistoryRecoveryPostgresTest
[INFO] Running com.hify.api.WorkflowSettlementPostgresTest

  .   ____          _            __ _ _
 /\\ / ___'_ __ _ _(_)_ __  __ _ \ \ \ \
( ( )\___ | '_ | '_| | '_ \/ _` | \ \ \ \
 \\/  ___)| |_)| | | | | || (_| |  ) ) ) )
  '  |____| .__|_| |_|_| |_\__, | / / / /
 =========|_|==============|___/=/_/_/_/

 :: Spring Boot ::                (v3.4.5)

2026-10-07T15:55:00.964+08:00 INFO  [main] [requestId=] c.h.a.WorkflowSettlementPostgresTest - Starting WorkflowSettlementPostgresTest using Java 17.0.19 with PID 22759 (started by weberzhao in /private/tmp/hify-course-20261006.hhEhwt/retrieval-worktree/backend/hify-app)
2026-10-07T15:55:00.965+08:00 INFO  [main] [requestId=] c.h.a.WorkflowSettlementPostgresTest - No active profile set, falling back to 1 default profile: "default"
2026-10-07T15:55:01.308+08:00 INFO  [main] [requestId=] o.s.d.r.c.RepositoryConfigurationDelegate - Multiple Spring Data modules found, entering strict repository configuration mode
2026-10-07T15:55:01.308+08:00 INFO  [main] [requestId=] o.s.d.r.c.RepositoryConfigurationDelegate - Bootstrapping Spring Data JPA repositories in DEFAULT mode.
2026-10-07T15:55:01.371+08:00 INFO  [main] [requestId=] o.s.d.r.c.RepositoryConfigurationDelegate - Finished Spring Data repository scanning in 39 ms. Found 34 JPA repository interfaces.
2026-10-07T15:55:01.493+08:00 INFO  [main] [requestId=] com.zaxxer.hikari.HikariDataSource - HikariPool-17 - Starting...
2026-10-07T15:55:01.518+08:00 INFO  [main] [requestId=] com.zaxxer.hikari.pool.HikariPool - HikariPool-17 - Added connection org.postgresql.jdbc.PgConnection@487bc668
2026-10-07T15:55:01.519+08:00 INFO  [main] [requestId=] com.zaxxer.hikari.HikariDataSource - HikariPool-17 - Start completed.
2026-10-07T15:55:01.520+08:00 INFO  [main] [requestId=] org.flywaydb.core.FlywayExecutor - Database: jdbc:postgresql://127.0.0.1:32778/settlement_test?loggerLevel=OFF (PostgreSQL 16.15)
2026-10-07T15:55:01.528+08:00 INFO  [main] [requestId=] o.f.c.i.s.JdbcTableSchemaHistory - Schema history table "public"."flyway_schema_history" does not exist yet
2026-10-07T15:55:01.528+08:00 INFO  [main] [requestId=] o.f.core.internal.command.DbValidate - Successfully validated 24 migrations (execution time 00:00.004s)
2026-10-07T15:55:01.533+08:00 INFO  [main] [requestId=] o.f.c.i.s.JdbcTableSchemaHistory - Creating Schema History table "public"."flyway_schema_history" ...
2026-10-07T15:55:01.553+08:00 INFO  [main] [requestId=] o.f.core.internal.command.DbMigrate - Current version of schema "public": << Empty Schema >>
2026-10-07T15:55:01.558+08:00 INFO  [main] [requestId=] o.f.core.internal.command.DbMigrate - Migrating schema "public" to version "1 - baseline"
2026-10-07T15:55:01.578+08:00 INFO  [main] [requestId=] o.f.core.internal.command.DbMigrate - Migrating schema "public" to version "2 - demo item"
2026-10-07T15:55:01.586+08:00 INFO  [main] [requestId=] o.f.core.internal.command.DbMigrate - Migrating schema "public" to version "3 - run replan control"
2026-10-07T15:55:01.597+08:00 INFO  [main] [requestId=] o.f.core.internal.command.DbMigrate - Migrating schema "public" to version "4 - run context state"
2026-10-07T15:55:01.606+08:00 INFO  [main] [requestId=] o.f.core.internal.command.DbMigrate - Migrating schema "public" to version "5 - provider catalog"
2026-10-07T15:55:01.616+08:00 INFO  [main] [requestId=] o.f.core.internal.command.DbMigrate - Migrating schema "public" to version "6 - agent publishing"
2026-10-07T15:55:01.632+08:00 INFO  [main] [requestId=] o.f.core.internal.command.DbMigrate - Migrating schema "public" to version "7 - agent archive and tool bindings"
2026-10-07T15:55:01.637+08:00 INFO  [main] [requestId=] o.f.core.internal.command.DbMigrate - Migrating schema "public" to version "8 - backfill agent tool bindings"
2026-10-07T15:55:01.642+08:00 INFO  [main] [requestId=] o.f.core.internal.command.DbMigrate - Migrating schema "public" to version "9 - runtime capability and history"
2026-10-07T15:55:01.649+08:00 INFO  [main] [requestId=] o.f.core.internal.command.DbMigrate - Migrating schema "public" to version "10 - child agent task protocol"
2026-10-07T15:55:01.659+08:00 INFO  [main] [requestId=] o.f.core.internal.command.DbMigrate - Migrating schema "public" to version "11 - context memory catalog"
2026-10-07T15:55:01.668+08:00 INFO  [main] [requestId=] o.f.core.internal.command.DbMigrate - Migrating schema "public" to version "12 - history full text index"
2026-10-07T15:55:01.672+08:00 INFO  [main] [requestId=] o.f.core.internal.command.DbMigrate - Migrating schema "public" to version "13 - history vector index"
2026-10-07T15:55:01.691+08:00 INFO  [main] [requestId=] o.f.core.internal.command.DbMigrate - Migrating schema "public" to version "14 - knowledge catalog"
2026-10-07T15:55:01.701+08:00 INFO  [main] [requestId=] o.f.core.internal.command.DbMigrate - Migrating schema "public" to version "15 - knowledge search indexes"
2026-10-07T15:55:01.707+08:00 INFO  [main] [requestId=] o.f.core.internal.command.DbMigrate - Migrating schema "public" to version "16 - workflow runtime"
2026-10-07T15:55:01.716+08:00 INFO  [main] [requestId=] o.f.core.internal.command.DbMigrate - Migrating schema "public" to version "17 - mcp server registry"
2026-10-07T15:55:01.723+08:00 INFO  [main] [requestId=] o.f.core.internal.command.DbMigrate - Migrating schema "public" to version "18 - agent knowledge capability"
2026-10-07T15:55:01.730+08:00 INFO  [main] [requestId=] o.f.core.internal.command.DbMigrate - Migrating schema "public" to version "19 - agent workflow mcp capabilities"
2026-10-07T15:55:01.737+08:00 INFO  [main] [requestId=] o.f.core.internal.command.DbMigrate - Migrating schema "public" to version "20 - mcp encrypted credentials"
2026-10-07T15:55:01.741+08:00 INFO  [main] [requestId=] o.f.core.internal.command.DbMigrate - Migrating schema "public" to version "21 - workflow control terminal states"
2026-10-07T15:55:01.744+08:00 INFO  [main] [requestId=] o.f.core.internal.command.DbMigrate - Migrating schema "public" to version "22 - workflow interrupted state"
2026-10-07T15:55:01.749+08:00 INFO  [main] [requestId=] o.f.core.internal.command.DbMigrate - Migrating schema "public" to version "23 - history operation recovery"
2026-10-07T15:55:01.753+08:00 INFO  [main] [requestId=] o.f.core.internal.command.DbMigrate - Migrating schema "public" to version "24 - semantic embedding profiles"
2026-10-07T15:55:01.765+08:00 INFO  [main] [requestId=] o.f.core.internal.command.DbMigrate - Successfully applied 24 migrations to schema "public", now at version v24 (execution time 00:00.102s)
2026-10-07T15:55:01.828+08:00 INFO  [main] [requestId=] o.h.jpa.internal.util.LogHelper - HHH000204: Processing PersistenceUnitInfo [name: default]
2026-10-07T15:55:01.862+08:00 INFO  [main] [requestId=] o.h.c.i.RegionFactoryInitiator - HHH000026: Second-level cache disabled
2026-10-07T15:55:01.915+08:00 INFO  [main] [requestId=] o.s.o.j.p.SpringPersistenceUnitInfo - No LoadTimeWeaver setup: ignoring JPA class transformer
2026-10-07T15:55:01.931+08:00 INFO  [main] [requestId=] o.hibernate.orm.connections.pooling - HHH10001005: Database info:
	Database JDBC URL [Connecting through datasource 'HikariDataSource (HikariPool-17)']
	Database driver: undefined/unknown
	Database version: 16.15
	Autocommit mode: undefined/unknown
	Isolation level: undefined/unknown
	Minimum pool size: undefined/unknown
	Maximum pool size: undefined/unknown
2026-10-07T15:55:02.267+08:00 INFO  [main] [requestId=] o.h.e.t.j.p.i.JtaPlatformInitiator - HHH000489: No JTA platform available (set 'hibernate.transaction.jta.platform' to enable JTA platform integration)
2026-10-07T15:55:02.289+08:00 INFO  [main] [requestId=] o.s.o.j.LocalContainerEntityManagerFactoryBean - Initialized JPA EntityManagerFactory for persistence unit 'default'
2026-10-07T15:55:05.126+08:00 INFO  [main] [requestId=] c.b.m.s.MybatisPlusApplicationContextAware - Register ApplicationContext instances org.springframework.web.context.support.GenericWebApplicationContext@7d05e08c
2026-10-07T15:55:05.818+08:00 INFO  [main] [requestId=] o.s.b.t.m.w.SpringBootMockServletContext - Initializing Spring TestDispatcherServlet ''
2026-10-07T15:55:05.819+08:00 INFO  [main] [requestId=] o.s.t.w.s.TestDispatcherServlet - Initializing Servlet ''
2026-10-07T15:55:05.821+08:00 INFO  [main] [requestId=] o.s.b.a.e.web.EndpointLinksResolver - Exposing 2 endpoints beneath base path '/actuator'
2026-10-07T15:55:05.833+08:00 INFO  [main] [requestId=] o.s.t.w.s.TestDispatcherServlet - Completed initialization in 14 ms
2026-10-07T15:55:05.859+08:00 INFO  [main] [requestId=] c.h.a.WorkflowSettlementPostgresTest - Started WorkflowSettlementPostgresTest in 4.93 seconds (process running for 105.935)
2026-10-07T15:55:05.982+08:00 INFO  [main] [requestId=] o.s.o.j.LocalContainerEntityManagerFactoryBean - Closing JPA EntityManagerFactory for persistence unit 'default'
2026-10-07T15:55:05.986+08:00 INFO  [main] [requestId=] com.zaxxer.hikari.HikariDataSource - HikariPool-11 - Shutdown initiated...
2026-10-07T15:55:05.987+08:00 INFO  [main] [requestId=] com.zaxxer.hikari.HikariDataSource - HikariPool-11 - Shutdown completed.
2026-10-07T15:55:06.127+08:00 INFO  [main] [requestId=45a7ca34-f5cc-4ba7-ab60-e4033005221f] c.hify.common.RequestLoggingFilter - http.request method=POST path=/api/v1/runs/cb08176f-72e9-4509-90e4-e4720c79e859/cancellations status=202 latencyMs=15
2026-10-07T15:55:06.232+08:00 INFO  [main] [requestId=cae8558b-0753-4013-bbb6-4ea9c39dca0a] c.hify.common.RequestLoggingFilter - http.request method=GET path=/api/v1/runs/cb08176f-72e9-4509-90e4-e4720c79e859/events/stream status=200 latencyMs=2
2026-10-07T15:55:06.325+08:00 INFO  [main] [requestId=2dac0f5c-b84d-47dc-9368-1705fac1f5ed] c.hify.common.RequestLoggingFilter - http.request method=POST path=/api/v1/knowledge-bases status=201 latencyMs=12
2026-10-07T15:55:06.390+08:00 INFO  [main] [requestId=ff8f3e24-2b12-408e-9cde-d4af298aa960] c.hify.common.RequestLoggingFilter - http.request method=POST path=/api/v1/runs/c1475e38-e0bd-4b73-a1ad-29ca3f29e0ff/cancellations status=202 latencyMs=4
2026-10-07T15:55:06.438+08:00 INFO  [main] [requestId=51e87d32-5d2e-40c1-bd93-7cca75f8466c] c.hify.common.RequestLoggingFilter - http.request method=GET path=/api/v1/runs/c1475e38-e0bd-4b73-a1ad-29ca3f29e0ff/events/stream status=200 latencyMs=1
2026-10-07T15:55:06.666+08:00 INFO  [main] [requestId=d555f9c6-e797-4714-80ce-778dc710152b] c.hify.common.RequestLoggingFilter - http.request method=GET path=/api/v1/runs/77a4b0b4-ab60-46ad-aa1a-d699974997a3/events/stream status=200 latencyMs=3
2026-10-07T15:55:06.758+08:00 INFO  [main] [requestId=44be2a8d-214b-4bfd-a86a-2a7238223cdb] c.hify.common.RequestLoggingFilter - http.request method=POST path=/api/v1/knowledge-bases status=201 latencyMs=3
2026-10-07T15:55:06.900+08:00 INFO  [main] [requestId=86357f9e-5689-484d-a32f-78540576b906] c.hify.common.RequestLoggingFilter - http.request method=GET path=/api/v1/runs/65408f7a-4c18-4603-96cc-201a0f0760fb/events/stream status=200 latencyMs=2
[INFO] Tests run: 4, Failures: 0, Errors: 0, Skipped: 0, Time elapsed: 7.573 s -- in com.hify.api.WorkflowSettlementPostgresTest
[INFO] Running com.hify.api.SemanticKnowledgePostgresTest
2026-10-07T15:55:07.246+08:00 INFO  [main] [requestId=] o.s.t.c.s.AnnotationConfigContextLoaderUtils - Could not detect default configuration classes for test class [com.hify.api.SemanticKnowledgePostgresTest]: SemanticKnowledgePostgresTest does not declare any static, non-private, non-final, nested classes annotated with @Configuration.
2026-10-07T15:55:07.257+08:00 INFO  [main] [requestId=] o.s.b.t.c.SpringBootTestContextBootstrapper - Found @SpringBootConfiguration com.hify.HifyApplication for test class com.hify.api.SemanticKnowledgePostgresTest
2026-10-07T15:55:07.271+08:00 INFO  [main] [requestId=] tc.pgvector/pgvector:pg16 - Creating container for image: pgvector/pgvector:pg16
2026-10-07T15:55:07.312+08:00 INFO  [main] [requestId=] tc.pgvector/pgvector:pg16 - Container pgvector/pgvector:pg16 is starting: e8b5a204b00f34737764a59eb66dabcdbded0ad1e406ae42ba945a97ec6cad96
2026-10-07T15:55:08.185+08:00 INFO  [main] [requestId=] tc.pgvector/pgvector:pg16 - Container pgvector/pgvector:pg16 started in PT0.911435S
2026-10-07T15:55:08.194+08:00 INFO  [main] [requestId=] tc.pgvector/pgvector:pg16 - Container is started (JDBC URL: jdbc:postgresql://127.0.0.1:32779/test?loggerLevel=OFF)

  .   ____          _            __ _ _
 /\\ / ___'_ __ _ _(_)_ __  __ _ \ \ \ \
( ( )\___ | '_ | '_| | '_ \/ _` | \ \ \ \
 \\/  ___)| |_)| | | | | || (_| |  ) ) ) )
  '  |____| .__|_| |_|_| |_\__, | / / / /
 =========|_|==============|___/=/_/_/_/

 :: Spring Boot ::                (v3.4.5)

2026-10-07T15:55:08.293+08:00 INFO  [main] [requestId=] c.h.a.SemanticKnowledgePostgresTest - Starting SemanticKnowledgePostgresTest using Java 17.0.19 with PID 22759 (started by weberzhao in /private/tmp/hify-course-20261006.hhEhwt/retrieval-worktree/backend/hify-app)
2026-10-07T15:55:08.293+08:00 INFO  [main] [requestId=] c.h.a.SemanticKnowledgePostgresTest - No active profile set, falling back to 1 default profile: "default"
2026-10-07T15:55:08.525+08:00 INFO  [main] [requestId=] o.s.d.r.c.RepositoryConfigurationDelegate - Multiple Spring Data modules found, entering strict repository configuration mode
2026-10-07T15:55:08.525+08:00 INFO  [main] [requestId=] o.s.d.r.c.RepositoryConfigurationDelegate - Bootstrapping Spring Data JPA repositories in DEFAULT mode.
2026-10-07T15:55:08.573+08:00 INFO  [main] [requestId=] o.s.d.r.c.RepositoryConfigurationDelegate - Finished Spring Data repository scanning in 45 ms. Found 34 JPA repository interfaces.
2026-10-07T15:55:09.086+08:00 INFO  [main] [requestId=] com.zaxxer.hikari.HikariDataSource - HikariPool-18 - Starting...
2026-10-07T15:55:09.188+08:00 INFO  [main] [requestId=] com.zaxxer.hikari.pool.HikariPool - HikariPool-18 - Added connection org.postgresql.jdbc.PgConnection@33b45a55
2026-10-07T15:55:09.188+08:00 INFO  [main] [requestId=] com.zaxxer.hikari.HikariDataSource - HikariPool-18 - Start completed.
2026-10-07T15:55:09.197+08:00 INFO  [main] [requestId=] org.flywaydb.core.FlywayExecutor - Database: jdbc:postgresql://127.0.0.1:32779/test?loggerLevel=OFF (PostgreSQL 16.15)
2026-10-07T15:55:09.219+08:00 INFO  [main] [requestId=] o.f.c.i.s.JdbcTableSchemaHistory - Schema history table "public"."flyway_schema_history" does not exist yet
2026-10-07T15:55:09.224+08:00 INFO  [main] [requestId=] o.f.core.internal.command.DbValidate - Successfully validated 24 migrations (execution time 00:00.011s)
2026-10-07T15:55:09.233+08:00 INFO  [main] [requestId=] o.f.c.i.s.JdbcTableSchemaHistory - Creating Schema History table "public"."flyway_schema_history" ...
2026-10-07T15:55:09.259+08:00 INFO  [main] [requestId=] o.f.core.internal.command.DbMigrate - Current version of schema "public": << Empty Schema >>
2026-10-07T15:55:09.262+08:00 INFO  [main] [requestId=] o.f.core.internal.command.DbMigrate - Migrating schema "public" to version "1 - baseline"
2026-10-07T15:55:09.280+08:00 INFO  [main] [requestId=] o.f.core.internal.command.DbMigrate - Migrating schema "public" to version "2 - demo item"
2026-10-07T15:55:09.286+08:00 INFO  [main] [requestId=] o.f.core.internal.command.DbMigrate - Migrating schema "public" to version "3 - run replan control"
2026-10-07T15:55:09.291+08:00 INFO  [main] [requestId=] o.f.core.internal.command.DbMigrate - Migrating schema "public" to version "4 - run context state"
2026-10-07T15:55:09.298+08:00 INFO  [main] [requestId=] o.f.core.internal.command.DbMigrate - Migrating schema "public" to version "5 - provider catalog"
2026-10-07T15:55:09.312+08:00 INFO  [main] [requestId=] o.f.core.internal.command.DbMigrate - Migrating schema "public" to version "6 - agent publishing"
2026-10-07T15:55:09.325+08:00 INFO  [main] [requestId=] o.f.core.internal.command.DbMigrate - Migrating schema "public" to version "7 - agent archive and tool bindings"
2026-10-07T15:55:09.330+08:00 INFO  [main] [requestId=] o.f.core.internal.command.DbMigrate - Migrating schema "public" to version "8 - backfill agent tool bindings"
2026-10-07T15:55:09.339+08:00 INFO  [main] [requestId=] o.f.core.internal.command.DbMigrate - Migrating schema "public" to version "9 - runtime capability and history"
2026-10-07T15:55:09.345+08:00 INFO  [main] [requestId=] o.f.core.internal.command.DbMigrate - Migrating schema "public" to version "10 - child agent task protocol"
2026-10-07T15:55:09.355+08:00 INFO  [main] [requestId=] o.f.core.internal.command.DbMigrate - Migrating schema "public" to version "11 - context memory catalog"
2026-10-07T15:55:09.366+08:00 INFO  [main] [requestId=] o.f.core.internal.command.DbMigrate - Migrating schema "public" to version "12 - history full text index"
2026-10-07T15:55:09.374+08:00 INFO  [main] [requestId=] o.f.core.internal.command.DbMigrate - Migrating schema "public" to version "13 - history vector index"
2026-10-07T15:55:09.393+08:00 INFO  [main] [requestId=] o.f.core.internal.command.DbMigrate - Migrating schema "public" to version "14 - knowledge catalog"
2026-10-07T15:55:09.405+08:00 INFO  [main] [requestId=] o.f.core.internal.command.DbMigrate - Migrating schema "public" to version "15 - knowledge search indexes"
2026-10-07T15:55:09.412+08:00 INFO  [main] [requestId=] o.f.core.internal.command.DbMigrate - Migrating schema "public" to version "16 - workflow runtime"
2026-10-07T15:55:09.425+08:00 INFO  [main] [requestId=] o.f.core.internal.command.DbMigrate - Migrating schema "public" to version "17 - mcp server registry"
2026-10-07T15:55:09.448+08:00 INFO  [main] [requestId=] o.f.core.internal.command.DbMigrate - Migrating schema "public" to version "18 - agent knowledge capability"
2026-10-07T15:55:09.455+08:00 INFO  [main] [requestId=] o.f.core.internal.command.DbMigrate - Migrating schema "public" to version "19 - agent workflow mcp capabilities"
2026-10-07T15:55:09.465+08:00 INFO  [main] [requestId=] o.f.core.internal.command.DbMigrate - Migrating schema "public" to version "20 - mcp encrypted credentials"
2026-10-07T15:55:09.471+08:00 INFO  [main] [requestId=] o.f.core.internal.command.DbMigrate - Migrating schema "public" to version "21 - workflow control terminal states"
2026-10-07T15:55:09.477+08:00 INFO  [main] [requestId=] o.f.core.internal.command.DbMigrate - Migrating schema "public" to version "22 - workflow interrupted state"
2026-10-07T15:55:09.483+08:00 INFO  [main] [requestId=] o.f.core.internal.command.DbMigrate - Migrating schema "public" to version "23 - history operation recovery"
2026-10-07T15:55:09.492+08:00 INFO  [main] [requestId=] o.f.core.internal.command.DbMigrate - Migrating schema "public" to version "24 - semantic embedding profiles"
2026-10-07T15:55:09.497+08:00 INFO  [main] [requestId=] o.f.core.internal.command.DbMigrate - Successfully applied 24 migrations to schema "public", now at version v24 (execution time 00:00.115s)
2026-10-07T15:55:09.579+08:00 INFO  [main] [requestId=] o.h.jpa.internal.util.LogHelper - HHH000204: Processing PersistenceUnitInfo [name: default]
2026-10-07T15:55:09.580+08:00 INFO  [main] [requestId=] o.h.c.i.RegionFactoryInitiator - HHH000026: Second-level cache disabled
2026-10-07T15:55:09.597+08:00 INFO  [main] [requestId=] o.s.o.j.p.SpringPersistenceUnitInfo - No LoadTimeWeaver setup: ignoring JPA class transformer
2026-10-07T15:55:09.602+08:00 INFO  [main] [requestId=] o.hibernate.orm.connections.pooling - HHH10001005: Database info:
	Database JDBC URL [Connecting through datasource 'HikariDataSource (HikariPool-18)']
	Database driver: undefined/unknown
	Database version: 16.15
	Autocommit mode: undefined/unknown
	Isolation level: undefined/unknown
	Minimum pool size: undefined/unknown
	Maximum pool size: undefined/unknown
2026-10-07T15:55:09.681+08:00 INFO  [main] [requestId=] o.h.e.t.j.p.i.JtaPlatformInitiator - HHH000489: No JTA platform available (set 'hibernate.transaction.jta.platform' to enable JTA platform integration)
2026-10-07T15:55:09.693+08:00 INFO  [main] [requestId=] o.s.o.j.LocalContainerEntityManagerFactoryBean - Initialized JPA EntityManagerFactory for persistence unit 'default'
2026-10-07T15:55:11.114+08:00 INFO  [main] [requestId=] c.b.m.s.MybatisPlusApplicationContextAware - Register ApplicationContext instances org.springframework.web.context.support.GenericWebApplicationContext@319eed6
2026-10-07T15:55:11.393+08:00 INFO  [main] [requestId=] o.s.b.t.m.w.SpringBootMockServletContext - Initializing Spring TestDispatcherServlet ''
2026-10-07T15:55:11.393+08:00 INFO  [main] [requestId=] o.s.t.w.s.TestDispatcherServlet - Initializing Servlet ''
2026-10-07T15:55:11.395+08:00 INFO  [main] [requestId=] o.s.b.a.e.web.EndpointLinksResolver - Exposing 2 endpoints beneath base path '/actuator'
2026-10-07T15:55:11.402+08:00 INFO  [main] [requestId=] o.s.t.w.s.TestDispatcherServlet - Completed initialization in 9 ms
2026-10-07T15:55:11.440+08:00 INFO  [main] [requestId=] c.h.a.SemanticKnowledgePostgresTest - Started SemanticKnowledgePostgresTest in 3.213 seconds (process running for 111.517)
2026-10-07T15:55:11.573+08:00 INFO  [main] [requestId=] o.s.o.j.LocalContainerEntityManagerFactoryBean - Closing JPA EntityManagerFactory for persistence unit 'default'
2026-10-07T15:55:11.580+08:00 INFO  [main] [requestId=] com.zaxxer.hikari.HikariDataSource - HikariPool-12 - Shutdown initiated...
2026-10-07T15:55:11.585+08:00 INFO  [main] [requestId=] com.zaxxer.hikari.HikariDataSource - HikariPool-12 - Shutdown completed.
2026-10-07T15:55:11.724+08:00 INFO  [main] [requestId=6ebe133e-e099-42e9-b92a-3a924ceacdbd] c.hify.common.RequestLoggingFilter - http.request method=POST path=/api/v1/providers status=201 latencyMs=45
2026-10-07T15:55:11.749+08:00 INFO  [main] [requestId=5d65565c-33f2-4b0c-8451-6a2a7b836e07] c.hify.common.RequestLoggingFilter - http.request method=POST path=/api/v1/knowledge-bases status=201 latencyMs=24
2026-10-07T15:55:11.763+08:00 INFO  [main] [requestId=3e0ab6b2-1558-411a-bcbf-c9ab08ca6633] c.hify.common.RequestLoggingFilter - http.request method=POST path=/api/v1/knowledge-bases/cf0c46e0-441b-4117-950d-e4fd8232d47c/documents status=202 latencyMs=12
2026-10-07T15:55:11.865+08:00 INFO  [llm-1] [requestId=3e0ab6b2-1558-411a-bcbf-c9ab08ca6633] com.hify.common.LlmHttpClient - llm.http target=http://127.0.0.1:62971/v1/embeddings status=200 latencyMs=42
2026-10-07T15:55:11.978+08:00 INFO  [main] [requestId=3225ace7-a1db-425e-ac14-f264d96de1cd] c.hify.common.RequestLoggingFilter - http.request method=POST path=/api/v1/providers status=201 latencyMs=4
2026-10-07T15:55:11.982+08:00 INFO  [main] [requestId=8651619e-7a13-4527-915e-bb31deb7a883] c.hify.common.RequestLoggingFilter - http.request method=POST path=/api/v1/knowledge-bases status=201 latencyMs=3
2026-10-07T15:55:11.987+08:00 INFO  [main] [requestId=f828e950-18fc-46bc-a34d-5381a03beb82] c.hify.common.RequestLoggingFilter - http.request method=GET path=/api/v1/knowledge-bases/16d4e81d-fcb2-4688-b948-c01a15c95948 status=200 latencyMs=4
2026-10-07T15:55:11.991+08:00 INFO  [main] [requestId=61a8b8c8-f136-4612-90b7-d56fc656c7c7] c.hify.common.RequestLoggingFilter - http.request method=PUT path=/api/v1/knowledge-bases/16d4e81d-fcb2-4688-b948-c01a15c95948 status=409 latencyMs=3
2026-10-07T15:55:11.997+08:00 INFO  [main] [requestId=e86c6eaf-4034-4cc5-bc97-450f5e10d84b] c.hify.common.RequestLoggingFilter - http.request method=POST path=/api/v1/providers status=201 latencyMs=3
2026-10-07T15:55:12.001+08:00 INFO  [llm-2] [requestId=] com.hify.common.LlmHttpClient - llm.http target=http://127.0.0.1:62971/v1/embeddings status=200 latencyMs=1
2026-10-07T15:55:12.012+08:00 INFO  [main] [requestId=94924491-80b5-41d0-be48-4c59f9e4b3f5] c.hify.common.RequestLoggingFilter - http.request method=POST path=/api/v1/providers status=201 latencyMs=3
2026-10-07T15:55:12.015+08:00 INFO  [main] [requestId=3643e182-7711-4659-8b76-80c959fbc791] c.hify.common.RequestLoggingFilter - http.request method=POST path=/api/v1/knowledge-bases status=201 latencyMs=3
2026-10-07T15:55:12.019+08:00 INFO  [main] [requestId=452a291c-6c25-48c6-9221-687ccdf78f9d] c.hify.common.RequestLoggingFilter - http.request method=POST path=/api/v1/knowledge-bases/90f36479-0ca2-4b40-ae3b-ec26807232f9/documents status=202 latencyMs=3
2026-10-07T15:55:12.023+08:00 INFO  [llm-3] [requestId=452a291c-6c25-48c6-9221-687ccdf78f9d] com.hify.common.LlmHttpClient - llm.http target=http://127.0.0.1:62971/v1/embeddings status=200 latencyMs=1
2026-10-07T15:55:12.229+08:00 INFO  [main] [requestId=3f4ad88a-a243-4f4d-932c-7ecfc81fd966] c.hify.common.RequestLoggingFilter - http.request method=POST path=/api/v1/knowledge-bases/90f36479-0ca2-4b40-ae3b-ec26807232f9/documents status=202 latencyMs=14
2026-10-07T15:55:12.235+08:00 INFO  [llm-4] [requestId=3f4ad88a-a243-4f4d-932c-7ecfc81fd966] com.hify.common.LlmHttpClient - llm.http target=http://127.0.0.1:62971/v1/embeddings status=200 latencyMs=1
2026-10-07T15:55:12.404+08:00 INFO  [llm-5] [requestId=] com.hify.common.LlmHttpClient - llm.http target=http://127.0.0.1:62971/v1/embeddings status=200 latencyMs=0
2026-10-07T15:55:12.422+08:00 INFO  [main] [requestId=7a47f3ce-ec48-435a-8efe-3ceb30f40e3b] c.hify.common.RequestLoggingFilter - http.request method=DELETE path=/api/v1/documents/4ce0f934-7f82-4665-b4dd-0a52a2e77fd4 status=200 latencyMs=3
2026-10-07T15:55:12.426+08:00 INFO  [llm-6] [requestId=] com.hify.common.LlmHttpClient - llm.http target=http://127.0.0.1:62971/v1/embeddings status=200 latencyMs=1
2026-10-07T15:55:12.434+08:00 INFO  [llm-7] [requestId=] com.hify.common.LlmHttpClient - llm.http target=http://127.0.0.1:62971/v1/embeddings status=200 latencyMs=1
2026-10-07T15:55:12.449+08:00 INFO  [main] [requestId=53b58f51-b4ca-484c-97e4-208fdf65c9bf] c.hify.common.RequestLoggingFilter - http.request method=POST path=/api/v1/knowledge-bases status=201 latencyMs=3
2026-10-07T15:55:12.453+08:00 INFO  [main] [requestId=4a7a0c90-bb89-4b80-9201-15d24314d827] c.hify.common.RequestLoggingFilter - http.request method=POST path=/api/v1/knowledge-bases/4a009581-63b3-4905-837e-ee869cc13213/documents status=202 latencyMs=3
2026-10-07T15:55:12.681+08:00 INFO  [main] [requestId=f2cd2b33-dcf1-4138-965d-1aed89b1b960] c.hify.common.RequestLoggingFilter - http.request method=POST path=/api/v1/providers status=201 latencyMs=18
2026-10-07T15:55:12.696+08:00 INFO  [main] [requestId=d915c269-32b2-4591-8912-4957c4ff8f60] c.hify.common.RequestLoggingFilter - http.request method=POST path=/api/v1/knowledge-bases status=201 latencyMs=13
2026-10-07T15:55:12.703+08:00 INFO  [main] [requestId=958b38ce-2710-49fd-8a62-a78b7cf08e6d] c.hify.common.RequestLoggingFilter - http.request method=POST path=/api/v1/knowledge-bases/ccac5495-6a26-431e-9bd2-52e961f87155/documents status=202 latencyMs=6
2026-10-07T15:55:12.738+08:00 INFO  [llm-8] [requestId=958b38ce-2710-49fd-8a62-a78b7cf08e6d] com.hify.common.LlmHttpClient - llm.http target=http://127.0.0.1:62971/v1/embeddings status=200 latencyMs=15
2026-10-07T15:55:12.900+08:00 INFO  [main] [requestId=0ed5d2d0-5409-44c2-9903-9cb83a7e24fa] c.hify.common.RequestLoggingFilter - http.request method=POST path=/api/v1/knowledge-bases/ccac5495-6a26-431e-9bd2-52e961f87155/documents status=202 latencyMs=4
2026-10-07T15:55:12.906+08:00 INFO  [llm-9] [requestId=0ed5d2d0-5409-44c2-9903-9cb83a7e24fa] com.hify.common.LlmHttpClient - llm.http target=http://127.0.0.1:62971/v1/embeddings status=200 latencyMs=1
2026-10-07T15:55:13.107+08:00 INFO  [llm-10] [requestId=] com.hify.common.LlmHttpClient - llm.http target=http://127.0.0.1:62971/v1/embeddings status=200 latencyMs=1
2026-10-07T15:55:13.121+08:00 INFO  [main] [requestId=d6bf9426-3913-432a-8d4d-fce52ee3ad4d] c.hify.common.RequestLoggingFilter - http.request method=POST path=/api/v1/providers status=201 latencyMs=5
2026-10-07T15:55:13.125+08:00 INFO  [main] [requestId=6c8f628c-1241-4f54-9313-3abac3c6de78] c.hify.common.RequestLoggingFilter - http.request method=POST path=/api/v1/knowledge-bases status=201 latencyMs=3
2026-10-07T15:55:13.128+08:00 INFO  [main] [requestId=fd0f39e1-4b6b-4ccf-a3ee-c566d83f8be8] c.hify.common.RequestLoggingFilter - http.request method=POST path=/api/v1/knowledge-bases/0bfeedaa-a85c-4b97-8a05-06a7163ae246/documents status=202 latencyMs=2
2026-10-07T15:55:13.131+08:00 INFO  [llm-1] [requestId=fd0f39e1-4b6b-4ccf-a3ee-c566d83f8be8] com.hify.common.LlmHttpClient - llm.http target=http://127.0.0.1:62971/v1/embeddings status=200 latencyMs=0
[INFO] Tests run: 7, Failures: 0, Errors: 0, Skipped: 0, Time elapsed: 6.543 s -- in com.hify.api.SemanticKnowledgePostgresTest
[INFO] Running com.hify.api.WorkflowTerminalMigrationTest
2026-10-07T15:55:13.860+08:00 INFO  [main] [requestId=] org.flywaydb.core.FlywayExecutor - Database: jdbc:h2:mem:workflow-upgrade-7286a8c9-8d0d-4daf-b97e-d9ffd133f565 (H2 2.3)
2026-10-07T15:55:13.861+08:00 WARN  [main] [requestId=] o.f.c.i.database.base.Database - Flyway upgrade recommended: H2 2.3.232 is newer than this version of Flyway and support has not been tested. The latest supported version of H2 is 2.2.224.
2026-10-07T15:55:13.868+08:00 INFO  [main] [requestId=] o.f.c.i.s.JdbcTableSchemaHistory - Schema history table "PUBLIC"."flyway_schema_history" does not exist yet
2026-10-07T15:55:13.868+08:00 INFO  [main] [requestId=] o.f.core.internal.command.DbValidate - Successfully validated 24 migrations (execution time 00:00.005s)
2026-10-07T15:55:13.872+08:00 INFO  [main] [requestId=] o.f.c.i.s.JdbcTableSchemaHistory - Creating Schema History table "PUBLIC"."flyway_schema_history" ...
2026-10-07T15:55:13.877+08:00 INFO  [main] [requestId=] o.f.core.internal.command.DbMigrate - Current version of schema "PUBLIC": << Empty Schema >>
2026-10-07T15:55:13.879+08:00 INFO  [main] [requestId=] o.f.core.internal.command.DbMigrate - Migrating schema "PUBLIC" to version "1 - baseline"
2026-10-07T15:55:13.892+08:00 INFO  [main] [requestId=] o.f.core.internal.command.DbMigrate - Migrating schema "PUBLIC" to version "2 - demo item"
2026-10-07T15:55:13.894+08:00 INFO  [main] [requestId=] o.f.core.internal.command.DbMigrate - Migrating schema "PUBLIC" to version "3 - run replan control"
2026-10-07T15:55:13.899+08:00 INFO  [main] [requestId=] o.f.core.internal.command.DbMigrate - Migrating schema "PUBLIC" to version "4 - run context state"
2026-10-07T15:55:13.911+08:00 INFO  [main] [requestId=] o.f.core.internal.command.DbMigrate - Migrating schema "PUBLIC" to version "5 - provider catalog"
2026-10-07T15:55:13.913+08:00 INFO  [main] [requestId=] o.f.core.internal.command.DbMigrate - Migrating schema "PUBLIC" to version "6 - agent publishing"
2026-10-07T15:55:13.923+08:00 INFO  [main] [requestId=] o.f.core.internal.command.DbMigrate - Migrating schema "PUBLIC" to version "7 - agent archive and tool bindings"
2026-10-07T15:55:13.926+08:00 INFO  [main] [requestId=] o.f.core.internal.command.DbMigrate - Migrating schema "PUBLIC" to version "8 - backfill agent tool bindings"
2026-10-07T15:55:13.928+08:00 INFO  [main] [requestId=] o.f.core.internal.command.DbMigrate - Migrating schema "PUBLIC" to version "9 - runtime capability and history"
2026-10-07T15:55:13.933+08:00 INFO  [main] [requestId=] o.f.core.internal.command.DbMigrate - Migrating schema "PUBLIC" to version "10 - child agent task protocol"
2026-10-07T15:55:13.940+08:00 INFO  [main] [requestId=] o.f.core.internal.command.DbMigrate - Migrating schema "PUBLIC" to version "11 - context memory catalog"
2026-10-07T15:55:13.958+08:00 INFO  [main] [requestId=] o.f.core.internal.command.DbMigrate - Migrating schema "PUBLIC" to version "12 - history full text index"
2026-10-07T15:55:13.959+08:00 INFO  [main] [requestId=] o.f.core.internal.command.DbMigrate - Migrating schema "PUBLIC" to version "13 - history vector index"
2026-10-07T15:55:13.960+08:00 INFO  [main] [requestId=] o.f.core.internal.command.DbMigrate - Migrating schema "PUBLIC" to version "14 - knowledge catalog"
2026-10-07T15:55:13.963+08:00 INFO  [main] [requestId=] o.f.core.internal.command.DbMigrate - Migrating schema "PUBLIC" to version "15 - knowledge search indexes"
2026-10-07T15:55:13.967+08:00 INFO  [main] [requestId=] o.f.core.internal.command.DbMigrate - Migrating schema "PUBLIC" to version "16 - workflow runtime"
2026-10-07T15:55:13.975+08:00 INFO  [main] [requestId=] o.f.core.internal.command.DbMigrate - Migrating schema "PUBLIC" to version "17 - mcp server registry"
2026-10-07T15:55:13.978+08:00 INFO  [main] [requestId=] o.f.core.internal.command.DbMigrate - Migrating schema "PUBLIC" to version "18 - agent knowledge capability"
2026-10-07T15:55:13.983+08:00 INFO  [main] [requestId=] o.f.core.internal.command.DbMigrate - Migrating schema "PUBLIC" to version "19 - agent workflow mcp capabilities"
2026-10-07T15:55:13.988+08:00 INFO  [main] [requestId=] o.f.core.internal.command.DbMigrate - Migrating schema "PUBLIC" to version "20 - mcp encrypted credentials"
2026-10-07T15:55:13.989+08:00 INFO  [main] [requestId=] o.f.core.internal.command.DbMigrate - Successfully applied 20 migrations to schema "PUBLIC", now at version v20 (execution time 00:00.065s)
2026-10-07T15:55:13.996+08:00 INFO  [main] [requestId=] org.flywaydb.core.FlywayExecutor - Database: jdbc:h2:mem:workflow-upgrade-7286a8c9-8d0d-4daf-b97e-d9ffd133f565 (H2 2.3)
2026-10-07T15:55:13.996+08:00 WARN  [main] [requestId=] o.f.c.i.database.base.Database - Flyway upgrade recommended: H2 2.3.232 is newer than this version of Flyway and support has not been tested. The latest supported version of H2 is 2.2.224.
2026-10-07T15:55:14.005+08:00 INFO  [main] [requestId=] o.f.core.internal.command.DbValidate - Successfully validated 24 migrations (execution time 00:00.007s)
2026-10-07T15:55:14.006+08:00 INFO  [main] [requestId=] o.f.core.internal.command.DbMigrate - Current version of schema "PUBLIC": 20
2026-10-07T15:55:14.008+08:00 INFO  [main] [requestId=] o.f.core.internal.command.DbMigrate - Migrating schema "PUBLIC" to version "21 - workflow control terminal states"
2026-10-07T15:55:14.010+08:00 INFO  [main] [requestId=] o.f.core.internal.command.DbMigrate - Migrating schema "PUBLIC" to version "22 - workflow interrupted state"
2026-10-07T15:55:14.012+08:00 INFO  [main] [requestId=] o.f.core.internal.command.DbMigrate - Migrating schema "PUBLIC" to version "23 - history operation recovery"
2026-10-07T15:55:14.015+08:00 INFO  [main] [requestId=] o.f.core.internal.command.DbMigrate - Migrating schema "PUBLIC" to version "24 - semantic embedding profiles"
2026-10-07T15:55:14.025+08:00 INFO  [main] [requestId=] o.f.core.internal.command.DbMigrate - Successfully applied 4 migrations to schema "PUBLIC", now at version v24 (execution time 00:00.010s)
[INFO] Tests run: 1, Failures: 0, Errors: 0, Skipped: 0, Time elapsed: 0.245 s -- in com.hify.api.WorkflowTerminalMigrationTest
[INFO] Running com.hify.api.KnowledgeMemoryPostgresTest
2026-10-07T15:55:14.038+08:00 INFO  [main] [requestId=] o.s.t.c.s.AnnotationConfigContextLoaderUtils - Could not detect default configuration classes for test class [com.hify.api.KnowledgeMemoryPostgresTest]: KnowledgeMemoryPostgresTest does not declare any static, non-private, non-final, nested classes annotated with @Configuration.
2026-10-07T15:55:14.052+08:00 INFO  [main] [requestId=] o.s.b.t.c.SpringBootTestContextBootstrapper - Found @SpringBootConfiguration com.hify.HifyApplication for test class com.hify.api.KnowledgeMemoryPostgresTest
2026-10-07T15:55:14.054+08:00 INFO  [main] [requestId=] tc.pgvector/pgvector:pg16 - Creating container for image: pgvector/pgvector:pg16
2026-10-07T15:55:14.125+08:00 INFO  [main] [requestId=] tc.pgvector/pgvector:pg16 - Container pgvector/pgvector:pg16 is starting: 7c1399c62070fc3446458ab17f6fb5846ab1d390d1323dcd141b154254f10b20
2026-10-07T15:55:15.235+08:00 INFO  [main] [requestId=] tc.pgvector/pgvector:pg16 - Container pgvector/pgvector:pg16 started in PT1.180187S
2026-10-07T15:55:15.240+08:00 INFO  [main] [requestId=] tc.pgvector/pgvector:pg16 - Container is started (JDBC URL: jdbc:postgresql://127.0.0.1:32780/knowledge_memory?loggerLevel=OFF)

  .   ____          _            __ _ _
 /\\ / ___'_ __ _ _(_)_ __  __ _ \ \ \ \
( ( )\___ | '_ | '_| | '_ \/ _` | \ \ \ \
 \\/  ___)| |_)| | | | | || (_| |  ) ) ) )
  '  |____| .__|_| |_|_| |_\__, | / / / /
 =========|_|==============|___/=/_/_/_/

 :: Spring Boot ::                (v3.4.5)

2026-10-07T15:55:15.414+08:00 INFO  [main] [requestId=] c.h.api.KnowledgeMemoryPostgresTest - Starting KnowledgeMemoryPostgresTest using Java 17.0.19 with PID 22759 (started by weberzhao in /private/tmp/hify-course-20261006.hhEhwt/retrieval-worktree/backend/hify-app)
2026-10-07T15:55:15.414+08:00 INFO  [main] [requestId=] c.h.api.KnowledgeMemoryPostgresTest - No active profile set, falling back to 1 default profile: "default"
2026-10-07T15:55:15.954+08:00 INFO  [main] [requestId=] o.s.d.r.c.RepositoryConfigurationDelegate - Multiple Spring Data modules found, entering strict repository configuration mode
2026-10-07T15:55:15.954+08:00 INFO  [main] [requestId=] o.s.d.r.c.RepositoryConfigurationDelegate - Bootstrapping Spring Data JPA repositories in DEFAULT mode.
2026-10-07T15:55:15.982+08:00 INFO  [main] [requestId=] o.s.d.r.c.RepositoryConfigurationDelegate - Finished Spring Data repository scanning in 26 ms. Found 34 JPA repository interfaces.
2026-10-07T15:55:16.084+08:00 INFO  [main] [requestId=] com.zaxxer.hikari.HikariDataSource - HikariPool-19 - Starting...
2026-10-07T15:55:16.121+08:00 INFO  [main] [requestId=] com.zaxxer.hikari.pool.HikariPool - HikariPool-19 - Added connection org.postgresql.jdbc.PgConnection@4b7e3219
2026-10-07T15:55:16.122+08:00 INFO  [main] [requestId=] com.zaxxer.hikari.HikariDataSource - HikariPool-19 - Start completed.
2026-10-07T15:55:16.124+08:00 INFO  [main] [requestId=] org.flywaydb.core.FlywayExecutor - Database: jdbc:postgresql://127.0.0.1:32780/knowledge_memory?loggerLevel=OFF (PostgreSQL 16.15)
2026-10-07T15:55:16.144+08:00 INFO  [main] [requestId=] o.f.c.i.s.JdbcTableSchemaHistory - Schema history table "public"."flyway_schema_history" does not exist yet
2026-10-07T15:55:16.147+08:00 INFO  [main] [requestId=] o.f.core.internal.command.DbValidate - Successfully validated 24 migrations (execution time 00:00.013s)
2026-10-07T15:55:16.190+08:00 INFO  [main] [requestId=] o.f.c.i.s.JdbcTableSchemaHistory - Creating Schema History table "public"."flyway_schema_history" ...
2026-10-07T15:55:16.244+08:00 INFO  [main] [requestId=] o.f.core.internal.command.DbMigrate - Current version of schema "public": << Empty Schema >>
2026-10-07T15:55:16.252+08:00 INFO  [main] [requestId=] o.f.core.internal.command.DbMigrate - Migrating schema "public" to version "1 - baseline"
2026-10-07T15:55:16.279+08:00 INFO  [main] [requestId=] o.f.core.internal.command.DbMigrate - Migrating schema "public" to version "2 - demo item"
2026-10-07T15:55:16.295+08:00 INFO  [main] [requestId=] o.f.core.internal.command.DbMigrate - Migrating schema "public" to version "3 - run replan control"
2026-10-07T15:55:16.309+08:00 INFO  [main] [requestId=] o.f.core.internal.command.DbMigrate - Migrating schema "public" to version "4 - run context state"
2026-10-07T15:55:16.322+08:00 INFO  [main] [requestId=] o.f.core.internal.command.DbMigrate - Migrating schema "public" to version "5 - provider catalog"
2026-10-07T15:55:16.335+08:00 INFO  [main] [requestId=] o.f.core.internal.command.DbMigrate - Migrating schema "public" to version "6 - agent publishing"
2026-10-07T15:55:16.345+08:00 INFO  [main] [requestId=] o.f.core.internal.command.DbMigrate - Migrating schema "public" to version "7 - agent archive and tool bindings"
2026-10-07T15:55:16.354+08:00 INFO  [main] [requestId=] o.f.core.internal.command.DbMigrate - Migrating schema "public" to version "8 - backfill agent tool bindings"
2026-10-07T15:55:16.367+08:00 INFO  [main] [requestId=] o.f.core.internal.command.DbMigrate - Migrating schema "public" to version "9 - runtime capability and history"
2026-10-07T15:55:16.382+08:00 INFO  [main] [requestId=] o.f.core.internal.command.DbMigrate - Migrating schema "public" to version "10 - child agent task protocol"
2026-10-07T15:55:16.400+08:00 INFO  [main] [requestId=] o.f.core.internal.command.DbMigrate - Migrating schema "public" to version "11 - context memory catalog"
2026-10-07T15:55:16.409+08:00 INFO  [main] [requestId=] o.f.core.internal.command.DbMigrate - Migrating schema "public" to version "12 - history full text index"
2026-10-07T15:55:16.413+08:00 INFO  [main] [requestId=] o.f.core.internal.command.DbMigrate - Migrating schema "public" to version "13 - history vector index"
2026-10-07T15:55:16.442+08:00 INFO  [main] [requestId=] o.f.core.internal.command.DbMigrate - Migrating schema "public" to version "14 - knowledge catalog"
2026-10-07T15:55:16.456+08:00 INFO  [main] [requestId=] o.f.core.internal.command.DbMigrate - Migrating schema "public" to version "15 - knowledge search indexes"
2026-10-07T15:55:16.468+08:00 INFO  [main] [requestId=] o.f.core.internal.command.DbMigrate - Migrating schema "public" to version "16 - workflow runtime"
2026-10-07T15:55:16.482+08:00 INFO  [main] [requestId=] o.f.core.internal.command.DbMigrate - Migrating schema "public" to version "17 - mcp server registry"
2026-10-07T15:55:16.491+08:00 INFO  [main] [requestId=] o.f.core.internal.command.DbMigrate - Migrating schema "public" to version "18 - agent knowledge capability"
2026-10-07T15:55:16.505+08:00 INFO  [main] [requestId=] o.f.core.internal.command.DbMigrate - Migrating schema "public" to version "19 - agent workflow mcp capabilities"
2026-10-07T15:55:16.516+08:00 INFO  [main] [requestId=] o.f.core.internal.command.DbMigrate - Migrating schema "public" to version "20 - mcp encrypted credentials"
2026-10-07T15:55:16.523+08:00 INFO  [main] [requestId=] o.f.core.internal.command.DbMigrate - Migrating schema "public" to version "21 - workflow control terminal states"
2026-10-07T15:55:16.528+08:00 INFO  [main] [requestId=] o.f.core.internal.command.DbMigrate - Migrating schema "public" to version "22 - workflow interrupted state"
2026-10-07T15:55:16.533+08:00 INFO  [main] [requestId=] o.f.core.internal.command.DbMigrate - Migrating schema "public" to version "23 - history operation recovery"
2026-10-07T15:55:16.541+08:00 INFO  [main] [requestId=] o.f.core.internal.command.DbMigrate - Migrating schema "public" to version "24 - semantic embedding profiles"
2026-10-07T15:55:16.546+08:00 INFO  [main] [requestId=] o.f.core.internal.command.DbMigrate - Successfully applied 24 migrations to schema "public", now at version v24 (execution time 00:00.150s)
2026-10-07T15:55:16.642+08:00 INFO  [main] [requestId=] o.h.jpa.internal.util.LogHelper - HHH000204: Processing PersistenceUnitInfo [name: default]
2026-10-07T15:55:16.650+08:00 INFO  [main] [requestId=] o.h.c.i.RegionFactoryInitiator - HHH000026: Second-level cache disabled
2026-10-07T15:55:16.663+08:00 INFO  [main] [requestId=] o.s.o.j.p.SpringPersistenceUnitInfo - No LoadTimeWeaver setup: ignoring JPA class transformer
2026-10-07T15:55:16.673+08:00 INFO  [main] [requestId=] o.hibernate.orm.connections.pooling - HHH10001005: Database info:
	Database JDBC URL [Connecting through datasource 'HikariDataSource (HikariPool-19)']
	Database driver: undefined/unknown
	Database version: 16.15
	Autocommit mode: undefined/unknown
	Isolation level: undefined/unknown
	Minimum pool size: undefined/unknown
	Maximum pool size: undefined/unknown
2026-10-07T15:55:16.782+08:00 INFO  [main] [requestId=] o.h.e.t.j.p.i.JtaPlatformInitiator - HHH000489: No JTA platform available (set 'hibernate.transaction.jta.platform' to enable JTA platform integration)
2026-10-07T15:55:16.796+08:00 INFO  [main] [requestId=] o.s.o.j.LocalContainerEntityManagerFactoryBean - Initialized JPA EntityManagerFactory for persistence unit 'default'
2026-10-07T15:55:18.103+08:00 INFO  [main] [requestId=] c.b.m.s.MybatisPlusApplicationContextAware - Register ApplicationContext instances org.springframework.web.context.support.GenericWebApplicationContext@6338a661
2026-10-07T15:55:18.454+08:00 INFO  [main] [requestId=] o.s.b.t.m.w.SpringBootMockServletContext - Initializing Spring TestDispatcherServlet ''
2026-10-07T15:55:18.454+08:00 INFO  [main] [requestId=] o.s.t.w.s.TestDispatcherServlet - Initializing Servlet ''
2026-10-07T15:55:18.458+08:00 INFO  [main] [requestId=] o.s.b.a.e.web.EndpointLinksResolver - Exposing 2 endpoints beneath base path '/actuator'
2026-10-07T15:55:18.465+08:00 INFO  [main] [requestId=] o.s.t.w.s.TestDispatcherServlet - Completed initialization in 10 ms
2026-10-07T15:55:18.486+08:00 INFO  [main] [requestId=] c.h.api.KnowledgeMemoryPostgresTest - Started KnowledgeMemoryPostgresTest in 3.217 seconds (process running for 118.562)
2026-10-07T15:55:18.709+08:00 INFO  [main] [requestId=] o.s.o.j.LocalContainerEntityManagerFactoryBean - Closing JPA EntityManagerFactory for persistence unit 'default'
2026-10-07T15:55:18.726+08:00 INFO  [main] [requestId=] com.zaxxer.hikari.HikariDataSource - HikariPool-17 - Shutdown initiated...
2026-10-07T15:55:18.729+08:00 INFO  [main] [requestId=] com.zaxxer.hikari.HikariDataSource - HikariPool-17 - Shutdown completed.
2026-10-07T15:55:18.849+08:00 INFO  [main] [requestId=2f2f29d5-b0f1-43f2-833a-087c4322431f] c.hify.common.RequestLoggingFilter - http.request method=POST path=/api/v1/knowledge-bases status=201 latencyMs=105
2026-10-07T15:55:18.892+08:00 INFO  [main] [requestId=8b837d02-b736-4eac-8f70-c48cc277742c] c.hify.common.RequestLoggingFilter - http.request method=POST path=/api/v1/knowledge-bases status=201 latencyMs=5
2026-10-07T15:55:18.918+08:00 INFO  [main] [requestId=3a8f3459-176f-440d-b002-1ef03d1e0645] c.hify.common.RequestLoggingFilter - http.request method=POST path=/api/v1/workflows status=201 latencyMs=24
2026-10-07T15:55:18.919+08:00 INFO  [main] [requestId=1e225ac3-f586-4d51-ab87-686aadfcfae7] c.hify.common.RequestLoggingFilter - http.request method=POST path=/api/v1/workflows status=400 latencyMs=0
2026-10-07T15:55:18.921+08:00 INFO  [main] [requestId=ead255cc-7449-41ea-b644-c93919304189] c.hify.common.RequestLoggingFilter - http.request method=PUT path=/api/v1/workflows/fc62d388-a5ce-4925-a184-c1f545ee8c71 status=400 latencyMs=0
2026-10-07T15:55:18.924+08:00 INFO  [main] [requestId=fcf3fcad-1278-4682-87dd-a554663a4f06] c.hify.common.RequestLoggingFilter - http.request method=POST path=/api/v1/workflow-versions/f072baef-ec01-4967-97f9-727f66e9841e/runs status=409 latencyMs=1
2026-10-07T15:55:18.930+08:00 INFO  [main] [requestId=78e53c2c-3bd2-49d9-9b37-98191e3b2237] c.hify.common.RequestLoggingFilter - http.request method=POST path=/api/v1/knowledge-bases status=201 latencyMs=2
2026-10-07T15:55:18.936+08:00 INFO  [main] [requestId=455039e0-0ec7-4d83-a7c0-2d6d57bcb5ff] c.hify.common.RequestLoggingFilter - http.request method=POST path=/api/v1/knowledge-bases/e41d1032-95f1-4f33-8f94-376f7a51ce44/documents status=202 latencyMs=5
2026-10-07T15:55:18.940+08:00 INFO  [main] [requestId=a28c72e4-9be3-4d71-a31b-a5f900280632] c.hify.common.RequestLoggingFilter - http.request method=GET path=/api/v1/documents/ef8c974a-9c06-42b0-a7dc-bebd69d12306 status=200 latencyMs=3
2026-10-07T15:55:19.117+08:00 INFO  [main] [requestId=8dc66bbf-9f28-4ede-8710-53907e7065e5] c.hify.common.RequestLoggingFilter - http.request method=GET path=/api/v1/documents/ef8c974a-9c06-42b0-a7dc-bebd69d12306 status=200 latencyMs=5
2026-10-07T15:55:19.122+08:00 INFO  [main] [requestId=2c0e7c22-b2e0-4376-8fe7-a6ca605d6fd6] c.hify.common.RequestLoggingFilter - http.request method=GET path=/api/v1/documents/ef8c974a-9c06-42b0-a7dc-bebd69d12306/chunks status=200 latencyMs=4
2026-10-07T15:55:19.125+08:00 INFO  [main] [requestId=958e4273-a397-47aa-97be-3cf11075eb95] c.hify.common.RequestLoggingFilter - http.request method=DELETE path=/api/v1/documents/ef8c974a-9c06-42b0-a7dc-bebd69d12306 status=200 latencyMs=2
2026-10-07T15:55:19.134+08:00 INFO  [main] [requestId=6f465ec1-a2b5-4333-a044-eea00c434a2f] c.hify.common.RequestLoggingFilter - http.request method=POST path=/api/v1/knowledge-bases status=201 latencyMs=2
2026-10-07T15:55:19.139+08:00 INFO  [main] [requestId=7793a031-2411-4af3-8fee-6126a368f39b] c.hify.common.RequestLoggingFilter - http.request method=POST path=/api/v1/knowledge-bases/398c7ae1-a034-4ac9-9618-00d4fcca1fa6/documents status=202 latencyMs=4
2026-10-07T15:55:19.141+08:00 INFO  [main] [requestId=6849ef7f-9b35-4e26-8e68-677df3dbe4c0] c.hify.common.RequestLoggingFilter - http.request method=GET path=/api/v1/documents/1d5177dd-db5d-496d-8df5-5574fc8797f0 status=200 latencyMs=1
2026-10-07T15:55:19.294+08:00 INFO  [main] [requestId=79989519-1fca-4082-a32b-cb6d5643455e] c.hify.common.RequestLoggingFilter - http.request method=GET path=/api/v1/documents/1d5177dd-db5d-496d-8df5-5574fc8797f0 status=200 latencyMs=2
2026-10-07T15:55:19.303+08:00 INFO  [main] [requestId=56a76e66-c6b4-4bee-9ce3-dcd00acbab91] c.hify.common.RequestLoggingFilter - http.request method=POST path=/api/v1/workflows status=201 latencyMs=8
2026-10-07T15:55:19.313+08:00 INFO  [main] [requestId=52e12dd3-e978-43fa-b7e3-432bec18c05b] c.hify.common.RequestLoggingFilter - http.request method=POST path=/api/v1/workflows/117cc78b-f9b5-49e4-8bea-6f6c53807388/versions status=200 latencyMs=9
2026-10-07T15:55:19.338+08:00 INFO  [main] [requestId=ef305f86-85c9-47cb-9568-fc0b824363dc] c.hify.common.RequestLoggingFilter - http.request method=POST path=/api/v1/agents status=201 latencyMs=23
2026-10-07T15:55:19.348+08:00 INFO  [main] [requestId=a0837cc9-2a92-4fcb-891f-80c76e980eaa] c.hify.common.RequestLoggingFilter - http.request method=PUT path=/api/v1/agents/856210dc-441d-473d-9878-5f73944033fb/workflow-binding status=200 latencyMs=9
2026-10-07T15:55:19.364+08:00 INFO  [main] [requestId=a89f96e0-8645-44f7-bb96-68f687bd06ce] c.hify.common.RequestLoggingFilter - http.request method=POST path=/api/v1/agents/856210dc-441d-473d-9878-5f73944033fb/publications status=200 latencyMs=14
2026-10-07T15:55:19.371+08:00 INFO  [main] [requestId=4a37de81-f67f-4642-bdca-698efbb06d3c] c.hify.common.RequestLoggingFilter - http.request method=POST path=/api/v1/conversations status=201 latencyMs=6
2026-10-07T15:55:19.395+08:00 INFO  [main] [requestId=e4f88a0c-b425-4f38-8660-93c37b6ebd49] c.hify.common.RequestLoggingFilter - http.request method=POST path=/api/v1/workflow-versions/3ecd83eb-4c63-4fc4-a4a4-ab1f3688dc6b/runs status=202 latencyMs=24
2026-10-07T15:55:19.399+08:00 INFO  [main] [requestId=1fec9507-bf30-41cb-a903-e3d4e8aefc19] c.hify.common.RequestLoggingFilter - http.request method=DELETE path=/api/v1/documents/1d5177dd-db5d-496d-8df5-5574fc8797f0 status=200 latencyMs=3
2026-10-07T15:55:19.402+08:00 INFO  [main] [requestId=02e9dc7f-644a-436a-8060-6f6c3b7aff77] c.hify.common.RequestLoggingFilter - http.request method=POST path=/api/v1/knowledge-bases/398c7ae1-a034-4ac9-9618-00d4fcca1fa6/documents status=202 latencyMs=2
2026-10-07T15:55:19.403+08:00 INFO  [main] [requestId=9951586d-7f01-435e-9ed3-3d239d48c9f8] c.hify.common.RequestLoggingFilter - http.request method=GET path=/api/v1/documents/1222f874-a687-4be5-9a2c-a64560bc2ba0 status=200 latencyMs=0
2026-10-07T15:55:19.575+08:00 INFO  [main] [requestId=ddb3ad9e-44d0-4338-a08b-b1e225635f06] c.hify.common.RequestLoggingFilter - http.request method=GET path=/api/v1/documents/1222f874-a687-4be5-9a2c-a64560bc2ba0 status=200 latencyMs=2
2026-10-07T15:55:19.594+08:00 INFO  [main] [requestId=c0bff890-9ef7-4d94-bc99-f913f079823b] c.hify.common.RequestLoggingFilter - http.request method=POST path=/api/v1/workflow-versions/3ecd83eb-4c63-4fc4-a4a4-ab1f3688dc6b/runs status=202 latencyMs=18
2026-10-07T15:55:19.604+08:00 INFO  [main] [requestId=b15025c0-3f15-4ca2-97a9-33bbf45a0c30] c.hify.common.RequestLoggingFilter - http.request method=POST path=/api/v1/workflows/117cc78b-f9b5-49e4-8bea-6f6c53807388/versions status=200 latencyMs=6
2026-10-07T15:55:19.617+08:00 INFO  [main] [requestId=86ca0f31-aa68-4826-88fb-1e863cf39951] c.hify.common.RequestLoggingFilter - http.request method=POST path=/api/v1/workflow-versions/a36e565f-4bc5-4023-8d34-500ee9d7a4fc/runs status=202 latencyMs=12
2026-10-07T15:55:19.625+08:00 INFO  [main] [requestId=d9f9c29d-85a0-4b40-9daf-3e9eeeb201a4] c.hify.common.RequestLoggingFilter - http.request method=POST path=/api/v1/agents/856210dc-441d-473d-9878-5f73944033fb/publications status=200 latencyMs=7
2026-10-07T15:55:19.643+08:00 INFO  [main] [requestId=a5dcf6b0-8edd-4129-9970-44e651a9b6de] c.hify.common.RequestLoggingFilter - http.request method=POST path=/api/v1/conversations/b868619f-3436-4dd7-b203-b6c7b170ae79/runs status=202 latencyMs=17
2026-10-07T15:55:19.644+08:00 INFO  [main] [requestId=100fd322-dd03-41ce-b96a-50d42996a5a3] c.hify.common.RequestLoggingFilter - http.request method=GET path=/api/v1/runs/fb6a4421-aea5-487f-9170-fe750d8e543b status=200 latencyMs=1
2026-10-07T15:55:19.787+08:00 INFO  [main] [requestId=2e16f4ec-9c76-4423-b6fc-b0a47568d28e] c.hify.common.RequestLoggingFilter - http.request method=GET path=/api/v1/runs/fb6a4421-aea5-487f-9170-fe750d8e543b status=200 latencyMs=3
2026-10-07T15:55:19.796+08:00 INFO  [main] [requestId=0077adc5-9fb9-4686-bea6-92af6c645357] c.hify.common.RequestLoggingFilter - http.request method=POST path=/api/v1/conversations status=201 latencyMs=7
2026-10-07T15:55:19.823+08:00 INFO  [main] [requestId=a51d2f50-d8aa-4855-a750-211b675e484e] c.hify.common.RequestLoggingFilter - http.request method=POST path=/api/v1/conversations/ebb5f72a-44d8-485b-8906-93f0b7aa8982/runs status=202 latencyMs=26
2026-10-07T15:55:19.824+08:00 INFO  [main] [requestId=acfce4d2-e32f-4bf5-8abd-f2ca7aab66b8] c.hify.common.RequestLoggingFilter - http.request method=GET path=/api/v1/runs/c92cbbe5-f1a9-4e4c-a4fb-a2973a716b89 status=200 latencyMs=1
2026-10-07T15:55:19.986+08:00 INFO  [main] [requestId=db1c2c27-5bc0-4fdd-a249-db1155b981a5] c.hify.common.RequestLoggingFilter - http.request method=GET path=/api/v1/runs/c92cbbe5-f1a9-4e4c-a4fb-a2973a716b89 status=200 latencyMs=3
2026-10-07T15:55:19.990+08:00 INFO  [main] [requestId=459c665c-e702-4715-8a80-a685a20394d1] c.hify.common.RequestLoggingFilter - http.request method=GET path=/api/v1/workflows/117cc78b-f9b5-49e4-8bea-6f6c53807388 status=200 latencyMs=3
2026-10-07T15:55:20.002+08:00 INFO  [main] [requestId=c82c6641-6c03-482d-8187-753999f08a31] c.hify.common.RequestLoggingFilter - http.request method=DELETE path=/api/v1/knowledge-bases/398c7ae1-a034-4ac9-9618-00d4fcca1fa6 status=200 latencyMs=10
2026-10-07T15:55:20.099+08:00 INFO  [main] [requestId=842045d6-3ffc-461a-930c-bd9f0fc82b66] c.hify.common.RequestLoggingFilter - http.request method=POST path=/api/v1/workflow-versions/3ecd83eb-4c63-4fc4-a4a4-ab1f3688dc6b/runs status=202 latencyMs=96
2026-10-07T15:55:20.209+08:00 INFO  [main] [requestId=a3c56b25-9537-4fad-926b-e4f9a931dddb] c.hify.common.RequestLoggingFilter - http.request method=POST path=/api/v1/workflows/117cc78b-f9b5-49e4-8bea-6f6c53807388/versions status=404 latencyMs=105
2026-10-07T15:55:20.304+08:00 INFO  [main] [requestId=418a5992-14ac-40e4-a915-b5b2ff447eac] c.hify.common.RequestLoggingFilter - http.request method=POST path=/api/v1/knowledge-bases status=201 latencyMs=33
2026-10-07T15:55:20.329+08:00 INFO  [main] [requestId=c265c101-1994-49d5-b10d-377ffc50777c] c.hify.common.RequestLoggingFilter - http.request method=POST path=/api/v1/knowledge-bases/c47b43fd-6203-43f3-982c-8424e2b7b1de/documents status=202 latencyMs=23
2026-10-07T15:55:20.336+08:00 INFO  [main] [requestId=12e4f66d-4f85-45e5-aed1-28df0bc0e5aa] c.hify.common.RequestLoggingFilter - http.request method=GET path=/api/v1/documents/076f3575-45dc-4f8c-8294-a0e95903a235 status=200 latencyMs=6
2026-10-07T15:55:20.522+08:00 INFO  [main] [requestId=7bb3db5b-86dd-4b16-a8b2-9d3451347e7b] c.hify.common.RequestLoggingFilter - http.request method=GET path=/api/v1/documents/076f3575-45dc-4f8c-8294-a0e95903a235 status=200 latencyMs=9
2026-10-07T15:55:20.533+08:00 INFO  [main] [requestId=8df5f7c5-5fb1-4a4a-a08a-e0899898c1c1] c.hify.common.RequestLoggingFilter - http.request method=POST path=/api/v1/workflows status=201 latencyMs=10
2026-10-07T15:55:20.545+08:00 INFO  [main] [requestId=0f6ca4a5-8bc2-49b6-ae5a-587bb72f7381] c.hify.common.RequestLoggingFilter - http.request method=POST path=/api/v1/workflows/0400548a-5d74-4771-bce9-5f517077b132/versions status=200 latencyMs=10
2026-10-07T15:55:20.563+08:00 INFO  [main] [requestId=3a14b975-5482-430a-b13c-1823992b4ced] c.hify.common.RequestLoggingFilter - http.request method=POST path=/api/v1/workflow-versions/3a64a9b4-f961-4fd3-a9c9-a6bcb0d8c570/runs status=202 latencyMs=17
2026-10-07T15:55:20.572+08:00 INFO  [main] [requestId=4920c2f2-2a98-4031-98b6-edebec431403] c.hify.common.RequestLoggingFilter - http.request method=POST path=/api/v1/knowledge-bases status=201 latencyMs=3
2026-10-07T15:55:20.575+08:00 INFO  [main] [requestId=73f128cd-c2f0-4ba7-a8fe-560e7f0ee2c9] c.hify.common.RequestLoggingFilter - http.request method=POST path=/api/v1/knowledge-bases/5100d614-0a6b-4ba4-aac6-84db5c64e5d4/documents status=202 latencyMs=2
2026-10-07T15:55:20.577+08:00 INFO  [main] [requestId=af57fa01-7677-42d5-8777-35242186e70c] c.hify.common.RequestLoggingFilter - http.request method=GET path=/api/v1/documents/85914a2f-da46-4b49-843e-134589cc1e6d status=200 latencyMs=1
2026-10-07T15:55:20.759+08:00 INFO  [main] [requestId=f8e4cdbd-ac05-4ae3-b069-34cd20349535] c.hify.common.RequestLoggingFilter - http.request method=GET path=/api/v1/documents/85914a2f-da46-4b49-843e-134589cc1e6d status=200 latencyMs=7
2026-10-07T15:55:20.780+08:00 INFO  [main] [requestId=c25a2706-e4b6-4c45-9326-aa540ac1aedf] c.hify.common.RequestLoggingFilter - http.request method=POST path=/api/v1/workflows status=201 latencyMs=19
2026-10-07T15:55:20.798+08:00 INFO  [main] [requestId=b8d8c675-d717-4d70-83f0-f325f8e61d50] c.hify.common.RequestLoggingFilter - http.request method=POST path=/api/v1/workflows/bcbbcd0f-a437-41a5-8500-3055f2903802/versions status=200 latencyMs=16
2026-10-07T15:55:20.843+08:00 INFO  [main] [requestId=73a4d418-f54c-4300-aaf9-66231e7e1a9b] c.hify.common.RequestLoggingFilter - http.request method=POST path=/api/v1/workflow-versions/28d99038-f858-4a6f-98c1-016cd4880a65/runs status=202 latencyMs=41
2026-10-07T15:55:20.894+08:00 INFO  [main] [requestId=052c632b-7d5d-4c38-9f9b-a84c2e0d5b64] c.hify.common.RequestLoggingFilter - http.request method=POST path=/api/v1/knowledge-bases status=201 latencyMs=12
2026-10-07T15:55:20.902+08:00 INFO  [main] [requestId=1eeb3732-abed-4937-8087-15ced7eab5e8] c.hify.common.RequestLoggingFilter - http.request method=POST path=/api/v1/knowledge-bases/d7ff32da-fb53-48c7-bc63-d3518d44f0a2/documents status=202 latencyMs=7
2026-10-07T15:55:20.907+08:00 INFO  [main] [requestId=5de7825b-4bd3-4f21-84bf-8504b209a689] c.hify.common.RequestLoggingFilter - http.request method=GET path=/api/v1/documents/705cf3b2-333a-4ef3-ac34-a104ebb85caf status=200 latencyMs=3
2026-10-07T15:55:21.085+08:00 INFO  [main] [requestId=5e4e4a83-8a36-4e40-ba4b-bb77d623e359] c.hify.common.RequestLoggingFilter - http.request method=GET path=/api/v1/documents/705cf3b2-333a-4ef3-ac34-a104ebb85caf status=200 latencyMs=10
2026-10-07T15:55:21.096+08:00 INFO  [main] [requestId=4e5ac9b5-4f82-4972-b397-d8c008010c26] c.hify.common.RequestLoggingFilter - http.request method=POST path=/api/v1/workflows status=201 latencyMs=9
2026-10-07T15:55:21.121+08:00 INFO  [main] [requestId=7efcc12d-b21c-4e65-b4d8-2aafb9cdd6e4] c.hify.common.RequestLoggingFilter - http.request method=POST path=/api/v1/workflows/9870bdad-0ca9-4108-91a4-a7161b770144/versions status=200 latencyMs=24
2026-10-07T15:55:21.141+08:00 INFO  [main] [requestId=0a0d3a7f-c94d-4896-b823-71b9531880f1] c.hify.common.RequestLoggingFilter - http.request method=POST path=/api/v1/workflow-versions/9abdf810-3856-446c-8974-6b698028d812/runs status=202 latencyMs=17
2026-10-07T15:55:21.153+08:00 INFO  [main] [requestId=53b592b0-79bf-48fa-bb2b-031914908e08] c.hify.common.RequestLoggingFilter - http.request method=POST path=/api/v1/knowledge-bases status=201 latencyMs=2
2026-10-07T15:55:21.163+08:00 INFO  [main] [requestId=8b72d3d8-2ff0-4c3a-b2dc-a05e420ae7c0] c.hify.common.RequestLoggingFilter - http.request method=POST path=/api/v1/knowledge-bases/708cd6b8-d7f5-436f-87e5-0f791235dc9e/documents status=202 latencyMs=9
2026-10-07T15:55:21.170+08:00 INFO  [main] [requestId=6ac0352c-6928-4389-bb86-d7f12f20c2bf] c.hify.common.RequestLoggingFilter - http.request method=GET path=/api/v1/documents/c223b316-ee24-4691-bfc2-cfd4be72be39 status=200 latencyMs=4
2026-10-07T15:55:21.345+08:00 INFO  [main] [requestId=ca875e09-66de-4c53-a3c5-8c6e1be858c0] c.hify.common.RequestLoggingFilter - http.request method=GET path=/api/v1/documents/c223b316-ee24-4691-bfc2-cfd4be72be39 status=200 latencyMs=2
2026-10-07T15:55:21.351+08:00 INFO  [main] [requestId=c1170c93-c7e1-4073-9755-7be2b2a7d8ee] c.hify.common.RequestLoggingFilter - http.request method=POST path=/api/v1/workflows status=201 latencyMs=5
2026-10-07T15:55:21.357+08:00 INFO  [main] [requestId=ac80d3f0-0915-461b-bb1b-114ba7af7a1e] c.hify.common.RequestLoggingFilter - http.request method=POST path=/api/v1/workflows/db449582-5eee-44e4-9cdd-61e1d57f86fc/versions status=200 latencyMs=6
2026-10-07T15:55:21.360+08:00 INFO  [main] [requestId=5f1dd9d7-0f4d-42e9-a364-019639d764fd] c.hify.common.RequestLoggingFilter - http.request method=POST path=/api/v1/knowledge-bases status=201 latencyMs=1
2026-10-07T15:55:21.370+08:00 INFO  [main] [requestId=4842b28f-61ee-4a4a-9bd5-33cb436a1343] c.hify.common.RequestLoggingFilter - http.request method=POST path=/api/v1/workflow-versions/3000054a-a3f9-461a-adc2-ec96ac889a93/runs status=202 latencyMs=9
2026-10-07T15:55:21.376+08:00 INFO  [main] [requestId=a22ffc08-0eac-4726-a0ba-4bd9fcf33811] c.hify.common.RequestLoggingFilter - http.request method=POST path=/api/v1/knowledge-bases status=201 latencyMs=2
2026-10-07T15:55:21.378+08:00 INFO  [main] [requestId=3cf8b3a5-6980-43d9-bf3e-566b0e92aa4e] c.hify.common.RequestLoggingFilter - http.request method=POST path=/api/v1/knowledge-bases/efedcae6-5ab9-4ae1-833c-66d114c2ce82/documents status=202 latencyMs=2
2026-10-07T15:55:21.379+08:00 INFO  [main] [requestId=7233bb46-2bff-4990-b6ee-b056b70c725f] c.hify.common.RequestLoggingFilter - http.request method=GET path=/api/v1/documents/47a03d6b-28e7-4db0-be2b-8d8e53afb324 status=200 latencyMs=0
2026-10-07T15:55:21.527+08:00 INFO  [main] [requestId=ab538834-711b-4719-9b37-08b3c58b6cc7] c.hify.common.RequestLoggingFilter - http.request method=GET path=/api/v1/documents/47a03d6b-28e7-4db0-be2b-8d8e53afb324 status=200 latencyMs=2
2026-10-07T15:55:21.537+08:00 INFO  [main] [requestId=2abe0fad-5d6c-464d-a557-260cd8f2031f] c.hify.common.RequestLoggingFilter - http.request method=POST path=/api/v1/workflows status=201 latencyMs=9
2026-10-07T15:55:21.543+08:00 INFO  [main] [requestId=ebcc0ef2-fb50-41c3-a60a-f6123faceac9] c.hify.common.RequestLoggingFilter - http.request method=POST path=/api/v1/workflows/1a6f5fc2-fb08-4568-82da-495a59b605d6/versions status=404 latencyMs=5
2026-10-07T15:55:21.556+08:00 INFO  [main] [requestId=a69c5c70-7437-4f78-85e8-b32eed4ba713] c.hify.common.RequestLoggingFilter - http.request method=POST path=/api/v1/knowledge-bases status=201 latencyMs=5
2026-10-07T15:55:21.561+08:00 INFO  [main] [requestId=7f16e385-0c44-447a-a444-4d8c7bde7b3b] c.hify.common.RequestLoggingFilter - http.request method=POST path=/api/v1/knowledge-bases/d9d96e13-42ee-404a-886b-97589092ce81/documents status=202 latencyMs=3
2026-10-07T15:55:21.563+08:00 INFO  [main] [requestId=6a73b0d6-1e8d-4a26-98a6-00281b238d09] c.hify.common.RequestLoggingFilter - http.request method=GET path=/api/v1/documents/aaa1abdc-92d0-4753-8ac4-ad70c5644867 status=200 latencyMs=2
2026-10-07T15:55:21.725+08:00 INFO  [main] [requestId=ee4ce92e-ab7c-488d-ae4d-57a08cb73f44] c.hify.common.RequestLoggingFilter - http.request method=GET path=/api/v1/documents/aaa1abdc-92d0-4753-8ac4-ad70c5644867 status=200 latencyMs=2
2026-10-07T15:55:21.730+08:00 INFO  [main] [requestId=2d095e5e-977a-4366-bf91-9f880d3be06f] c.hify.common.RequestLoggingFilter - http.request method=POST path=/api/v1/workflows status=201 latencyMs=4
2026-10-07T15:55:21.736+08:00 INFO  [main] [requestId=0d2957db-84ab-4bfe-8c07-1f002a5c298e] c.hify.common.RequestLoggingFilter - http.request method=POST path=/api/v1/workflows/7091299a-7596-4d04-bab8-0e76bfc8c036/versions status=200 latencyMs=5
2026-10-07T15:55:21.749+08:00 INFO  [main] [requestId=590f1c77-764c-4eb8-88aa-83f56969abb2] c.hify.common.RequestLoggingFilter - http.request method=POST path=/api/v1/workflow-versions/e67d7df8-a09e-48c8-962d-4f2e175ff9f9/runs status=202 latencyMs=12
2026-10-07T15:55:21.759+08:00 INFO  [main] [requestId=43a1f4a8-a54e-4f7f-abb6-04083ae604a8] c.hify.common.RequestLoggingFilter - http.request method=POST path=/api/v1/workflow-versions/e67d7df8-a09e-48c8-962d-4f2e175ff9f9/runs status=202 latencyMs=9
2026-10-07T15:55:21.767+08:00 INFO  [main] [requestId=12e15c2d-beb4-4ea0-9ea9-29a6d44c94b6] c.hify.common.RequestLoggingFilter - http.request method=POST path=/api/v1/knowledge-bases status=201 latencyMs=2
2026-10-07T15:55:21.770+08:00 INFO  [main] [requestId=a551374a-2544-494b-a02d-4b85f7c3eaf9] c.hify.common.RequestLoggingFilter - http.request method=POST path=/api/v1/knowledge-bases/eb2f863d-a855-4b43-b8e9-d231012f0d0e/documents status=202 latencyMs=2
2026-10-07T15:55:21.771+08:00 INFO  [main] [requestId=b85d7200-9dd1-49d7-b242-208943377d15] c.hify.common.RequestLoggingFilter - http.request method=GET path=/api/v1/documents/55d2d575-809a-45fd-a6d6-bb444d099134 status=200 latencyMs=0
2026-10-07T15:55:21.945+08:00 INFO  [main] [requestId=ef46bcc8-613b-4e4b-93f4-efbc21b2580b] c.hify.common.RequestLoggingFilter - http.request method=GET path=/api/v1/documents/55d2d575-809a-45fd-a6d6-bb444d099134 status=200 latencyMs=2
2026-10-07T15:55:22.154+08:00 INFO  [main] [requestId=6715778d-dda1-4f85-854b-ef9242503080] c.hify.common.RequestLoggingFilter - http.request method=DELETE path=/api/v1/documents/55d2d575-809a-45fd-a6d6-bb444d099134 status=200 latencyMs=4
2026-10-07T15:55:22.159+08:00 INFO  [main] [requestId=3f85458b-37a7-4523-8354-6b8c11a5098c] c.hify.common.RequestLoggingFilter - http.request method=POST path=/api/v1/knowledge-bases/eb2f863d-a855-4b43-b8e9-d231012f0d0e/documents status=202 latencyMs=4
2026-10-07T15:55:22.161+08:00 INFO  [main] [requestId=e1815331-9351-40a8-b358-58a8c9a33d79] c.hify.common.RequestLoggingFilter - http.request method=GET path=/api/v1/documents/d89d4962-556e-462e-a1fe-45bb03992ff1 status=200 latencyMs=1
2026-10-07T15:55:22.304+08:00 INFO  [main] [requestId=9cf8f1de-4dd1-4527-827c-8b6cd5e2be8a] c.hify.common.RequestLoggingFilter - http.request method=GET path=/api/v1/documents/d89d4962-556e-462e-a1fe-45bb03992ff1 status=200 latencyMs=3
2026-10-07T15:55:22.435+08:00 INFO  [main] [requestId=3a0d10bd-76a6-4092-9329-27d5b514603d] c.hify.common.RequestLoggingFilter - http.request method=POST path=/api/v1/knowledge-bases status=201 latencyMs=3
2026-10-07T15:55:22.441+08:00 INFO  [main] [requestId=652eb14b-6e06-4621-8b92-775ec4bcd23e] c.hify.common.RequestLoggingFilter - http.request method=POST path=/api/v1/workflows status=201 latencyMs=6
2026-10-07T15:55:22.448+08:00 INFO  [main] [requestId=4f156196-1a8d-4fe1-a1c5-3d61fece0c79] c.hify.common.RequestLoggingFilter - http.request method=POST path=/api/v1/workflows/73057070-d54b-402d-b161-86bdf6e9593a/versions status=200 latencyMs=6
2026-10-07T15:55:22.464+08:00 INFO  [main] [requestId=9b5dfa02-48eb-4270-af5e-429f3d1f1975] c.hify.common.RequestLoggingFilter - http.request method=POST path=/api/v1/workflow-versions/eabdf471-7d30-422f-8305-faab824cf033/runs status=202 latencyMs=14
2026-10-07T15:55:22.470+08:00 INFO  [main] [requestId=fe378bb5-18cc-444f-8689-bfe006fbc3c7] c.hify.common.RequestLoggingFilter - http.request method=POST path=/api/v1/knowledge-bases status=201 latencyMs=2
2026-10-07T15:55:22.475+08:00 INFO  [main] [requestId=b853403f-0b40-4c5a-8102-7ab4ef3939cf] c.hify.common.RequestLoggingFilter - http.request method=POST path=/api/v1/knowledge-bases/128d3e21-8359-4712-9578-56d8cd75e724/documents status=202 latencyMs=4
2026-10-07T15:55:22.477+08:00 INFO  [main] [requestId=f3a7ae7a-e071-43c5-890d-1cbac19658a8] c.hify.common.RequestLoggingFilter - http.request method=GET path=/api/v1/documents/e720223f-f200-47ce-9f5b-d04b8904c7c9 status=200 latencyMs=1
2026-10-07T15:55:22.646+08:00 INFO  [main] [requestId=d30b8727-f606-4afd-87e7-ba2c0866f712] c.hify.common.RequestLoggingFilter - http.request method=GET path=/api/v1/documents/e720223f-f200-47ce-9f5b-d04b8904c7c9 status=200 latencyMs=4
2026-10-07T15:55:23.255+08:00 INFO  [main] [requestId=4972a0b0-eaa7-4b42-ab9b-47f0ddc1fa9b] c.hify.common.RequestLoggingFilter - http.request method=POST path=/api/v1/knowledge-bases status=201 latencyMs=23
2026-10-07T15:55:23.392+08:00 INFO  [main] [requestId=ea53c80a-dc60-4c47-995d-c81ff686b6c7] c.hify.common.RequestLoggingFilter - http.request method=POST path=/api/v1/knowledge-bases status=201 latencyMs=2
2026-10-07T15:55:23.395+08:00 INFO  [main] [requestId=b3506f69-9949-4f8f-b04a-698baa102eea] c.hify.common.RequestLoggingFilter - http.request method=POST path=/api/v1/knowledge-bases/5721d7c5-4a96-4490-bba4-fb1dd6fc8117/documents status=202 latencyMs=2
2026-10-07T15:55:23.396+08:00 INFO  [main] [requestId=ccc3d437-6f37-41d2-8f12-77b3f98c6ad2] c.hify.common.RequestLoggingFilter - http.request method=GET path=/api/v1/documents/49dfd015-9541-4d19-afe5-cca08876f255 status=200 latencyMs=0
2026-10-07T15:55:23.575+08:00 INFO  [main] [requestId=47ae45f5-e632-452c-a7ce-df8b27ed720c] c.hify.common.RequestLoggingFilter - http.request method=GET path=/api/v1/documents/49dfd015-9541-4d19-afe5-cca08876f255 status=200 latencyMs=4
2026-10-07T15:55:23.764+08:00 INFO  [main] [requestId=2aba8933-3ed9-4b5d-a4c5-b2df9daea302] c.hify.common.RequestLoggingFilter - http.request method=POST path=/api/v1/knowledge-bases status=201 latencyMs=2
2026-10-07T15:55:23.771+08:00 INFO  [main] [requestId=d798ba7e-99eb-486a-8e17-ad5c69fd9f82] c.hify.common.RequestLoggingFilter - http.request method=POST path=/api/v1/knowledge-bases/3dea82d7-1b01-4dc8-a64b-e74371c9bcb2/documents status=202 latencyMs=5
2026-10-07T15:55:23.772+08:00 INFO  [main] [requestId=17e2f3c2-c3a0-4bdd-ac24-30f9bd97a8c0] c.hify.common.RequestLoggingFilter - http.request method=GET path=/api/v1/documents/00a984d4-708a-4e46-b9ff-3b5259ec9424 status=200 latencyMs=1
2026-10-07T15:55:23.954+08:00 INFO  [main] [requestId=a17e681c-91a3-4919-a3db-7c0235ada111] c.hify.common.RequestLoggingFilter - http.request method=GET path=/api/v1/documents/00a984d4-708a-4e46-b9ff-3b5259ec9424 status=200 latencyMs=6
2026-10-07T15:55:24.205+08:00 INFO  [main] [requestId=369aa3c9-50bf-453b-b467-f3a0a39f0771] c.hify.common.RequestLoggingFilter - http.request method=POST path=/api/v1/knowledge-bases status=201 latencyMs=8
2026-10-07T15:55:24.213+08:00 INFO  [main] [requestId=6535530a-9f55-4df2-9e88-66cc950ed8dc] c.hify.common.RequestLoggingFilter - http.request method=POST path=/api/v1/knowledge-bases status=201 latencyMs=5
2026-10-07T15:55:24.219+08:00 INFO  [main] [requestId=c1a41a41-b01f-4319-a18f-4beabf05b970] c.hify.common.RequestLoggingFilter - http.request method=POST path=/api/v1/knowledge-bases/37610d22-e7c1-4fab-89de-dfc5b6ba9485/documents status=202 latencyMs=5
2026-10-07T15:55:24.222+08:00 INFO  [main] [requestId=2a81ad40-abe8-4673-89d1-d170f372b1e2] c.hify.common.RequestLoggingFilter - http.request method=GET path=/api/v1/documents/e9fccf77-19bf-411f-acb7-ff8e7ea34945 status=200 latencyMs=2
2026-10-07T15:55:24.338+08:00 INFO  [main] [requestId=202093b0-cece-4af2-9a69-b1e4d2cd6e96] c.hify.common.RequestLoggingFilter - http.request method=GET path=/api/v1/documents/e9fccf77-19bf-411f-acb7-ff8e7ea34945 status=200 latencyMs=7
2026-10-07T15:55:24.525+08:00 INFO  [main] [requestId=f77d726c-099c-47a1-95cf-f6aba863e407] c.hify.common.RequestLoggingFilter - http.request method=POST path=/api/v1/knowledge-bases status=201 latencyMs=2
2026-10-07T15:55:24.528+08:00 INFO  [main] [requestId=f184a2aa-b854-4dfa-b07b-15ae34f9d240] c.hify.common.RequestLoggingFilter - http.request method=POST path=/api/v1/knowledge-bases/a314c5d6-fceb-4ecf-a9d8-fa75edfc6915/documents status=202 latencyMs=2
2026-10-07T15:55:24.530+08:00 INFO  [main] [requestId=6c599e94-8e2a-4055-aa27-db2d0973a47d] c.hify.common.RequestLoggingFilter - http.request method=GET path=/api/v1/documents/21c1b992-eef6-4c7e-b7e1-f31a4694e037 status=200 latencyMs=1
2026-10-07T15:55:24.680+08:00 INFO  [main] [requestId=23eb7330-1af0-45db-ad77-928c45d2e4b8] c.hify.common.RequestLoggingFilter - http.request method=GET path=/api/v1/documents/21c1b992-eef6-4c7e-b7e1-f31a4694e037 status=200 latencyMs=22
2026-10-07T15:55:24.906+08:00 INFO  [main] [requestId=49624340-04bd-4a47-abdb-a4933076c3d4] c.hify.common.RequestLoggingFilter - http.request method=GET path=/api/v1/runs/e0a946fd-cca7-4e5d-b0f0-7f977ce1faf2/memory status=200 latencyMs=7
2026-10-07T15:55:24.931+08:00 INFO  [main] [requestId=ef980f9b-a654-480c-b2d8-a73a55b5f14f] c.hify.common.RequestLoggingFilter - http.request method=POST path=/api/v1/runs/e0a946fd-cca7-4e5d-b0f0-7f977ce1faf2/memory/search status=200 latencyMs=24
2026-10-07T15:55:24.937+08:00 INFO  [main] [requestId=dfaf9b71-18f6-4e9b-80d0-f587e2005b47] c.hify.common.RequestLoggingFilter - http.request method=GET path=/api/v1/runs/e0a946fd-cca7-4e5d-b0f0-7f977ce1faf2/memory/details/legacy_27877dfa-7431-4211-bef2-de39aee47fd7 status=409 latencyMs=5
2026-10-07T15:55:25.035+08:00 INFO  [main] [requestId=83a7968e-4f46-4339-8429-1a6948cf0770] c.hify.common.RequestLoggingFilter - http.request method=GET path=/api/v1/runs/e0a946fd-cca7-4e5d-b0f0-7f977ce1faf2/memory status=200 latencyMs=3
2026-10-07T15:55:25.040+08:00 INFO  [main] [requestId=fd5fa52c-d3e5-419a-83c9-8913849428b6] c.hify.common.RequestLoggingFilter - http.request method=POST path=/api/v1/runs/e0a946fd-cca7-4e5d-b0f0-7f977ce1faf2/memory/search status=200 latencyMs=5
2026-10-07T15:55:25.044+08:00 INFO  [main] [requestId=9c1a6830-2a0b-492f-9d84-001341dcc2f1] c.hify.common.RequestLoggingFilter - http.request method=GET path=/api/v1/runs/e0a946fd-cca7-4e5d-b0f0-7f977ce1faf2/memory/details/legacy_27877dfa-7431-4211-bef2-de39aee47fd7 status=409 latencyMs=3
2026-10-07T15:55:25.058+08:00 INFO  [main] [requestId=395c70ce-6666-4537-94d1-d9b6ee2b3581] c.hify.common.RequestLoggingFilter - http.request method=POST path=/api/v1/knowledge-bases status=201 latencyMs=4
2026-10-07T15:55:25.062+08:00 INFO  [main] [requestId=d23f37b2-5ca3-456d-ae3d-d6a8da68f187] c.hify.common.RequestLoggingFilter - http.request method=POST path=/api/v1/knowledge-bases/adb7bbb7-0ba0-493e-944e-f69167025a1d/documents status=202 latencyMs=3
2026-10-07T15:55:25.065+08:00 INFO  [main] [requestId=ae693c46-72c8-42f9-a55a-5d1dcde7d5ae] c.hify.common.RequestLoggingFilter - http.request method=GET path=/api/v1/documents/902e1c61-904f-474a-a6c8-bfda500b677d status=200 latencyMs=1
2026-10-07T15:55:25.237+08:00 INFO  [main] [requestId=1665434e-9e6b-4227-aabc-f565d62c432f] c.hify.common.RequestLoggingFilter - http.request method=GET path=/api/v1/documents/902e1c61-904f-474a-a6c8-bfda500b677d status=200 latencyMs=2
2026-10-07T15:55:25.465+08:00 INFO  [main] [requestId=7bae6fd2-702e-4a71-9889-b390e117acaa] c.hify.common.RequestLoggingFilter - http.request method=POST path=/api/v1/knowledge-bases status=201 latencyMs=6
2026-10-07T15:55:25.472+08:00 INFO  [main] [requestId=8a0fb9bb-5428-493b-85d2-6e987e1544e0] c.hify.common.RequestLoggingFilter - http.request method=POST path=/api/v1/knowledge-bases/a70a51f6-136d-4736-abe1-db65b98e38a1/documents status=202 latencyMs=6
2026-10-07T15:55:25.475+08:00 INFO  [main] [requestId=5ff74b4e-bd54-4c8b-bd74-6dcf4a86b637] c.hify.common.RequestLoggingFilter - http.request method=GET path=/api/v1/documents/df85b3c2-e38e-457a-ae3c-ecf24dd61a56 status=200 latencyMs=2
2026-10-07T15:55:25.667+08:00 INFO  [main] [requestId=24422ff9-6416-4318-be90-474607c3211b] c.hify.common.RequestLoggingFilter - http.request method=GET path=/api/v1/documents/df85b3c2-e38e-457a-ae3c-ecf24dd61a56 status=200 latencyMs=15
2026-10-07T15:55:25.888+08:00 INFO  [main] [requestId=591a29d8-f601-4523-b98a-9990d364745d] c.hify.common.RequestLoggingFilter - http.request method=GET path=/api/v1/runs/efe466b4-50b9-4ac6-bb7b-382fe7c73df4/memory status=200 latencyMs=6
2026-10-07T15:55:25.897+08:00 INFO  [main] [requestId=afca8dcb-8366-42f7-a8ee-898c337026c5] c.hify.common.RequestLoggingFilter - http.request method=POST path=/api/v1/runs/efe466b4-50b9-4ac6-bb7b-382fe7c73df4/memory/search status=200 latencyMs=8
2026-10-07T15:55:25.902+08:00 INFO  [main] [requestId=bcdbe614-f6a7-48d4-bfea-c2a015f07d6e] c.hify.common.RequestLoggingFilter - http.request method=GET path=/api/v1/runs/efe466b4-50b9-4ac6-bb7b-382fe7c73df4/memory/details/legacy_060ddd87-746f-4d70-8297-2b1d9bada8aa status=409 latencyMs=4
2026-10-07T15:55:25.906+08:00 INFO  [main] [requestId=030d2bf5-e2ed-4905-83aa-6059da0dce77] c.hify.common.RequestLoggingFilter - http.request method=GET path=/api/v1/runs/efe466b4-50b9-4ac6-bb7b-382fe7c73df4/memory status=200 latencyMs=2
2026-10-07T15:55:25.910+08:00 INFO  [main] [requestId=cb834663-a8b5-4cab-8eda-5994572f5fdc] c.hify.common.RequestLoggingFilter - http.request method=POST path=/api/v1/runs/efe466b4-50b9-4ac6-bb7b-382fe7c73df4/memory/search status=200 latencyMs=3
2026-10-07T15:55:25.912+08:00 INFO  [main] [requestId=bea4f075-bb48-44ec-b3d7-72c53c17eb5f] c.hify.common.RequestLoggingFilter - http.request method=GET path=/api/v1/runs/efe466b4-50b9-4ac6-bb7b-382fe7c73df4/memory/details/legacy_060ddd87-746f-4d70-8297-2b1d9bada8aa status=409 latencyMs=1
2026-10-07T15:55:25.916+08:00 INFO  [main] [requestId=19c64dab-0431-44cc-9649-086d56d5125a] c.hify.common.RequestLoggingFilter - http.request method=POST path=/api/v1/runs/6910bd38-3705-4cc5-b142-27c44b64529f/memory/search status=200 latencyMs=2
2026-10-07T15:55:25.918+08:00 INFO  [main] [requestId=0ae1bf73-8ee8-4912-82ed-38790bc403cb] c.hify.common.RequestLoggingFilter - http.request method=GET path=/api/v1/runs/6910bd38-3705-4cc5-b142-27c44b64529f/memory/details/legacy_060ddd87-746f-4d70-8297-2b1d9bada8aa status=409 latencyMs=1
[INFO] Tests run: 21, Failures: 0, Errors: 0, Skipped: 0, Time elapsed: 12.15 s -- in com.hify.api.KnowledgeMemoryPostgresTest
[INFO] 
[INFO] Results:
[INFO] 
[INFO] Tests run: 126, Failures: 0, Errors: 0, Skipped: 0
[INFO] 
[INFO] ------------------------------------------------------------------------
[INFO] Reactor Summary for hify-parent 0.1.0-SNAPSHOT:
[INFO] 
[INFO] hify-parent ........................................ SUCCESS [  0.001 s]
[INFO] hify-common ........................................ SUCCESS [  0.911 s]
[INFO] hify-provider ...................................... SUCCESS [  0.033 s]
[INFO] hify-tool .......................................... SUCCESS [  0.020 s]
[INFO] hify-mcp ........................................... SUCCESS [  0.041 s]
[INFO] hify-knowledge ..................................... SUCCESS [  0.022 s]
[INFO] hify-workflow ...................................... SUCCESS [  0.031 s]
[INFO] hify-agent ......................................... SUCCESS [  0.034 s]
[INFO] hify-chat .......................................... SUCCESS [  0.073 s]
[INFO] hify-demo .......................................... SUCCESS [  0.014 s]
[INFO] hify-app ........................................... SUCCESS [02:08 min]
[INFO] ------------------------------------------------------------------------
[INFO] BUILD SUCCESS
[INFO] ------------------------------------------------------------------------
[INFO] Total time:  02:10 min
[INFO] Finished at: 2026-10-07T15:55:28+08:00
[INFO] ------------------------------------------------------------------------
Maven evidence: passed
