[2026-10-07T15:02:57.637+0800][0.053s][info][gc] Using G1
[2026-10-07T15:02:57.639+0800][0.055s][info][gc,init] Version: 17.0.19+9-LTS-183 (release)
[2026-10-07T15:02:57.639+0800][0.055s][info][gc,init] CPUs: 10 total, 10 available
[2026-10-07T15:02:57.639+0800][0.055s][info][gc,init] Memory: 16384M
[2026-10-07T15:02:57.639+0800][0.055s][info][gc,init] Large Page Support: Disabled
[2026-10-07T15:02:57.639+0800][0.055s][info][gc,init] NUMA Support: Disabled
[2026-10-07T15:02:57.639+0800][0.055s][info][gc,init] Compressed Oops: Enabled (Zero based)
[2026-10-07T15:02:57.639+0800][0.055s][info][gc,init] Heap Region Size: 1M
[2026-10-07T15:02:57.639+0800][0.055s][info][gc,init] Heap Min Capacity: 8M
[2026-10-07T15:02:57.639+0800][0.055s][info][gc,init] Heap Initial Capacity: 256M
[2026-10-07T15:02:57.639+0800][0.055s][info][gc,init] Heap Max Capacity: 768M
[2026-10-07T15:02:57.639+0800][0.055s][info][gc,init] Pre-touch: Disabled
[2026-10-07T15:02:57.639+0800][0.055s][info][gc,init] Parallel Workers: 9
[2026-10-07T15:02:57.639+0800][0.055s][info][gc,init] Concurrent Workers: 2
[2026-10-07T15:02:57.639+0800][0.055s][info][gc,init] Concurrent Refinement Workers: 9
[2026-10-07T15:02:57.639+0800][0.055s][info][gc,init] Periodic GC: Disabled
[2026-10-07T15:02:57.738+0800][0.154s][info][gc,metaspace] CDS archive(s) mapped at: [0x0000007000000000-0x0000007000be8000-0x0000007000be8000), size 12484608, SharedBaseAddress: 0x0000007000000000, ArchiveRelocationMode: 1.
[2026-10-07T15:02:57.738+0800][0.154s][info][gc,metaspace] Compressed class space mapped at: 0x0000007001000000-0x0000007041000000, reserved size: 1073741824
[2026-10-07T15:02:57.738+0800][0.154s][info][gc,metaspace] Narrow klass base: 0x0000007000000000, Narrow klass shift: 0, Narrow klass range: 0x100000000
[2026-10-07T15:02:58.906+0800][1.322s][info][safepoint   ] Safepoint "Cleanup", Time since last: 1144529875 ns, Reaching safepoint: 29916 ns, At safepoint: 709 ns, Total: 30625 ns
[2026-10-07T15:02:59.927+0800][2.343s][info][safepoint   ] Safepoint "Cleanup", Time since last: 1020403083 ns, Reaching safepoint: 34250 ns, At safepoint: 44625 ns, Total: 78875 ns
[2026-10-07T15:03:00.997+0800][3.413s][info][safepoint   ] Safepoint "Cleanup", Time since last: 1070436708 ns, Reaching safepoint: 119667 ns, At safepoint: 2917 ns, Total: 122584 ns
[2026-10-07T15:03:01.228+0800][3.643s][info][gc,start    ] GC(0) Pause Young (Normal) (G1 Evacuation Pause)
[2026-10-07T15:03:01.228+0800][3.644s][info][gc,task     ] GC(0) Using 6 workers of 9 for evacuation
[2026-10-07T15:03:01.231+0800][3.647s][info][gc,phases   ] GC(0)   Pre Evacuate Collection Set: 0.1ms
[2026-10-07T15:03:01.231+0800][3.647s][info][gc,phases   ] GC(0)   Merge Heap Roots: 0.0ms
[2026-10-07T15:03:01.231+0800][3.647s][info][gc,phases   ] GC(0)   Evacuate Collection Set: 2.4ms
[2026-10-07T15:03:01.231+0800][3.647s][info][gc,phases   ] GC(0)   Post Evacuate Collection Set: 0.2ms
[2026-10-07T15:03:01.231+0800][3.647s][info][gc,phases   ] GC(0)   Other: 0.6ms
[2026-10-07T15:03:01.231+0800][3.647s][info][gc,heap     ] GC(0) Eden regions: 23->0(35)
[2026-10-07T15:03:01.231+0800][3.647s][info][gc,heap     ] GC(0) Survivor regions: 0->3(3)
[2026-10-07T15:03:01.231+0800][3.647s][info][gc,heap     ] GC(0) Old regions: 0->5
[2026-10-07T15:03:01.231+0800][3.647s][info][gc,heap     ] GC(0) Archive regions: 2->2
[2026-10-07T15:03:01.231+0800][3.647s][info][gc,heap     ] GC(0) Humongous regions: 4->4
[2026-10-07T15:03:01.231+0800][3.647s][info][gc,metaspace] GC(0) Metaspace: 3622K(3776K)->3622K(3776K) NonClass: 3208K(3328K)->3208K(3328K) Class: 413K(448K)->413K(448K)
[2026-10-07T15:03:01.231+0800][3.647s][info][gc          ] GC(0) Pause Young (Normal) (G1 Evacuation Pause) 27M->12M(258M) 3.327ms
[2026-10-07T15:03:01.231+0800][3.647s][info][gc,cpu      ] GC(0) User=0.01s Sys=0.01s Real=0.01s
[2026-10-07T15:03:01.231+0800][3.647s][info][safepoint   ] Safepoint "G1CollectForAllocation", Time since last: 230254375 ns, Reaching safepoint: 33541 ns, At safepoint: 3398250 ns, Total: 3431791 ns
[2026-10-07T15:03:02.295+0800][4.711s][info][safepoint   ] Safepoint "ICBufferFull", Time since last: 1063757834 ns, Reaching safepoint: 171208 ns, At safepoint: 106125 ns, Total: 277333 ns
[2026-10-07T15:03:02.394+0800][4.810s][info][safepoint   ] Safepoint "ICBufferFull", Time since last: 99161417 ns, Reaching safepoint: 72583 ns, At safepoint: 792 ns, Total: 73375 ns
[2026-10-07T15:03:03.139+0800][5.555s][info][safepoint   ] Safepoint "ICBufferFull", Time since last: 744719041 ns, Reaching safepoint: 102625 ns, At safepoint: 34250 ns, Total: 136875 ns
[2026-10-07T15:03:03.725+0800][6.140s][info][gc,start    ] GC(1) Pause Young (Normal) (G1 Evacuation Pause)
[2026-10-07T15:03:03.725+0800][6.140s][info][gc,task     ] GC(1) Using 6 workers of 9 for evacuation
[2026-10-07T15:03:03.734+0800][6.150s][info][gc,phases   ] GC(1)   Pre Evacuate Collection Set: 0.3ms
[2026-10-07T15:03:03.734+0800][6.150s][info][gc,phases   ] GC(1)   Merge Heap Roots: 0.2ms
[2026-10-07T15:03:03.734+0800][6.150s][info][gc,phases   ] GC(1)   Evacuate Collection Set: 8.5ms
[2026-10-07T15:03:03.734+0800][6.150s][info][gc,phases   ] GC(1)   Post Evacuate Collection Set: 0.5ms
[2026-10-07T15:03:03.734+0800][6.150s][info][gc,phases   ] GC(1)   Other: 0.3ms
[2026-10-07T15:03:03.734+0800][6.150s][info][gc,heap     ] GC(1) Eden regions: 35->0(148)
[2026-10-07T15:03:03.734+0800][6.150s][info][gc,heap     ] GC(1) Survivor regions: 3->5(5)
[2026-10-07T15:03:03.734+0800][6.150s][info][gc,heap     ] GC(1) Old regions: 5->8
[2026-10-07T15:03:03.734+0800][6.150s][info][gc,heap     ] GC(1) Archive regions: 2->2
[2026-10-07T15:03:03.734+0800][6.150s][info][gc,heap     ] GC(1) Humongous regions: 8->8
[2026-10-07T15:03:03.734+0800][6.150s][info][gc,metaspace] GC(1) Metaspace: 11748K(11904K)->11748K(11904K) NonClass: 10205K(10304K)->10205K(10304K) Class: 1543K(1600K)->1543K(1600K)
[2026-10-07T15:03:03.734+0800][6.150s][info][gc          ] GC(1) Pause Young (Normal) (G1 Evacuation Pause) 51M->20M(258M) 9.853ms
[2026-10-07T15:03:03.734+0800][6.150s][info][gc,cpu      ] GC(1) User=0.01s Sys=0.02s Real=0.01s
[2026-10-07T15:03:03.734+0800][6.150s][info][safepoint   ] Safepoint "G1CollectForAllocation", Time since last: 585088250 ns, Reaching safepoint: 181542 ns, At safepoint: 9973375 ns, Total: 10154917 ns
[2026-10-07T15:03:04.644+0800][7.060s][info][safepoint   ] Safepoint "ICBufferFull", Time since last: 909529083 ns, Reaching safepoint: 99542 ns, At safepoint: 16667 ns, Total: 116209 ns
[2026-10-07T15:03:05.014+0800][7.429s][info][safepoint   ] Safepoint "ICBufferFull", Time since last: 369576375 ns, Reaching safepoint: 82291 ns, At safepoint: 792 ns, Total: 83083 ns
[2026-10-07T15:03:05.761+0800][8.177s][info][safepoint   ] Safepoint "ICBufferFull", Time since last: 746932875 ns, Reaching safepoint: 226167 ns, At safepoint: 8083 ns, Total: 234250 ns
[2026-10-07T15:03:06.477+0800][8.893s][info][safepoint   ] Safepoint "ICBufferFull", Time since last: 716346333 ns, Reaching safepoint: 112875 ns, At safepoint: 5709 ns, Total: 118584 ns
[2026-10-07T15:03:07.735+0800][10.151s][info][safepoint   ] Safepoint "Cleanup", Time since last: 1257599000 ns, Reaching safepoint: 142791 ns, At safepoint: 8375 ns, Total: 151166 ns
[2026-10-07T15:03:09.117+0800][11.533s][info][safepoint   ] Safepoint "Cleanup", Time since last: 1380636917 ns, Reaching safepoint: 1320292 ns, At safepoint: 81000 ns, Total: 1401292 ns
[2026-10-07T15:03:09.809+0800][12.225s][info][gc,start    ] GC(2) Pause Young (Concurrent Start) (Metadata GC Threshold)
[2026-10-07T15:03:09.810+0800][12.225s][info][gc,task     ] GC(2) Using 6 workers of 9 for evacuation
[2026-10-07T15:03:09.889+0800][12.305s][info][gc,phases   ] GC(2)   Pre Evacuate Collection Set: 0.1ms
[2026-10-07T15:03:09.889+0800][12.305s][info][gc,phases   ] GC(2)   Merge Heap Roots: 0.1ms
[2026-10-07T15:03:09.889+0800][12.305s][info][gc,phases   ] GC(2)   Evacuate Collection Set: 21.7ms
[2026-10-07T15:03:09.889+0800][12.305s][info][gc,phases   ] GC(2)   Post Evacuate Collection Set: 57.4ms
[2026-10-07T15:03:09.889+0800][12.305s][info][gc,phases   ] GC(2)   Other: 0.2ms
[2026-10-07T15:03:09.889+0800][12.305s][info][gc,heap     ] GC(2) Eden regions: 140->0(91)
[2026-10-07T15:03:09.889+0800][12.305s][info][gc,heap     ] GC(2) Survivor regions: 5->20(20)
[2026-10-07T15:03:09.889+0800][12.305s][info][gc,heap     ] GC(2) Old regions: 8->11
[2026-10-07T15:03:09.889+0800][12.305s][info][gc,heap     ] GC(2) Archive regions: 2->2
[2026-10-07T15:03:09.889+0800][12.305s][info][gc,heap     ] GC(2) Humongous regions: 20->18
[2026-10-07T15:03:09.889+0800][12.305s][info][gc,metaspace] GC(2) Metaspace: 21328K(21504K)->21328K(21504K) NonClass: 18592K(18688K)->18592K(18688K) Class: 2735K(2816K)->2735K(2816K)
[2026-10-07T15:03:09.889+0800][12.305s][info][gc          ] GC(2) Pause Young (Concurrent Start) (Metadata GC Threshold) 172M->49M(258M) 79.655ms
[2026-10-07T15:03:09.889+0800][12.305s][info][gc,cpu      ] GC(2) User=0.04s Sys=0.07s Real=0.08s
[2026-10-07T15:03:09.889+0800][12.305s][info][gc          ] GC(3) Concurrent Mark Cycle
[2026-10-07T15:03:09.889+0800][12.305s][info][safepoint   ] Safepoint "CollectForMetadataAllocation", Time since last: 692116958 ns, Reaching safepoint: 69875 ns, At safepoint: 79791042 ns, Total: 79860917 ns
[2026-10-07T15:03:09.890+0800][12.305s][info][gc,marking  ] GC(3) Concurrent Clear Claimed Marks
[2026-10-07T15:03:09.890+0800][12.305s][info][gc,marking  ] GC(3) Concurrent Clear Claimed Marks 0.025ms
[2026-10-07T15:03:09.890+0800][12.305s][info][gc,marking  ] GC(3) Concurrent Scan Root Regions
[2026-10-07T15:03:09.898+0800][12.313s][info][gc,marking  ] GC(3) Concurrent Scan Root Regions 7.806ms
[2026-10-07T15:03:09.898+0800][12.313s][info][gc,marking  ] GC(3) Concurrent Mark
[2026-10-07T15:03:09.898+0800][12.313s][info][gc,marking  ] GC(3) Concurrent Mark From Roots
[2026-10-07T15:03:09.898+0800][12.313s][info][gc,task     ] GC(3) Using 2 workers of 2 for marking
[2026-10-07T15:03:09.902+0800][12.318s][info][gc,marking  ] GC(3) Concurrent Mark From Roots 4.317ms
[2026-10-07T15:03:09.902+0800][12.318s][info][gc,marking  ] GC(3) Concurrent Preclean
[2026-10-07T15:03:09.902+0800][12.318s][info][gc,marking  ] GC(3) Concurrent Preclean 0.133ms
[2026-10-07T15:03:09.902+0800][12.318s][info][gc,start    ] GC(3) Pause Remark
[2026-10-07T15:03:09.945+0800][12.361s][info][gc          ] GC(3) Pause Remark 50M->50M(174M) 42.677ms
[2026-10-07T15:03:09.945+0800][12.361s][info][gc,cpu      ] GC(3) User=0.01s Sys=0.01s Real=0.04s
[2026-10-07T15:03:09.945+0800][12.361s][info][safepoint   ] Safepoint "G1Concurrent", Time since last: 13071208 ns, Reaching safepoint: 47583 ns, At safepoint: 42760917 ns, Total: 42808500 ns
[2026-10-07T15:03:09.945+0800][12.361s][info][gc,marking  ] GC(3) Concurrent Mark 47.613ms
[2026-10-07T15:03:09.945+0800][12.361s][info][gc,marking  ] GC(3) Concurrent Rebuild Remembered Sets
[2026-10-07T15:03:09.948+0800][12.364s][info][gc,marking  ] GC(3) Concurrent Rebuild Remembered Sets 2.739ms
[2026-10-07T15:03:09.948+0800][12.364s][info][gc,start    ] GC(3) Pause Cleanup
[2026-10-07T15:03:09.948+0800][12.364s][info][gc          ] GC(3) Pause Cleanup 50M->50M(174M) 0.075ms
[2026-10-07T15:03:09.948+0800][12.364s][info][gc,cpu      ] GC(3) User=0.00s Sys=0.00s Real=0.00s
[2026-10-07T15:03:09.948+0800][12.364s][info][safepoint   ] Safepoint "G1Concurrent", Time since last: 2910958 ns, Reaching safepoint: 24542 ns, At safepoint: 174042 ns, Total: 198584 ns
[2026-10-07T15:03:09.948+0800][12.364s][info][gc,marking  ] GC(3) Concurrent Cleanup for Next Mark
[2026-10-07T15:03:09.949+0800][12.364s][info][gc,marking  ] GC(3) Concurrent Cleanup for Next Mark 0.291ms
[2026-10-07T15:03:09.949+0800][12.364s][info][gc          ] GC(3) Concurrent Mark Cycle 59.407ms
[2026-10-07T15:03:10.425+0800][12.840s][info][safepoint   ] Safepoint "ICBufferFull", Time since last: 476288208 ns, Reaching safepoint: 47333 ns, At safepoint: 15084 ns, Total: 62417 ns
[2026-10-07T15:03:11.329+0800][13.745s][info][safepoint   ] Safepoint "ICBufferFull", Time since last: 904487000 ns, Reaching safepoint: 152041 ns, At safepoint: 12834 ns, Total: 164875 ns
[2026-10-07T15:03:11.592+0800][14.007s][info][safepoint   ] Safepoint "ICBufferFull", Time since last: 262442375 ns, Reaching safepoint: 172458 ns, At safepoint: 6208 ns, Total: 178666 ns
[2026-10-07T15:03:11.803+0800][14.219s][info][safepoint   ] Safepoint "RedefineClasses", Time since last: 157424167 ns, Reaching safepoint: 31625 ns, At safepoint: 53687583 ns, Total: 53719208 ns
[2026-10-07T15:03:11.805+0800][14.221s][info][safepoint   ] Safepoint "ICBufferFull", Time since last: 2192167 ns, Reaching safepoint: 268500 ns, At safepoint: 6250 ns, Total: 274750 ns
[2026-10-07T15:03:11.809+0800][14.224s][info][safepoint   ] Safepoint "ICBufferFull", Time since last: 2372708 ns, Reaching safepoint: 667625 ns, At safepoint: 380334 ns, Total: 1047959 ns
[2026-10-07T15:03:11.811+0800][14.226s][info][safepoint   ] Safepoint "ICBufferFull", Time since last: 1452708 ns, Reaching safepoint: 205792 ns, At safepoint: 57291 ns, Total: 263083 ns
[2026-10-07T15:03:11.812+0800][14.228s][info][safepoint   ] Safepoint "ICBufferFull", Time since last: 1258500 ns, Reaching safepoint: 274834 ns, At safepoint: 64375 ns, Total: 339209 ns
[2026-10-07T15:03:11.824+0800][14.240s][info][safepoint   ] Safepoint "ICBufferFull", Time since last: 1134208 ns, Reaching safepoint: 11012375 ns, At safepoint: 69750 ns, Total: 11082125 ns
[2026-10-07T15:03:11.833+0800][14.249s][info][safepoint   ] Safepoint "ICBufferFull", Time since last: 8646375 ns, Reaching safepoint: 281458 ns, At safepoint: 42000 ns, Total: 323458 ns
[2026-10-07T15:03:12.021+0800][14.437s][info][safepoint   ] Safepoint "ICBufferFull", Time since last: 186104459 ns, Reaching safepoint: 1153500 ns, At safepoint: 382375 ns, Total: 1535875 ns
[2026-10-07T15:03:12.842+0800][15.257s][info][safepoint   ] Safepoint "ICBufferFull", Time since last: 820475875 ns, Reaching safepoint: 222541 ns, At safepoint: 7167 ns, Total: 229708 ns
[2026-10-07T15:03:14.004+0800][16.420s][info][safepoint   ] Safepoint "Cleanup", Time since last: 1149916583 ns, Reaching safepoint: 12515542 ns, At safepoint: 109250 ns, Total: 12624792 ns
[2026-10-07T15:03:15.153+0800][17.568s][info][safepoint   ] Safepoint "Cleanup", Time since last: 1148120875 ns, Reaching safepoint: 392708 ns, At safepoint: 53709 ns, Total: 446417 ns
[2026-10-07T15:03:15.502+0800][17.917s][info][safepoint   ] Safepoint "ICBufferFull", Time since last: 347159208 ns, Reaching safepoint: 969917 ns, At safepoint: 766500 ns, Total: 1736417 ns
[2026-10-07T15:03:15.553+0800][17.969s][info][safepoint   ] Safepoint "ICBufferFull", Time since last: 51395708 ns, Reaching safepoint: 53250 ns, At safepoint: 7167 ns, Total: 60417 ns
[2026-10-07T15:03:15.792+0800][18.208s][info][gc,start    ] GC(4) Pause Young (Prepare Mixed) (G1 Evacuation Pause)
[2026-10-07T15:03:15.792+0800][18.208s][info][gc,task     ] GC(4) Using 5 workers of 9 for evacuation
[2026-10-07T15:03:15.827+0800][18.242s][info][gc,phases   ] GC(4)   Pre Evacuate Collection Set: 0.1ms
[2026-10-07T15:03:15.827+0800][18.242s][info][gc,phases   ] GC(4)   Merge Heap Roots: 0.1ms
[2026-10-07T15:03:15.827+0800][18.242s][info][gc,phases   ] GC(4)   Evacuate Collection Set: 32.1ms
[2026-10-07T15:03:15.827+0800][18.242s][info][gc,phases   ] GC(4)   Post Evacuate Collection Set: 2.3ms
[2026-10-07T15:03:15.827+0800][18.242s][info][gc,phases   ] GC(4)   Other: 0.1ms
[2026-10-07T15:03:15.827+0800][18.242s][info][gc,heap     ] GC(4) Eden regions: 84->0(4)
[2026-10-07T15:03:15.827+0800][18.242s][info][gc,heap     ] GC(4) Survivor regions: 20->4(13)
[2026-10-07T15:03:15.827+0800][18.242s][info][gc,heap     ] GC(4) Old regions: 11->19
[2026-10-07T15:03:15.827+0800][18.242s][info][gc,heap     ] GC(4) Archive regions: 2->2
[2026-10-07T15:03:15.827+0800][18.242s][info][gc,heap     ] GC(4) Humongous regions: 18->4
[2026-10-07T15:03:15.827+0800][18.242s][info][gc,metaspace] GC(4) Metaspace: 31679K(32000K)->31679K(32000K) NonClass: 27243K(27392K)->27243K(27392K) Class: 4435K(4608K)->4435K(4608K)
[2026-10-07T15:03:15.827+0800][18.242s][info][gc          ] GC(4) Pause Young (Prepare Mixed) (G1 Evacuation Pause) 133M->27M(174M) 34.748ms
[2026-10-07T15:03:15.827+0800][18.242s][info][gc,cpu      ] GC(4) User=0.01s Sys=0.02s Real=0.03s
[2026-10-07T15:03:15.827+0800][18.243s][info][safepoint   ] Safepoint "G1CollectForAllocation", Time since last: 238762458 ns, Reaching safepoint: 57333 ns, At safepoint: 34930750 ns, Total: 34988083 ns
[2026-10-07T15:03:15.926+0800][18.342s][info][gc,start    ] GC(5) Pause Young (Mixed) (G1 Evacuation Pause)
[2026-10-07T15:03:15.926+0800][18.342s][info][gc,task     ] GC(5) Using 4 workers of 9 for evacuation
[2026-10-07T15:03:15.932+0800][18.348s][info][gc,phases   ] GC(5)   Pre Evacuate Collection Set: 0.1ms
[2026-10-07T15:03:15.932+0800][18.348s][info][gc,phases   ] GC(5)   Merge Heap Roots: 0.0ms
[2026-10-07T15:03:15.932+0800][18.348s][info][gc,phases   ] GC(5)   Evacuate Collection Set: 5.9ms
[2026-10-07T15:03:15.932+0800][18.348s][info][gc,phases   ] GC(5)   Post Evacuate Collection Set: 0.2ms
[2026-10-07T15:03:15.932+0800][18.348s][info][gc,phases   ] GC(5)   Other: 0.2ms
[2026-10-07T15:03:15.932+0800][18.348s][info][gc,heap     ] GC(5) Eden regions: 4->0(90)
[2026-10-07T15:03:15.932+0800][18.348s][info][gc,heap     ] GC(5) Survivor regions: 4->1(1)
[2026-10-07T15:03:15.932+0800][18.348s][info][gc,heap     ] GC(5) Old regions: 19->22
[2026-10-07T15:03:15.932+0800][18.348s][info][gc,heap     ] GC(5) Archive regions: 2->2
[2026-10-07T15:03:15.932+0800][18.348s][info][gc,heap     ] GC(5) Humongous regions: 4->4
[2026-10-07T15:03:15.932+0800][18.348s][info][gc,metaspace] GC(5) Metaspace: 32159K(32448K)->32159K(32448K) NonClass: 27630K(27776K)->27630K(27776K) Class: 4528K(4672K)->4528K(4672K)
[2026-10-07T15:03:15.933+0800][18.348s][info][gc          ] GC(5) Pause Young (Mixed) (G1 Evacuation Pause) 31M->27M(174M) 6.542ms
[2026-10-07T15:03:15.933+0800][18.348s][info][gc,cpu      ] GC(5) User=0.00s Sys=0.00s Real=0.01s
[2026-10-07T15:03:15.933+0800][18.348s][info][safepoint   ] Safepoint "G1CollectForAllocation", Time since last: 98955334 ns, Reaching safepoint: 38666 ns, At safepoint: 6666125 ns, Total: 6704791 ns
[2026-10-07T15:03:16.165+0800][18.580s][info][safepoint   ] Safepoint "ICBufferFull", Time since last: 231371834 ns, Reaching safepoint: 152541 ns, At safepoint: 483542 ns, Total: 636083 ns
[2026-10-07T15:03:16.395+0800][18.811s][info][gc,start    ] GC(6) Pause Young (Concurrent Start) (Metadata GC Threshold)
[2026-10-07T15:03:16.395+0800][18.811s][info][gc,task     ] GC(6) Using 6 workers of 9 for evacuation
[2026-10-07T15:03:16.400+0800][18.816s][info][gc,phases   ] GC(6)   Pre Evacuate Collection Set: 0.2ms
[2026-10-07T15:03:16.401+0800][18.816s][info][gc,phases   ] GC(6)   Merge Heap Roots: 0.1ms
[2026-10-07T15:03:16.401+0800][18.816s][info][gc,phases   ] GC(6)   Evacuate Collection Set: 4.5ms
[2026-10-07T15:03:16.401+0800][18.816s][info][gc,phases   ] GC(6)   Post Evacuate Collection Set: 0.4ms
[2026-10-07T15:03:16.401+0800][18.816s][info][gc,phases   ] GC(6)   Other: 0.3ms
[2026-10-07T15:03:16.401+0800][18.816s][info][gc,heap     ] GC(6) Eden regions: 29->0(93)
[2026-10-07T15:03:16.401+0800][18.816s][info][gc,heap     ] GC(6) Survivor regions: 1->2(12)
[2026-10-07T15:03:16.401+0800][18.816s][info][gc,heap     ] GC(6) Old regions: 22->22
[2026-10-07T15:03:16.401+0800][18.816s][info][gc,heap     ] GC(6) Archive regions: 2->2
[2026-10-07T15:03:16.401+0800][18.816s][info][gc,heap     ] GC(6) Humongous regions: 4->4
[2026-10-07T15:03:16.401+0800][18.816s][info][gc,metaspace] GC(6) Metaspace: 35635K(35968K)->35635K(35968K) NonClass: 30546K(30720K)->30546K(30720K) Class: 5088K(5248K)->5088K(5248K)
[2026-10-07T15:03:16.401+0800][18.816s][info][gc          ] GC(6) Pause Young (Concurrent Start) (Metadata GC Threshold) 56M->28M(174M) 5.447ms
[2026-10-07T15:03:16.401+0800][18.816s][info][gc,cpu      ] GC(6) User=0.01s Sys=0.01s Real=0.01s
[2026-10-07T15:03:16.401+0800][18.816s][info][safepoint   ] Safepoint "CollectForMetadataAllocation", Time since last: 229689542 ns, Reaching safepoint: 696625 ns, At safepoint: 5642791 ns, Total: 6339416 ns
[2026-10-07T15:03:16.401+0800][18.816s][info][gc          ] GC(7) Concurrent Mark Cycle
[2026-10-07T15:03:16.401+0800][18.816s][info][gc,marking  ] GC(7) Concurrent Clear Claimed Marks
[2026-10-07T15:03:16.401+0800][18.816s][info][gc,marking  ] GC(7) Concurrent Clear Claimed Marks 0.051ms
[2026-10-07T15:03:16.401+0800][18.816s][info][gc,marking  ] GC(7) Concurrent Scan Root Regions
[2026-10-07T15:03:16.401+0800][18.817s][info][safepoint   ] Safepoint "CollectForMetadataAllocation", Time since last: 68000 ns, Reaching safepoint: 496792 ns, At safepoint: 1792 ns, Total: 498584 ns
[2026-10-07T15:03:16.405+0800][18.821s][info][gc,marking  ] GC(7) Concurrent Scan Root Regions 4.552ms
[2026-10-07T15:03:16.405+0800][18.821s][info][gc,marking  ] GC(7) Concurrent Mark
[2026-10-07T15:03:16.405+0800][18.821s][info][gc,marking  ] GC(7) Concurrent Mark From Roots
[2026-10-07T15:03:16.405+0800][18.821s][info][gc,task     ] GC(7) Using 2 workers of 2 for marking
[2026-10-07T15:03:16.423+0800][18.838s][info][gc,marking  ] GC(7) Concurrent Mark From Roots 17.193ms
[2026-10-07T15:03:16.423+0800][18.838s][info][gc,marking  ] GC(7) Concurrent Preclean
[2026-10-07T15:03:16.423+0800][18.838s][info][gc,marking  ] GC(7) Concurrent Preclean 0.049ms
[2026-10-07T15:03:16.423+0800][18.839s][info][gc,start    ] GC(7) Pause Remark
[2026-10-07T15:03:16.433+0800][18.848s][info][gc          ] GC(7) Pause Remark 30M->26M(94M) 9.838ms
[2026-10-07T15:03:16.433+0800][18.848s][info][gc,cpu      ] GC(7) User=0.02s Sys=0.02s Real=0.01s
[2026-10-07T15:03:16.433+0800][18.848s][info][safepoint   ] Safepoint "G1Concurrent", Time since last: 21554625 ns, Reaching safepoint: 127666 ns, At safepoint: 9959834 ns, Total: 10087500 ns
[2026-10-07T15:03:16.433+0800][18.849s][info][gc,marking  ] GC(7) Concurrent Mark 27.489ms
[2026-10-07T15:03:16.433+0800][18.849s][info][gc,marking  ] GC(7) Concurrent Rebuild Remembered Sets
[2026-10-07T15:03:16.436+0800][18.851s][info][gc,marking  ] GC(7) Concurrent Rebuild Remembered Sets 2.859ms
[2026-10-07T15:03:16.436+0800][18.852s][info][gc,start    ] GC(7) Pause Cleanup
[2026-10-07T15:03:16.436+0800][18.852s][info][gc          ] GC(7) Pause Cleanup 26M->26M(94M) 0.043ms
[2026-10-07T15:03:16.436+0800][18.852s][info][gc,cpu      ] GC(7) User=0.00s Sys=0.00s Real=0.00s
[2026-10-07T15:03:16.436+0800][18.852s][info][safepoint   ] Safepoint "G1Concurrent", Time since last: 3029083 ns, Reaching safepoint: 155667 ns, At safepoint: 80458 ns, Total: 236125 ns
[2026-10-07T15:03:16.436+0800][18.852s][info][gc,marking  ] GC(7) Concurrent Cleanup for Next Mark
[2026-10-07T15:03:16.437+0800][18.852s][info][gc,marking  ] GC(7) Concurrent Cleanup for Next Mark 0.401ms
[2026-10-07T15:03:16.437+0800][18.852s][info][gc          ] GC(7) Concurrent Mark Cycle 35.818ms
[2026-10-07T15:03:17.101+0800][19.516s][info][safepoint   ] Safepoint "ICBufferFull", Time since last: 662913750 ns, Reaching safepoint: 1080792 ns, At safepoint: 603333 ns, Total: 1684125 ns
[2026-10-07T15:03:17.557+0800][19.972s][info][safepoint   ] Safepoint "ICBufferFull", Time since last: 455646125 ns, Reaching safepoint: 155708 ns, At safepoint: 12292 ns, Total: 168000 ns
[2026-10-07T15:03:17.612+0800][20.028s][info][gc,start    ] GC(8) Pause Young (Prepare Mixed) (G1 Preventive Collection)
[2026-10-07T15:03:17.612+0800][20.028s][info][gc,task     ] GC(8) Using 6 workers of 9 for evacuation
[2026-10-07T15:03:17.616+0800][20.032s][info][gc,phases   ] GC(8)   Pre Evacuate Collection Set: 0.3ms
[2026-10-07T15:03:17.616+0800][20.032s][info][gc,phases   ] GC(8)   Merge Heap Roots: 0.1ms
[2026-10-07T15:03:17.616+0800][20.032s][info][gc,phases   ] GC(8)   Evacuate Collection Set: 3.0ms
[2026-10-07T15:03:17.616+0800][20.032s][info][gc,phases   ] GC(8)   Post Evacuate Collection Set: 0.3ms
[2026-10-07T15:03:17.616+0800][20.032s][info][gc,phases   ] GC(8)   Other: 0.2ms
[2026-10-07T15:03:17.616+0800][20.032s][info][gc,heap     ] GC(8) Eden regions: 56->0(1)
[2026-10-07T15:03:17.616+0800][20.032s][info][gc,heap     ] GC(8) Survivor regions: 2->5(12)
[2026-10-07T15:03:17.616+0800][20.032s][info][gc,heap     ] GC(8) Old regions: 18->18
[2026-10-07T15:03:17.616+0800][20.032s][info][gc,heap     ] GC(8) Archive regions: 2->2
[2026-10-07T15:03:17.616+0800][20.032s][info][gc,heap     ] GC(8) Humongous regions: 4->4
[2026-10-07T15:03:17.616+0800][20.032s][info][gc,metaspace] GC(8) Metaspace: 41575K(41920K)->41575K(41920K) NonClass: 35742K(35904K)->35742K(35904K) Class: 5832K(6016K)->5832K(6016K)
[2026-10-07T15:03:17.616+0800][20.032s][info][gc          ] GC(8) Pause Young (Prepare Mixed) (G1 Preventive Collection) 80M->27M(94M) 3.818ms
[2026-10-07T15:03:17.616+0800][20.032s][info][gc,cpu      ] GC(8) User=0.01s Sys=0.01s Real=0.00s
[2026-10-07T15:03:17.616+0800][20.032s][info][safepoint   ] Safepoint "G1CollectForAllocation", Time since last: 54623250 ns, Reaching safepoint: 842417 ns, At safepoint: 4076458 ns, Total: 4918875 ns
[2026-10-07T15:03:17.622+0800][20.037s][info][gc,start    ] GC(9) Pause Young (Mixed) (G1 Evacuation Pause)
[2026-10-07T15:03:17.622+0800][20.037s][info][gc,task     ] GC(9) Using 6 workers of 9 for evacuation
[2026-10-07T15:03:17.625+0800][20.041s][info][gc,phases   ] GC(9)   Pre Evacuate Collection Set: 0.0ms
[2026-10-07T15:03:17.625+0800][20.041s][info][gc,phases   ] GC(9)   Merge Heap Roots: 0.0ms
[2026-10-07T15:03:17.625+0800][20.041s][info][gc,phases   ] GC(9)   Evacuate Collection Set: 3.3ms
[2026-10-07T15:03:17.626+0800][20.041s][info][gc,phases   ] GC(9)   Post Evacuate Collection Set: 0.2ms
[2026-10-07T15:03:17.626+0800][20.041s][info][gc,phases   ] GC(9)   Other: 0.1ms
[2026-10-07T15:03:17.626+0800][20.041s][info][gc,heap     ] GC(9) Eden regions: 1->0(42)
[2026-10-07T15:03:17.626+0800][20.041s][info][gc,heap     ] GC(9) Survivor regions: 5->1(1)
[2026-10-07T15:03:17.626+0800][20.041s][info][gc,heap     ] GC(9) Old regions: 18->21
[2026-10-07T15:03:17.626+0800][20.041s][info][gc,heap     ] GC(9) Archive regions: 2->2
[2026-10-07T15:03:17.626+0800][20.041s][info][gc,heap     ] GC(9) Humongous regions: 4->4
[2026-10-07T15:03:17.626+0800][20.041s][info][gc,metaspace] GC(9) Metaspace: 41658K(41984K)->41658K(41984K) NonClass: 35809K(35968K)->35809K(35968K) Class: 5848K(6016K)->5848K(6016K)
[2026-10-07T15:03:17.626+0800][20.041s][info][gc          ] GC(9) Pause Young (Mixed) (G1 Evacuation Pause) 28M->26M(94M) 3.787ms
[2026-10-07T15:03:17.626+0800][20.041s][info][gc,cpu      ] GC(9) User=0.01s Sys=0.01s Real=0.00s
[2026-10-07T15:03:17.626+0800][20.041s][info][safepoint   ] Safepoint "G1CollectForAllocation", Time since last: 5388833 ns, Reaching safepoint: 122834 ns, At safepoint: 3830791 ns, Total: 3953625 ns
[2026-10-07T15:03:17.673+0800][20.089s][info][safepoint   ] Safepoint "ICBufferFull", Time since last: 47619542 ns, Reaching safepoint: 73250 ns, At safepoint: 6125 ns, Total: 79375 ns
[2026-10-07T15:03:17.764+0800][20.179s][info][safepoint   ] Safepoint "ICBufferFull", Time since last: 90360083 ns, Reaching safepoint: 79084 ns, At safepoint: 5416 ns, Total: 84500 ns
[2026-10-07T15:03:17.861+0800][20.277s][info][gc,start    ] GC(10) Pause Young (Normal) (G1 Evacuation Pause)
[2026-10-07T15:03:17.861+0800][20.277s][info][gc,task     ] GC(10) Using 5 workers of 9 for evacuation
[2026-10-07T15:03:17.864+0800][20.279s][info][gc,phases   ] GC(10)   Pre Evacuate Collection Set: 0.0ms
[2026-10-07T15:03:17.864+0800][20.279s][info][gc,phases   ] GC(10)   Merge Heap Roots: 0.0ms
[2026-10-07T15:03:17.864+0800][20.279s][info][gc,phases   ] GC(10)   Evacuate Collection Set: 2.1ms
[2026-10-07T15:03:17.864+0800][20.279s][info][gc,phases   ] GC(10)   Post Evacuate Collection Set: 0.2ms
[2026-10-07T15:03:17.864+0800][20.279s][info][gc,phases   ] GC(10)   Other: 0.2ms
[2026-10-07T15:03:17.864+0800][20.279s][info][gc,heap     ] GC(10) Eden regions: 42->0(39)
[2026-10-07T15:03:17.864+0800][20.279s][info][gc,heap     ] GC(10) Survivor regions: 1->4(6)
[2026-10-07T15:03:17.864+0800][20.279s][info][gc,heap     ] GC(10) Old regions: 21->21
[2026-10-07T15:03:17.864+0800][20.279s][info][gc,heap     ] GC(10) Archive regions: 2->2
[2026-10-07T15:03:17.864+0800][20.279s][info][gc,heap     ] GC(10) Humongous regions: 4->4
[2026-10-07T15:03:17.864+0800][20.279s][info][gc,metaspace] GC(10) Metaspace: 44210K(44544K)->44210K(44544K) NonClass: 38082K(38272K)->38082K(38272K) Class: 6128K(6272K)->6128K(6272K)
[2026-10-07T15:03:17.864+0800][20.279s][info][gc          ] GC(10) Pause Young (Normal) (G1 Evacuation Pause) 68M->29M(94M) 2.704ms
[2026-10-07T15:03:17.864+0800][20.279s][info][gc,cpu      ] GC(10) User=0.01s Sys=0.00s Real=0.00s
[2026-10-07T15:03:17.864+0800][20.279s][info][safepoint   ] Safepoint "G1CollectForAllocation", Time since last: 97337000 ns, Reaching safepoint: 106500 ns, At safepoint: 2852209 ns, Total: 2958709 ns
[2026-10-07T15:03:18.275+0800][20.690s][info][safepoint   ] Safepoint "ICBufferFull", Time since last: 410306541 ns, Reaching safepoint: 145750 ns, At safepoint: 1292 ns, Total: 147042 ns
[2026-10-07T15:03:18.949+0800][21.364s][info][safepoint   ] Safepoint "ICBufferFull", Time since last: 674183292 ns, Reaching safepoint: 78125 ns, At safepoint: 82833 ns, Total: 160958 ns
[2026-10-07T15:03:19.075+0800][21.490s][info][safepoint   ] Safepoint "ICBufferFull", Time since last: 125667708 ns, Reaching safepoint: 263500 ns, At safepoint: 70125 ns, Total: 333625 ns
[2026-10-07T15:03:19.272+0800][21.687s][info][safepoint   ] Safepoint "ICBufferFull", Time since last: 197042250 ns, Reaching safepoint: 88834 ns, At safepoint: 1208 ns, Total: 90042 ns
[2026-10-07T15:03:19.465+0800][21.880s][info][gc,start    ] GC(11) Pause Young (Normal) (G1 Evacuation Pause)
[2026-10-07T15:03:19.465+0800][21.880s][info][gc,task     ] GC(11) Using 4 workers of 9 for evacuation
[2026-10-07T15:03:19.515+0800][21.930s][info][gc,phases   ] GC(11)   Pre Evacuate Collection Set: 0.1ms
[2026-10-07T15:03:19.515+0800][21.930s][info][gc,phases   ] GC(11)   Merge Heap Roots: 0.1ms
[2026-10-07T15:03:19.515+0800][21.930s][info][gc,phases   ] GC(11)   Evacuate Collection Set: 49.2ms
[2026-10-07T15:03:19.515+0800][21.930s][info][gc,phases   ] GC(11)   Post Evacuate Collection Set: 0.4ms
[2026-10-07T15:03:19.515+0800][21.930s][info][gc,phases   ] GC(11)   Other: 0.2ms
[2026-10-07T15:03:19.515+0800][21.930s][info][gc,heap     ] GC(11) Eden regions: 39->0(38)
[2026-10-07T15:03:19.515+0800][21.930s][info][gc,heap     ] GC(11) Survivor regions: 4->3(6)
[2026-10-07T15:03:19.515+0800][21.930s][info][gc,heap     ] GC(11) Old regions: 21->25
[2026-10-07T15:03:19.515+0800][21.930s][info][gc,heap     ] GC(11) Archive regions: 2->2
[2026-10-07T15:03:19.515+0800][21.930s][info][gc,heap     ] GC(11) Humongous regions: 4->4
[2026-10-07T15:03:19.515+0800][21.930s][info][gc,metaspace] GC(11) Metaspace: 46350K(46720K)->46350K(46720K) NonClass: 39959K(40192K)->39959K(40192K) Class: 6390K(6528K)->6390K(6528K)
[2026-10-07T15:03:19.515+0800][21.930s][info][gc          ] GC(11) Pause Young (Normal) (G1 Evacuation Pause) 68M->32M(94M) 50.161ms
[2026-10-07T15:03:19.515+0800][21.930s][info][gc,cpu      ] GC(11) User=0.02s Sys=0.02s Real=0.05s
[2026-10-07T15:03:19.515+0800][21.931s][info][safepoint   ] Safepoint "G1CollectForAllocation", Time since last: 192696917 ns, Reaching safepoint: 65083 ns, At safepoint: 50596167 ns, Total: 50661250 ns
[2026-10-07T15:03:19.673+0800][22.088s][info][safepoint   ] Safepoint "ICBufferFull", Time since last: 157021625 ns, Reaching safepoint: 159125 ns, At safepoint: 70708 ns, Total: 229833 ns
[2026-10-07T15:03:19.866+0800][22.281s][info][safepoint   ] Safepoint "ICBufferFull", Time since last: 192790750 ns, Reaching safepoint: 228750 ns, At safepoint: 25458 ns, Total: 254208 ns
[2026-10-07T15:03:19.931+0800][22.346s][info][gc,start    ] GC(12) Pause Young (Normal) (G1 Evacuation Pause)
[2026-10-07T15:03:19.931+0800][22.346s][info][gc,task     ] GC(12) Using 4 workers of 9 for evacuation
[2026-10-07T15:03:19.936+0800][22.352s][info][gc,phases   ] GC(12)   Pre Evacuate Collection Set: 0.1ms
[2026-10-07T15:03:19.936+0800][22.352s][info][gc,phases   ] GC(12)   Merge Heap Roots: 0.1ms
[2026-10-07T15:03:19.936+0800][22.352s][info][gc,phases   ] GC(12)   Evacuate Collection Set: 4.1ms
[2026-10-07T15:03:19.936+0800][22.352s][info][gc,phases   ] GC(12)   Post Evacuate Collection Set: 0.7ms
[2026-10-07T15:03:19.936+0800][22.352s][info][gc,phases   ] GC(12)   Other: 0.1ms
[2026-10-07T15:03:19.936+0800][22.352s][info][gc,heap     ] GC(12) Eden regions: 38->0(38)
[2026-10-07T15:03:19.937+0800][22.352s][info][gc,heap     ] GC(12) Survivor regions: 3->4(6)
[2026-10-07T15:03:19.937+0800][22.352s][info][gc,heap     ] GC(12) Old regions: 25->25
[2026-10-07T15:03:19.937+0800][22.352s][info][gc,heap     ] GC(12) Archive regions: 2->2
[2026-10-07T15:03:19.937+0800][22.352s][info][gc,heap     ] GC(12) Humongous regions: 4->4
[2026-10-07T15:03:19.937+0800][22.352s][info][gc,metaspace] GC(12) Metaspace: 49654K(49984K)->49654K(49984K) NonClass: 42818K(43008K)->42818K(43008K) Class: 6836K(6976K)->6836K(6976K)
[2026-10-07T15:03:19.937+0800][22.352s][info][gc          ] GC(12) Pause Young (Normal) (G1 Evacuation Pause) 70M->33M(94M) 5.790ms
[2026-10-07T15:03:19.937+0800][22.352s][info][gc,cpu      ] GC(12) User=0.01s Sys=0.01s Real=0.00s
[2026-10-07T15:03:19.937+0800][22.352s][info][safepoint   ] Safepoint "G1CollectForAllocation", Time since last: 65266584 ns, Reaching safepoint: 90333 ns, At safepoint: 5897583 ns, Total: 5987916 ns
[2026-10-07T15:03:20.408+0800][22.824s][info][safepoint   ] Safepoint "ICBufferFull", Time since last: 470948334 ns, Reaching safepoint: 259166 ns, At safepoint: 3125 ns, Total: 262291 ns
[2026-10-07T15:03:20.491+0800][22.906s][info][gc,start    ] GC(13) Pause Young (Normal) (G1 Evacuation Pause)
[2026-10-07T15:03:20.491+0800][22.906s][info][gc,task     ] GC(13) Using 4 workers of 9 for evacuation
[2026-10-07T15:03:20.495+0800][22.910s][info][gc,phases   ] GC(13)   Pre Evacuate Collection Set: 0.1ms
[2026-10-07T15:03:20.495+0800][22.910s][info][gc,phases   ] GC(13)   Merge Heap Roots: 0.0ms
[2026-10-07T15:03:20.495+0800][22.910s][info][gc,phases   ] GC(13)   Evacuate Collection Set: 4.0ms
[2026-10-07T15:03:20.495+0800][22.910s][info][gc,phases   ] GC(13)   Post Evacuate Collection Set: 0.2ms
[2026-10-07T15:03:20.495+0800][22.910s][info][gc,phases   ] GC(13)   Other: 0.1ms
[2026-10-07T15:03:20.495+0800][22.910s][info][gc,heap     ] GC(13) Eden regions: 38->0(38)
[2026-10-07T15:03:20.495+0800][22.910s][info][gc,heap     ] GC(13) Survivor regions: 4->4(6)
[2026-10-07T15:03:20.495+0800][22.910s][info][gc,heap     ] GC(13) Old regions: 25->27
[2026-10-07T15:03:20.495+0800][22.910s][info][gc,heap     ] GC(13) Archive regions: 2->2
[2026-10-07T15:03:20.495+0800][22.910s][info][gc,heap     ] GC(13) Humongous regions: 4->4
[2026-10-07T15:03:20.495+0800][22.910s][info][gc,metaspace] GC(13) Metaspace: 52508K(52928K)->52508K(52928K) NonClass: 45171K(45376K)->45171K(45376K) Class: 7336K(7552K)->7336K(7552K)
[2026-10-07T15:03:20.495+0800][22.910s][info][gc          ] GC(13) Pause Young (Normal) (G1 Evacuation Pause) 71M->35M(94M) 4.446ms
[2026-10-07T15:03:20.495+0800][22.910s][info][gc,cpu      ] GC(13) User=0.01s Sys=0.00s Real=0.00s
[2026-10-07T15:03:20.495+0800][22.910s][info][safepoint   ] Safepoint "G1CollectForAllocation", Time since last: 82134709 ns, Reaching safepoint: 76083 ns, At safepoint: 4493833 ns, Total: 4569916 ns
[2026-10-07T15:03:20.625+0800][23.040s][info][safepoint   ] Safepoint "ICBufferFull", Time since last: 129518084 ns, Reaching safepoint: 70666 ns, At safepoint: 625 ns, Total: 71291 ns
[2026-10-07T15:03:20.745+0800][23.160s][info][gc,start    ] GC(14) Pause Young (Normal) (G1 Evacuation Pause)
[2026-10-07T15:03:20.745+0800][23.160s][info][gc,task     ] GC(14) Using 4 workers of 9 for evacuation
[2026-10-07T15:03:20.748+0800][23.163s][info][gc,phases   ] GC(14)   Pre Evacuate Collection Set: 0.0ms
[2026-10-07T15:03:20.748+0800][23.163s][info][gc,phases   ] GC(14)   Merge Heap Roots: 0.0ms
[2026-10-07T15:03:20.748+0800][23.163s][info][gc,phases   ] GC(14)   Evacuate Collection Set: 2.7ms
[2026-10-07T15:03:20.748+0800][23.163s][info][gc,phases   ] GC(14)   Post Evacuate Collection Set: 0.2ms
[2026-10-07T15:03:20.748+0800][23.163s][info][gc,phases   ] GC(14)   Other: 0.1ms
[2026-10-07T15:03:20.748+0800][23.163s][info][gc,heap     ] GC(14) Eden regions: 38->0(37)
[2026-10-07T15:03:20.748+0800][23.163s][info][gc,heap     ] GC(14) Survivor regions: 4->4(6)
[2026-10-07T15:03:20.748+0800][23.163s][info][gc,heap     ] GC(14) Old regions: 27->29
[2026-10-07T15:03:20.748+0800][23.163s][info][gc,heap     ] GC(14) Archive regions: 2->2
[2026-10-07T15:03:20.748+0800][23.163s][info][gc,heap     ] GC(14) Humongous regions: 4->4
[2026-10-07T15:03:20.748+0800][23.163s][info][gc,metaspace] GC(14) Metaspace: 55290K(55808K)->55290K(55808K) NonClass: 47607K(47872K)->47607K(47872K) Class: 7683K(7936K)->7683K(7936K)
[2026-10-07T15:03:20.748+0800][23.163s][info][gc          ] GC(14) Pause Young (Normal) (G1 Evacuation Pause) 73M->37M(94M) 3.117ms
[2026-10-07T15:03:20.748+0800][23.163s][info][gc,cpu      ] GC(14) User=0.02s Sys=0.00s Real=0.00s
[2026-10-07T15:03:20.748+0800][23.163s][info][safepoint   ] Safepoint "G1CollectForAllocation", Time since last: 120038792 ns, Reaching safepoint: 79833 ns, At safepoint: 3152959 ns, Total: 3232792 ns
[2026-10-07T15:03:20.966+0800][23.381s][info][safepoint   ] Safepoint "ICBufferFull", Time since last: 217981916 ns, Reaching safepoint: 56292 ns, At safepoint: 458 ns, Total: 56750 ns
[2026-10-07T15:03:21.066+0800][23.481s][info][safepoint   ] Safepoint "ICBufferFull", Time since last: 100062625 ns, Reaching safepoint: 78000 ns, At safepoint: 5667 ns, Total: 83667 ns
[2026-10-07T15:03:21.095+0800][23.510s][info][gc,start    ] GC(15) Pause Young (Normal) (G1 Evacuation Pause)
[2026-10-07T15:03:21.095+0800][23.510s][info][gc,task     ] GC(15) Using 4 workers of 9 for evacuation
[2026-10-07T15:03:21.098+0800][23.513s][info][gc,phases   ] GC(15)   Pre Evacuate Collection Set: 0.0ms
[2026-10-07T15:03:21.098+0800][23.514s][info][gc,phases   ] GC(15)   Merge Heap Roots: 0.0ms
[2026-10-07T15:03:21.098+0800][23.514s][info][gc,phases   ] GC(15)   Evacuate Collection Set: 2.9ms
[2026-10-07T15:03:21.098+0800][23.514s][info][gc,phases   ] GC(15)   Post Evacuate Collection Set: 0.3ms
[2026-10-07T15:03:21.098+0800][23.514s][info][gc,phases   ] GC(15)   Other: 0.1ms
[2026-10-07T15:03:21.098+0800][23.514s][info][gc,heap     ] GC(15) Eden regions: 37->0(36)
[2026-10-07T15:03:21.098+0800][23.514s][info][gc,heap     ] GC(15) Survivor regions: 4->4(6)
[2026-10-07T15:03:21.098+0800][23.514s][info][gc,heap     ] GC(15) Old regions: 29->31
[2026-10-07T15:03:21.098+0800][23.514s][info][gc,heap     ] GC(15) Archive regions: 2->2
[2026-10-07T15:03:21.098+0800][23.514s][info][gc,heap     ] GC(15) Humongous regions: 4->4
[2026-10-07T15:03:21.098+0800][23.514s][info][gc,metaspace] GC(15) Metaspace: 58528K(59008K)->58528K(59008K) NonClass: 50452K(50688K)->50452K(50688K) Class: 8076K(8320K)->8076K(8320K)
[2026-10-07T15:03:21.098+0800][23.514s][info][gc          ] GC(15) Pause Young (Normal) (G1 Evacuation Pause) 74M->38M(94M) 3.432ms
[2026-10-07T15:03:21.098+0800][23.514s][info][gc,cpu      ] GC(15) User=0.01s Sys=0.00s Real=0.00s
[2026-10-07T15:03:21.098+0800][23.514s][info][safepoint   ] Safepoint "G1CollectForAllocation", Time since last: 28788625 ns, Reaching safepoint: 63167 ns, At safepoint: 3473791 ns, Total: 3536958 ns
[2026-10-07T15:03:21.217+0800][23.632s][info][safepoint   ] Safepoint "ICBufferFull", Time since last: 115463500 ns, Reaching safepoint: 1939250 ns, At safepoint: 802375 ns, Total: 2741625 ns
[2026-10-07T15:03:21.286+0800][23.701s][info][gc,start    ] GC(16) Pause Young (Concurrent Start) (Metadata GC Threshold)
[2026-10-07T15:03:21.286+0800][23.701s][info][gc,task     ] GC(16) Using 4 workers of 9 for evacuation
[2026-10-07T15:03:21.289+0800][23.705s][info][gc,phases   ] GC(16)   Pre Evacuate Collection Set: 0.0ms
[2026-10-07T15:03:21.289+0800][23.705s][info][gc,phases   ] GC(16)   Merge Heap Roots: 0.0ms
[2026-10-07T15:03:21.289+0800][23.705s][info][gc,phases   ] GC(16)   Evacuate Collection Set: 3.2ms
[2026-10-07T15:03:21.289+0800][23.705s][info][gc,phases   ] GC(16)   Post Evacuate Collection Set: 0.3ms
[2026-10-07T15:03:21.289+0800][23.705s][info][gc,phases   ] GC(16)   Other: 0.1ms
[2026-10-07T15:03:21.289+0800][23.705s][info][gc,heap     ] GC(16) Eden regions: 30->0(36)
[2026-10-07T15:03:21.290+0800][23.705s][info][gc,heap     ] GC(16) Survivor regions: 4->3(5)
[2026-10-07T15:03:21.290+0800][23.705s][info][gc,heap     ] GC(16) Old regions: 31->33
[2026-10-07T15:03:21.290+0800][23.705s][info][gc,heap     ] GC(16) Archive regions: 2->2
[2026-10-07T15:03:21.290+0800][23.705s][info][gc,heap     ] GC(16) Humongous regions: 4->4
[2026-10-07T15:03:21.290+0800][23.705s][info][gc,metaspace] GC(16) Metaspace: 59780K(60288K)->59780K(60288K) NonClass: 51530K(51776K)->51530K(51776K) Class: 8250K(8512K)->8250K(8512K)
[2026-10-07T15:03:21.290+0800][23.705s][info][gc          ] GC(16) Pause Young (Concurrent Start) (Metadata GC Threshold) 68M->39M(94M) 3.847ms
[2026-10-07T15:03:21.290+0800][23.705s][info][gc,cpu      ] GC(16) User=0.02s Sys=0.00s Real=0.01s
[2026-10-07T15:03:21.290+0800][23.705s][info][safepoint   ] Safepoint "CollectForMetadataAllocation", Time since last: 68968042 ns, Reaching safepoint: 39500 ns, At safepoint: 3887542 ns, Total: 3927042 ns
[2026-10-07T15:03:21.290+0800][23.705s][info][gc          ] GC(17) Concurrent Mark Cycle
[2026-10-07T15:03:21.290+0800][23.705s][info][gc,marking  ] GC(17) Concurrent Clear Claimed Marks
[2026-10-07T15:03:21.290+0800][23.705s][info][gc,marking  ] GC(17) Concurrent Clear Claimed Marks 0.052ms
[2026-10-07T15:03:21.290+0800][23.705s][info][gc,marking  ] GC(17) Concurrent Scan Root Regions
[2026-10-07T15:03:21.291+0800][23.707s][info][gc,marking  ] GC(17) Concurrent Scan Root Regions 1.780ms
[2026-10-07T15:03:21.292+0800][23.707s][info][gc,marking  ] GC(17) Concurrent Mark
[2026-10-07T15:03:21.292+0800][23.707s][info][gc,marking  ] GC(17) Concurrent Mark From Roots
[2026-10-07T15:03:21.292+0800][23.707s][info][gc,task     ] GC(17) Using 2 workers of 2 for marking
[2026-10-07T15:03:21.303+0800][23.718s][info][safepoint   ] Safepoint "CollectForMetadataAllocation", Time since last: 13078708 ns, Reaching safepoint: 61958 ns, At safepoint: 6917 ns, Total: 68875 ns
[2026-10-07T15:03:21.303+0800][23.719s][info][gc,marking  ] GC(17) Concurrent Mark From Roots 11.982ms
[2026-10-07T15:03:21.304+0800][23.719s][info][gc,marking  ] GC(17) Concurrent Preclean
[2026-10-07T15:03:21.304+0800][23.719s][info][gc,marking  ] GC(17) Concurrent Preclean 0.039ms
[2026-10-07T15:03:21.304+0800][23.719s][info][gc,start    ] GC(17) Pause Remark
[2026-10-07T15:03:21.307+0800][23.722s][info][gc          ] GC(17) Pause Remark 42M->42M(94M) 3.290ms
[2026-10-07T15:03:21.307+0800][23.722s][info][gc,cpu      ] GC(17) User=0.01s Sys=0.00s Real=0.00s
[2026-10-07T15:03:21.307+0800][23.722s][info][safepoint   ] Safepoint "G1Concurrent", Time since last: 842917 ns, Reaching safepoint: 118041 ns, At safepoint: 3349459 ns, Total: 3467500 ns
[2026-10-07T15:03:21.307+0800][23.722s][info][gc,marking  ] GC(17) Concurrent Mark 15.536ms
[2026-10-07T15:03:21.307+0800][23.722s][info][gc,marking  ] GC(17) Concurrent Rebuild Remembered Sets
[2026-10-07T15:03:21.314+0800][23.729s][info][gc,marking  ] GC(17) Concurrent Rebuild Remembered Sets 6.726ms
[2026-10-07T15:03:21.314+0800][23.729s][info][gc,start    ] GC(17) Pause Cleanup
[2026-10-07T15:03:21.314+0800][23.729s][info][gc          ] GC(17) Pause Cleanup 43M->43M(94M) 0.086ms
[2026-10-07T15:03:21.314+0800][23.729s][info][gc,cpu      ] GC(17) User=0.00s Sys=0.00s Real=0.00s
[2026-10-07T15:03:21.314+0800][23.729s][info][safepoint   ] Safepoint "G1Concurrent", Time since last: 6782333 ns, Reaching safepoint: 309208 ns, At safepoint: 133875 ns, Total: 443083 ns
[2026-10-07T15:03:21.314+0800][23.729s][info][gc,marking  ] GC(17) Concurrent Cleanup for Next Mark
[2026-10-07T15:03:21.315+0800][23.730s][info][gc,marking  ] GC(17) Concurrent Cleanup for Next Mark 0.607ms
[2026-10-07T15:03:21.315+0800][23.730s][info][gc          ] GC(17) Concurrent Mark Cycle 25.336ms
[2026-10-07T15:03:21.549+0800][23.964s][info][gc,start    ] GC(18) Pause Young (Prepare Mixed) (G1 Evacuation Pause)
[2026-10-07T15:03:21.549+0800][23.964s][info][gc,task     ] GC(18) Using 4 workers of 9 for evacuation
[2026-10-07T15:03:21.553+0800][23.968s][info][gc,phases   ] GC(18)   Pre Evacuate Collection Set: 0.1ms
[2026-10-07T15:03:21.553+0800][23.968s][info][gc,phases   ] GC(18)   Merge Heap Roots: 0.0ms
[2026-10-07T15:03:21.553+0800][23.968s][info][gc,phases   ] GC(18)   Evacuate Collection Set: 3.3ms
[2026-10-07T15:03:21.553+0800][23.968s][info][gc,phases   ] GC(18)   Post Evacuate Collection Set: 0.3ms
[2026-10-07T15:03:21.553+0800][23.968s][info][gc,phases   ] GC(18)   Other: 0.1ms
[2026-10-07T15:03:21.553+0800][23.968s][info][gc,heap     ] GC(18) Eden regions: 36->0(1)
[2026-10-07T15:03:21.553+0800][23.968s][info][gc,heap     ] GC(18) Survivor regions: 3->4(5)
[2026-10-07T15:03:21.553+0800][23.968s][info][gc,heap     ] GC(18) Old regions: 33->33
[2026-10-07T15:03:21.553+0800][23.968s][info][gc,heap     ] GC(18) Archive regions: 2->2
[2026-10-07T15:03:21.553+0800][23.968s][info][gc,heap     ] GC(18) Humongous regions: 4->4
[2026-10-07T15:03:21.553+0800][23.968s][info][gc,metaspace] GC(18) Metaspace: 65395K(65920K)->65395K(65920K) NonClass: 56470K(56768K)->56470K(56768K) Class: 8924K(9152K)->8924K(9152K)
[2026-10-07T15:03:21.553+0800][23.968s][info][gc          ] GC(18) Pause Young (Prepare Mixed) (G1 Evacuation Pause) 75M->40M(113M) 3.877ms
[2026-10-07T15:03:21.553+0800][23.968s][info][gc,cpu      ] GC(18) User=0.01s Sys=0.00s Real=0.01s
[2026-10-07T15:03:21.553+0800][23.968s][info][safepoint   ] Safepoint "G1CollectForAllocation", Time since last: 234689959 ns, Reaching safepoint: 54166 ns, At safepoint: 3917959 ns, Total: 3972125 ns
[2026-10-07T15:03:21.563+0800][23.978s][info][gc,start    ] GC(19) Pause Young (Mixed) (G1 Evacuation Pause)
[2026-10-07T15:03:21.563+0800][23.978s][info][gc,task     ] GC(19) Using 4 workers of 9 for evacuation
[2026-10-07T15:03:21.567+0800][23.982s][info][gc,phases   ] GC(19)   Pre Evacuate Collection Set: 0.0ms
[2026-10-07T15:03:21.567+0800][23.982s][info][gc,phases   ] GC(19)   Merge Heap Roots: 0.0ms
[2026-10-07T15:03:21.567+0800][23.982s][info][gc,phases   ] GC(19)   Evacuate Collection Set: 3.5ms
[2026-10-07T15:03:21.567+0800][23.982s][info][gc,phases   ] GC(19)   Post Evacuate Collection Set: 0.2ms
[2026-10-07T15:03:21.567+0800][23.982s][info][gc,phases   ] GC(19)   Other: 0.1ms
[2026-10-07T15:03:21.567+0800][23.982s][info][gc,heap     ] GC(19) Eden regions: 1->0(50)
[2026-10-07T15:03:21.567+0800][23.982s][info][gc,heap     ] GC(19) Survivor regions: 4->1(1)
[2026-10-07T15:03:21.567+0800][23.982s][info][gc,heap     ] GC(19) Old regions: 33->36
[2026-10-07T15:03:21.567+0800][23.982s][info][gc,heap     ] GC(19) Archive regions: 2->2
[2026-10-07T15:03:21.567+0800][23.982s][info][gc,heap     ] GC(19) Humongous regions: 4->4
[2026-10-07T15:03:21.567+0800][23.982s][info][gc,metaspace] GC(19) Metaspace: 65722K(66176K)->65722K(66176K) NonClass: 56770K(57024K)->56770K(57024K) Class: 8951K(9152K)->8951K(9152K)
[2026-10-07T15:03:21.567+0800][23.982s][info][gc          ] GC(19) Pause Young (Mixed) (G1 Evacuation Pause) 41M->40M(113M) 3.936ms
[2026-10-07T15:03:21.567+0800][23.982s][info][gc,cpu      ] GC(19) User=0.01s Sys=0.00s Real=0.00s
[2026-10-07T15:03:21.567+0800][23.982s][info][safepoint   ] Safepoint "G1CollectForAllocation", Time since last: 9858125 ns, Reaching safepoint: 18666 ns, At safepoint: 3970750 ns, Total: 3989416 ns
[2026-10-07T15:03:21.710+0800][24.125s][info][safepoint   ] Safepoint "ICBufferFull", Time since last: 142828584 ns, Reaching safepoint: 187791 ns, At safepoint: 9500 ns, Total: 197291 ns
[2026-10-07T15:03:21.763+0800][24.178s][info][safepoint   ] Safepoint "ICBufferFull", Time since last: 53068042 ns, Reaching safepoint: 50792 ns, At safepoint: 3250 ns, Total: 54042 ns
[2026-10-07T15:03:21.822+0800][24.237s][info][safepoint   ] Safepoint "ICBufferFull", Time since last: 59156666 ns, Reaching safepoint: 202917 ns, At safepoint: 5000 ns, Total: 207917 ns
[2026-10-07T15:03:21.842+0800][24.257s][info][safepoint   ] Safepoint "ICBufferFull", Time since last: 19932708 ns, Reaching safepoint: 124459 ns, At safepoint: 48375 ns, Total: 172834 ns
[2026-10-07T15:03:21.949+0800][24.364s][info][safepoint   ] Safepoint "ICBufferFull", Time since last: 106901625 ns, Reaching safepoint: 98583 ns, At safepoint: 792 ns, Total: 99375 ns
[2026-10-07T15:03:22.067+0800][24.482s][info][gc,start    ] GC(20) Pause Young (Concurrent Start) (G1 Evacuation Pause)
[2026-10-07T15:03:22.067+0800][24.482s][info][gc,task     ] GC(20) Using 4 workers of 9 for evacuation
[2026-10-07T15:03:22.072+0800][24.487s][info][gc,phases   ] GC(20)   Pre Evacuate Collection Set: 0.2ms
[2026-10-07T15:03:22.072+0800][24.487s][info][gc,phases   ] GC(20)   Merge Heap Roots: 0.1ms
[2026-10-07T15:03:22.072+0800][24.487s][info][gc,phases   ] GC(20)   Evacuate Collection Set: 4.3ms
[2026-10-07T15:03:22.072+0800][24.487s][info][gc,phases   ] GC(20)   Post Evacuate Collection Set: 0.3ms
[2026-10-07T15:03:22.072+0800][24.487s][info][gc,phases   ] GC(20)   Other: 0.2ms
[2026-10-07T15:03:22.072+0800][24.487s][info][gc,heap     ] GC(20) Eden regions: 50->0(50)
[2026-10-07T15:03:22.072+0800][24.487s][info][gc,heap     ] GC(20) Survivor regions: 1->2(7)
[2026-10-07T15:03:22.072+0800][24.487s][info][gc,heap     ] GC(20) Old regions: 36->36
[2026-10-07T15:03:22.072+0800][24.487s][info][gc,heap     ] GC(20) Archive regions: 2->2
[2026-10-07T15:03:22.072+0800][24.487s][info][gc,heap     ] GC(20) Humongous regions: 4->4
[2026-10-07T15:03:22.072+0800][24.487s][info][gc,metaspace] GC(20) Metaspace: 68421K(69056K)->68421K(69056K) NonClass: 59220K(59584K)->59220K(59584K) Class: 9200K(9472K)->9200K(9472K)
[2026-10-07T15:03:22.072+0800][24.487s][info][gc          ] GC(20) Pause Young (Concurrent Start) (G1 Evacuation Pause) 90M->41M(113M) 5.009ms
[2026-10-07T15:03:22.072+0800][24.487s][info][gc,cpu      ] GC(20) User=0.01s Sys=0.00s Real=0.01s
[2026-10-07T15:03:22.072+0800][24.487s][info][safepoint   ] Safepoint "G1CollectForAllocation", Time since last: 117039750 ns, Reaching safepoint: 92541 ns, At safepoint: 5054292 ns, Total: 5146833 ns
[2026-10-07T15:03:22.072+0800][24.487s][info][gc          ] GC(21) Concurrent Mark Cycle
[2026-10-07T15:03:22.072+0800][24.487s][info][gc,marking  ] GC(21) Concurrent Clear Claimed Marks
[2026-10-07T15:03:22.072+0800][24.487s][info][gc,marking  ] GC(21) Concurrent Clear Claimed Marks 0.040ms
[2026-10-07T15:03:22.072+0800][24.487s][info][gc,marking  ] GC(21) Concurrent Scan Root Regions
[2026-10-07T15:03:22.073+0800][24.488s][info][gc,marking  ] GC(21) Concurrent Scan Root Regions 1.198ms
[2026-10-07T15:03:22.073+0800][24.488s][info][gc,marking  ] GC(21) Concurrent Mark
[2026-10-07T15:03:22.073+0800][24.488s][info][gc,marking  ] GC(21) Concurrent Mark From Roots
[2026-10-07T15:03:22.073+0800][24.488s][info][gc,task     ] GC(21) Using 2 workers of 2 for marking
[2026-10-07T15:03:22.098+0800][24.513s][info][gc,marking  ] GC(21) Concurrent Mark From Roots 24.735ms
[2026-10-07T15:03:22.098+0800][24.513s][info][gc,marking  ] GC(21) Concurrent Preclean
[2026-10-07T15:03:22.098+0800][24.513s][info][gc,marking  ] GC(21) Concurrent Preclean 0.132ms
[2026-10-07T15:03:22.098+0800][24.513s][info][gc,start    ] GC(21) Pause Remark
[2026-10-07T15:03:22.104+0800][24.519s][info][gc          ] GC(21) Pause Remark 43M->43M(113M) 5.681ms
[2026-10-07T15:03:22.104+0800][24.519s][info][gc,cpu      ] GC(21) User=0.01s Sys=0.00s Real=0.01s
[2026-10-07T15:03:22.104+0800][24.519s][info][safepoint   ] Safepoint "G1Concurrent", Time since last: 26534583 ns, Reaching safepoint: 122250 ns, At safepoint: 5962834 ns, Total: 6085084 ns
[2026-10-07T15:03:22.104+0800][24.519s][info][gc,marking  ] GC(21) Concurrent Mark 31.329ms
[2026-10-07T15:03:22.104+0800][24.519s][info][gc,marking  ] GC(21) Concurrent Rebuild Remembered Sets
[2026-10-07T15:03:22.116+0800][24.531s][info][gc,marking  ] GC(21) Concurrent Rebuild Remembered Sets 11.880ms
[2026-10-07T15:03:22.116+0800][24.531s][info][gc,start    ] GC(21) Pause Cleanup
[2026-10-07T15:03:22.117+0800][24.532s][info][gc          ] GC(21) Pause Cleanup 43M->43M(113M) 0.324ms
[2026-10-07T15:03:22.117+0800][24.532s][info][gc,cpu      ] GC(21) User=0.00s Sys=0.00s Real=0.00s
[2026-10-07T15:03:22.117+0800][24.532s][info][safepoint   ] Safepoint "G1Concurrent", Time since last: 12023875 ns, Reaching safepoint: 95125 ns, At safepoint: 353875 ns, Total: 449000 ns
[2026-10-07T15:03:22.117+0800][24.532s][info][gc,marking  ] GC(21) Concurrent Cleanup for Next Mark
[2026-10-07T15:03:22.120+0800][24.535s][info][gc,marking  ] GC(21) Concurrent Cleanup for Next Mark 3.439ms
[2026-10-07T15:03:22.120+0800][24.535s][info][gc          ] GC(21) Concurrent Mark Cycle 48.597ms
[2026-10-07T15:03:23.863+0800][26.278s][info][safepoint   ] Safepoint "Cleanup", Time since last: 1745209291 ns, Reaching safepoint: 1161917 ns, At safepoint: 190125 ns, Total: 1352042 ns
[2026-10-07T15:03:24.205+0800][26.620s][info][safepoint   ] Safepoint "ICBufferFull", Time since last: 341976500 ns, Reaching safepoint: 71125 ns, At safepoint: 792 ns, Total: 71917 ns
[2026-10-07T15:03:25.260+0800][27.675s][info][safepoint   ] Safepoint "Cleanup", Time since last: 1053594708 ns, Reaching safepoint: 546458 ns, At safepoint: 51292 ns, Total: 597750 ns
[2026-10-07T15:03:26.133+0800][28.547s][info][gc,start    ] GC(22) Pause Young (Prepare Mixed) (G1 Evacuation Pause)
[2026-10-07T15:03:26.133+0800][28.547s][info][gc,task     ] GC(22) Using 4 workers of 9 for evacuation
[2026-10-07T15:03:26.162+0800][28.577s][info][gc,phases   ] GC(22)   Pre Evacuate Collection Set: 0.2ms
[2026-10-07T15:03:26.162+0800][28.577s][info][gc,phases   ] GC(22)   Merge Heap Roots: 0.1ms
[2026-10-07T15:03:26.162+0800][28.577s][info][gc,phases   ] GC(22)   Evacuate Collection Set: 28.3ms
[2026-10-07T15:03:26.162+0800][28.577s][info][gc,phases   ] GC(22)   Post Evacuate Collection Set: 0.7ms
[2026-10-07T15:03:26.162+0800][28.577s][info][gc,phases   ] GC(22)   Other: 0.3ms
[2026-10-07T15:03:26.162+0800][28.577s][info][gc,heap     ] GC(22) Eden regions: 50->0(1)
[2026-10-07T15:03:26.162+0800][28.577s][info][gc,heap     ] GC(22) Survivor regions: 2->4(7)
[2026-10-07T15:03:26.162+0800][28.577s][info][gc,heap     ] GC(22) Old regions: 36->36
[2026-10-07T15:03:26.162+0800][28.577s][info][gc,heap     ] GC(22) Archive regions: 2->2
[2026-10-07T15:03:26.162+0800][28.577s][info][gc,heap     ] GC(22) Humongous regions: 4->4
[2026-10-07T15:03:26.162+0800][28.577s][info][gc,metaspace] GC(22) Metaspace: 75448K(76160K)->75448K(76160K) NonClass: 65191K(65536K)->65191K(65536K) Class: 10256K(10624K)->10256K(10624K)
[2026-10-07T15:03:26.163+0800][28.577s][info][gc          ] GC(22) Pause Young (Prepare Mixed) (G1 Evacuation Pause) 91M->43M(113M) 29.948ms
[2026-10-07T15:03:26.163+0800][28.577s][info][gc,cpu      ] GC(22) User=0.01s Sys=0.04s Real=0.03s
[2026-10-07T15:03:26.163+0800][28.577s][info][safepoint   ] Safepoint "G1CollectForAllocation", Time since last: 872499542 ns, Reaching safepoint: 62583 ns, At safepoint: 30233167 ns, Total: 30295750 ns
[2026-10-07T15:03:26.237+0800][28.652s][info][gc,start    ] GC(23) Pause Young (Mixed) (G1 Evacuation Pause)
[2026-10-07T15:03:26.237+0800][28.652s][info][gc,task     ] GC(23) Using 4 workers of 9 for evacuation
[2026-10-07T15:03:26.313+0800][28.727s][info][gc,phases   ] GC(23)   Pre Evacuate Collection Set: 0.0ms
[2026-10-07T15:03:26.313+0800][28.727s][info][gc,phases   ] GC(23)   Merge Heap Roots: 0.1ms
[2026-10-07T15:03:26.313+0800][28.727s][info][gc,phases   ] GC(23)   Evacuate Collection Set: 46.7ms
[2026-10-07T15:03:26.313+0800][28.727s][info][gc,phases   ] GC(23)   Post Evacuate Collection Set: 28.9ms
[2026-10-07T15:03:26.313+0800][28.727s][info][gc,phases   ] GC(23)   Other: 0.1ms
[2026-10-07T15:03:26.313+0800][28.727s][info][gc,heap     ] GC(23) Eden regions: 1->0(50)
[2026-10-07T15:03:26.313+0800][28.727s][info][gc,heap     ] GC(23) Survivor regions: 4->1(1)
[2026-10-07T15:03:26.313+0800][28.727s][info][gc,heap     ] GC(23) Old regions: 36->38
[2026-10-07T15:03:26.313+0800][28.727s][info][gc,heap     ] GC(23) Archive regions: 2->2
[2026-10-07T15:03:26.313+0800][28.727s][info][gc,heap     ] GC(23) Humongous regions: 4->4
[2026-10-07T15:03:26.313+0800][28.727s][info][gc,metaspace] GC(23) Metaspace: 75620K(76288K)->75620K(76288K) NonClass: 65339K(65664K)->65339K(65664K) Class: 10281K(10624K)->10281K(10624K)
[2026-10-07T15:03:26.313+0800][28.728s][info][gc          ] GC(23) Pause Young (Mixed) (G1 Evacuation Pause) 44M->42M(113M) 75.924ms
[2026-10-07T15:03:26.313+0800][28.728s][info][gc,cpu      ] GC(23) User=0.03s Sys=0.01s Real=0.08s
[2026-10-07T15:03:26.313+0800][28.728s][info][safepoint   ] Safepoint "G1CollectForAllocation", Time since last: 74158125 ns, Reaching safepoint: 31166 ns, At safepoint: 75973375 ns, Total: 76004541 ns
[2026-10-07T15:03:26.539+0800][28.954s][info][safepoint   ] Safepoint "ICBufferFull", Time since last: 226015250 ns, Reaching safepoint: 235875 ns, At safepoint: 90084 ns, Total: 325959 ns
[2026-10-07T15:03:26.604+0800][29.019s][info][safepoint   ] Safepoint "ICBufferFull", Time since last: 64555625 ns, Reaching safepoint: 343791 ns, At safepoint: 299000 ns, Total: 642791 ns
[2026-10-07T15:03:26.765+0800][29.180s][info][safepoint   ] Safepoint "ICBufferFull", Time since last: 161002167 ns, Reaching safepoint: 119333 ns, At safepoint: 13459 ns, Total: 132792 ns
[2026-10-07T15:03:27.841+0800][30.256s][info][safepoint   ] Safepoint "ICBufferFull", Time since last: 1075337291 ns, Reaching safepoint: 213042 ns, At safepoint: 76083 ns, Total: 289125 ns
[2026-10-07T15:03:27.888+0800][30.302s][info][safepoint   ] Safepoint "ICBufferFull", Time since last: 46367167 ns, Reaching safepoint: 90708 ns, At safepoint: 64250 ns, Total: 154958 ns
[2026-10-07T15:03:28.714+0800][31.129s][info][gc,start    ] GC(24) Pause Young (Normal) (G1 Evacuation Pause)
[2026-10-07T15:03:28.731+0800][31.146s][info][gc,task     ] GC(24) Using 4 workers of 9 for evacuation
[2026-10-07T15:03:28.738+0800][31.153s][info][gc,phases   ] GC(24)   Pre Evacuate Collection Set: 0.1ms
[2026-10-07T15:03:28.738+0800][31.153s][info][gc,phases   ] GC(24)   Merge Heap Roots: 0.1ms
[2026-10-07T15:03:28.738+0800][31.153s][info][gc,phases   ] GC(24)   Evacuate Collection Set: 6.0ms
[2026-10-07T15:03:28.738+0800][31.153s][info][gc,phases   ] GC(24)   Post Evacuate Collection Set: 0.3ms
[2026-10-07T15:03:28.738+0800][31.153s][info][gc,phases   ] GC(24)   Other: 17.4ms
[2026-10-07T15:03:28.738+0800][31.153s][info][gc,heap     ] GC(24) Eden regions: 50->0(47)
[2026-10-07T15:03:28.738+0800][31.153s][info][gc,heap     ] GC(24) Survivor regions: 1->3(7)
[2026-10-07T15:03:28.738+0800][31.153s][info][gc,heap     ] GC(24) Old regions: 38->38
[2026-10-07T15:03:28.738+0800][31.153s][info][gc,heap     ] GC(24) Archive regions: 2->2
[2026-10-07T15:03:28.738+0800][31.153s][info][gc,heap     ] GC(24) Humongous regions: 4->4
[2026-10-07T15:03:28.738+0800][31.153s][info][gc,metaspace] GC(24) Metaspace: 83075K(83776K)->83075K(83776K) NonClass: 71765K(72128K)->71765K(72128K) Class: 11310K(11648K)->11310K(11648K)
[2026-10-07T15:03:28.738+0800][31.153s][info][gc          ] GC(24) Pause Young (Normal) (G1 Evacuation Pause) 92M->44M(113M) 23.999ms
[2026-10-07T15:03:28.738+0800][31.153s][info][gc,cpu      ] GC(24) User=0.01s Sys=0.01s Real=0.02s
[2026-10-07T15:03:28.738+0800][31.153s][info][safepoint   ] Safepoint "G1CollectForAllocation", Time since last: 826185917 ns, Reaching safepoint: 61833 ns, At safepoint: 24043750 ns, Total: 24105583 ns
[2026-10-07T15:03:28.820+0800][31.235s][info][safepoint   ] Safepoint "ICBufferFull", Time since last: 82017292 ns, Reaching safepoint: 107667 ns, At safepoint: 14416 ns, Total: 122083 ns
[2026-10-07T15:03:28.977+0800][31.392s][info][safepoint   ] Safepoint "ICBufferFull", Time since last: 156910917 ns, Reaching safepoint: 68875 ns, At safepoint: 10458 ns, Total: 79333 ns
[2026-10-07T15:03:29.019+0800][31.434s][info][safepoint   ] Safepoint "ICBufferFull", Time since last: 41376834 ns, Reaching safepoint: 382583 ns, At safepoint: 76542 ns, Total: 459125 ns
[2026-10-07T15:03:29.124+0800][31.539s][info][safepoint   ] Safepoint "ICBufferFull", Time since last: 105340291 ns, Reaching safepoint: 53375 ns, At safepoint: 875 ns, Total: 54250 ns
[2026-10-07T15:03:29.167+0800][31.582s][info][safepoint   ] Safepoint "ICBufferFull", Time since last: 42975292 ns, Reaching safepoint: 93958 ns, At safepoint: 6667 ns, Total: 100625 ns
[2026-10-07T15:03:29.230+0800][31.645s][info][gc,start    ] GC(25) Pause Young (Normal) (G1 Evacuation Pause)
[2026-10-07T15:03:29.230+0800][31.645s][info][gc,task     ] GC(25) Using 4 workers of 9 for evacuation
[2026-10-07T15:03:29.232+0800][31.647s][info][gc,phases   ] GC(25)   Pre Evacuate Collection Set: 0.0ms
[2026-10-07T15:03:29.232+0800][31.647s][info][gc,phases   ] GC(25)   Merge Heap Roots: 0.0ms
[2026-10-07T15:03:29.232+0800][31.647s][info][gc,phases   ] GC(25)   Evacuate Collection Set: 1.7ms
[2026-10-07T15:03:29.232+0800][31.647s][info][gc,phases   ] GC(25)   Post Evacuate Collection Set: 0.2ms
[2026-10-07T15:03:29.232+0800][31.647s][info][gc,phases   ] GC(25)   Other: 0.1ms
[2026-10-07T15:03:29.232+0800][31.647s][info][gc,heap     ] GC(25) Eden regions: 47->0(47)
[2026-10-07T15:03:29.232+0800][31.647s][info][gc,heap     ] GC(25) Survivor regions: 3->4(7)
[2026-10-07T15:03:29.232+0800][31.647s][info][gc,heap     ] GC(25) Old regions: 38->38
[2026-10-07T15:03:29.232+0800][31.647s][info][gc,heap     ] GC(25) Archive regions: 2->2
[2026-10-07T15:03:29.232+0800][31.647s][info][gc,heap     ] GC(25) Humongous regions: 4->4
[2026-10-07T15:03:29.232+0800][31.647s][info][gc,metaspace] GC(25) Metaspace: 84532K(85248K)->84532K(85248K) NonClass: 73046K(73408K)->73046K(73408K) Class: 11486K(11840K)->11486K(11840K)
[2026-10-07T15:03:29.232+0800][31.647s][info][gc          ] GC(25) Pause Young (Normal) (G1 Evacuation Pause) 91M->45M(113M) 2.047ms
[2026-10-07T15:03:29.232+0800][31.647s][info][gc,cpu      ] GC(25) User=0.00s Sys=0.00s Real=0.00s
[2026-10-07T15:03:29.232+0800][31.647s][info][safepoint   ] Safepoint "G1CollectForAllocation", Time since last: 62715583 ns, Reaching safepoint: 147042 ns, At safepoint: 2098375 ns, Total: 2245417 ns
[2026-10-07T15:03:29.465+0800][31.880s][info][safepoint   ] Safepoint "ICBufferFull", Time since last: 232424708 ns, Reaching safepoint: 334500 ns, At safepoint: 67750 ns, Total: 402250 ns
[2026-10-07T15:03:30.489+0800][32.904s][info][safepoint   ] Safepoint "Cleanup", Time since last: 1023756792 ns, Reaching safepoint: 80583 ns, At safepoint: 5375 ns, Total: 85958 ns
[2026-10-07T15:03:30.522+0800][32.937s][info][safepoint   ] Safepoint "ICBufferFull", Time since last: 32566209 ns, Reaching safepoint: 338750 ns, At safepoint: 66416 ns, Total: 405166 ns
[2026-10-07T15:03:30.529+0800][32.944s][info][safepoint   ] Safepoint "ICBufferFull", Time since last: 6633000 ns, Reaching safepoint: 189042 ns, At safepoint: 16375 ns, Total: 205417 ns
[2026-10-07T15:03:30.623+0800][33.038s][info][gc,start    ] GC(26) Pause Young (Concurrent Start) (G1 Evacuation Pause)
[2026-10-07T15:03:30.623+0800][33.038s][info][gc,task     ] GC(26) Using 4 workers of 9 for evacuation
[2026-10-07T15:03:30.631+0800][33.046s][info][gc,phases   ] GC(26)   Pre Evacuate Collection Set: 0.1ms
[2026-10-07T15:03:30.631+0800][33.046s][info][gc,phases   ] GC(26)   Merge Heap Roots: 0.1ms
[2026-10-07T15:03:30.631+0800][33.046s][info][gc,phases   ] GC(26)   Evacuate Collection Set: 7.7ms
[2026-10-07T15:03:30.631+0800][33.046s][info][gc,phases   ] GC(26)   Post Evacuate Collection Set: 0.4ms
[2026-10-07T15:03:30.631+0800][33.046s][info][gc,phases   ] GC(26)   Other: 0.1ms
[2026-10-07T15:03:30.631+0800][33.046s][info][gc,heap     ] GC(26) Eden regions: 47->0(45)
[2026-10-07T15:03:30.632+0800][33.046s][info][gc,heap     ] GC(26) Survivor regions: 4->6(7)
[2026-10-07T15:03:30.632+0800][33.046s][info][gc,heap     ] GC(26) Old regions: 38->38
[2026-10-07T15:03:30.632+0800][33.046s][info][gc,heap     ] GC(26) Archive regions: 2->2
[2026-10-07T15:03:30.632+0800][33.046s][info][gc,heap     ] GC(26) Humongous regions: 4->4
[2026-10-07T15:03:30.632+0800][33.046s][info][gc,metaspace] GC(26) Metaspace: 88277K(89024K)->88277K(89024K) NonClass: 76248K(76608K)->76248K(76608K) Class: 12029K(12416K)->12029K(12416K)
[2026-10-07T15:03:30.632+0800][33.046s][info][gc          ] GC(26) Pause Young (Concurrent Start) (G1 Evacuation Pause) 92M->48M(113M) 8.508ms
[2026-10-07T15:03:30.632+0800][33.046s][info][gc,cpu      ] GC(26) User=0.02s Sys=0.01s Real=0.01s
[2026-10-07T15:03:30.632+0800][33.046s][info][safepoint   ] Safepoint "G1CollectForAllocation", Time since last: 94003833 ns, Reaching safepoint: 67959 ns, At safepoint: 8563958 ns, Total: 8631917 ns
[2026-10-07T15:03:30.632+0800][33.046s][info][gc          ] GC(27) Concurrent Mark Cycle
[2026-10-07T15:03:30.632+0800][33.046s][info][gc,marking  ] GC(27) Concurrent Clear Claimed Marks
[2026-10-07T15:03:30.632+0800][33.046s][info][gc,marking  ] GC(27) Concurrent Clear Claimed Marks 0.068ms
[2026-10-07T15:03:30.632+0800][33.046s][info][gc,marking  ] GC(27) Concurrent Scan Root Regions
[2026-10-07T15:03:30.639+0800][33.053s][info][gc,marking  ] GC(27) Concurrent Scan Root Regions 6.911ms
[2026-10-07T15:03:30.639+0800][33.053s][info][gc,marking  ] GC(27) Concurrent Mark
[2026-10-07T15:03:30.639+0800][33.053s][info][gc,marking  ] GC(27) Concurrent Mark From Roots
[2026-10-07T15:03:30.639+0800][33.053s][info][gc,task     ] GC(27) Using 2 workers of 2 for marking
[2026-10-07T15:03:30.665+0800][33.080s][info][gc,marking  ] GC(27) Concurrent Mark From Roots 26.715ms
[2026-10-07T15:03:30.666+0800][33.080s][info][gc,marking  ] GC(27) Concurrent Preclean
[2026-10-07T15:03:30.666+0800][33.080s][info][gc,marking  ] GC(27) Concurrent Preclean 0.110ms
[2026-10-07T15:03:30.666+0800][33.080s][info][gc,start    ] GC(27) Pause Remark
[2026-10-07T15:03:30.672+0800][33.087s][info][gc          ] GC(27) Pause Remark 55M->55M(113M) 6.433ms
[2026-10-07T15:03:30.672+0800][33.087s][info][gc,cpu      ] GC(27) User=0.02s Sys=0.00s Real=0.01s
[2026-10-07T15:03:30.672+0800][33.087s][info][safepoint   ] Safepoint "G1Concurrent", Time since last: 34071208 ns, Reaching safepoint: 139167 ns, At safepoint: 6498375 ns, Total: 6637542 ns
[2026-10-07T15:03:30.672+0800][33.087s][info][gc,marking  ] GC(27) Concurrent Mark 33.613ms
[2026-10-07T15:03:30.672+0800][33.087s][info][gc,marking  ] GC(27) Concurrent Rebuild Remembered Sets
[2026-10-07T15:03:30.682+0800][33.097s][info][gc,marking  ] GC(27) Concurrent Rebuild Remembered Sets 9.784ms
[2026-10-07T15:03:30.682+0800][33.097s][info][gc,start    ] GC(27) Pause Cleanup
[2026-10-07T15:03:30.682+0800][33.097s][info][gc          ] GC(27) Pause Cleanup 59M->59M(113M) 0.053ms
[2026-10-07T15:03:30.682+0800][33.097s][info][gc,cpu      ] GC(27) User=0.00s Sys=0.00s Real=0.00s
[2026-10-07T15:03:30.683+0800][33.097s][info][safepoint   ] Safepoint "G1Concurrent", Time since last: 9865875 ns, Reaching safepoint: 139042 ns, At safepoint: 191125 ns, Total: 330167 ns
[2026-10-07T15:03:30.683+0800][33.097s][info][gc,marking  ] GC(27) Concurrent Cleanup for Next Mark
[2026-10-07T15:03:30.683+0800][33.097s][info][gc,marking  ] GC(27) Concurrent Cleanup for Next Mark 0.224ms
[2026-10-07T15:03:30.683+0800][33.097s][info][gc          ] GC(27) Concurrent Mark Cycle 51.140ms
[2026-10-07T15:03:31.049+0800][33.464s][info][safepoint   ] Safepoint "ICBufferFull", Time since last: 366603791 ns, Reaching safepoint: 188167 ns, At safepoint: 12500 ns, Total: 200667 ns
[2026-10-07T15:03:31.870+0800][34.285s][info][safepoint   ] Safepoint "ICBufferFull", Time since last: 820828042 ns, Reaching safepoint: 154000 ns, At safepoint: 71416 ns, Total: 225416 ns
[2026-10-07T15:03:31.909+0800][34.323s][info][gc,start    ] GC(28) Pause Young (Prepare Mixed) (G1 Evacuation Pause)
[2026-10-07T15:03:31.909+0800][34.323s][info][gc,task     ] GC(28) Using 4 workers of 9 for evacuation
[2026-10-07T15:03:31.960+0800][34.374s][info][gc,phases   ] GC(28)   Pre Evacuate Collection Set: 2.6ms
[2026-10-07T15:03:31.960+0800][34.374s][info][gc,phases   ] GC(28)   Merge Heap Roots: 2.2ms
[2026-10-07T15:03:31.960+0800][34.374s][info][gc,phases   ] GC(28)   Evacuate Collection Set: 45.6ms
[2026-10-07T15:03:31.960+0800][34.374s][info][gc,phases   ] GC(28)   Post Evacuate Collection Set: 0.6ms
[2026-10-07T15:03:31.960+0800][34.374s][info][gc,phases   ] GC(28)   Other: 0.3ms
[2026-10-07T15:03:31.960+0800][34.374s][info][gc,heap     ] GC(28) Eden regions: 45->0(1)
[2026-10-07T15:03:31.960+0800][34.374s][info][gc,heap     ] GC(28) Survivor regions: 6->6(7)
[2026-10-07T15:03:31.960+0800][34.374s][info][gc,heap     ] GC(28) Old regions: 38->40
[2026-10-07T15:03:31.960+0800][34.374s][info][gc,heap     ] GC(28) Archive regions: 2->2
[2026-10-07T15:03:31.960+0800][34.374s][info][gc,heap     ] GC(28) Humongous regions: 4->4
[2026-10-07T15:03:31.960+0800][34.374s][info][gc,metaspace] GC(28) Metaspace: 91505K(92288K)->91505K(92288K) NonClass: 78953K(79360K)->78953K(79360K) Class: 12552K(12928K)->12552K(12928K)
[2026-10-07T15:03:31.960+0800][34.374s][info][gc          ] GC(28) Pause Young (Prepare Mixed) (G1 Evacuation Pause) 93M->50M(113M) 51.198ms
[2026-10-07T15:03:31.960+0800][34.374s][info][gc,cpu      ] GC(28) User=0.02s Sys=0.04s Real=0.06s
[2026-10-07T15:03:31.960+0800][34.375s][info][safepoint   ] Safepoint "G1CollectForAllocation", Time since last: 37174209 ns, Reaching safepoint: 941291 ns, At safepoint: 51491792 ns, Total: 52433083 ns
[2026-10-07T15:03:31.965+0800][34.380s][info][gc,start    ] GC(29) Pause Young (Mixed) (G1 Evacuation Pause)
[2026-10-07T15:03:31.965+0800][34.380s][info][gc,task     ] GC(29) Using 4 workers of 9 for evacuation
[2026-10-07T15:03:31.985+0800][34.399s][info][gc,phases   ] GC(29)   Pre Evacuate Collection Set: 0.0ms
[2026-10-07T15:03:31.985+0800][34.399s][info][gc,phases   ] GC(29)   Merge Heap Roots: 0.1ms
[2026-10-07T15:03:31.985+0800][34.399s][info][gc,phases   ] GC(29)   Evacuate Collection Set: 18.5ms
[2026-10-07T15:03:31.985+0800][34.399s][info][gc,phases   ] GC(29)   Post Evacuate Collection Set: 0.7ms
[2026-10-07T15:03:31.985+0800][34.399s][info][gc,phases   ] GC(29)   Other: 0.1ms
[2026-10-07T15:03:31.985+0800][34.399s][info][gc,heap     ] GC(29) Eden regions: 1->0(166)
[2026-10-07T15:03:31.985+0800][34.399s][info][gc,heap     ] GC(29) Survivor regions: 6->1(1)
[2026-10-07T15:03:31.985+0800][34.399s][info][gc,heap     ] GC(29) Old regions: 40->45
[2026-10-07T15:03:31.985+0800][34.399s][info][gc,heap     ] GC(29) Archive regions: 2->2
[2026-10-07T15:03:31.985+0800][34.399s][info][gc,heap     ] GC(29) Humongous regions: 4->4
[2026-10-07T15:03:31.985+0800][34.399s][info][gc,metaspace] GC(29) Metaspace: 91505K(92288K)->91505K(92288K) NonClass: 78953K(79360K)->78953K(79360K) Class: 12552K(12928K)->12552K(12928K)
[2026-10-07T15:03:31.985+0800][34.399s][info][gc          ] GC(29) Pause Young (Mixed) (G1 Evacuation Pause) 51M->50M(279M) 19.493ms
[2026-10-07T15:03:31.985+0800][34.399s][info][gc,cpu      ] GC(29) User=0.03s Sys=0.00s Real=0.02s
[2026-10-07T15:03:31.985+0800][34.399s][info][safepoint   ] Safepoint "G1CollectForAllocation", Time since last: 5152917 ns, Reaching safepoint: 30916 ns, At safepoint: 19538917 ns, Total: 19569833 ns
[2026-10-07T15:03:32.280+0800][34.695s][info][safepoint   ] Safepoint "ICBufferFull", Time since last: 295442417 ns, Reaching safepoint: 173333 ns, At safepoint: 1625 ns, Total: 174958 ns
[2026-10-07T15:03:32.302+0800][34.717s][info][safepoint   ] Safepoint "ICBufferFull", Time since last: 21610875 ns, Reaching safepoint: 79458 ns, At safepoint: 792 ns, Total: 80250 ns
[2026-10-07T15:03:32.446+0800][34.860s][info][safepoint   ] Safepoint "ICBufferFull", Time since last: 142466375 ns, Reaching safepoint: 951583 ns, At safepoint: 165167 ns, Total: 1116750 ns
[2026-10-07T15:03:33.012+0800][35.426s][info][safepoint   ] Safepoint "ICBufferFull", Time since last: 565852958 ns, Reaching safepoint: 266917 ns, At safepoint: 32292 ns, Total: 299209 ns
[2026-10-07T15:03:33.330+0800][35.744s][info][safepoint   ] Safepoint "ICBufferFull", Time since last: 317471500 ns, Reaching safepoint: 152208 ns, At safepoint: 1125 ns, Total: 153333 ns
[2026-10-07T15:03:33.547+0800][35.962s][info][gc,start    ] GC(30) Pause Young (Normal) (G1 Evacuation Pause)
[2026-10-07T15:03:33.551+0800][35.965s][info][gc,task     ] GC(30) Using 6 workers of 9 for evacuation
[2026-10-07T15:03:33.589+0800][36.003s][info][gc,phases   ] GC(30)   Pre Evacuate Collection Set: 0.1ms
[2026-10-07T15:03:33.589+0800][36.003s][info][gc,phases   ] GC(30)   Merge Heap Roots: 0.1ms
[2026-10-07T15:03:33.589+0800][36.003s][info][gc,phases   ] GC(30)   Evacuate Collection Set: 36.5ms
[2026-10-07T15:03:33.589+0800][36.003s][info][gc,phases   ] GC(30)   Post Evacuate Collection Set: 1.4ms
[2026-10-07T15:03:33.589+0800][36.003s][info][gc,phases   ] GC(30)   Other: 3.8ms
[2026-10-07T15:03:33.589+0800][36.003s][info][gc,heap     ] GC(30) Eden regions: 166->0(161)
[2026-10-07T15:03:33.589+0800][36.003s][info][gc,heap     ] GC(30) Survivor regions: 1->6(21)
[2026-10-07T15:03:33.589+0800][36.003s][info][gc,heap     ] GC(30) Old regions: 45->45
[2026-10-07T15:03:33.589+0800][36.003s][info][gc,heap     ] GC(30) Archive regions: 2->2
[2026-10-07T15:03:33.589+0800][36.003s][info][gc,heap     ] GC(30) Humongous regions: 4->4
[2026-10-07T15:03:33.589+0800][36.003s][info][gc,metaspace] GC(30) Metaspace: 97600K(98304K)->97600K(98304K) NonClass: 83982K(84352K)->83982K(84352K) Class: 13617K(13952K)->13617K(13952K)
[2026-10-07T15:03:33.589+0800][36.003s][info][gc          ] GC(30) Pause Young (Normal) (G1 Evacuation Pause) 216M->54M(279M) 41.875ms
[2026-10-07T15:03:33.589+0800][36.003s][info][gc,cpu      ] GC(30) User=0.02s Sys=0.03s Real=0.04s
[2026-10-07T15:03:33.589+0800][36.004s][info][safepoint   ] Safepoint "G1CollectForAllocation", Time since last: 217436500 ns, Reaching safepoint: 174208 ns, At safepoint: 41998334 ns, Total: 42172542 ns
[2026-10-07T15:03:33.777+0800][36.191s][info][safepoint   ] Safepoint "ICBufferFull", Time since last: 186782708 ns, Reaching safepoint: 220292 ns, At safepoint: 732666 ns, Total: 952958 ns
[2026-10-07T15:03:34.085+0800][36.499s][info][safepoint   ] Safepoint "ICBufferFull", Time since last: 307817375 ns, Reaching safepoint: 95959 ns, At safepoint: 6416 ns, Total: 102375 ns
[2026-10-07T15:03:34.226+0800][36.641s][info][safepoint   ] Safepoint "ICBufferFull", Time since last: 141349542 ns, Reaching safepoint: 212042 ns, At safepoint: 8208 ns, Total: 220250 ns
[2026-10-07T15:03:34.759+0800][37.173s][info][safepoint   ] Safepoint "ICBufferFull", Time since last: 531973000 ns, Reaching safepoint: 148250 ns, At safepoint: 1167 ns, Total: 149417 ns
[2026-10-07T15:03:35.267+0800][37.681s][info][safepoint   ] Safepoint "ICBufferFull", Time since last: 508313625 ns, Reaching safepoint: 88791 ns, At safepoint: 4375 ns, Total: 93166 ns
[2026-10-07T15:03:35.464+0800][37.878s][info][gc,start    ] GC(31) Pause Young (Normal) (G1 Evacuation Pause)
[2026-10-07T15:03:35.464+0800][37.878s][info][gc,task     ] GC(31) Using 6 workers of 9 for evacuation
[2026-10-07T15:03:35.545+0800][37.959s][info][gc,phases   ] GC(31)   Pre Evacuate Collection Set: 1.2ms
[2026-10-07T15:03:35.545+0800][37.959s][info][gc,phases   ] GC(31)   Merge Heap Roots: 0.7ms
[2026-10-07T15:03:35.545+0800][37.959s][info][gc,phases   ] GC(31)   Evacuate Collection Set: 77.7ms
[2026-10-07T15:03:35.545+0800][37.959s][info][gc,phases   ] GC(31)   Post Evacuate Collection Set: 1.4ms
[2026-10-07T15:03:35.545+0800][37.959s][info][gc,phases   ] GC(31)   Other: 0.1ms
[2026-10-07T15:03:35.545+0800][37.959s][info][gc,heap     ] GC(31) Eden regions: 161->0(152)
[2026-10-07T15:03:35.545+0800][37.959s][info][gc,heap     ] GC(31) Survivor regions: 6->15(21)
[2026-10-07T15:03:35.545+0800][37.959s][info][gc,heap     ] GC(31) Old regions: 45->45
[2026-10-07T15:03:35.545+0800][37.959s][info][gc,heap     ] GC(31) Archive regions: 2->2
[2026-10-07T15:03:35.545+0800][37.959s][info][gc,heap     ] GC(31) Humongous regions: 6->4
[2026-10-07T15:03:35.545+0800][37.959s][info][gc,metaspace] GC(31) Metaspace: 107154K(107968K)->107154K(107968K) NonClass: 92467K(92864K)->92467K(92864K) Class: 14686K(15104K)->14686K(15104K)
[2026-10-07T15:03:35.545+0800][37.959s][info][gc          ] GC(31) Pause Young (Normal) (G1 Evacuation Pause) 217M->63M(279M) 81.336ms
[2026-10-07T15:03:35.545+0800][37.959s][info][gc,cpu      ] GC(31) User=0.05s Sys=0.05s Real=0.08s
[2026-10-07T15:03:35.545+0800][37.960s][info][safepoint   ] Safepoint "G1CollectForAllocation", Time since last: 195821250 ns, Reaching safepoint: 996834 ns, At safepoint: 81409125 ns, Total: 82405959 ns
[2026-10-07T15:03:36.688+0800][39.102s][info][safepoint   ] Safepoint "Cleanup", Time since last: 1142184833 ns, Reaching safepoint: 130625 ns, At safepoint: 1000 ns, Total: 131625 ns
[2026-10-07T15:03:39.059+0800][41.474s][info][safepoint   ] Safepoint "Cleanup", Time since last: 2349342625 ns, Reaching safepoint: 19403792 ns, At safepoint: 2948750 ns, Total: 22352542 ns
[2026-10-07T15:03:40.597+0800][43.011s][info][safepoint   ] Safepoint "Cleanup", Time since last: 1517709791 ns, Reaching safepoint: 19512959 ns, At safepoint: 260750 ns, Total: 19773709 ns
[2026-10-07T15:03:41.735+0800][44.149s][info][safepoint   ] Safepoint "Cleanup", Time since last: 1136909541 ns, Reaching safepoint: 791792 ns, At safepoint: 517500 ns, Total: 1309292 ns
[2026-10-07T15:03:42.387+0800][44.801s][info][safepoint   ] Safepoint "ICBufferFull", Time since last: 651916708 ns, Reaching safepoint: 189667 ns, At safepoint: 26958 ns, Total: 216625 ns
[2026-10-07T15:03:44.149+0800][46.563s][info][safepoint   ] Safepoint "Cleanup", Time since last: 1264807084 ns, Reaching safepoint: 486128791 ns, At safepoint: 10435209 ns, Total: 496564000 ns
[2026-10-07T15:03:44.987+0800][47.401s][info][safepoint   ] Safepoint "ICBufferFull", Time since last: 838191833 ns, Reaching safepoint: 105292 ns, At safepoint: 1375 ns, Total: 106667 ns
[2026-10-07T15:03:45.460+0800][47.874s][info][gc,start    ] GC(32) Pause Young (Normal) (G1 Evacuation Pause)
[2026-10-07T15:03:45.469+0800][47.883s][info][gc,task     ] GC(32) Using 6 workers of 9 for evacuation
[2026-10-07T15:03:45.544+0800][47.959s][info][gc,phases   ] GC(32)   Pre Evacuate Collection Set: 0.5ms
[2026-10-07T15:03:45.544+0800][47.959s][info][gc,phases   ] GC(32)   Merge Heap Roots: 0.4ms
[2026-10-07T15:03:45.544+0800][47.959s][info][gc,phases   ] GC(32)   Evacuate Collection Set: 50.8ms
[2026-10-07T15:03:45.545+0800][47.959s][info][gc,phases   ] GC(32)   Post Evacuate Collection Set: 23.4ms
[2026-10-07T15:03:45.545+0800][47.959s][info][gc,phases   ] GC(32)   Other: 11.9ms
[2026-10-07T15:03:45.545+0800][47.959s][info][gc,heap     ] GC(32) Eden regions: 152->0(156)
[2026-10-07T15:03:45.545+0800][47.959s][info][gc,heap     ] GC(32) Survivor regions: 15->11(21)
[2026-10-07T15:03:45.545+0800][47.959s][info][gc,heap     ] GC(32) Old regions: 45->50
[2026-10-07T15:03:45.545+0800][47.959s][info][gc,heap     ] GC(32) Archive regions: 2->2
[2026-10-07T15:03:45.545+0800][47.959s][info][gc,heap     ] GC(32) Humongous regions: 6->4
[2026-10-07T15:03:45.545+0800][47.959s][info][gc,metaspace] GC(32) Metaspace: 110609K(111424K)->110609K(111424K) NonClass: 95720K(96128K)->95720K(96128K) Class: 14889K(15296K)->14889K(15296K)
[2026-10-07T15:03:45.545+0800][47.959s][info][gc          ] GC(32) Pause Young (Normal) (G1 Evacuation Pause) 217M->65M(279M) 84.983ms
[2026-10-07T15:03:45.545+0800][47.959s][info][gc,cpu      ] GC(32) User=0.04s Sys=0.06s Real=0.08s
[2026-10-07T15:03:45.545+0800][47.959s][info][safepoint   ] Safepoint "G1CollectForAllocation", Time since last: 464106916 ns, Reaching safepoint: 62750 ns, At safepoint: 93421834 ns, Total: 93484584 ns
[2026-10-07T15:03:46.167+0800][48.581s][info][safepoint   ] Safepoint "ICBufferFull", Time since last: 619914083 ns, Reaching safepoint: 1826500 ns, At safepoint: 986083 ns, Total: 2812583 ns
[2026-10-07T15:03:46.402+0800][48.816s][info][safepoint   ] Safepoint "ICBufferFull", Time since last: 234344500 ns, Reaching safepoint: 80792 ns, At safepoint: 2375 ns, Total: 83167 ns
[2026-10-07T15:03:46.788+0800][49.202s][info][safepoint   ] Safepoint "PrintThreads", Time since last: 368798792 ns, Reaching safepoint: 10656083 ns, At safepoint: 6869875 ns, Total: 17525958 ns
[2026-10-07T15:03:46.799+0800][49.213s][info][safepoint   ] Safepoint "PrintJNI", Time since last: 10564792 ns, Reaching safepoint: 570791 ns, At safepoint: 14834 ns, Total: 585625 ns
[2026-10-07T15:03:46.800+0800][49.214s][info][safepoint   ] Safepoint "FindDeadlocks", Time since last: 86416 ns, Reaching safepoint: 207459 ns, At safepoint: 138416 ns, Total: 345875 ns
[2026-10-07T15:03:47.932+0800][50.346s][info][safepoint   ] Safepoint "Cleanup", Time since last: 1130626417 ns, Reaching safepoint: 917333 ns, At safepoint: 352000 ns, Total: 1269333 ns
[2026-10-07T15:03:48.424+0800][50.838s][info][gc,start    ] GC(33) Pause Young (Normal) (G1 Evacuation Pause)
[2026-10-07T15:03:48.424+0800][50.838s][info][gc,task     ] GC(33) Using 6 workers of 9 for evacuation
[2026-10-07T15:03:48.455+0800][50.869s][info][gc,phases   ] GC(33)   Pre Evacuate Collection Set: 0.1ms
[2026-10-07T15:03:48.455+0800][50.869s][info][gc,phases   ] GC(33)   Merge Heap Roots: 0.7ms
[2026-10-07T15:03:48.455+0800][50.869s][info][gc,phases   ] GC(33)   Evacuate Collection Set: 28.4ms
[2026-10-07T15:03:48.455+0800][50.869s][info][gc,phases   ] GC(33)   Post Evacuate Collection Set: 1.5ms
[2026-10-07T15:03:48.455+0800][50.869s][info][gc,phases   ] GC(33)   Other: 0.1ms
[2026-10-07T15:03:48.455+0800][50.869s][info][gc,heap     ] GC(33) Eden regions: 156->0(151)
[2026-10-07T15:03:48.455+0800][50.869s][info][gc,heap     ] GC(33) Survivor regions: 11->16(21)
[2026-10-07T15:03:48.455+0800][50.869s][info][gc,heap     ] GC(33) Old regions: 50->50
[2026-10-07T15:03:48.455+0800][50.869s][info][gc,heap     ] GC(33) Archive regions: 2->2
[2026-10-07T15:03:48.455+0800][50.869s][info][gc,heap     ] GC(33) Humongous regions: 4->4
[2026-10-07T15:03:48.455+0800][50.869s][info][gc,metaspace] GC(33) Metaspace: 112380K(113216K)->112380K(113216K) NonClass: 97361K(97792K)->97361K(97792K) Class: 15018K(15424K)->15018K(15424K)
[2026-10-07T15:03:48.455+0800][50.869s][info][gc          ] GC(33) Pause Young (Normal) (G1 Evacuation Pause) 221M->70M(279M) 30.952ms
[2026-10-07T15:03:48.455+0800][50.869s][info][gc,cpu      ] GC(33) User=0.04s Sys=0.06s Real=0.03s
[2026-10-07T15:03:48.455+0800][50.869s][info][safepoint   ] Safepoint "G1CollectForAllocation", Time since last: 492343792 ns, Reaching safepoint: 188333 ns, At safepoint: 31054500 ns, Total: 31242833 ns
[2026-10-07T15:03:48.846+0800][51.260s][info][safepoint   ] Safepoint "ICBufferFull", Time since last: 390688875 ns, Reaching safepoint: 70417 ns, At safepoint: 792 ns, Total: 71209 ns
[2026-10-07T15:03:49.641+0800][52.055s][info][gc,start    ] GC(34) Pause Young (Normal) (G1 Evacuation Pause)
[2026-10-07T15:03:49.642+0800][52.056s][info][gc,task     ] GC(34) Using 6 workers of 9 for evacuation
[2026-10-07T15:03:49.690+0800][52.104s][info][gc,phases   ] GC(34)   Pre Evacuate Collection Set: 0.2ms
[2026-10-07T15:03:49.690+0800][52.104s][info][gc,phases   ] GC(34)   Merge Heap Roots: 0.4ms
[2026-10-07T15:03:49.690+0800][52.104s][info][gc,phases   ] GC(34)   Evacuate Collection Set: 45.5ms
[2026-10-07T15:03:49.690+0800][52.104s][info][gc,phases   ] GC(34)   Post Evacuate Collection Set: 1.4ms
[2026-10-07T15:03:49.690+0800][52.104s][info][gc,phases   ] GC(34)   Other: 1.5ms
[2026-10-07T15:03:49.690+0800][52.104s][info][gc,heap     ] GC(34) Eden regions: 151->0(152)
[2026-10-07T15:03:49.690+0800][52.104s][info][gc,heap     ] GC(34) Survivor regions: 16->15(21)
[2026-10-07T15:03:49.690+0800][52.104s][info][gc,heap     ] GC(34) Old regions: 50->55
[2026-10-07T15:03:49.690+0800][52.104s][info][gc,heap     ] GC(34) Archive regions: 2->2
[2026-10-07T15:03:49.690+0800][52.104s][info][gc,heap     ] GC(34) Humongous regions: 4->4
[2026-10-07T15:03:49.690+0800][52.104s][info][gc,metaspace] GC(34) Metaspace: 116476K(117312K)->116476K(117312K) NonClass: 100889K(101312K)->100889K(101312K) Class: 15586K(16000K)->15586K(16000K)
[2026-10-07T15:03:49.690+0800][52.104s][info][gc          ] GC(34) Pause Young (Normal) (G1 Evacuation Pause) 221M->74M(279M) 49.038ms
[2026-10-07T15:03:49.690+0800][52.104s][info][gc,cpu      ] GC(34) User=0.04s Sys=0.08s Real=0.05s
[2026-10-07T15:03:49.690+0800][52.104s][info][safepoint   ] Safepoint "G1CollectForAllocation", Time since last: 794771208 ns, Reaching safepoint: 114167 ns, At safepoint: 49169708 ns, Total: 49283875 ns
[2026-10-07T15:03:50.759+0800][53.173s][info][safepoint   ] Safepoint "Cleanup", Time since last: 1068727167 ns, Reaching safepoint: 142291 ns, At safepoint: 10917 ns, Total: 153208 ns
[2026-10-07T15:03:51.304+0800][53.718s][info][safepoint   ] Safepoint "ICBufferFull", Time since last: 544340125 ns, Reaching safepoint: 414292 ns, At safepoint: 715083 ns, Total: 1129375 ns
[2026-10-07T15:03:51.968+0800][54.382s][info][safepoint   ] Safepoint "ICBufferFull", Time since last: 663846708 ns, Reaching safepoint: 94834 ns, At safepoint: 10625 ns, Total: 105459 ns
[2026-10-07T15:03:52.160+0800][54.574s][info][gc,start    ] GC(35) Pause Young (Normal) (G1 Evacuation Pause)
[2026-10-07T15:03:52.160+0800][54.574s][info][gc,task     ] GC(35) Using 6 workers of 9 for evacuation
[2026-10-07T15:03:52.201+0800][54.615s][info][gc,phases   ] GC(35)   Pre Evacuate Collection Set: 1.0ms
[2026-10-07T15:03:52.201+0800][54.615s][info][gc,phases   ] GC(35)   Merge Heap Roots: 0.2ms
[2026-10-07T15:03:52.201+0800][54.615s][info][gc,phases   ] GC(35)   Evacuate Collection Set: 38.5ms
[2026-10-07T15:03:52.201+0800][54.615s][info][gc,phases   ] GC(35)   Post Evacuate Collection Set: 1.4ms
[2026-10-07T15:03:52.201+0800][54.615s][info][gc,phases   ] GC(35)   Other: 0.4ms
[2026-10-07T15:03:52.201+0800][54.615s][info][gc,heap     ] GC(35) Eden regions: 152->0(157)
[2026-10-07T15:03:52.201+0800][54.615s][info][gc,heap     ] GC(35) Survivor regions: 15->10(21)
[2026-10-07T15:03:52.201+0800][54.615s][info][gc,heap     ] GC(35) Old regions: 55->58
[2026-10-07T15:03:52.201+0800][54.615s][info][gc,heap     ] GC(35) Archive regions: 2->2
[2026-10-07T15:03:52.201+0800][54.615s][info][gc,heap     ] GC(35) Humongous regions: 5->5
[2026-10-07T15:03:52.201+0800][54.615s][info][gc,metaspace] GC(35) Metaspace: 120628K(121536K)->120628K(121536K) NonClass: 104444K(104896K)->104444K(104896K) Class: 16184K(16640K)->16184K(16640K)
[2026-10-07T15:03:52.201+0800][54.615s][info][gc          ] GC(35) Pause Young (Normal) (G1 Evacuation Pause) 227M->73M(279M) 41.578ms
[2026-10-07T15:03:52.201+0800][54.615s][info][gc,cpu      ] GC(35) User=0.03s Sys=0.03s Real=0.04s
[2026-10-07T15:03:52.201+0800][54.615s][info][safepoint   ] Safepoint "G1CollectForAllocation", Time since last: 191177500 ns, Reaching safepoint: 146541 ns, At safepoint: 41618667 ns, Total: 41765208 ns
[2026-10-07T15:03:52.633+0800][55.047s][info][safepoint   ] Safepoint "ICBufferFull", Time since last: 431347250 ns, Reaching safepoint: 86917 ns, At safepoint: 28583 ns, Total: 115500 ns
[2026-10-07T15:03:52.841+0800][55.255s][info][safepoint   ] Safepoint "ICBufferFull", Time since last: 208500500 ns, Reaching safepoint: 73583 ns, At safepoint: 792 ns, Total: 74375 ns
[2026-10-07T15:03:52.940+0800][55.353s][info][safepoint   ] Safepoint "ICBufferFull", Time since last: 97951792 ns, Reaching safepoint: 203750 ns, At safepoint: 3625 ns, Total: 207375 ns
[2026-10-07T15:03:53.036+0800][55.450s][info][safepoint   ] Safepoint "ICBufferFull", Time since last: 95933416 ns, Reaching safepoint: 228334 ns, At safepoint: 7166 ns, Total: 235500 ns
[2026-10-07T15:03:53.744+0800][56.158s][info][safepoint   ] Safepoint "ICBufferFull", Time since last: 708073167 ns, Reaching safepoint: 349792 ns, At safepoint: 24083 ns, Total: 373875 ns
[2026-10-07T15:03:54.682+0800][57.096s][info][safepoint   ] Safepoint "ICBufferFull", Time since last: 937503292 ns, Reaching safepoint: 111333 ns, At safepoint: 1625 ns, Total: 112958 ns
[2026-10-07T15:03:54.826+0800][57.240s][info][safepoint   ] Safepoint "ICBufferFull", Time since last: 143802250 ns, Reaching safepoint: 71125 ns, At safepoint: 625 ns, Total: 71750 ns
[2026-10-07T15:03:54.892+0800][57.305s][info][safepoint   ] Safepoint "PrintThreads", Time since last: 64879292 ns, Reaching safepoint: 173125 ns, At safepoint: 801916 ns, Total: 975041 ns
[2026-10-07T15:03:54.892+0800][57.306s][info][safepoint   ] Safepoint "PrintJNI", Time since last: 78875 ns, Reaching safepoint: 28084 ns, At safepoint: 20250 ns, Total: 48334 ns
[2026-10-07T15:03:54.892+0800][57.306s][info][safepoint   ] Safepoint "FindDeadlocks", Time since last: 35166 ns, Reaching safepoint: 169334 ns, At safepoint: 69833 ns, Total: 239167 ns
[2026-10-07T15:03:54.976+0800][57.390s][info][gc,start    ] GC(36) Pause Young (Normal) (G1 Evacuation Pause)
[2026-10-07T15:03:54.976+0800][57.390s][info][gc,task     ] GC(36) Using 6 workers of 9 for evacuation
[2026-10-07T15:03:55.050+0800][57.463s][info][gc,phases   ] GC(36)   Pre Evacuate Collection Set: 0.3ms
[2026-10-07T15:03:55.050+0800][57.463s][info][gc,phases   ] GC(36)   Merge Heap Roots: 0.5ms
[2026-10-07T15:03:55.050+0800][57.464s][info][gc,phases   ] GC(36)   Evacuate Collection Set: 71.7ms
[2026-10-07T15:03:55.050+0800][57.464s][info][gc,phases   ] GC(36)   Post Evacuate Collection Set: 0.7ms
[2026-10-07T15:03:55.050+0800][57.464s][info][gc,phases   ] GC(36)   Other: 0.1ms
[2026-10-07T15:03:55.050+0800][57.464s][info][gc,heap     ] GC(36) Eden regions: 157->0(148)
[2026-10-07T15:03:55.050+0800][57.464s][info][gc,heap     ] GC(36) Survivor regions: 10->19(21)
[2026-10-07T15:03:55.050+0800][57.464s][info][gc,heap     ] GC(36) Old regions: 58->58
[2026-10-07T15:03:55.050+0800][57.464s][info][gc,heap     ] GC(36) Archive regions: 2->2
[2026-10-07T15:03:55.050+0800][57.464s][info][gc,heap     ] GC(36) Humongous regions: 5->5
[2026-10-07T15:03:55.050+0800][57.464s][info][gc,metaspace] GC(36) Metaspace: 125814K(126784K)->125814K(126784K) NonClass: 108848K(109312K)->108848K(109312K) Class: 16965K(17472K)->16965K(17472K)
[2026-10-07T15:03:55.050+0800][57.464s][info][gc          ] GC(36) Pause Young (Normal) (G1 Evacuation Pause) 230M->82M(279M) 73.470ms
[2026-10-07T15:03:55.050+0800][57.464s][info][gc,cpu      ] GC(36) User=0.06s Sys=0.08s Real=0.08s
[2026-10-07T15:03:55.050+0800][57.464s][info][safepoint   ] Safepoint "G1CollectForAllocation", Time since last: 84224958 ns, Reaching safepoint: 90125 ns, At safepoint: 73597917 ns, Total: 73688042 ns
[2026-10-07T15:03:55.217+0800][57.631s][info][safepoint   ] Safepoint "ICBufferFull", Time since last: 165687458 ns, Reaching safepoint: 466125 ns, At safepoint: 898500 ns, Total: 1364625 ns
[2026-10-07T15:03:55.430+0800][57.844s][info][safepoint   ] Safepoint "ICBufferFull", Time since last: 207525917 ns, Reaching safepoint: 5304208 ns, At safepoint: 226625 ns, Total: 5530833 ns
[2026-10-07T15:03:55.594+0800][58.008s][info][safepoint   ] Safepoint "ICBufferFull", Time since last: 164138834 ns, Reaching safepoint: 118875 ns, At safepoint: 6625 ns, Total: 125500 ns
[2026-10-07T15:03:55.802+0800][58.215s][info][safepoint   ] Safepoint "ICBufferFull", Time since last: 207208208 ns, Reaching safepoint: 80875 ns, At safepoint: 12417 ns, Total: 93292 ns
[2026-10-07T15:03:55.934+0800][58.348s][info][safepoint   ] Safepoint "ICBufferFull", Time since last: 132486750 ns, Reaching safepoint: 114541 ns, At safepoint: 7042 ns, Total: 121583 ns
[2026-10-07T15:03:56.219+0800][58.633s][info][gc,start    ] GC(37) Pause Young (Normal) (G1 Evacuation Pause)
[2026-10-07T15:03:56.219+0800][58.633s][info][gc,task     ] GC(37) Using 6 workers of 9 for evacuation
[2026-10-07T15:03:56.429+0800][58.842s][info][gc,mmu      ] GC(37) MMU target violated: 201.0ms (200.0ms/201.0ms)
[2026-10-07T15:03:56.429+0800][58.843s][info][gc,phases   ] GC(37)   Pre Evacuate Collection Set: 1.0ms
[2026-10-07T15:03:56.429+0800][58.843s][info][gc,phases   ] GC(37)   Merge Heap Roots: 3.1ms
[2026-10-07T15:03:56.429+0800][58.843s][info][gc,phases   ] GC(37)   Evacuate Collection Set: 200.6ms
[2026-10-07T15:03:56.429+0800][58.843s][info][gc,phases   ] GC(37)   Post Evacuate Collection Set: 4.2ms
[2026-10-07T15:03:56.429+0800][58.843s][info][gc,phases   ] GC(37)   Other: 1.6ms
[2026-10-07T15:03:56.429+0800][58.843s][info][gc,heap     ] GC(37) Eden regions: 148->0(141)
[2026-10-07T15:03:56.429+0800][58.843s][info][gc,heap     ] GC(37) Survivor regions: 19->17(21)
[2026-10-07T15:03:56.429+0800][58.843s][info][gc,heap     ] GC(37) Old regions: 58->67
[2026-10-07T15:03:56.429+0800][58.843s][info][gc,heap     ] GC(37) Archive regions: 2->2
[2026-10-07T15:03:56.429+0800][58.843s][info][gc,heap     ] GC(37) Humongous regions: 5->5
[2026-10-07T15:03:56.429+0800][58.843s][info][gc,metaspace] GC(37) Metaspace: 126656K(127680K)->126656K(127680K) NonClass: 109680K(110208K)->109680K(110208K) Class: 16976K(17472K)->16976K(17472K)
[2026-10-07T15:03:56.429+0800][58.843s][info][gc          ] GC(37) Pause Young (Normal) (G1 Evacuation Pause) 230M->89M(279M) 209.591ms
[2026-10-07T15:03:56.429+0800][58.843s][info][gc,cpu      ] GC(37) User=0.05s Sys=0.07s Real=0.21s
[2026-10-07T15:03:56.430+0800][58.843s][info][safepoint   ] Safepoint "G1CollectForAllocation", Time since last: 280374583 ns, Reaching safepoint: 3598000 ns, At safepoint: 211443375 ns, Total: 215041375 ns
[2026-10-07T15:03:56.809+0800][59.223s][info][safepoint   ] Safepoint "ICBufferFull", Time since last: 379216625 ns, Reaching safepoint: 150417 ns, At safepoint: 708 ns, Total: 151125 ns
[2026-10-07T15:03:57.073+0800][59.487s][info][gc,start    ] GC(38) Pause Young (Normal) (G1 Evacuation Pause)
[2026-10-07T15:03:57.073+0800][59.487s][info][gc,task     ] GC(38) Using 6 workers of 9 for evacuation
[2026-10-07T15:03:57.157+0800][59.571s][info][gc,phases   ] GC(38)   Pre Evacuate Collection Set: 0.9ms
[2026-10-07T15:03:57.157+0800][59.571s][info][gc,phases   ] GC(38)   Merge Heap Roots: 0.2ms
[2026-10-07T15:03:57.157+0800][59.571s][info][gc,phases   ] GC(38)   Evacuate Collection Set: 79.3ms
[2026-10-07T15:03:57.157+0800][59.571s][info][gc,phases   ] GC(38)   Post Evacuate Collection Set: 2.8ms
[2026-10-07T15:03:57.157+0800][59.571s][info][gc,phases   ] GC(38)   Other: 0.4ms
[2026-10-07T15:03:57.157+0800][59.571s][info][gc,heap     ] GC(38) Eden regions: 141->0(138)
[2026-10-07T15:03:57.157+0800][59.571s][info][gc,heap     ] GC(38) Survivor regions: 17->13(20)
[2026-10-07T15:03:57.157+0800][59.571s][info][gc,heap     ] GC(38) Old regions: 67->76
[2026-10-07T15:03:57.157+0800][59.571s][info][gc,heap     ] GC(38) Archive regions: 2->2
[2026-10-07T15:03:57.157+0800][59.571s][info][gc,heap     ] GC(38) Humongous regions: 5->5
[2026-10-07T15:03:57.157+0800][59.571s][info][gc,metaspace] GC(38) Metaspace: 126784K(127744K)->126784K(127744K) NonClass: 109807K(110272K)->109807K(110272K) Class: 16976K(17472K)->16976K(17472K)
[2026-10-07T15:03:57.157+0800][59.571s][info][gc          ] GC(38) Pause Young (Normal) (G1 Evacuation Pause) 230M->94M(279M) 83.573ms
[2026-10-07T15:03:57.157+0800][59.571s][info][gc,cpu      ] GC(38) User=0.03s Sys=0.05s Real=0.08s
[2026-10-07T15:03:57.157+0800][59.571s][info][safepoint   ] Safepoint "G1CollectForAllocation", Time since last: 263041959 ns, Reaching safepoint: 1128333 ns, At safepoint: 84168250 ns, Total: 85296583 ns
[2026-10-07T15:03:57.768+0800][60.182s][info][safepoint   ] Safepoint "ICBufferFull", Time since last: 610284750 ns, Reaching safepoint: 210250 ns, At safepoint: 37333 ns, Total: 247583 ns
[2026-10-07T15:03:58.102+0800][60.516s][info][safepoint   ] Safepoint "ICBufferFull", Time since last: 334367334 ns, Reaching safepoint: 133291 ns, At safepoint: 1334 ns, Total: 134625 ns
[2026-10-07T15:03:58.220+0800][60.633s][info][gc,start    ] GC(39) Pause Young (Normal) (G1 Evacuation Pause)
[2026-10-07T15:03:58.220+0800][60.633s][info][gc,task     ] GC(39) Using 6 workers of 9 for evacuation
[2026-10-07T15:03:58.239+0800][60.652s][info][gc,phases   ] GC(39)   Pre Evacuate Collection Set: 0.1ms
[2026-10-07T15:03:58.239+0800][60.652s][info][gc,phases   ] GC(39)   Merge Heap Roots: 0.1ms
[2026-10-07T15:03:58.239+0800][60.652s][info][gc,phases   ] GC(39)   Evacuate Collection Set: 17.5ms
[2026-10-07T15:03:58.239+0800][60.652s][info][gc,phases   ] GC(39)   Post Evacuate Collection Set: 1.2ms
[2026-10-07T15:03:58.239+0800][60.652s][info][gc,phases   ] GC(39)   Other: 0.2ms
[2026-10-07T15:03:58.239+0800][60.652s][info][gc,heap     ] GC(39) Eden regions: 138->0(136)
[2026-10-07T15:03:58.239+0800][60.652s][info][gc,heap     ] GC(39) Survivor regions: 13->9(19)
[2026-10-07T15:03:58.239+0800][60.652s][info][gc,heap     ] GC(39) Old regions: 76->83
[2026-10-07T15:03:58.239+0800][60.652s][info][gc,heap     ] GC(39) Archive regions: 2->2
[2026-10-07T15:03:58.239+0800][60.652s][info][gc,heap     ] GC(39) Humongous regions: 5->5
[2026-10-07T15:03:58.239+0800][60.652s][info][gc,metaspace] GC(39) Metaspace: 127174K(128128K)->127174K(128128K) NonClass: 110197K(110656K)->110197K(110656K) Class: 16976K(17472K)->16976K(17472K)
[2026-10-07T15:03:58.239+0800][60.653s][info][gc          ] GC(39) Pause Young (Normal) (G1 Evacuation Pause) 232M->97M(279M) 19.101ms
[2026-10-07T15:03:58.239+0800][60.653s][info][gc,cpu      ] GC(39) User=0.03s Sys=0.02s Real=0.01s
[2026-10-07T15:03:58.239+0800][60.653s][info][safepoint   ] Safepoint "G1CollectForAllocation", Time since last: 117138375 ns, Reaching safepoint: 39541 ns, At safepoint: 19337584 ns, Total: 19377125 ns
[2026-10-07T15:03:58.913+0800][61.327s][info][gc,start    ] GC(40) Pause Young (Concurrent Start) (G1 Evacuation Pause)
[2026-10-07T15:03:58.913+0800][61.327s][info][gc,task     ] GC(40) Using 6 workers of 9 for evacuation
[2026-10-07T15:03:58.927+0800][61.341s][info][gc,phases   ] GC(40)   Pre Evacuate Collection Set: 0.3ms
[2026-10-07T15:03:58.927+0800][61.341s][info][gc,phases   ] GC(40)   Merge Heap Roots: 0.2ms
[2026-10-07T15:03:58.928+0800][61.341s][info][gc,phases   ] GC(40)   Evacuate Collection Set: 12.8ms
[2026-10-07T15:03:58.928+0800][61.341s][info][gc,phases   ] GC(40)   Post Evacuate Collection Set: 1.1ms
[2026-10-07T15:03:58.928+0800][61.341s][info][gc,phases   ] GC(40)   Other: 0.2ms
[2026-10-07T15:03:58.928+0800][61.341s][info][gc,heap     ] GC(40) Eden regions: 136->0(134)
[2026-10-07T15:03:58.928+0800][61.341s][info][gc,heap     ] GC(40) Survivor regions: 9->13(19)
[2026-10-07T15:03:58.928+0800][61.341s][info][gc,heap     ] GC(40) Old regions: 83->83
[2026-10-07T15:03:58.928+0800][61.341s][info][gc,heap     ] GC(40) Archive regions: 2->2
[2026-10-07T15:03:58.928+0800][61.341s][info][gc,heap     ] GC(40) Humongous regions: 5->5
[2026-10-07T15:03:58.928+0800][61.341s][info][gc,metaspace] GC(40) Metaspace: 127315K(128320K)->127315K(128320K) NonClass: 110334K(110848K)->110334K(110848K) Class: 16981K(17472K)->16981K(17472K)
[2026-10-07T15:03:58.928+0800][61.342s][info][gc          ] GC(40) Pause Young (Concurrent Start) (G1 Evacuation Pause) 233M->101M(279M) 14.896ms
[2026-10-07T15:03:58.928+0800][61.342s][info][gc,cpu      ] GC(40) User=0.03s Sys=0.03s Real=0.01s
[2026-10-07T15:03:58.928+0800][61.342s][info][gc          ] GC(41) Concurrent Mark Cycle
[2026-10-07T15:03:58.928+0800][61.342s][info][safepoint   ] Safepoint "G1CollectForAllocation", Time since last: 673318541 ns, Reaching safepoint: 607709 ns, At safepoint: 15066291 ns, Total: 15674000 ns
[2026-10-07T15:03:58.928+0800][61.342s][info][gc,marking  ] GC(41) Concurrent Clear Claimed Marks
[2026-10-07T15:03:58.928+0800][61.342s][info][gc,marking  ] GC(41) Concurrent Clear Claimed Marks 0.171ms
[2026-10-07T15:03:58.928+0800][61.342s][info][gc,marking  ] GC(41) Concurrent Scan Root Regions
[2026-10-07T15:03:59.168+0800][61.582s][info][gc,marking  ] GC(41) Concurrent Scan Root Regions 240.133ms
[2026-10-07T15:03:59.168+0800][61.582s][info][gc,marking  ] GC(41) Concurrent Mark
[2026-10-07T15:03:59.168+0800][61.582s][info][gc,marking  ] GC(41) Concurrent Mark From Roots
[2026-10-07T15:03:59.168+0800][61.582s][info][gc,task     ] GC(41) Using 2 workers of 2 for marking
[2026-10-07T15:03:59.880+0800][62.294s][info][gc,marking  ] GC(41) Concurrent Mark From Roots 711.686ms
[2026-10-07T15:03:59.893+0800][62.307s][info][gc,marking  ] GC(41) Concurrent Preclean
[2026-10-07T15:03:59.894+0800][62.308s][info][gc,marking  ] GC(41) Concurrent Preclean 0.329ms
[2026-10-07T15:03:59.895+0800][62.308s][info][gc,start    ] GC(41) Pause Remark
[2026-10-07T15:04:01.892+0800][64.306s][info][gc,mmu      ] GC(41) MMU target violated: 201.0ms (200.0ms/201.0ms)
[2026-10-07T15:04:01.892+0800][64.306s][info][gc          ] GC(41) Pause Remark 162M->162M(279M) 1997.782ms
[2026-10-07T15:04:01.892+0800][64.306s][info][gc,cpu      ] GC(41) User=0.03s Sys=0.16s Real=2.00s
[2026-10-07T15:04:01.893+0800][64.307s][info][safepoint   ] Safepoint "G1Concurrent", Time since last: 966158375 ns, Reaching safepoint: 662875 ns, At safepoint: 1998107500 ns, Total: 1998770375 ns
[2026-10-07T15:04:01.893+0800][64.307s][info][gc,marking  ] GC(41) Concurrent Mark 2725.075ms
[2026-10-07T15:04:01.893+0800][64.307s][info][gc,marking  ] GC(41) Concurrent Rebuild Remembered Sets
[2026-10-07T15:04:02.000+0800][64.413s][info][gc,marking  ] GC(41) Concurrent Rebuild Remembered Sets 106.301ms
[2026-10-07T15:04:02.014+0800][64.428s][info][gc,start    ] GC(41) Pause Cleanup
[2026-10-07T15:04:02.015+0800][64.429s][info][gc          ] GC(41) Pause Cleanup 170M->170M(279M) 0.377ms
[2026-10-07T15:04:02.015+0800][64.429s][info][gc,cpu      ] GC(41) User=0.00s Sys=0.00s Real=0.00s
[2026-10-07T15:04:02.015+0800][64.429s][info][safepoint   ] Safepoint "G1Concurrent", Time since last: 107539542 ns, Reaching safepoint: 14041083 ns, At safepoint: 777084 ns, Total: 14818167 ns
[2026-10-07T15:04:02.015+0800][64.429s][info][gc,marking  ] GC(41) Concurrent Cleanup for Next Mark
[2026-10-07T15:04:02.020+0800][64.434s][info][gc,marking  ] GC(41) Concurrent Cleanup for Next Mark 4.566ms
[2026-10-07T15:04:02.020+0800][64.434s][info][gc          ] GC(41) Concurrent Mark Cycle 3092.218ms
[2026-10-07T15:04:02.978+0800][65.392s][info][gc,start    ] GC(42) Pause Young (Prepare Mixed) (G1 Evacuation Pause)
[2026-10-07T15:04:02.979+0800][65.392s][info][gc,task     ] GC(42) Using 6 workers of 9 for evacuation
[2026-10-07T15:04:03.165+0800][65.579s][info][gc,phases   ] GC(42)   Pre Evacuate Collection Set: 0.1ms
[2026-10-07T15:04:03.165+0800][65.579s][info][gc,phases   ] GC(42)   Merge Heap Roots: 79.6ms
[2026-10-07T15:04:03.165+0800][65.579s][info][gc,phases   ] GC(42)   Evacuate Collection Set: 103.2ms
[2026-10-07T15:04:03.165+0800][65.579s][info][gc,phases   ] GC(42)   Post Evacuate Collection Set: 3.3ms
[2026-10-07T15:04:03.165+0800][65.579s][info][gc,phases   ] GC(42)   Other: 0.3ms
[2026-10-07T15:04:03.165+0800][65.579s][info][gc,heap     ] GC(42) Eden regions: 134->0(1)
[2026-10-07T15:04:03.165+0800][65.579s][info][gc,heap     ] GC(42) Survivor regions: 13->12(19)
[2026-10-07T15:04:03.165+0800][65.579s][info][gc,heap     ] GC(42) Old regions: 83->87
[2026-10-07T15:04:03.165+0800][65.579s][info][gc,heap     ] GC(42) Archive regions: 2->2
[2026-10-07T15:04:03.165+0800][65.579s][info][gc,heap     ] GC(42) Humongous regions: 5->5
[2026-10-07T15:04:03.165+0800][65.579s][info][gc,metaspace] GC(42) Metaspace: 127408K(128384K)->127408K(128384K) NonClass: 110419K(110912K)->110419K(110912K) Class: 16988K(17472K)->16988K(17472K)
[2026-10-07T15:04:03.165+0800][65.579s][info][gc          ] GC(42) Pause Young (Prepare Mixed) (G1 Evacuation Pause) 235M->104M(279M) 186.627ms
[2026-10-07T15:04:03.165+0800][65.579s][info][gc,cpu      ] GC(42) User=0.03s Sys=0.06s Real=0.19s
[2026-10-07T15:04:03.165+0800][65.579s][info][safepoint   ] Safepoint "G1CollectForAllocation", Time since last: 963192416 ns, Reaching safepoint: 92125 ns, At safepoint: 186846959 ns, Total: 186939084 ns
[2026-10-07T15:04:03.194+0800][65.608s][info][gc,start    ] GC(43) Pause Young (Mixed) (G1 Evacuation Pause)
[2026-10-07T15:04:03.194+0800][65.608s][info][gc,task     ] GC(43) Using 6 workers of 9 for evacuation
[2026-10-07T15:04:03.275+0800][65.689s][info][gc,phases   ] GC(43)   Pre Evacuate Collection Set: 0.5ms
[2026-10-07T15:04:03.275+0800][65.689s][info][gc,phases   ] GC(43)   Merge Heap Roots: 0.2ms
[2026-10-07T15:04:03.275+0800][65.689s][info][gc,phases   ] GC(43)   Evacuate Collection Set: 79.3ms
[2026-10-07T15:04:03.275+0800][65.689s][info][gc,phases   ] GC(43)   Post Evacuate Collection Set: 0.9ms
[2026-10-07T15:04:03.275+0800][65.689s][info][gc,phases   ] GC(43)   Other: 0.2ms
[2026-10-07T15:04:03.275+0800][65.689s][info][gc,heap     ] GC(43) Eden regions: 1->0(135)
[2026-10-07T15:04:03.275+0800][65.689s][info][gc,heap     ] GC(43) Survivor regions: 12->2(2)
[2026-10-07T15:04:03.275+0800][65.689s][info][gc,heap     ] GC(43) Old regions: 87->94
[2026-10-07T15:04:03.275+0800][65.689s][info][gc,heap     ] GC(43) Archive regions: 2->2
[2026-10-07T15:04:03.275+0800][65.689s][info][gc,heap     ] GC(43) Humongous regions: 5->5
[2026-10-07T15:04:03.275+0800][65.689s][info][gc,metaspace] GC(43) Metaspace: 127408K(128384K)->127408K(128384K) NonClass: 110419K(110912K)->110419K(110912K) Class: 16988K(17472K)->16988K(17472K)
[2026-10-07T15:04:03.275+0800][65.689s][info][gc          ] GC(43) Pause Young (Mixed) (G1 Evacuation Pause) 105M->101M(279M) 81.152ms
[2026-10-07T15:04:03.275+0800][65.689s][info][gc,cpu      ] GC(43) User=0.03s Sys=0.03s Real=0.08s
[2026-10-07T15:04:03.275+0800][65.689s][info][safepoint   ] Safepoint "G1CollectForAllocation", Time since last: 28162833 ns, Reaching safepoint: 666125 ns, At safepoint: 81281375 ns, Total: 81947500 ns
[2026-10-07T15:04:03.930+0800][66.344s][info][safepoint   ] Safepoint "ICBufferFull", Time since last: 653999417 ns, Reaching safepoint: 321750 ns, At safepoint: 28333 ns, Total: 350083 ns
[2026-10-07T15:04:03.979+0800][66.393s][info][safepoint   ] Safepoint "ICBufferFull", Time since last: 49127375 ns, Reaching safepoint: 124375 ns, At safepoint: 5542 ns, Total: 129917 ns
[2026-10-07T15:04:04.054+0800][66.468s][info][safepoint   ] Safepoint "ICBufferFull", Time since last: 75077208 ns, Reaching safepoint: 211583 ns, At safepoint: 65084 ns, Total: 276667 ns
[2026-10-07T15:04:04.259+0800][66.673s][info][safepoint   ] Safepoint "ICBufferFull", Time since last: 204445708 ns, Reaching safepoint: 111875 ns, At safepoint: 1125 ns, Total: 113000 ns
[2026-10-07T15:04:04.841+0800][67.255s][info][gc,start    ] GC(44) Pause Young (Normal) (G1 Evacuation Pause)
[2026-10-07T15:04:04.841+0800][67.255s][info][gc,task     ] GC(44) Using 6 workers of 9 for evacuation
[2026-10-07T15:04:04.860+0800][67.274s][info][gc,phases   ] GC(44)   Pre Evacuate Collection Set: 0.1ms
[2026-10-07T15:04:04.860+0800][67.274s][info][gc,phases   ] GC(44)   Merge Heap Roots: 0.2ms
[2026-10-07T15:04:04.860+0800][67.274s][info][gc,phases   ] GC(44)   Evacuate Collection Set: 17.6ms
[2026-10-07T15:04:04.860+0800][67.274s][info][gc,phases   ] GC(44)   Post Evacuate Collection Set: 1.0ms
[2026-10-07T15:04:04.860+0800][67.274s][info][gc,phases   ] GC(44)   Other: 0.2ms
[2026-10-07T15:04:04.860+0800][67.274s][info][gc,heap     ] GC(44) Eden regions: 135->0(130)
[2026-10-07T15:04:04.860+0800][67.274s][info][gc,heap     ] GC(44) Survivor regions: 2->6(18)
[2026-10-07T15:04:04.860+0800][67.274s][info][gc,heap     ] GC(44) Old regions: 94->94
[2026-10-07T15:04:04.860+0800][67.274s][info][gc,heap     ] GC(44) Archive regions: 2->2
[2026-10-07T15:04:04.860+0800][67.274s][info][gc,heap     ] GC(44) Humongous regions: 5->5
[2026-10-07T15:04:04.860+0800][67.274s][info][gc,metaspace] GC(44) Metaspace: 128069K(129088K)->128069K(129088K) NonClass: 110987K(111488K)->110987K(111488K) Class: 17082K(17600K)->17082K(17600K)
[2026-10-07T15:04:04.861+0800][67.274s][info][gc          ] GC(44) Pause Young (Normal) (G1 Evacuation Pause) 236M->105M(279M) 19.252ms
[2026-10-07T15:04:04.861+0800][67.274s][info][gc,cpu      ] GC(44) User=0.02s Sys=0.05s Real=0.02s
[2026-10-07T15:04:04.861+0800][67.274s][info][safepoint   ] Safepoint "G1CollectForAllocation", Time since last: 581801417 ns, Reaching safepoint: 456833 ns, At safepoint: 19343333 ns, Total: 19800166 ns
[2026-10-07T15:04:05.523+0800][67.937s][info][safepoint   ] Safepoint "ICBufferFull", Time since last: 662578709 ns, Reaching safepoint: 99666 ns, At safepoint: 59167 ns, Total: 158833 ns
[2026-10-07T15:04:05.941+0800][68.355s][info][safepoint   ] Safepoint "ICBufferFull", Time since last: 417744625 ns, Reaching safepoint: 194958 ns, At safepoint: 44000 ns, Total: 238958 ns
[2026-10-07T15:04:05.957+0800][68.370s][info][safepoint   ] Safepoint "ICBufferFull", Time since last: 15292292 ns, Reaching safepoint: 83125 ns, At safepoint: 1083 ns, Total: 84208 ns
[2026-10-07T15:04:05.985+0800][68.398s][info][safepoint   ] Safepoint "ICBufferFull", Time since last: 27714459 ns, Reaching safepoint: 110750 ns, At safepoint: 56125 ns, Total: 166875 ns
[2026-10-07T15:04:06.008+0800][68.421s][info][gc,start    ] GC(45) Pause Young (Normal) (G1 Evacuation Pause)
[2026-10-07T15:04:06.008+0800][68.422s][info][gc,task     ] GC(45) Using 6 workers of 9 for evacuation
[2026-10-07T15:04:06.044+0800][68.458s][info][gc,phases   ] GC(45)   Pre Evacuate Collection Set: 0.1ms
[2026-10-07T15:04:06.044+0800][68.458s][info][gc,phases   ] GC(45)   Merge Heap Roots: 0.1ms
[2026-10-07T15:04:06.044+0800][68.458s][info][gc,phases   ] GC(45)   Evacuate Collection Set: 34.5ms
[2026-10-07T15:04:06.044+0800][68.458s][info][gc,phases   ] GC(45)   Post Evacuate Collection Set: 1.4ms
[2026-10-07T15:04:06.044+0800][68.458s][info][gc,phases   ] GC(45)   Other: 0.1ms
[2026-10-07T15:04:06.044+0800][68.458s][info][gc,heap     ] GC(45) Eden regions: 130->0(123)
[2026-10-07T15:04:06.044+0800][68.458s][info][gc,heap     ] GC(45) Survivor regions: 6->12(17)
[2026-10-07T15:04:06.044+0800][68.458s][info][gc,heap     ] GC(45) Old regions: 94->94
[2026-10-07T15:04:06.044+0800][68.458s][info][gc,heap     ] GC(45) Archive regions: 2->2
[2026-10-07T15:04:06.044+0800][68.458s][info][gc,heap     ] GC(45) Humongous regions: 5->5
[2026-10-07T15:04:06.044+0800][68.458s][info][gc,metaspace] GC(45) Metaspace: 128187K(129216K)->128187K(129216K) NonClass: 111101K(111616K)->111101K(111616K) Class: 17086K(17600K)->17086K(17600K)
[2026-10-07T15:04:06.044+0800][68.458s][info][gc          ] GC(45) Pause Young (Normal) (G1 Evacuation Pause) 235M->111M(279M) 36.384ms
[2026-10-07T15:04:06.044+0800][68.458s][info][gc,cpu      ] GC(45) User=0.04s Sys=0.06s Real=0.04s
[2026-10-07T15:04:06.044+0800][68.458s][info][safepoint   ] Safepoint "G1CollectForAllocation", Time since last: 23110250 ns, Reaching safepoint: 47958 ns, At safepoint: 36499083 ns, Total: 36547041 ns
[2026-10-07T15:04:06.471+0800][68.885s][info][safepoint   ] Safepoint "ICBufferFull", Time since last: 426538667 ns, Reaching safepoint: 246042 ns, At safepoint: 127500 ns, Total: 373542 ns
[2026-10-07T15:04:07.263+0800][69.677s][info][gc,start    ] GC(46) Pause Young (Normal) (G1 Evacuation Pause)
[2026-10-07T15:04:07.263+0800][69.677s][info][gc,task     ] GC(46) Using 6 workers of 9 for evacuation
[2026-10-07T15:04:07.320+0800][69.733s][info][gc,phases   ] GC(46)   Pre Evacuate Collection Set: 0.1ms
[2026-10-07T15:04:07.320+0800][69.733s][info][gc,phases   ] GC(46)   Merge Heap Roots: 0.3ms
[2026-10-07T15:04:07.320+0800][69.733s][info][gc,phases   ] GC(46)   Evacuate Collection Set: 54.9ms
[2026-10-07T15:04:07.320+0800][69.733s][info][gc,phases   ] GC(46)   Post Evacuate Collection Set: 0.8ms
[2026-10-07T15:04:07.320+0800][69.733s][info][gc,phases   ] GC(46)   Other: 0.3ms
[2026-10-07T15:04:07.320+0800][69.733s][info][gc,heap     ] GC(46) Eden regions: 123->0(117)
[2026-10-07T15:04:07.320+0800][69.733s][info][gc,heap     ] GC(46) Survivor regions: 12->12(17)
[2026-10-07T15:04:07.320+0800][69.733s][info][gc,heap     ] GC(46) Old regions: 94->100
[2026-10-07T15:04:07.320+0800][69.733s][info][gc,heap     ] GC(46) Archive regions: 2->2
[2026-10-07T15:04:07.320+0800][69.733s][info][gc,heap     ] GC(46) Humongous regions: 5->5
[2026-10-07T15:04:07.320+0800][69.733s][info][gc,metaspace] GC(46) Metaspace: 128329K(129344K)->128329K(129344K) NonClass: 111243K(111744K)->111243K(111744K) Class: 17086K(17600K)->17086K(17600K)
[2026-10-07T15:04:07.320+0800][69.734s][info][gc          ] GC(46) Pause Young (Normal) (G1 Evacuation Pause) 234M->117M(279M) 56.566ms
[2026-10-07T15:04:07.320+0800][69.734s][info][gc,cpu      ] GC(46) User=0.03s Sys=0.06s Real=0.06s
[2026-10-07T15:04:07.320+0800][69.734s][info][safepoint   ] Safepoint "G1CollectForAllocation", Time since last: 791746916 ns, Reaching safepoint: 307459 ns, At safepoint: 56675333 ns, Total: 56982792 ns
[2026-10-07T15:04:07.686+0800][70.100s][info][safepoint   ] Safepoint "ICBufferFull", Time since last: 366317792 ns, Reaching safepoint: 156208 ns, At safepoint: 5458 ns, Total: 161666 ns
[2026-10-07T15:04:08.390+0800][70.803s][info][gc,start    ] GC(47) Pause Young (Normal) (G1 Evacuation Pause)
[2026-10-07T15:04:08.390+0800][70.804s][info][gc,task     ] GC(47) Using 6 workers of 9 for evacuation
[2026-10-07T15:04:08.425+0800][70.839s][info][gc,phases   ] GC(47)   Pre Evacuate Collection Set: 1.0ms
[2026-10-07T15:04:08.425+0800][70.839s][info][gc,phases   ] GC(47)   Merge Heap Roots: 0.3ms
[2026-10-07T15:04:08.425+0800][70.839s][info][gc,phases   ] GC(47)   Evacuate Collection Set: 30.9ms
[2026-10-07T15:04:08.425+0800][70.839s][info][gc,phases   ] GC(47)   Post Evacuate Collection Set: 2.2ms
[2026-10-07T15:04:08.425+0800][70.839s][info][gc,phases   ] GC(47)   Other: 0.9ms
[2026-10-07T15:04:08.425+0800][70.839s][info][gc,heap     ] GC(47) Eden regions: 117->0(116)
[2026-10-07T15:04:08.425+0800][70.839s][info][gc,heap     ] GC(47) Survivor regions: 12->9(17)
[2026-10-07T15:04:08.425+0800][70.839s][info][gc,heap     ] GC(47) Old regions: 100->106
[2026-10-07T15:04:08.425+0800][70.839s][info][gc,heap     ] GC(47) Archive regions: 2->2
[2026-10-07T15:04:08.425+0800][70.839s][info][gc,heap     ] GC(47) Humongous regions: 5->5
[2026-10-07T15:04:08.425+0800][70.839s][info][gc,metaspace] GC(47) Metaspace: 128427K(129472K)->128427K(129472K) NonClass: 111339K(111872K)->111339K(111872K) Class: 17087K(17600K)->17087K(17600K)
[2026-10-07T15:04:08.425+0800][70.839s][info][gc          ] GC(47) Pause Young (Normal) (G1 Evacuation Pause) 234M->120M(279M) 35.444ms
[2026-10-07T15:04:08.425+0800][70.839s][info][gc,cpu      ] GC(47) User=0.04s Sys=0.04s Real=0.03s
[2026-10-07T15:04:08.425+0800][70.839s][info][safepoint   ] Safepoint "G1CollectForAllocation", Time since last: 702579750 ns, Reaching safepoint: 551875 ns, At safepoint: 35618084 ns, Total: 36169959 ns
[2026-10-07T15:04:08.741+0800][71.154s][info][gc,start    ] GC(48) Pause Young (Concurrent Start) (G1 Evacuation Pause)
[2026-10-07T15:04:08.741+0800][71.154s][info][gc,task     ] GC(48) Using 6 workers of 9 for evacuation
[2026-10-07T15:04:08.749+0800][71.162s][info][gc,phases   ] GC(48)   Pre Evacuate Collection Set: 0.2ms
[2026-10-07T15:04:08.749+0800][71.162s][info][gc,phases   ] GC(48)   Merge Heap Roots: 0.1ms
[2026-10-07T15:04:08.749+0800][71.162s][info][gc,phases   ] GC(48)   Evacuate Collection Set: 6.8ms
[2026-10-07T15:04:08.749+0800][71.162s][info][gc,phases   ] GC(48)   Post Evacuate Collection Set: 0.7ms
[2026-10-07T15:04:08.749+0800][71.162s][info][gc,phases   ] GC(48)   Other: 0.2ms
[2026-10-07T15:04:08.749+0800][71.162s][info][gc,heap     ] GC(48) Eden regions: 116->0(112)
[2026-10-07T15:04:08.749+0800][71.162s][info][gc,heap     ] GC(48) Survivor regions: 9->8(16)
[2026-10-07T15:04:08.749+0800][71.162s][info][gc,heap     ] GC(48) Old regions: 106->111
[2026-10-07T15:04:08.749+0800][71.162s][info][gc,heap     ] GC(48) Archive regions: 2->2
[2026-10-07T15:04:08.749+0800][71.162s][info][gc,heap     ] GC(48) Humongous regions: 5->5
[2026-10-07T15:04:08.749+0800][71.162s][info][gc,metaspace] GC(48) Metaspace: 128504K(129536K)->128504K(129536K) NonClass: 111416K(111936K)->111416K(111936K) Class: 17087K(17600K)->17087K(17600K)
[2026-10-07T15:04:08.749+0800][71.163s][info][gc          ] GC(48) Pause Young (Concurrent Start) (G1 Evacuation Pause) 236M->124M(279M) 8.118ms
[2026-10-07T15:04:08.749+0800][71.163s][info][gc,cpu      ] GC(48) User=0.03s Sys=0.00s Real=0.00s
[2026-10-07T15:04:08.749+0800][71.163s][info][safepoint   ] Safepoint "G1CollectForAllocation", Time since last: 315500416 ns, Reaching safepoint: 62542 ns, At safepoint: 8170375 ns, Total: 8232917 ns
[2026-10-07T15:04:08.749+0800][71.163s][info][gc          ] GC(49) Concurrent Mark Cycle
[2026-10-07T15:04:08.749+0800][71.163s][info][gc,marking  ] GC(49) Concurrent Clear Claimed Marks
[2026-10-07T15:04:08.749+0800][71.163s][info][gc,marking  ] GC(49) Concurrent Clear Claimed Marks 0.092ms
[2026-10-07T15:04:08.749+0800][71.163s][info][gc,marking  ] GC(49) Concurrent Scan Root Regions
[2026-10-07T15:04:08.773+0800][71.187s][info][gc,marking  ] GC(49) Concurrent Scan Root Regions 23.955ms
[2026-10-07T15:04:08.773+0800][71.187s][info][gc,marking  ] GC(49) Concurrent Mark
[2026-10-07T15:04:08.773+0800][71.187s][info][gc,marking  ] GC(49) Concurrent Mark From Roots
[2026-10-07T15:04:08.773+0800][71.187s][info][gc,task     ] GC(49) Using 2 workers of 2 for marking
[2026-10-07T15:04:08.895+0800][71.309s][info][gc,marking  ] GC(49) Concurrent Mark From Roots 122.018ms
[2026-10-07T15:04:08.895+0800][71.309s][info][gc,marking  ] GC(49) Concurrent Preclean
[2026-10-07T15:04:08.895+0800][71.309s][info][gc,marking  ] GC(49) Concurrent Preclean 0.191ms
[2026-10-07T15:04:08.896+0800][71.309s][info][gc,start    ] GC(49) Pause Remark
[2026-10-07T15:04:09.216+0800][71.629s][info][gc,mmu      ] GC(49) MMU target violated: 201.0ms (200.0ms/201.0ms)
[2026-10-07T15:04:09.216+0800][71.629s][info][gc          ] GC(49) Pause Remark 174M->170M(289M) 320.073ms
[2026-10-07T15:04:09.216+0800][71.629s][info][gc,cpu      ] GC(49) User=0.04s Sys=0.10s Real=0.32s
[2026-10-07T15:04:09.218+0800][71.632s][info][safepoint   ] Safepoint "G1Concurrent", Time since last: 146601083 ns, Reaching safepoint: 100459 ns, At safepoint: 322323916 ns, Total: 322424375 ns
[2026-10-07T15:04:09.219+0800][71.633s][info][gc,marking  ] GC(49) Concurrent Mark 445.060ms
[2026-10-07T15:04:09.219+0800][71.633s][info][gc,marking  ] GC(49) Concurrent Rebuild Remembered Sets
[2026-10-07T15:04:09.372+0800][71.786s][info][gc,marking  ] GC(49) Concurrent Rebuild Remembered Sets 153.261ms
[2026-10-07T15:04:09.375+0800][71.789s][info][gc,start    ] GC(49) Pause Cleanup
[2026-10-07T15:04:09.375+0800][71.789s][info][gc          ] GC(49) Pause Cleanup 177M->177M(289M) 0.405ms
[2026-10-07T15:04:09.375+0800][71.789s][info][gc,cpu      ] GC(49) User=0.01s Sys=0.00s Real=0.00s
[2026-10-07T15:04:09.375+0800][71.789s][info][safepoint   ] Safepoint "G1Concurrent", Time since last: 154581250 ns, Reaching safepoint: 2368625 ns, At safepoint: 570042 ns, Total: 2938667 ns
[2026-10-07T15:04:09.375+0800][71.789s][info][gc,marking  ] GC(49) Concurrent Cleanup for Next Mark
[2026-10-07T15:04:09.377+0800][71.790s][info][gc,marking  ] GC(49) Concurrent Cleanup for Next Mark 1.240ms
[2026-10-07T15:04:09.377+0800][71.790s][info][gc          ] GC(49) Concurrent Mark Cycle 627.848ms
[2026-10-07T15:04:09.941+0800][72.355s][info][gc,start    ] GC(50) Pause Young (Prepare Mixed) (G1 Evacuation Pause)
[2026-10-07T15:04:09.941+0800][72.355s][info][gc,task     ] GC(50) Using 6 workers of 9 for evacuation
[2026-10-07T15:04:09.996+0800][72.410s][info][gc,phases   ] GC(50)   Pre Evacuate Collection Set: 0.4ms
[2026-10-07T15:04:09.996+0800][72.410s][info][gc,phases   ] GC(50)   Merge Heap Roots: 4.2ms
[2026-10-07T15:04:09.996+0800][72.410s][info][gc,phases   ] GC(50)   Evacuate Collection Set: 46.5ms
[2026-10-07T15:04:09.996+0800][72.410s][info][gc,phases   ] GC(50)   Post Evacuate Collection Set: 3.9ms
[2026-10-07T15:04:09.996+0800][72.410s][info][gc,phases   ] GC(50)   Other: 0.3ms
[2026-10-07T15:04:09.996+0800][72.410s][info][gc,heap     ] GC(50) Eden regions: 111->0(3)
[2026-10-07T15:04:09.996+0800][72.410s][info][gc,heap     ] GC(50) Survivor regions: 8->11(15)
[2026-10-07T15:04:09.996+0800][72.410s][info][gc,heap     ] GC(50) Old regions: 107->107
[2026-10-07T15:04:09.996+0800][72.410s][info][gc,heap     ] GC(50) Archive regions: 2->2
[2026-10-07T15:04:09.996+0800][72.410s][info][gc,heap     ] GC(50) Humongous regions: 5->5
[2026-10-07T15:04:09.996+0800][72.410s][info][gc,metaspace] GC(50) Metaspace: 128663K(129664K)->128663K(129664K) NonClass: 111571K(112064K)->111571K(112064K) Class: 17092K(17600K)->17092K(17600K)
[2026-10-07T15:04:09.997+0800][72.410s][info][gc          ] GC(50) Pause Young (Prepare Mixed) (G1 Evacuation Pause) 231M->123M(289M) 55.404ms
[2026-10-07T15:04:09.997+0800][72.410s][info][gc,cpu      ] GC(50) User=0.03s Sys=0.04s Real=0.05s
[2026-10-07T15:04:09.997+0800][72.410s][info][safepoint   ] Safepoint "G1CollectForAllocation", Time since last: 565365458 ns, Reaching safepoint: 309792 ns, At safepoint: 55688125 ns, Total: 55997917 ns
[2026-10-07T15:04:10.017+0800][72.431s][info][gc,start    ] GC(51) Pause Young (Mixed) (G1 Evacuation Pause)
[2026-10-07T15:04:10.017+0800][72.431s][info][gc,task     ] GC(51) Using 6 workers of 9 for evacuation
[2026-10-07T15:04:10.210+0800][72.624s][info][gc,phases   ] GC(51)   Pre Evacuate Collection Set: 0.1ms
[2026-10-07T15:04:10.210+0800][72.624s][info][gc,phases   ] GC(51)   Merge Heap Roots: 0.2ms
[2026-10-07T15:04:10.210+0800][72.624s][info][gc,phases   ] GC(51)   Evacuate Collection Set: 118.9ms
[2026-10-07T15:04:10.210+0800][72.624s][info][gc,phases   ] GC(51)   Merge Optional Heap Roots: 4.4ms
[2026-10-07T15:04:10.210+0800][72.624s][info][gc,phases   ] GC(51)   Evacuate Optional Collection Set: 55.5ms
[2026-10-07T15:04:10.210+0800][72.624s][info][gc,phases   ] GC(51)   Post Evacuate Collection Set: 12.6ms
[2026-10-07T15:04:10.210+0800][72.624s][info][gc,phases   ] GC(51)   Other: 1.1ms
[2026-10-07T15:04:10.210+0800][72.624s][info][gc,heap     ] GC(51) Eden regions: 3->0(133)
[2026-10-07T15:04:10.210+0800][72.624s][info][gc,heap     ] GC(51) Survivor regions: 11->2(2)
[2026-10-07T15:04:10.210+0800][72.624s][info][gc,heap     ] GC(51) Old regions: 107->104
[2026-10-07T15:04:10.210+0800][72.624s][info][gc,heap     ] GC(51) Archive regions: 2->2
[2026-10-07T15:04:10.211+0800][72.624s][info][gc,heap     ] GC(51) Humongous regions: 5->5
[2026-10-07T15:04:10.211+0800][72.624s][info][gc,metaspace] GC(51) Metaspace: 128663K(129664K)->128663K(129664K) NonClass: 111571K(112064K)->111571K(112064K) Class: 17092K(17600K)->17092K(17600K)
[2026-10-07T15:04:10.211+0800][72.624s][info][gc          ] GC(51) Pause Young (Mixed) (G1 Evacuation Pause) 126M->110M(289M) 193.571ms
[2026-10-07T15:04:10.211+0800][72.624s][info][gc,cpu      ] GC(51) User=0.05s Sys=0.05s Real=0.20s
[2026-10-07T15:04:10.211+0800][72.625s][info][safepoint   ] Safepoint "G1CollectForAllocation", Time since last: 20236917 ns, Reaching safepoint: 33458 ns, At safepoint: 193923250 ns, Total: 193956708 ns
[2026-10-07T15:04:11.361+0800][73.775s][info][safepoint   ] Safepoint "Cleanup", Time since last: 1146464625 ns, Reaching safepoint: 1884458 ns, At safepoint: 1699292 ns, Total: 3583750 ns
[2026-10-07T15:04:12.524+0800][74.938s][info][safepoint   ] Safepoint "Cleanup", Time since last: 1148393250 ns, Reaching safepoint: 14395667 ns, At safepoint: 563250 ns, Total: 14958917 ns
[2026-10-07T15:04:12.597+0800][75.011s][info][gc,start    ] GC(52) Pause Young (Normal) (G1 Evacuation Pause)
[2026-10-07T15:04:12.597+0800][75.011s][info][gc,task     ] GC(52) Using 6 workers of 9 for evacuation
[2026-10-07T15:04:12.620+0800][75.034s][info][gc,phases   ] GC(52)   Pre Evacuate Collection Set: 0.6ms
[2026-10-07T15:04:12.620+0800][75.034s][info][gc,phases   ] GC(52)   Merge Heap Roots: 0.7ms
[2026-10-07T15:04:12.620+0800][75.034s][info][gc,phases   ] GC(52)   Evacuate Collection Set: 18.2ms
[2026-10-07T15:04:12.620+0800][75.034s][info][gc,phases   ] GC(52)   Post Evacuate Collection Set: 3.2ms
[2026-10-07T15:04:12.620+0800][75.034s][info][gc,phases   ] GC(52)   Other: 1.0ms
[2026-10-07T15:04:12.621+0800][75.034s][info][gc,heap     ] GC(52) Eden regions: 133->0(285)
[2026-10-07T15:04:12.621+0800][75.034s][info][gc,heap     ] GC(52) Survivor regions: 2->3(17)
[2026-10-07T15:04:12.621+0800][75.034s][info][gc,heap     ] GC(52) Old regions: 104->104
[2026-10-07T15:04:12.621+0800][75.034s][info][gc,heap     ] GC(52) Archive regions: 2->2
[2026-10-07T15:04:12.621+0800][75.034s][info][gc,heap     ] GC(52) Humongous regions: 5->5
[2026-10-07T15:04:12.621+0800][75.034s][info][gc,metaspace] GC(52) Metaspace: 128699K(129728K)->128699K(129728K) NonClass: 111605K(112128K)->111605K(112128K) Class: 17093K(17600K)->17093K(17600K)
[2026-10-07T15:04:12.621+0800][75.034s][info][gc          ] GC(52) Pause Young (Normal) (G1 Evacuation Pause) 243M->112M(481M) 23.289ms
[2026-10-07T15:04:12.621+0800][75.034s][info][gc,cpu      ] GC(52) User=0.01s Sys=0.06s Real=0.03s
[2026-10-07T15:04:12.621+0800][75.034s][info][safepoint   ] Safepoint "G1CollectForAllocation", Time since last: 72179791 ns, Reaching safepoint: 36334 ns, At safepoint: 24005125 ns, Total: 24041459 ns
[2026-10-07T15:04:13.706+0800][76.120s][info][safepoint   ] Safepoint "Cleanup", Time since last: 1076800958 ns, Reaching safepoint: 8728167 ns, At safepoint: 193500 ns, Total: 8921667 ns
[2026-10-07T15:04:14.849+0800][77.263s][info][safepoint   ] Safepoint "Cleanup", Time since last: 1133754375 ns, Reaching safepoint: 8556500 ns, At safepoint: 299916 ns, Total: 8856416 ns
[2026-10-07T15:04:15.508+0800][77.922s][info][safepoint   ] Safepoint "ICBufferFull", Time since last: 651699750 ns, Reaching safepoint: 4811209 ns, At safepoint: 3008541 ns, Total: 7819750 ns
[2026-10-07T15:04:15.914+0800][78.328s][info][safepoint   ] Safepoint "ICBufferFull", Time since last: 405270667 ns, Reaching safepoint: 118917 ns, At safepoint: 6666 ns, Total: 125583 ns
[2026-10-07T15:04:16.593+0800][79.006s][info][safepoint   ] Safepoint "ICBufferFull", Time since last: 678508375 ns, Reaching safepoint: 241625 ns, At safepoint: 3792 ns, Total: 245417 ns
[2026-10-07T15:04:17.565+0800][79.979s][info][safepoint   ] Safepoint "ICBufferFull", Time since last: 971537667 ns, Reaching safepoint: 763875 ns, At safepoint: 3333 ns, Total: 767208 ns
[2026-10-07T15:04:18.708+0800][81.121s][info][safepoint   ] Safepoint "Cleanup", Time since last: 1141238625 ns, Reaching safepoint: 1087167 ns, At safepoint: 278708 ns, Total: 1365875 ns
[2026-10-07T15:04:19.814+0800][82.228s][info][safepoint   ] Safepoint "Cleanup", Time since last: 1105611833 ns, Reaching safepoint: 721542 ns, At safepoint: 40417 ns, Total: 761959 ns
[2026-10-07T15:04:20.957+0800][83.371s][info][safepoint   ] Safepoint "Cleanup", Time since last: 1129929083 ns, Reaching safepoint: 12328125 ns, At safepoint: 840917 ns, Total: 13169042 ns
[2026-10-07T15:04:22.251+0800][84.665s][info][safepoint   ] Safepoint "Cleanup", Time since last: 1145220208 ns, Reaching safepoint: 147555125 ns, At safepoint: 1199875 ns, Total: 148755000 ns
[2026-10-07T15:04:23.462+0800][85.876s][info][gc,start    ] GC(53) Pause Young (Normal) (G1 Evacuation Pause)
[2026-10-07T15:04:23.486+0800][85.900s][info][gc,task     ] GC(53) Using 9 workers of 9 for evacuation
[2026-10-07T15:04:24.174+0800][86.588s][info][gc,mmu      ] GC(53) MMU target violated: 201.0ms (200.0ms/201.0ms)
[2026-10-07T15:04:24.174+0800][86.588s][info][gc,phases   ] GC(53)   Pre Evacuate Collection Set: 81.5ms
[2026-10-07T15:04:24.174+0800][86.588s][info][gc,phases   ] GC(53)   Merge Heap Roots: 64.9ms
[2026-10-07T15:04:24.174+0800][86.588s][info][gc,phases   ] GC(53)   Evacuate Collection Set: 361.4ms
[2026-10-07T15:04:24.174+0800][86.588s][info][gc,phases   ] GC(53)   Post Evacuate Collection Set: 125.8ms
[2026-10-07T15:04:24.174+0800][86.588s][info][gc,phases   ] GC(53)   Other: 136.9ms
[2026-10-07T15:04:24.174+0800][86.588s][info][gc,heap     ] GC(53) Eden regions: 285->0(1)
[2026-10-07T15:04:24.174+0800][86.588s][info][gc,heap     ] GC(53) Survivor regions: 3->36(36)
[2026-10-07T15:04:24.174+0800][86.588s][info][gc,heap     ] GC(53) Old regions: 104->112
[2026-10-07T15:04:24.174+0800][86.588s][info][gc,heap     ] GC(53) Archive regions: 2->2
[2026-10-07T15:04:24.174+0800][86.588s][info][gc,heap     ] GC(53) Humongous regions: 33->33
[2026-10-07T15:04:24.174+0800][86.588s][info][gc,metaspace] GC(53) Metaspace: 129469K(130432K)->129469K(130432K) NonClass: 112294K(112768K)->112294K(112768K) Class: 17174K(17664K)->17174K(17664K)
[2026-10-07T15:04:24.174+0800][86.588s][info][gc          ] GC(53) Pause Young (Normal) (G1 Evacuation Pause) 425M->181M(481M) 722.685ms
[2026-10-07T15:04:24.174+0800][86.588s][info][gc,cpu      ] GC(53) User=0.07s Sys=0.24s Real=0.72s
[2026-10-07T15:04:24.175+0800][86.588s][info][safepoint   ] Safepoint "G1CollectForAllocation", Time since last: 1142549542 ns, Reaching safepoint: 1062458 ns, At safepoint: 780019500 ns, Total: 781081958 ns
[2026-10-07T15:04:24.448+0800][86.862s][info][gc,start    ] GC(54) Pause Young (Concurrent Start) (G1 Evacuation Pause)
[2026-10-07T15:04:24.448+0800][86.862s][info][gc,task     ] GC(54) Using 9 workers of 9 for evacuation
[2026-10-07T15:04:24.511+0800][86.924s][info][gc,phases   ] GC(54)   Pre Evacuate Collection Set: 0.6ms
[2026-10-07T15:04:24.511+0800][86.924s][info][gc,phases   ] GC(54)   Merge Heap Roots: 0.1ms
[2026-10-07T15:04:24.511+0800][86.924s][info][gc,phases   ] GC(54)   Evacuate Collection Set: 59.7ms
[2026-10-07T15:04:24.511+0800][86.924s][info][gc,phases   ] GC(54)   Post Evacuate Collection Set: 2.0ms
[2026-10-07T15:04:24.511+0800][86.924s][info][gc,phases   ] GC(54)   Other: 0.3ms
[2026-10-07T15:04:24.511+0800][86.924s][info][gc,heap     ] GC(54) Eden regions: 1->0(22)
[2026-10-07T15:04:24.511+0800][86.924s][info][gc,heap     ] GC(54) Survivor regions: 36->2(5)
[2026-10-07T15:04:24.511+0800][86.924s][info][gc,heap     ] GC(54) Old regions: 112->133
[2026-10-07T15:04:24.511+0800][86.924s][info][gc,heap     ] GC(54) Archive regions: 2->2
[2026-10-07T15:04:24.511+0800][86.924s][info][gc,heap     ] GC(54) Humongous regions: 33->7
[2026-10-07T15:04:24.511+0800][86.924s][info][gc,metaspace] GC(54) Metaspace: 129469K(130432K)->129469K(130432K) NonClass: 112294K(112768K)->112294K(112768K) Class: 17174K(17664K)->17174K(17664K)
[2026-10-07T15:04:24.511+0800][86.924s][info][gc          ] GC(54) Pause Young (Concurrent Start) (G1 Evacuation Pause) 182M->142M(481M) 62.774ms
[2026-10-07T15:04:24.511+0800][86.924s][info][gc,cpu      ] GC(54) User=0.04s Sys=0.02s Real=0.07s
[2026-10-07T15:04:24.511+0800][86.925s][info][safepoint   ] Safepoint "G1CollectForAllocation", Time since last: 273327375 ns, Reaching safepoint: 69833 ns, At safepoint: 62868375 ns, Total: 62938208 ns
[2026-10-07T15:04:24.511+0800][86.925s][info][gc          ] GC(55) Concurrent Mark Cycle
[2026-10-07T15:04:24.512+0800][86.925s][info][gc,marking  ] GC(55) Concurrent Clear Claimed Marks
[2026-10-07T15:04:24.512+0800][86.925s][info][gc,marking  ] GC(55) Concurrent Clear Claimed Marks 0.106ms
[2026-10-07T15:04:24.512+0800][86.925s][info][gc,marking  ] GC(55) Concurrent Scan Root Regions
[2026-10-07T15:04:24.650+0800][87.064s][info][gc,marking  ] GC(55) Concurrent Scan Root Regions 138.595ms
[2026-10-07T15:04:24.651+0800][87.064s][info][gc,marking  ] GC(55) Concurrent Mark
[2026-10-07T15:04:24.651+0800][87.064s][info][gc,marking  ] GC(55) Concurrent Mark From Roots
[2026-10-07T15:04:24.651+0800][87.064s][info][gc,task     ] GC(55) Using 2 workers of 2 for marking
[2026-10-07T15:04:24.867+0800][87.281s][info][gc,start    ] GC(56) Pause Young (Normal) (G1 Evacuation Pause)
[2026-10-07T15:04:24.867+0800][87.281s][info][gc,task     ] GC(56) Using 9 workers of 9 for evacuation
[2026-10-07T15:04:24.884+0800][87.297s][info][gc,phases   ] GC(56)   Pre Evacuate Collection Set: 0.2ms
[2026-10-07T15:04:24.884+0800][87.297s][info][gc,phases   ] GC(56)   Merge Heap Roots: 0.1ms
[2026-10-07T15:04:24.884+0800][87.297s][info][gc,phases   ] GC(56)   Evacuate Collection Set: 10.4ms
[2026-10-07T15:04:24.884+0800][87.297s][info][gc,phases   ] GC(56)   Post Evacuate Collection Set: 5.4ms
[2026-10-07T15:04:24.884+0800][87.297s][info][gc,phases   ] GC(56)   Other: 0.4ms
[2026-10-07T15:04:24.884+0800][87.297s][info][gc,heap     ] GC(56) Eden regions: 22->0(35)
[2026-10-07T15:04:24.884+0800][87.297s][info][gc,heap     ] GC(56) Survivor regions: 2->3(3)
[2026-10-07T15:04:24.884+0800][87.297s][info][gc,heap     ] GC(56) Old regions: 133->138
[2026-10-07T15:04:24.884+0800][87.297s][info][gc,heap     ] GC(56) Archive regions: 2->2
[2026-10-07T15:04:24.884+0800][87.297s][info][gc,heap     ] GC(56) Humongous regions: 11->11
[2026-10-07T15:04:24.884+0800][87.297s][info][gc,metaspace] GC(56) Metaspace: 129484K(130496K)->129484K(130496K) NonClass: 112307K(112832K)->112307K(112832K) Class: 17176K(17664K)->17176K(17664K)
[2026-10-07T15:04:24.884+0800][87.298s][info][gc          ] GC(56) Pause Young (Normal) (G1 Evacuation Pause) 168M->152M(481M) 16.691ms
[2026-10-07T15:04:24.884+0800][87.298s][info][gc,cpu      ] GC(56) User=0.02s Sys=0.01s Real=0.02s
[2026-10-07T15:04:24.884+0800][87.298s][info][safepoint   ] Safepoint "G1CollectForAllocation", Time since last: 319958209 ns, Reaching safepoint: 36271583 ns, At safepoint: 16852083 ns, Total: 53123666 ns
[2026-10-07T15:04:24.974+0800][87.388s][info][gc,marking  ] GC(55) Concurrent Mark From Roots 323.529ms
[2026-10-07T15:04:24.974+0800][87.388s][info][gc,marking  ] GC(55) Concurrent Preclean
[2026-10-07T15:04:24.975+0800][87.388s][info][gc,marking  ] GC(55) Concurrent Preclean 0.235ms
[2026-10-07T15:04:25.005+0800][87.419s][info][gc,start    ] GC(55) Pause Remark
[2026-10-07T15:04:25.798+0800][88.211s][info][gc,mmu      ] GC(55) MMU target violated: 201.0ms (200.0ms/201.0ms)
[2026-10-07T15:04:25.798+0800][88.211s][info][gc          ] GC(55) Pause Remark 173M->173M(481M) 792.616ms
[2026-10-07T15:04:25.798+0800][88.211s][info][gc,cpu      ] GC(55) User=0.04s Sys=0.18s Real=0.79s
[2026-10-07T15:04:25.798+0800][88.212s][info][safepoint   ] Safepoint "G1Concurrent", Time since last: 90595834 ns, Reaching safepoint: 30635833 ns, At safepoint: 792766583 ns, Total: 823402416 ns
[2026-10-07T15:04:25.798+0800][88.212s][info][gc,marking  ] GC(55) Concurrent Mark 1147.583ms
[2026-10-07T15:04:25.798+0800][88.212s][info][gc,marking  ] GC(55) Concurrent Rebuild Remembered Sets
[2026-10-07T15:04:26.216+0800][88.629s][info][gc,marking  ] GC(55) Concurrent Rebuild Remembered Sets 417.374ms
[2026-10-07T15:04:26.339+0800][88.752s][info][gc,start    ] GC(55) Pause Cleanup
[2026-10-07T15:04:26.339+0800][88.753s][info][gc          ] GC(55) Pause Cleanup 186M->186M(481M) 0.549ms
[2026-10-07T15:04:26.339+0800][88.753s][info][gc,cpu      ] GC(55) User=0.00s Sys=0.00s Real=0.00s
[2026-10-07T15:04:26.340+0800][88.753s][info][safepoint   ] Safepoint "G1Concurrent", Time since last: 417644459 ns, Reaching safepoint: 122996375 ns, At safepoint: 1097750 ns, Total: 124094125 ns
[2026-10-07T15:04:26.340+0800][88.753s][info][gc,marking  ] GC(55) Concurrent Cleanup for Next Mark
[2026-10-07T15:04:26.356+0800][88.769s][info][gc,marking  ] GC(55) Concurrent Cleanup for Next Mark 15.831ms
[2026-10-07T15:04:26.356+0800][88.769s][info][gc          ] GC(55) Concurrent Mark Cycle 1844.577ms
[2026-10-07T15:04:26.492+0800][88.906s][info][gc,start    ] GC(57) Pause Young (Prepare Mixed) (G1 Evacuation Pause)
[2026-10-07T15:04:26.492+0800][88.906s][info][gc,task     ] GC(57) Using 9 workers of 9 for evacuation
[2026-10-07T15:04:26.509+0800][88.923s][info][gc,phases   ] GC(57)   Pre Evacuate Collection Set: 0.1ms
[2026-10-07T15:04:26.509+0800][88.923s][info][gc,phases   ] GC(57)   Merge Heap Roots: 0.1ms
[2026-10-07T15:04:26.509+0800][88.923s][info][gc,phases   ] GC(57)   Evacuate Collection Set: 11.8ms
[2026-10-07T15:04:26.509+0800][88.923s][info][gc,phases   ] GC(57)   Post Evacuate Collection Set: 5.0ms
[2026-10-07T15:04:26.509+0800][88.923s][info][gc,phases   ] GC(57)   Other: 0.2ms
[2026-10-07T15:04:26.509+0800][88.923s][info][gc,heap     ] GC(57) Eden regions: 35->0(19)
[2026-10-07T15:04:26.509+0800][88.923s][info][gc,heap     ] GC(57) Survivor regions: 3->5(5)
[2026-10-07T15:04:26.509+0800][88.923s][info][gc,heap     ] GC(57) Old regions: 138->145
[2026-10-07T15:04:26.509+0800][88.923s][info][gc,heap     ] GC(57) Archive regions: 2->2
[2026-10-07T15:04:26.509+0800][88.923s][info][gc,heap     ] GC(57) Humongous regions: 17->15
[2026-10-07T15:04:26.509+0800][88.923s][info][gc,metaspace] GC(57) Metaspace: 129497K(130496K)->129497K(130496K) NonClass: 112320K(112832K)->112320K(112832K) Class: 17176K(17664K)->17176K(17664K)
[2026-10-07T15:04:26.509+0800][88.923s][info][gc          ] GC(57) Pause Young (Prepare Mixed) (G1 Evacuation Pause) 193M->165M(481M) 17.334ms
[2026-10-07T15:04:26.509+0800][88.923s][info][gc,cpu      ] GC(57) User=0.01s Sys=0.02s Real=0.01s
[2026-10-07T15:04:26.509+0800][88.923s][info][safepoint   ] Safepoint "G1CollectForAllocation", Time since last: 152244500 ns, Reaching safepoint: 69208 ns, At safepoint: 17385500 ns, Total: 17454708 ns
[2026-10-07T15:04:26.583+0800][88.997s][info][gc,start    ] GC(58) Pause Young (Mixed) (G1 Evacuation Pause)
[2026-10-07T15:04:26.583+0800][88.997s][info][gc,task     ] GC(58) Using 9 workers of 9 for evacuation
[2026-10-07T15:04:26.608+0800][89.021s][info][gc,phases   ] GC(58)   Pre Evacuate Collection Set: 0.1ms
[2026-10-07T15:04:26.608+0800][89.021s][info][gc,phases   ] GC(58)   Merge Heap Roots: 0.1ms
[2026-10-07T15:04:26.608+0800][89.021s][info][gc,phases   ] GC(58)   Evacuate Collection Set: 23.4ms
[2026-10-07T15:04:26.608+0800][89.021s][info][gc,phases   ] GC(58)   Post Evacuate Collection Set: 0.5ms
[2026-10-07T15:04:26.608+0800][89.021s][info][gc,phases   ] GC(58)   Other: 0.1ms
[2026-10-07T15:04:26.608+0800][89.021s][info][gc,heap     ] GC(58) Eden regions: 19->0(174)
[2026-10-07T15:04:26.608+0800][89.021s][info][gc,heap     ] GC(58) Survivor regions: 5->3(3)
[2026-10-07T15:04:26.608+0800][89.021s][info][gc,heap     ] GC(58) Old regions: 145->144
[2026-10-07T15:04:26.608+0800][89.021s][info][gc,heap     ] GC(58) Archive regions: 2->2
[2026-10-07T15:04:26.608+0800][89.021s][info][gc,heap     ] GC(58) Humongous regions: 17->13
[2026-10-07T15:04:26.608+0800][89.021s][info][gc,metaspace] GC(58) Metaspace: 129497K(130496K)->129497K(130496K) NonClass: 112320K(112832K)->112320K(112832K) Class: 17176K(17664K)->17176K(17664K)
[2026-10-07T15:04:26.608+0800][89.021s][info][gc          ] GC(58) Pause Young (Mixed) (G1 Evacuation Pause) 186M->160M(481M) 24.420ms
[2026-10-07T15:04:26.608+0800][89.021s][info][gc,cpu      ] GC(58) User=0.02s Sys=0.02s Real=0.02s
[2026-10-07T15:04:26.608+0800][89.021s][info][safepoint   ] Safepoint "G1CollectForAllocation", Time since last: 73755083 ns, Reaching safepoint: 146375 ns, At safepoint: 24548500 ns, Total: 24694875 ns
[2026-10-07T15:04:27.810+0800][90.223s][info][safepoint   ] Safepoint "Cleanup", Time since last: 1143977167 ns, Reaching safepoint: 56958875 ns, At safepoint: 769708 ns, Total: 57728583 ns
[2026-10-07T15:04:29.025+0800][91.439s][info][safepoint   ] Safepoint "Cleanup", Time since last: 1147484875 ns, Reaching safepoint: 66979584 ns, At safepoint: 834375 ns, Total: 67813959 ns
[2026-10-07T15:04:31.302+0800][93.716s][info][safepoint   ] Safepoint "Cleanup", Time since last: 2263283625 ns, Reaching safepoint: 13967583 ns, At safepoint: 67250 ns, Total: 14034833 ns
[2026-10-07T15:04:32.466+0800][94.880s][info][safepoint   ] Safepoint "Cleanup", Time since last: 1149780333 ns, Reaching safepoint: 10304500 ns, At safepoint: 3925125 ns, Total: 14229625 ns
[2026-10-07T15:04:33.641+0800][96.055s][info][safepoint   ] Safepoint "Cleanup", Time since last: 1169577709 ns, Reaching safepoint: 5386125 ns, At safepoint: 112458 ns, Total: 5498583 ns
[2026-10-07T15:04:34.230+0800][96.644s][info][gc,start    ] GC(59) Pause Young (Normal) (G1 Evacuation Pause)
[2026-10-07T15:04:34.230+0800][96.644s][info][gc,task     ] GC(59) Using 9 workers of 9 for evacuation
[2026-10-07T15:04:34.712+0800][97.126s][info][gc,mmu      ] GC(59) MMU target violated: 201.0ms (200.0ms/201.0ms)
[2026-10-07T15:04:34.712+0800][97.126s][info][gc,phases   ] GC(59)   Pre Evacuate Collection Set: 67.4ms
[2026-10-07T15:04:34.712+0800][97.126s][info][gc,phases   ] GC(59)   Merge Heap Roots: 29.9ms
[2026-10-07T15:04:34.712+0800][97.126s][info][gc,phases   ] GC(59)   Evacuate Collection Set: 126.3ms
[2026-10-07T15:04:34.712+0800][97.126s][info][gc,phases   ] GC(59)   Post Evacuate Collection Set: 240.2ms
[2026-10-07T15:04:34.713+0800][97.126s][info][gc,phases   ] GC(59)   Other: 19.6ms
[2026-10-07T15:04:34.713+0800][97.126s][info][gc,heap     ] GC(59) Eden regions: 174->0(1)
[2026-10-07T15:04:34.713+0800][97.126s][info][gc,heap     ] GC(59) Survivor regions: 3->23(23)
[2026-10-07T15:04:34.713+0800][97.126s][info][gc,heap     ] GC(59) Old regions: 144->165
[2026-10-07T15:04:34.713+0800][97.126s][info][gc,heap     ] GC(59) Archive regions: 2->2
[2026-10-07T15:04:34.713+0800][97.126s][info][gc,heap     ] GC(59) Humongous regions: 41->41
[2026-10-07T15:04:34.713+0800][97.126s][info][gc,metaspace] GC(59) Metaspace: 129527K(130560K)->129527K(130560K) NonClass: 112350K(112896K)->112350K(112896K) Class: 17177K(17664K)->17177K(17664K)
[2026-10-07T15:04:34.713+0800][97.126s][info][gc          ] GC(59) Pause Young (Normal) (G1 Evacuation Pause) 362M->229M(481M) 482.460ms
[2026-10-07T15:04:34.713+0800][97.127s][info][gc,cpu      ] GC(59) User=0.08s Sys=0.12s Real=0.48s
[2026-10-07T15:04:34.714+0800][97.128s][info][safepoint   ] Safepoint "G1CollectForAllocation", Time since last: 584038542 ns, Reaching safepoint: 1427416 ns, At safepoint: 487612167 ns, Total: 489039583 ns
[2026-10-07T15:04:34.744+0800][97.157s][info][gc,start    ] GC(60) Pause Young (Normal) (G1 Evacuation Pause)
[2026-10-07T15:04:34.744+0800][97.157s][info][gc,task     ] GC(60) Using 9 workers of 9 for evacuation
[2026-10-07T15:04:34.882+0800][97.295s][info][gc,phases   ] GC(60)   Pre Evacuate Collection Set: 2.3ms
[2026-10-07T15:04:34.882+0800][97.295s][info][gc,phases   ] GC(60)   Merge Heap Roots: 0.3ms
[2026-10-07T15:04:34.882+0800][97.295s][info][gc,phases   ] GC(60)   Evacuate Collection Set: 83.0ms
[2026-10-07T15:04:34.882+0800][97.295s][info][gc,phases   ] GC(60)   Post Evacuate Collection Set: 51.6ms
[2026-10-07T15:04:34.882+0800][97.295s][info][gc,phases   ] GC(60)   Other: 1.3ms
[2026-10-07T15:04:34.882+0800][97.295s][info][gc,heap     ] GC(60) Eden regions: 1->0(22)
[2026-10-07T15:04:34.882+0800][97.295s][info][gc,heap     ] GC(60) Survivor regions: 23->2(3)
[2026-10-07T15:04:34.882+0800][97.295s][info][gc,heap     ] GC(60) Old regions: 165->187
[2026-10-07T15:04:34.882+0800][97.295s][info][gc,heap     ] GC(60) Archive regions: 2->2
[2026-10-07T15:04:34.882+0800][97.295s][info][gc,heap     ] GC(60) Humongous regions: 41->21
[2026-10-07T15:04:34.882+0800][97.295s][info][gc,metaspace] GC(60) Metaspace: 129527K(130560K)->129527K(130560K) NonClass: 112350K(112896K)->112350K(112896K) Class: 17177K(17664K)->17177K(17664K)
[2026-10-07T15:04:34.882+0800][97.295s][info][gc          ] GC(60) Pause Young (Normal) (G1 Evacuation Pause) 230M->210M(481M) 138.420ms
[2026-10-07T15:04:34.882+0800][97.296s][info][gc,cpu      ] GC(60) User=0.02s Sys=0.02s Real=0.14s
[2026-10-07T15:04:34.890+0800][97.304s][info][safepoint   ] Safepoint "G1CollectForAllocation", Time since last: 22558208 ns, Reaching safepoint: 6505750 ns, At safepoint: 146502500 ns, Total: 153008250 ns
[2026-10-07T15:04:35.236+0800][97.649s][info][gc,start    ] GC(61) Pause Young (Concurrent Start) (G1 Humongous Allocation)
[2026-10-07T15:04:35.236+0800][97.649s][info][gc,task     ] GC(61) Using 9 workers of 9 for evacuation
[2026-10-07T15:04:35.256+0800][97.670s][info][gc,phases   ] GC(61)   Pre Evacuate Collection Set: 1.9ms
[2026-10-07T15:04:35.256+0800][97.670s][info][gc,phases   ] GC(61)   Merge Heap Roots: 0.2ms
[2026-10-07T15:04:35.256+0800][97.670s][info][gc,phases   ] GC(61)   Evacuate Collection Set: 12.7ms
[2026-10-07T15:04:35.256+0800][97.670s][info][gc,phases   ] GC(61)   Post Evacuate Collection Set: 5.2ms
[2026-10-07T15:04:35.256+0800][97.670s][info][gc,phases   ] GC(61)   Other: 0.5ms
[2026-10-07T15:04:35.256+0800][97.670s][info][gc,heap     ] GC(61) Eden regions: 6->0(28)
[2026-10-07T15:04:35.256+0800][97.670s][info][gc,heap     ] GC(61) Survivor regions: 2->1(3)
[2026-10-07T15:04:35.256+0800][97.670s][info][gc,heap     ] GC(61) Old regions: 187->187
[2026-10-07T15:04:35.256+0800][97.670s][info][gc,heap     ] GC(61) Archive regions: 2->2
[2026-10-07T15:04:35.256+0800][97.670s][info][gc,heap     ] GC(61) Humongous regions: 21->21
[2026-10-07T15:04:35.256+0800][97.670s][info][gc,metaspace] GC(61) Metaspace: 129527K(130560K)->129527K(130560K) NonClass: 112350K(112896K)->112350K(112896K) Class: 17177K(17664K)->17177K(17664K)
[2026-10-07T15:04:35.256+0800][97.670s][info][gc          ] GC(61) Pause Young (Concurrent Start) (G1 Humongous Allocation) 216M->209M(593M) 20.539ms
[2026-10-07T15:04:35.256+0800][97.670s][info][gc,cpu      ] GC(61) User=0.00s Sys=0.01s Real=0.02s
[2026-10-07T15:04:35.256+0800][97.670s][info][gc          ] GC(62) Concurrent Mark Cycle
[2026-10-07T15:04:35.256+0800][97.670s][info][safepoint   ] Safepoint "G1TryInitiateConcMark", Time since last: 344844584 ns, Reaching safepoint: 793625 ns, At safepoint: 20720541 ns, Total: 21514166 ns
[2026-10-07T15:04:35.256+0800][97.670s][info][gc,marking  ] GC(62) Concurrent Clear Claimed Marks
[2026-10-07T15:04:35.257+0800][97.670s][info][gc,marking  ] GC(62) Concurrent Clear Claimed Marks 0.211ms
[2026-10-07T15:04:35.257+0800][97.670s][info][gc,marking  ] GC(62) Concurrent Scan Root Regions
[2026-10-07T15:04:35.300+0800][97.713s][info][gc,marking  ] GC(62) Concurrent Scan Root Regions 42.924ms
[2026-10-07T15:04:35.300+0800][97.713s][info][gc,marking  ] GC(62) Concurrent Mark
[2026-10-07T15:04:35.300+0800][97.713s][info][gc,marking  ] GC(62) Concurrent Mark From Roots
[2026-10-07T15:04:35.300+0800][97.713s][info][gc,task     ] GC(62) Using 2 workers of 2 for marking
[2026-10-07T15:04:35.510+0800][97.923s][info][gc,marking  ] GC(62) Concurrent Mark From Roots 209.934ms
[2026-10-07T15:04:35.510+0800][97.923s][info][gc,marking  ] GC(62) Concurrent Preclean
[2026-10-07T15:04:35.510+0800][97.923s][info][gc,marking  ] GC(62) Concurrent Preclean 0.153ms
[2026-10-07T15:04:35.514+0800][97.928s][info][gc,start    ] GC(62) Pause Remark
[2026-10-07T15:04:35.550+0800][97.963s][info][gc          ] GC(62) Pause Remark 238M->189M(593M) 35.730ms
[2026-10-07T15:04:35.550+0800][97.963s][info][gc,cpu      ] GC(62) User=0.02s Sys=0.03s Real=0.04s
[2026-10-07T15:04:35.550+0800][97.963s][info][safepoint   ] Safepoint "G1Concurrent", Time since last: 253515625 ns, Reaching safepoint: 4086875 ns, At safepoint: 35849584 ns, Total: 39936459 ns
[2026-10-07T15:04:35.550+0800][97.963s][info][gc,marking  ] GC(62) Concurrent Mark 250.252ms
[2026-10-07T15:04:35.550+0800][97.963s][info][gc,marking  ] GC(62) Concurrent Rebuild Remembered Sets
[2026-10-07T15:04:35.587+0800][98.001s][info][gc,start    ] GC(63) Pause Young (Normal) (G1 Evacuation Pause)
[2026-10-07T15:04:35.587+0800][98.001s][info][gc,task     ] GC(63) Using 9 workers of 9 for evacuation
[2026-10-07T15:04:35.616+0800][98.030s][info][gc,phases   ] GC(63)   Pre Evacuate Collection Set: 0.1ms
[2026-10-07T15:04:35.616+0800][98.030s][info][gc,phases   ] GC(63)   Merge Heap Roots: 0.0ms
[2026-10-07T15:04:35.616+0800][98.030s][info][gc,phases   ] GC(63)   Evacuate Collection Set: 0.8ms
[2026-10-07T15:04:35.616+0800][98.030s][info][gc,phases   ] GC(63)   Post Evacuate Collection Set: 27.9ms
[2026-10-07T15:04:35.616+0800][98.030s][info][gc,phases   ] GC(63)   Other: 0.1ms
[2026-10-07T15:04:35.616+0800][98.030s][info][gc,heap     ] GC(63) Eden regions: 28->0(25)
[2026-10-07T15:04:35.616+0800][98.030s][info][gc,heap     ] GC(63) Survivor regions: 1->4(4)
[2026-10-07T15:04:35.616+0800][98.030s][info][gc,heap     ] GC(63) Old regions: 146->151
[2026-10-07T15:04:35.616+0800][98.030s][info][gc,heap     ] GC(63) Archive regions: 2->2
[2026-10-07T15:04:35.616+0800][98.030s][info][gc,heap     ] GC(63) Humongous regions: 19->19
[2026-10-07T15:04:35.616+0800][98.030s][info][gc,metaspace] GC(63) Metaspace: 129545K(130560K)->129545K(130560K) NonClass: 112366K(112896K)->112366K(112896K) Class: 17179K(17664K)->17179K(17664K)
[2026-10-07T15:04:35.616+0800][98.030s][info][gc          ] GC(63) Pause Young (Normal) (G1 Evacuation Pause) 194M->174M(593M) 28.911ms
[2026-10-07T15:04:35.616+0800][98.030s][info][gc,cpu      ] GC(63) User=0.05s Sys=0.02s Real=0.03s
[2026-10-07T15:04:35.616+0800][98.030s][info][safepoint   ] Safepoint "G1CollectForAllocation", Time since last: 37358833 ns, Reaching safepoint: 196625 ns, At safepoint: 28948125 ns, Total: 29144750 ns
[2026-10-07T15:04:35.626+0800][98.039s][info][gc,marking  ] GC(62) Concurrent Rebuild Remembered Sets 76.010ms
[2026-10-07T15:04:35.626+0800][98.040s][info][gc,start    ] GC(62) Pause Cleanup
[2026-10-07T15:04:35.626+0800][98.040s][info][gc          ] GC(62) Pause Cleanup 180M->180M(593M) 0.120ms
[2026-10-07T15:04:35.626+0800][98.040s][info][gc,cpu      ] GC(62) User=0.00s Sys=0.00s Real=0.00s
[2026-10-07T15:04:35.626+0800][98.040s][info][safepoint   ] Safepoint "G1Concurrent", Time since last: 9653000 ns, Reaching safepoint: 32583 ns, At safepoint: 190584 ns, Total: 223167 ns
[2026-10-07T15:04:35.626+0800][98.040s][info][gc,marking  ] GC(62) Concurrent Cleanup for Next Mark
[2026-10-07T15:04:35.628+0800][98.042s][info][gc,marking  ] GC(62) Concurrent Cleanup for Next Mark 2.047ms
[2026-10-07T15:04:35.628+0800][98.042s][info][gc          ] GC(62) Concurrent Mark Cycle 372.018ms
[2026-10-07T15:04:35.822+0800][98.236s][info][gc,start    ] GC(64) Pause Young (Prepare Mixed) (G1 Evacuation Pause)
[2026-10-07T15:04:35.823+0800][98.237s][info][gc,task     ] GC(64) Using 9 workers of 9 for evacuation
[2026-10-07T15:04:35.855+0800][98.269s][info][gc,phases   ] GC(64)   Pre Evacuate Collection Set: 3.1ms
[2026-10-07T15:04:35.855+0800][98.269s][info][gc,phases   ] GC(64)   Merge Heap Roots: 1.9ms
[2026-10-07T15:04:35.855+0800][98.269s][info][gc,phases   ] GC(64)   Evacuate Collection Set: 16.1ms
[2026-10-07T15:04:35.855+0800][98.269s][info][gc,phases   ] GC(64)   Post Evacuate Collection Set: 10.4ms
[2026-10-07T15:04:35.855+0800][98.269s][info][gc,phases   ] GC(64)   Other: 2.2ms
[2026-10-07T15:04:35.855+0800][98.269s][info][gc,heap     ] GC(64) Eden regions: 25->0(25)
[2026-10-07T15:04:35.855+0800][98.269s][info][gc,heap     ] GC(64) Survivor regions: 4->4(4)
[2026-10-07T15:04:35.855+0800][98.269s][info][gc,heap     ] GC(64) Old regions: 151->156
[2026-10-07T15:04:35.855+0800][98.269s][info][gc,heap     ] GC(64) Archive regions: 2->2
[2026-10-07T15:04:35.855+0800][98.269s][info][gc,heap     ] GC(64) Humongous regions: 23->19
[2026-10-07T15:04:35.855+0800][98.269s][info][gc,metaspace] GC(64) Metaspace: 129545K(130560K)->129545K(130560K) NonClass: 112366K(112896K)->112366K(112896K) Class: 17179K(17664K)->17179K(17664K)
[2026-10-07T15:04:35.855+0800][98.269s][info][gc          ] GC(64) Pause Young (Prepare Mixed) (G1 Evacuation Pause) 203M->179M(593M) 33.383ms
[2026-10-07T15:04:35.855+0800][98.269s][info][gc,cpu      ] GC(64) User=0.01s Sys=0.02s Real=0.03s
[2026-10-07T15:04:35.855+0800][98.269s][info][safepoint   ] Safepoint "G1CollectForAllocation", Time since last: 194280583 ns, Reaching safepoint: 1005792 ns, At safepoint: 33997083 ns, Total: 35002875 ns
[2026-10-07T15:04:36.053+0800][98.467s][info][gc,start    ] GC(65) Pause Young (Mixed) (G1 Evacuation Pause)
[2026-10-07T15:04:36.053+0800][98.467s][info][gc,task     ] GC(65) Using 9 workers of 9 for evacuation
[2026-10-07T15:04:36.104+0800][98.518s][info][gc,phases   ] GC(65)   Pre Evacuate Collection Set: 0.1ms
[2026-10-07T15:04:36.104+0800][98.518s][info][gc,phases   ] GC(65)   Merge Heap Roots: 0.1ms
[2026-10-07T15:04:36.104+0800][98.518s][info][gc,phases   ] GC(65)   Evacuate Collection Set: 47.0ms
[2026-10-07T15:04:36.104+0800][98.518s][info][gc,phases   ] GC(65)   Merge Optional Heap Roots: 0.1ms
[2026-10-07T15:04:36.104+0800][98.518s][info][gc,phases   ] GC(65)   Evacuate Optional Collection Set: 0.7ms
[2026-10-07T15:04:36.104+0800][98.518s][info][gc,phases   ] GC(65)   Post Evacuate Collection Set: 2.9ms
[2026-10-07T15:04:36.104+0800][98.518s][info][gc,phases   ] GC(65)   Other: 0.2ms
[2026-10-07T15:04:36.104+0800][98.518s][info][gc,heap     ] GC(65) Eden regions: 25->0(25)
[2026-10-07T15:04:36.104+0800][98.518s][info][gc,heap     ] GC(65) Survivor regions: 4->4(4)
[2026-10-07T15:04:36.104+0800][98.518s][info][gc,heap     ] GC(65) Old regions: 156->147
[2026-10-07T15:04:36.104+0800][98.518s][info][gc,heap     ] GC(65) Archive regions: 2->2
[2026-10-07T15:04:36.104+0800][98.518s][info][gc,heap     ] GC(65) Humongous regions: 23->21
[2026-10-07T15:04:36.104+0800][98.518s][info][gc,metaspace] GC(65) Metaspace: 129545K(130560K)->129545K(130560K) NonClass: 112366K(112896K)->112366K(112896K) Class: 17179K(17664K)->17179K(17664K)
[2026-10-07T15:04:36.104+0800][98.518s][info][gc          ] GC(65) Pause Young (Mixed) (G1 Evacuation Pause) 208M->172M(593M) 51.286ms
[2026-10-07T15:04:36.104+0800][98.518s][info][gc,cpu      ] GC(65) User=0.02s Sys=0.01s Real=0.05s
[2026-10-07T15:04:36.104+0800][98.518s][info][safepoint   ] Safepoint "G1CollectForAllocation", Time since last: 197519125 ns, Reaching safepoint: 46000 ns, At safepoint: 51353833 ns, Total: 51399833 ns
[2026-10-07T15:04:36.324+0800][98.737s][info][gc,start    ] GC(66) Pause Young (Mixed) (G1 Evacuation Pause)
[2026-10-07T15:04:36.324+0800][98.737s][info][gc,task     ] GC(66) Using 9 workers of 9 for evacuation
[2026-10-07T15:04:36.338+0800][98.752s][info][gc,phases   ] GC(66)   Pre Evacuate Collection Set: 0.2ms
[2026-10-07T15:04:36.338+0800][98.752s][info][gc,phases   ] GC(66)   Merge Heap Roots: 0.5ms
[2026-10-07T15:04:36.338+0800][98.752s][info][gc,phases   ] GC(66)   Evacuate Collection Set: 6.2ms
[2026-10-07T15:04:36.338+0800][98.752s][info][gc,phases   ] GC(66)   Merge Optional Heap Roots: 0.1ms
[2026-10-07T15:04:36.338+0800][98.752s][info][gc,phases   ] GC(66)   Evacuate Optional Collection Set: 3.7ms
[2026-10-07T15:04:36.338+0800][98.752s][info][gc,phases   ] GC(66)   Post Evacuate Collection Set: 3.3ms
[2026-10-07T15:04:36.338+0800][98.752s][info][gc,phases   ] GC(66)   Other: 0.3ms
[2026-10-07T15:04:36.338+0800][98.752s][info][gc,heap     ] GC(66) Eden regions: 25->0(25)
[2026-10-07T15:04:36.338+0800][98.752s][info][gc,heap     ] GC(66) Survivor regions: 4->4(4)
[2026-10-07T15:04:36.338+0800][98.752s][info][gc,heap     ] GC(66) Old regions: 147->138
[2026-10-07T15:04:36.338+0800][98.752s][info][gc,heap     ] GC(66) Archive regions: 2->2
[2026-10-07T15:04:36.338+0800][98.752s][info][gc,heap     ] GC(66) Humongous regions: 25->23
[2026-10-07T15:04:36.338+0800][98.752s][info][gc,metaspace] GC(66) Metaspace: 129546K(130560K)->129546K(130560K) NonClass: 112367K(112896K)->112367K(112896K) Class: 17179K(17664K)->17179K(17664K)
[2026-10-07T15:04:36.338+0800][98.752s][info][gc          ] GC(66) Pause Young (Mixed) (G1 Evacuation Pause) 201M->165M(593M) 14.407ms
[2026-10-07T15:04:36.338+0800][98.752s][info][gc,cpu      ] GC(66) User=0.02s Sys=0.03s Real=0.01s
[2026-10-07T15:04:36.338+0800][98.752s][info][safepoint   ] Safepoint "G1CollectForAllocation", Time since last: 219213750 ns, Reaching safepoint: 97834 ns, At safepoint: 14695708 ns, Total: 14793542 ns
[2026-10-07T15:04:36.398+0800][98.811s][info][gc,start    ] GC(67) Pause Young (Mixed) (G1 Evacuation Pause)
[2026-10-07T15:04:36.398+0800][98.811s][info][gc,task     ] GC(67) Using 9 workers of 9 for evacuation
[2026-10-07T15:04:36.431+0800][98.845s][info][gc,phases   ] GC(67)   Pre Evacuate Collection Set: 0.4ms
[2026-10-07T15:04:36.431+0800][98.845s][info][gc,phases   ] GC(67)   Merge Heap Roots: 0.2ms
[2026-10-07T15:04:36.431+0800][98.845s][info][gc,phases   ] GC(67)   Evacuate Collection Set: 32.4ms
[2026-10-07T15:04:36.431+0800][98.845s][info][gc,phases   ] GC(67)   Post Evacuate Collection Set: 0.2ms
[2026-10-07T15:04:36.431+0800][98.845s][info][gc,phases   ] GC(67)   Other: 0.1ms
[2026-10-07T15:04:36.431+0800][98.845s][info][gc,heap     ] GC(67) Eden regions: 25->0(81)
[2026-10-07T15:04:36.431+0800][98.845s][info][gc,heap     ] GC(67) Survivor regions: 4->4(4)
[2026-10-07T15:04:36.431+0800][98.845s][info][gc,heap     ] GC(67) Old regions: 138->145
[2026-10-07T15:04:36.431+0800][98.845s][info][gc,heap     ] GC(67) Archive regions: 2->2
[2026-10-07T15:04:36.431+0800][98.845s][info][gc,heap     ] GC(67) Humongous regions: 25->23
[2026-10-07T15:04:36.431+0800][98.845s][info][gc,metaspace] GC(67) Metaspace: 129557K(130560K)->129557K(130560K) NonClass: 112377K(112896K)->112377K(112896K) Class: 17179K(17664K)->17179K(17664K)
[2026-10-07T15:04:36.431+0800][98.845s][info][gc          ] GC(67) Pause Young (Mixed) (G1 Evacuation Pause) 192M->172M(593M) 33.482ms
[2026-10-07T15:04:36.431+0800][98.845s][info][gc,cpu      ] GC(67) User=0.02s Sys=0.01s Real=0.04s
[2026-10-07T15:04:36.431+0800][98.845s][info][safepoint   ] Safepoint "G1CollectForAllocation", Time since last: 58969542 ns, Reaching safepoint: 278333 ns, At safepoint: 33523917 ns, Total: 33802250 ns
[2026-10-07T15:04:36.433+0800][98.847s][info][gc,start    ] GC(68) Pause Young (Concurrent Start) (G1 Humongous Allocation)
[2026-10-07T15:04:36.433+0800][98.847s][info][gc,task     ] GC(68) Using 9 workers of 9 for evacuation
[2026-10-07T15:04:36.438+0800][98.851s][info][gc,phases   ] GC(68)   Pre Evacuate Collection Set: 0.1ms
[2026-10-07T15:04:36.438+0800][98.851s][info][gc,phases   ] GC(68)   Merge Heap Roots: 0.0ms
[2026-10-07T15:04:36.438+0800][98.851s][info][gc,phases   ] GC(68)   Evacuate Collection Set: 3.3ms
[2026-10-07T15:04:36.438+0800][98.851s][info][gc,phases   ] GC(68)   Post Evacuate Collection Set: 0.6ms
[2026-10-07T15:04:36.438+0800][98.851s][info][gc,phases   ] GC(68)   Other: 0.1ms
[2026-10-07T15:04:36.438+0800][98.851s][info][gc,heap     ] GC(68) Eden regions: 1->0(127)
[2026-10-07T15:04:36.438+0800][98.851s][info][gc,heap     ] GC(68) Survivor regions: 4->5(11)
[2026-10-07T15:04:36.438+0800][98.851s][info][gc,heap     ] GC(68) Old regions: 145->145
[2026-10-07T15:04:36.438+0800][98.851s][info][gc,heap     ] GC(68) Archive regions: 2->2
[2026-10-07T15:04:36.438+0800][98.851s][info][gc,heap     ] GC(68) Humongous regions: 23->23
[2026-10-07T15:04:36.438+0800][98.851s][info][gc,metaspace] GC(68) Metaspace: 129558K(130560K)->129558K(130560K) NonClass: 112378K(112896K)->112378K(112896K) Class: 17179K(17664K)->17179K(17664K)
[2026-10-07T15:04:36.438+0800][98.851s][info][gc          ] GC(68) Pause Young (Concurrent Start) (G1 Humongous Allocation) 172M->172M(631M) 4.292ms
[2026-10-07T15:04:36.438+0800][98.851s][info][gc,cpu      ] GC(68) User=0.00s Sys=0.00s Real=0.00s
[2026-10-07T15:04:36.438+0800][98.851s][info][safepoint   ] Safepoint "G1TryInitiateConcMark", Time since last: 1675083 ns, Reaching safepoint: 589042 ns, At safepoint: 4359625 ns, Total: 4948667 ns
[2026-10-07T15:04:36.438+0800][98.851s][info][gc          ] GC(69) Concurrent Mark Cycle
[2026-10-07T15:04:36.438+0800][98.851s][info][gc,marking  ] GC(69) Concurrent Clear Claimed Marks
[2026-10-07T15:04:36.438+0800][98.852s][info][gc,marking  ] GC(69) Concurrent Clear Claimed Marks 0.093ms
[2026-10-07T15:04:36.438+0800][98.852s][info][gc,marking  ] GC(69) Concurrent Scan Root Regions
[2026-10-07T15:04:36.457+0800][98.870s][info][gc,marking  ] GC(69) Concurrent Scan Root Regions 18.869ms
[2026-10-07T15:04:36.457+0800][98.870s][info][gc,marking  ] GC(69) Concurrent Mark
[2026-10-07T15:04:36.457+0800][98.870s][info][gc,marking  ] GC(69) Concurrent Mark From Roots
[2026-10-07T15:04:36.457+0800][98.871s][info][gc,task     ] GC(69) Using 2 workers of 2 for marking
[2026-10-07T15:04:36.562+0800][98.976s][info][gc,marking  ] GC(69) Concurrent Mark From Roots 105.304ms
[2026-10-07T15:04:36.562+0800][98.976s][info][gc,marking  ] GC(69) Concurrent Preclean
[2026-10-07T15:04:36.562+0800][98.976s][info][gc,marking  ] GC(69) Concurrent Preclean 0.152ms
[2026-10-07T15:04:36.563+0800][98.976s][info][gc,start    ] GC(69) Pause Remark
[2026-10-07T15:04:36.594+0800][99.008s][info][gc          ] GC(69) Pause Remark 205M->187M(631M) 31.713ms
[2026-10-07T15:04:36.595+0800][99.008s][info][gc,cpu      ] GC(69) User=0.04s Sys=0.06s Real=0.03s
[2026-10-07T15:04:36.595+0800][99.008s][info][safepoint   ] Safepoint "G1Concurrent", Time since last: 124788500 ns, Reaching safepoint: 164750 ns, At safepoint: 31918000 ns, Total: 32082750 ns
[2026-10-07T15:04:36.595+0800][99.008s][info][gc,marking  ] GC(69) Concurrent Mark 137.838ms
[2026-10-07T15:04:36.595+0800][99.008s][info][gc,marking  ] GC(69) Concurrent Rebuild Remembered Sets
[2026-10-07T15:04:36.647+0800][99.060s][info][gc,marking  ] GC(69) Concurrent Rebuild Remembered Sets 51.592ms
[2026-10-07T15:04:36.648+0800][99.062s][info][gc,start    ] GC(69) Pause Cleanup
[2026-10-07T15:04:36.648+0800][99.062s][info][gc          ] GC(69) Pause Cleanup 198M->198M(631M) 0.373ms
[2026-10-07T15:04:36.649+0800][99.062s][info][gc,cpu      ] GC(69) User=0.00s Sys=0.00s Real=0.00s
[2026-10-07T15:04:36.649+0800][99.062s][info][safepoint   ] Safepoint "G1Concurrent", Time since last: 52441375 ns, Reaching safepoint: 954041 ns, At safepoint: 459459 ns, Total: 1413500 ns
[2026-10-07T15:04:36.649+0800][99.062s][info][gc,marking  ] GC(69) Concurrent Cleanup for Next Mark
[2026-10-07T15:04:36.651+0800][99.065s][info][gc,marking  ] GC(69) Concurrent Cleanup for Next Mark 2.661ms
[2026-10-07T15:04:36.651+0800][99.065s][info][gc          ] GC(69) Concurrent Mark Cycle 213.445ms
[2026-10-07T15:04:37.431+0800][99.845s][info][gc,start    ] GC(70) Pause Young (Prepare Mixed) (G1 Evacuation Pause)
[2026-10-07T15:04:37.432+0800][99.845s][info][gc,task     ] GC(70) Using 9 workers of 9 for evacuation
[2026-10-07T15:04:37.524+0800][99.938s][info][gc,phases   ] GC(70)   Pre Evacuate Collection Set: 0.4ms
[2026-10-07T15:04:37.524+0800][99.938s][info][gc,phases   ] GC(70)   Merge Heap Roots: 0.1ms
[2026-10-07T15:04:37.524+0800][99.938s][info][gc,phases   ] GC(70)   Evacuate Collection Set: 17.4ms
[2026-10-07T15:04:37.524+0800][99.938s][info][gc,phases   ] GC(70)   Post Evacuate Collection Set: 74.3ms
[2026-10-07T15:04:37.524+0800][99.938s][info][gc,phases   ] GC(70)   Other: 0.4ms
[2026-10-07T15:04:37.524+0800][99.938s][info][gc,heap     ] GC(70) Eden regions: 127->0(14)
[2026-10-07T15:04:37.524+0800][99.938s][info][gc,heap     ] GC(70) Survivor regions: 5->17(17)
[2026-10-07T15:04:37.524+0800][99.938s][info][gc,heap     ] GC(70) Old regions: 133->150
[2026-10-07T15:04:37.524+0800][99.938s][info][gc,heap     ] GC(70) Archive regions: 2->2
[2026-10-07T15:04:37.524+0800][99.938s][info][gc,heap     ] GC(70) Humongous regions: 37->37
[2026-10-07T15:04:37.524+0800][99.938s][info][gc,metaspace] GC(70) Metaspace: 129589K(130560K)->129589K(130560K) NonClass: 112409K(112896K)->112409K(112896K) Class: 17179K(17664K)->17179K(17664K)
[2026-10-07T15:04:37.524+0800][99.938s][info][gc          ] GC(70) Pause Young (Prepare Mixed) (G1 Evacuation Pause) 301M->204M(631M) 92.605ms
[2026-10-07T15:04:37.524+0800][99.938s][info][gc,cpu      ] GC(70) User=0.04s Sys=0.09s Real=0.09s
[2026-10-07T15:04:37.524+0800][99.938s][info][safepoint   ] Safepoint "G1CollectForAllocation", Time since last: 782776375 ns, Reaching safepoint: 130375 ns, At safepoint: 92689750 ns, Total: 92820125 ns
[2026-10-07T15:04:38.003+0800][100.416s][info][gc,heap,exit] Heap
[2026-10-07T15:04:38.003+0800][100.416s][info][gc,heap,exit]  garbage-first heap   total 646144K, used 210231K [0x00000007d0000000, 0x0000000800000000)
[2026-10-07T15:04:38.003+0800][100.416s][info][gc,heap,exit]   region size 1024K, 19 young (19456K), 17 survivors (17408K)
[2026-10-07T15:04:38.003+0800][100.416s][info][gc,heap,exit]  Metaspace       used 129634K, committed 130624K, reserved 1179648K
[2026-10-07T15:04:38.003+0800][100.416s][info][gc,heap,exit]   class space    used 17188K, committed 17664K, reserved 1048576K
