Picked up JAVA_TOOL_OPTIONS: -Xmx768m -XX:ReservedCodeCacheSize=128m -Dspring.test.context.cache.maxSize=2 -Dhttp.nonProxyHosts=localhost|127.*|[::1] -Dhttps.nonProxyHosts=localhost|127.*|[::1] -DsocksNonProxyHosts=localhost|127.*|[::1]
[INFO] Scanning for projects...
[INFO] ------------------------------------------------------------------------
[INFO] Reactor Build Order:
[INFO] 
[INFO] hify-parent                                                        [pom]
[INFO] hify-common                                                        [jar]
[INFO] hify-provider                                                      [jar]
[INFO] hify-tool                                                          [jar]
[INFO] hify-mcp                                                           [jar]
[INFO] hify-knowledge                                                     [jar]
[INFO] hify-workflow                                                      [jar]
[INFO] hify-agent                                                         [jar]
[INFO] hify-chat                                                          [jar]
[INFO] hify-demo                                                          [jar]
[INFO] hify-app                                                           [jar]
[INFO] 
[INFO] ------------------------< com.hify:hify-parent >------------------------
[INFO] Building hify-parent 0.1.0-SNAPSHOT                               [1/11]
[INFO]   from pom.xml
[INFO] --------------------------------[ pom ]---------------------------------
[INFO] 
[INFO] ------------------------< com.hify:hify-common >------------------------
[INFO] Building hify-common 0.1.0-SNAPSHOT                               [2/11]
[INFO]   from hify-common/pom.xml
[INFO] --------------------------------[ jar ]---------------------------------
[INFO] 
[INFO] --- resources:3.3.1:resources (default-resources) @ hify-common ---
[INFO] skip non existing resourceDirectory /private/tmp/hify-course-20261006.hhEhwt/retrieval-worktree/backend/hify-common/src/main/resources
[INFO] skip non existing resourceDirectory /private/tmp/hify-course-20261006.hhEhwt/retrieval-worktree/backend/hify-common/src/main/resources
[INFO] 
[INFO] --- compiler:3.13.0:compile (default-compile) @ hify-common ---
[INFO] Nothing to compile - all classes are up to date.
[INFO] 
[INFO] --- resources:3.3.1:testResources (default-testResources) @ hify-common ---
[INFO] skip non existing resourceDirectory /private/tmp/hify-course-20261006.hhEhwt/retrieval-worktree/backend/hify-common/src/test/resources
[INFO] 
[INFO] --- compiler:3.13.0:testCompile (default-testCompile) @ hify-common ---
[INFO] Nothing to compile - all classes are up to date.
[INFO] 
[INFO] --- surefire:3.5.3:test (default-test) @ hify-common ---
[INFO] 
[INFO] -----------------------< com.hify:hify-provider >-----------------------
[INFO] Building hify-provider 0.1.0-SNAPSHOT                             [3/11]
[INFO]   from hify-provider/pom.xml
[INFO] --------------------------------[ jar ]---------------------------------
[INFO] 
[INFO] --- resources:3.3.1:resources (default-resources) @ hify-provider ---
[INFO] skip non existing resourceDirectory /private/tmp/hify-course-20261006.hhEhwt/retrieval-worktree/backend/hify-provider/src/main/resources
[INFO] skip non existing resourceDirectory /private/tmp/hify-course-20261006.hhEhwt/retrieval-worktree/backend/hify-provider/src/main/resources
[INFO] 
[INFO] --- compiler:3.13.0:compile (default-compile) @ hify-provider ---
[INFO] Nothing to compile - all classes are up to date.
[INFO] 
[INFO] --- resources:3.3.1:testResources (default-testResources) @ hify-provider ---
[INFO] skip non existing resourceDirectory /private/tmp/hify-course-20261006.hhEhwt/retrieval-worktree/backend/hify-provider/src/test/resources
[INFO] 
[INFO] --- compiler:3.13.0:testCompile (default-testCompile) @ hify-provider ---
[INFO] Nothing to compile - all classes are up to date.
[INFO] 
[INFO] --- surefire:3.5.3:test (default-test) @ hify-provider ---
[INFO] 
[INFO] -------------------------< com.hify:hify-tool >-------------------------
[INFO] Building hify-tool 0.1.0-SNAPSHOT                                 [4/11]
[INFO]   from hify-tool/pom.xml
[INFO] --------------------------------[ jar ]---------------------------------
[INFO] 
[INFO] --- resources:3.3.1:resources (default-resources) @ hify-tool ---
[INFO] skip non existing resourceDirectory /private/tmp/hify-course-20261006.hhEhwt/retrieval-worktree/backend/hify-tool/src/main/resources
[INFO] skip non existing resourceDirectory /private/tmp/hify-course-20261006.hhEhwt/retrieval-worktree/backend/hify-tool/src/main/resources
[INFO] 
[INFO] --- compiler:3.13.0:compile (default-compile) @ hify-tool ---
[INFO] Nothing to compile - all classes are up to date.
[INFO] 
[INFO] --- resources:3.3.1:testResources (default-testResources) @ hify-tool ---
[INFO] skip non existing resourceDirectory /private/tmp/hify-course-20261006.hhEhwt/retrieval-worktree/backend/hify-tool/src/test/resources
[INFO] 
[INFO] --- compiler:3.13.0:testCompile (default-testCompile) @ hify-tool ---
[INFO] Nothing to compile - all classes are up to date.
[INFO] 
[INFO] --- surefire:3.5.3:test (default-test) @ hify-tool ---
[INFO] 
[INFO] -------------------------< com.hify:hify-mcp >--------------------------
[INFO] Building hify-mcp 0.1.0-SNAPSHOT                                  [5/11]
[INFO]   from hify-mcp/pom.xml
[INFO] --------------------------------[ jar ]---------------------------------
[INFO] 
[INFO] --- resources:3.3.1:resources (default-resources) @ hify-mcp ---
[INFO] skip non existing resourceDirectory /private/tmp/hify-course-20261006.hhEhwt/retrieval-worktree/backend/hify-mcp/src/main/resources
[INFO] skip non existing resourceDirectory /private/tmp/hify-course-20261006.hhEhwt/retrieval-worktree/backend/hify-mcp/src/main/resources
[INFO] 
[INFO] --- compiler:3.13.0:compile (default-compile) @ hify-mcp ---
[INFO] Nothing to compile - all classes are up to date.
[INFO] 
[INFO] --- resources:3.3.1:testResources (default-testResources) @ hify-mcp ---
[INFO] skip non existing resourceDirectory /private/tmp/hify-course-20261006.hhEhwt/retrieval-worktree/backend/hify-mcp/src/test/resources
[INFO] 
[INFO] --- compiler:3.13.0:testCompile (default-testCompile) @ hify-mcp ---
[INFO] No sources to compile
[INFO] 
[INFO] --- surefire:3.5.3:test (default-test) @ hify-mcp ---
[INFO] No tests to run.
[INFO] 
[INFO] ----------------------< com.hify:hify-knowledge >-----------------------
[INFO] Building hify-knowledge 0.1.0-SNAPSHOT                            [6/11]
[INFO]   from hify-knowledge/pom.xml
[INFO] --------------------------------[ jar ]---------------------------------
[INFO] 
[INFO] --- resources:3.3.1:resources (default-resources) @ hify-knowledge ---
[INFO] skip non existing resourceDirectory /private/tmp/hify-course-20261006.hhEhwt/retrieval-worktree/backend/hify-knowledge/src/main/resources
[INFO] skip non existing resourceDirectory /private/tmp/hify-course-20261006.hhEhwt/retrieval-worktree/backend/hify-knowledge/src/main/resources
[INFO] 
[INFO] --- compiler:3.13.0:compile (default-compile) @ hify-knowledge ---
[INFO] Nothing to compile - all classes are up to date.
[INFO] 
[INFO] --- resources:3.3.1:testResources (default-testResources) @ hify-knowledge ---
[INFO] skip non existing resourceDirectory /private/tmp/hify-course-20261006.hhEhwt/retrieval-worktree/backend/hify-knowledge/src/test/resources
[INFO] 
[INFO] --- compiler:3.13.0:testCompile (default-testCompile) @ hify-knowledge ---
[INFO] Nothing to compile - all classes are up to date.
[INFO] 
[INFO] --- surefire:3.5.3:test (default-test) @ hify-knowledge ---
[INFO] 
[INFO] -----------------------< com.hify:hify-workflow >-----------------------
[INFO] Building hify-workflow 0.1.0-SNAPSHOT                             [7/11]
[INFO]   from hify-workflow/pom.xml
[INFO] --------------------------------[ jar ]---------------------------------
[INFO] 
[INFO] --- resources:3.3.1:resources (default-resources) @ hify-workflow ---
[INFO] skip non existing resourceDirectory /private/tmp/hify-course-20261006.hhEhwt/retrieval-worktree/backend/hify-workflow/src/main/resources
[INFO] skip non existing resourceDirectory /private/tmp/hify-course-20261006.hhEhwt/retrieval-worktree/backend/hify-workflow/src/main/resources
[INFO] 
[INFO] --- compiler:3.13.0:compile (default-compile) @ hify-workflow ---
[INFO] Nothing to compile - all classes are up to date.
[INFO] 
[INFO] --- resources:3.3.1:testResources (default-testResources) @ hify-workflow ---
[INFO] Copying 2 resources from src/test/resources to target/test-classes
[INFO] 
[INFO] --- compiler:3.13.0:testCompile (default-testCompile) @ hify-workflow ---
[INFO] Nothing to compile - all classes are up to date.
[INFO] 
[INFO] --- surefire:3.5.3:test (default-test) @ hify-workflow ---
[INFO] 
[INFO] ------------------------< com.hify:hify-agent >-------------------------
[INFO] Building hify-agent 0.1.0-SNAPSHOT                                [8/11]
[INFO]   from hify-agent/pom.xml
[INFO] --------------------------------[ jar ]---------------------------------
[INFO] 
[INFO] --- resources:3.3.1:resources (default-resources) @ hify-agent ---
[INFO] skip non existing resourceDirectory /private/tmp/hify-course-20261006.hhEhwt/retrieval-worktree/backend/hify-agent/src/main/resources
[INFO] skip non existing resourceDirectory /private/tmp/hify-course-20261006.hhEhwt/retrieval-worktree/backend/hify-agent/src/main/resources
[INFO] 
[INFO] --- compiler:3.13.0:compile (default-compile) @ hify-agent ---
[INFO] Nothing to compile - all classes are up to date.
[INFO] 
[INFO] --- resources:3.3.1:testResources (default-testResources) @ hify-agent ---
[INFO] skip non existing resourceDirectory /private/tmp/hify-course-20261006.hhEhwt/retrieval-worktree/backend/hify-agent/src/test/resources
[INFO] 
[INFO] --- compiler:3.13.0:testCompile (default-testCompile) @ hify-agent ---
[INFO] No sources to compile
[INFO] 
[INFO] --- surefire:3.5.3:test (default-test) @ hify-agent ---
[INFO] No tests to run.
[INFO] 
[INFO] -------------------------< com.hify:hify-chat >-------------------------
[INFO] Building hify-chat 0.1.0-SNAPSHOT                                 [9/11]
[INFO]   from hify-chat/pom.xml
[INFO] --------------------------------[ jar ]---------------------------------
[INFO] 
[INFO] --- resources:3.3.1:resources (default-resources) @ hify-chat ---
[INFO] skip non existing resourceDirectory /private/tmp/hify-course-20261006.hhEhwt/retrieval-worktree/backend/hify-chat/src/main/resources
[INFO] skip non existing resourceDirectory /private/tmp/hify-course-20261006.hhEhwt/retrieval-worktree/backend/hify-chat/src/main/resources
[INFO] 
[INFO] --- compiler:3.13.0:compile (default-compile) @ hify-chat ---
[INFO] Nothing to compile - all classes are up to date.
[INFO] 
[INFO] --- resources:3.3.1:testResources (default-testResources) @ hify-chat ---
[INFO] Copying 3 resources from src/test/resources to target/test-classes
[INFO] 
[INFO] --- compiler:3.13.0:testCompile (default-testCompile) @ hify-chat ---
[INFO] Nothing to compile - all classes are up to date.
[INFO] 
[INFO] --- surefire:3.5.3:test (default-test) @ hify-chat ---
[INFO] 
[INFO] -------------------------< com.hify:hify-demo >-------------------------
[INFO] Building hify-demo 0.1.0-SNAPSHOT                                [10/11]
[INFO]   from hify-demo/pom.xml
[INFO] --------------------------------[ jar ]---------------------------------
[INFO] 
[INFO] --- resources:3.3.1:resources (default-resources) @ hify-demo ---
[INFO] skip non existing resourceDirectory /private/tmp/hify-course-20261006.hhEhwt/retrieval-worktree/backend/hify-demo/src/main/resources
[INFO] skip non existing resourceDirectory /private/tmp/hify-course-20261006.hhEhwt/retrieval-worktree/backend/hify-demo/src/main/resources
[INFO] 
[INFO] --- compiler:3.13.0:compile (default-compile) @ hify-demo ---
[INFO] Nothing to compile - all classes are up to date.
[INFO] 
[INFO] --- resources:3.3.1:testResources (default-testResources) @ hify-demo ---
[INFO] skip non existing resourceDirectory /private/tmp/hify-course-20261006.hhEhwt/retrieval-worktree/backend/hify-demo/src/test/resources
[INFO] 
[INFO] --- compiler:3.13.0:testCompile (default-testCompile) @ hify-demo ---
[INFO] No sources to compile
[INFO] 
[INFO] --- surefire:3.5.3:test (default-test) @ hify-demo ---
[INFO] No tests to run.
[INFO] 
[INFO] -------------------------< com.hify:hify-app >--------------------------
[INFO] Building hify-app 0.1.0-SNAPSHOT                                 [11/11]
[INFO]   from hify-app/pom.xml
[INFO] --------------------------------[ jar ]---------------------------------
[INFO] 
[INFO] --- resources:3.3.1:resources (default-resources) @ hify-app ---
[INFO] Copying 1 resource from src/main/resources to target/classes
[INFO] Copying 21 resources from src/main/resources to target/classes
[INFO] 
[INFO] --- compiler:3.13.0:compile (default-compile) @ hify-app ---
[INFO] Nothing to compile - all classes are up to date.
[INFO] 
[INFO] --- resources:3.3.1:testResources (default-testResources) @ hify-app ---
[INFO] skip non existing resourceDirectory /private/tmp/hify-course-20261006.hhEhwt/retrieval-worktree/backend/hify-app/src/test/resources
[INFO] 
[INFO] --- compiler:3.13.0:testCompile (default-testCompile) @ hify-app ---
[INFO] Nothing to compile - all classes are up to date.
[INFO] 
[INFO] --- surefire:3.5.3:test (default-test) @ hify-app ---
[INFO] Using auto detected provider org.apache.maven.surefire.junitplatform.JUnitPlatformProvider
[INFO] 
[INFO] -------------------------------------------------------
[INFO]  T E S T S
[INFO] -------------------------------------------------------
Picked up JAVA_TOOL_OPTIONS: -Xmx768m -XX:ReservedCodeCacheSize=128m -Dspring.test.context.cache.maxSize=2 -Dhttp.nonProxyHosts=localhost|127.*|[::1] -Dhttps.nonProxyHosts=localhost|127.*|[::1] -DsocksNonProxyHosts=localhost|127.*|[::1]
13:28:54.701 [main] INFO org.testcontainers.DockerClientFactory -- Testcontainers version: 1.20.6
13:28:55.845 [main] INFO org.testcontainers.dockerclient.DockerClientProviderStrategy -- Found Docker environment with Environment variables, system properties and defaults. Resolved dockerHost=unix:///Users/weberzhao/.colima/hify-verify-20261004/docker.sock
13:28:55.846 [main] INFO org.testcontainers.DockerClientFactory -- Docker host IP address is 127.0.0.1
13:28:55.872 [main] INFO org.testcontainers.DockerClientFactory -- Connected to docker: 
  Server Version: 29.5.2
  API Version: 1.54
  Operating System: Ubuntu 24.04.4 LTS
  Total Memory: 955 MB
13:28:55.884 [main] INFO org.testcontainers.images.PullPolicy -- Image pull policy will be performed by: DefaultPullPolicy()
13:28:55.885 [main] INFO org.testcontainers.utility.ImageNameSubstitutor -- Image name substitution will be performed by: DefaultImageNameSubstitutor (composite of 'ConfigurationFileImageNameSubstitutor' and 'PrefixingImageNameSubstitutor')
13:28:56.227 [main] INFO tc.testcontainers/ryuk:0.11.0 -- Creating container for image: testcontainers/ryuk:0.11.0
13:28:56.499 [main] INFO tc.testcontainers/ryuk:0.11.0 -- Container testcontainers/ryuk:0.11.0 is starting: 54816fbac9f2d41b275a21dbfbec00d9fe1c69fe875de3f1d6237bd372a8c712
13:28:57.450 [main] INFO tc.testcontainers/ryuk:0.11.0 -- Container testcontainers/ryuk:0.11.0 started in PT1.222555S
13:28:57.464 [main] INFO org.testcontainers.utility.RyukResourceReaper -- Ryuk started - will monitor and terminate Testcontainers containers on JVM exit
13:28:57.465 [main] INFO org.testcontainers.DockerClientFactory -- Checking the system...
13:28:57.465 [main] INFO org.testcontainers.DockerClientFactory -- ✔︎ Docker server version should be at least 1.6.0
[INFO] Running com.hify.api.KnowledgeShutdownPostgresTest
13:28:57.599 [main] INFO org.springframework.test.context.support.AnnotationConfigContextLoaderUtils -- Could not detect default configuration classes for test class [com.hify.api.KnowledgeShutdownPostgresTest]: KnowledgeShutdownPostgresTest does not declare any static, non-private, non-final, nested classes annotated with @Configuration.
13:28:57.999 [main] INFO org.springframework.boot.test.context.SpringBootTestContextBootstrapper -- Found @SpringBootConfiguration com.hify.HifyApplication for test class com.hify.api.KnowledgeShutdownPostgresTest
13:28:58.091 [main] INFO tc.pgvector/pgvector:pg16 -- Creating container for image: pgvector/pgvector:pg16
13:28:58.257 [main] INFO tc.pgvector/pgvector:pg16 -- Container pgvector/pgvector:pg16 is starting: 05214c46334d468bc0e29739a2e7af61e5393c50760826e0f8077f7c24886a01
13:28:59.684 [main] INFO tc.pgvector/pgvector:pg16 -- Container pgvector/pgvector:pg16 started in PT1.589366S
13:28:59.692 [main] INFO tc.pgvector/pgvector:pg16 -- Container is started (JDBC URL: jdbc:postgresql://127.0.0.1:32769/knowledge_shutdown?loggerLevel=OFF)

  .   ____          _            __ _ _
 /\\ / ___'_ __ _ _(_)_ __  __ _ \ \ \ \
( ( )\___ | '_ | '_| | '_ \/ _` | \ \ \ \
 \\/  ___)| |_)| | | | | || (_| |  ) ) ) )
  '  |____| .__|_| |_|_| |_\__, | / / / /
 =========|_|==============|___/=/_/_/_/

 :: Spring Boot ::                (v3.4.5)

2026-10-07T13:29:00.721+08:00 INFO  [main] [requestId=] c.h.a.KnowledgeShutdownPostgresTest - Starting KnowledgeShutdownPostgresTest using Java 17.0.19 with PID 97516 (started by weberzhao in /private/tmp/hify-course-20261006.hhEhwt/retrieval-worktree/backend/hify-app)
2026-10-07T13:29:00.723+08:00 INFO  [main] [requestId=] c.h.a.KnowledgeShutdownPostgresTest - No active profile set, falling back to 1 default profile: "default"
2026-10-07T13:29:04.827+08:00 INFO  [main] [requestId=] o.s.d.r.c.RepositoryConfigurationDelegate - Multiple Spring Data modules found, entering strict repository configuration mode
2026-10-07T13:29:04.834+08:00 INFO  [main] [requestId=] o.s.d.r.c.RepositoryConfigurationDelegate - Bootstrapping Spring Data JPA repositories in DEFAULT mode.
2026-10-07T13:29:05.428+08:00 INFO  [main] [requestId=] o.s.d.r.c.RepositoryConfigurationDelegate - Finished Spring Data repository scanning in 578 ms. Found 34 JPA repository interfaces.
Java HotSpot(TM) 64-Bit Server VM warning: Sharing is only supported for boot loader classes because bootstrap classpath has been appended
2026-10-07T13:29:08.453+08:00 INFO  [main] [requestId=] com.zaxxer.hikari.HikariDataSource - HikariPool-1 - Starting...
2026-10-07T13:29:08.838+08:00 INFO  [main] [requestId=] com.zaxxer.hikari.pool.HikariPool - HikariPool-1 - Added connection org.postgresql.jdbc.PgConnection@4af0ae2c
2026-10-07T13:29:08.840+08:00 INFO  [main] [requestId=] com.zaxxer.hikari.HikariDataSource - HikariPool-1 - Start completed.
2026-10-07T13:29:08.866+08:00 INFO  [main] [requestId=] org.flywaydb.core.FlywayExecutor - Database: jdbc:postgresql://127.0.0.1:32769/knowledge_shutdown?loggerLevel=OFF (PostgreSQL 16.15)
2026-10-07T13:29:08.938+08:00 INFO  [main] [requestId=] o.f.c.i.s.JdbcTableSchemaHistory - Schema history table "public"."flyway_schema_history" does not exist yet
2026-10-07T13:29:08.945+08:00 INFO  [main] [requestId=] o.f.core.internal.command.DbValidate - Successfully validated 24 migrations (execution time 00:00.055s)
2026-10-07T13:29:08.969+08:00 INFO  [main] [requestId=] o.f.c.i.s.JdbcTableSchemaHistory - Creating Schema History table "public"."flyway_schema_history" ...
2026-10-07T13:29:09.053+08:00 INFO  [main] [requestId=] o.f.core.internal.command.DbMigrate - Current version of schema "public": << Empty Schema >>
2026-10-07T13:29:09.074+08:00 INFO  [main] [requestId=] o.f.core.internal.command.DbMigrate - Migrating schema "public" to version "1 - baseline"
2026-10-07T13:29:09.109+08:00 INFO  [main] [requestId=] o.f.core.internal.command.DbMigrate - Migrating schema "public" to version "2 - demo item"
2026-10-07T13:29:09.121+08:00 INFO  [main] [requestId=] o.f.core.internal.command.DbMigrate - Migrating schema "public" to version "3 - run replan control"
2026-10-07T13:29:09.138+08:00 INFO  [main] [requestId=] o.f.core.internal.command.DbMigrate - Migrating schema "public" to version "4 - run context state"
2026-10-07T13:29:09.151+08:00 INFO  [main] [requestId=] o.f.core.internal.command.DbMigrate - Migrating schema "public" to version "5 - provider catalog"
2026-10-07T13:29:09.177+08:00 INFO  [main] [requestId=] o.f.core.internal.command.DbMigrate - Migrating schema "public" to version "6 - agent publishing"
2026-10-07T13:29:09.210+08:00 INFO  [main] [requestId=] o.f.core.internal.command.DbMigrate - Migrating schema "public" to version "7 - agent archive and tool bindings"
2026-10-07T13:29:09.222+08:00 INFO  [main] [requestId=] o.f.core.internal.command.DbMigrate - Migrating schema "public" to version "8 - backfill agent tool bindings"
2026-10-07T13:29:09.236+08:00 INFO  [main] [requestId=] o.f.core.internal.command.DbMigrate - Migrating schema "public" to version "9 - runtime capability and history"
2026-10-07T13:29:09.255+08:00 INFO  [main] [requestId=] o.f.core.internal.command.DbMigrate - Migrating schema "public" to version "10 - child agent task protocol"
2026-10-07T13:29:09.282+08:00 INFO  [main] [requestId=] o.f.core.internal.command.DbMigrate - Migrating schema "public" to version "11 - context memory catalog"
2026-10-07T13:29:09.331+08:00 INFO  [main] [requestId=] o.f.core.internal.command.DbMigrate - Migrating schema "public" to version "12 - history full text index"
2026-10-07T13:29:09.338+08:00 INFO  [main] [requestId=] o.f.core.internal.command.DbMigrate - Migrating schema "public" to version "13 - history vector index"
2026-10-07T13:29:09.364+08:00 INFO  [main] [requestId=] o.f.core.internal.command.DbMigrate - Migrating schema "public" to version "14 - knowledge catalog"
2026-10-07T13:29:09.391+08:00 INFO  [main] [requestId=] o.f.core.internal.command.DbMigrate - Migrating schema "public" to version "15 - knowledge search indexes"
2026-10-07T13:29:09.440+08:00 INFO  [main] [requestId=] o.f.core.internal.command.DbMigrate - Migrating schema "public" to version "16 - workflow runtime"
2026-10-07T13:29:09.520+08:00 INFO  [main] [requestId=] o.f.core.internal.command.DbMigrate - Migrating schema "public" to version "17 - mcp server registry"
2026-10-07T13:29:09.548+08:00 INFO  [main] [requestId=] o.f.core.internal.command.DbMigrate - Migrating schema "public" to version "18 - agent knowledge capability"
2026-10-07T13:29:09.574+08:00 INFO  [main] [requestId=] o.f.core.internal.command.DbMigrate - Migrating schema "public" to version "19 - agent workflow mcp capabilities"
2026-10-07T13:29:09.609+08:00 INFO  [main] [requestId=] o.f.core.internal.command.DbMigrate - Migrating schema "public" to version "20 - mcp encrypted credentials"
2026-10-07T13:29:09.633+08:00 INFO  [main] [requestId=] o.f.core.internal.command.DbMigrate - Migrating schema "public" to version "21 - workflow control terminal states"
2026-10-07T13:29:09.649+08:00 INFO  [main] [requestId=] o.f.core.internal.command.DbMigrate - Migrating schema "public" to version "22 - workflow interrupted state"
2026-10-07T13:29:09.663+08:00 INFO  [main] [requestId=] o.f.core.internal.command.DbMigrate - Migrating schema "public" to version "23 - history operation recovery"
2026-10-07T13:29:09.687+08:00 INFO  [main] [requestId=] o.f.core.internal.command.DbMigrate - Migrating schema "public" to version "24 - semantic embedding profiles"
2026-10-07T13:29:09.730+08:00 INFO  [main] [requestId=] o.f.core.internal.command.DbMigrate - Successfully applied 24 migrations to schema "public", now at version v24 (execution time 00:00.348s)
2026-10-07T13:29:09.975+08:00 INFO  [main] [requestId=] o.h.jpa.internal.util.LogHelper - HHH000204: Processing PersistenceUnitInfo [name: default]
2026-10-07T13:29:10.029+08:00 INFO  [main] [requestId=] org.hibernate.Version - HHH000412: Hibernate ORM core version 6.6.13.Final
2026-10-07T13:29:10.059+08:00 INFO  [main] [requestId=] o.h.c.i.RegionFactoryInitiator - HHH000026: Second-level cache disabled
2026-10-07T13:29:10.156+08:00 INFO  [main] [requestId=] o.s.o.j.p.SpringPersistenceUnitInfo - No LoadTimeWeaver setup: ignoring JPA class transformer
2026-10-07T13:29:10.222+08:00 INFO  [main] [requestId=] o.hibernate.orm.connections.pooling - HHH10001005: Database info:
	Database JDBC URL [Connecting through datasource 'HikariDataSource (HikariPool-1)']
	Database driver: undefined/unknown
	Database version: 16.15
	Autocommit mode: undefined/unknown
	Isolation level: undefined/unknown
	Minimum pool size: undefined/unknown
	Maximum pool size: undefined/unknown
2026-10-07T13:29:12.116+08:00 INFO  [main] [requestId=] o.h.e.t.j.p.i.JtaPlatformInitiator - HHH000489: No JTA platform available (set 'hibernate.transaction.jta.platform' to enable JTA platform integration)
2026-10-07T13:29:12.176+08:00 INFO  [main] [requestId=] o.s.o.j.LocalContainerEntityManagerFactoryBean - Initialized JPA EntityManagerFactory for persistence unit 'default'
2026-10-07T13:29:12.889+08:00 INFO  [main] [requestId=] o.s.d.j.r.query.QueryEnhancerFactory - JSqlParser is in classpath; If applicable, JSqlParser will be used.
2026-10-07T13:29:12.890+08:00 INFO  [main] [requestId=] o.s.d.j.r.query.QueryEnhancerFactory - Hibernate is in classpath; If applicable, HQL parser will be used.
2026-10-07T13:29:20.271+08:00 INFO  [main] [requestId=] c.b.m.s.MybatisPlusApplicationContextAware - Register ApplicationContext instances org.springframework.web.context.support.GenericWebApplicationContext@5eb5da12
2026-10-07T13:29:21.829+08:00 INFO  [main] [requestId=] o.s.b.t.m.w.SpringBootMockServletContext - Initializing Spring TestDispatcherServlet ''
2026-10-07T13:29:21.829+08:00 INFO  [main] [requestId=] o.s.t.w.s.TestDispatcherServlet - Initializing Servlet ''
2026-10-07T13:29:21.835+08:00 INFO  [main] [requestId=] o.s.b.a.e.web.EndpointLinksResolver - Exposing 2 endpoints beneath base path '/actuator'
2026-10-07T13:29:21.847+08:00 INFO  [main] [requestId=] o.s.t.w.s.TestDispatcherServlet - Completed initialization in 18 ms
2026-10-07T13:29:21.944+08:00 INFO  [main] [requestId=] c.h.a.KnowledgeShutdownPostgresTest - Started KnowledgeShutdownPostgresTest in 22.161 seconds (process running for 28.21)
2026-10-07T13:29:23.588+08:00 INFO  [main] [requestId=c7301bfb-9e03-445e-ab8b-2bbbec336c87] c.hify.common.RequestLoggingFilter - http.request method=POST path=/api/v1/knowledge-bases status=201 latencyMs=676
2026-10-07T13:29:24.253+08:00 INFO  [main] [requestId=b01bcc57-4b53-4865-abc6-dc18e3627db9] c.hify.common.RequestLoggingFilter - http.request method=POST path=/api/v1/knowledge-bases status=201 latencyMs=60
2026-10-07T13:29:24.464+08:00 INFO  [main] [requestId=2372fb82-ae23-4064-9eef-655d360d51b1] c.hify.common.RequestLoggingFilter - http.request method=POST path=/api/v1/workflows status=201 latencyMs=191
2026-10-07T13:29:24.473+08:00 INFO  [main] [requestId=3f1f5a00-4f44-4dcc-aaa8-0cb29363a3f7] c.hify.common.RequestLoggingFilter - http.request method=POST path=/api/v1/workflows status=400 latencyMs=7
2026-10-07T13:29:24.487+08:00 INFO  [main] [requestId=c33cb9df-8166-43e8-abe2-6d0acf9f26d4] c.hify.common.RequestLoggingFilter - http.request method=PUT path=/api/v1/workflows/796e077d-0942-4ec2-a1a7-32fb27280b54 status=400 latencyMs=12
2026-10-07T13:29:24.514+08:00 INFO  [main] [requestId=726104d2-fccd-42e0-ad3a-1d04975808c7] c.hify.common.RequestLoggingFilter - http.request method=POST path=/api/v1/workflow-versions/e2ead7bc-0aa8-4edd-accd-0883f105e11d/runs status=409 latencyMs=20
2026-10-07T13:29:24.586+08:00 INFO  [main] [requestId=d43c4d3b-f4a8-46f3-9b6d-cc5efd2a5125] c.hify.common.RequestLoggingFilter - http.request method=POST path=/api/v1/knowledge-bases status=201 latencyMs=22
2026-10-07T13:29:24.629+08:00 INFO  [main] [requestId=a53e335a-7cc4-4536-909e-27444db7b881] c.hify.common.RequestLoggingFilter - http.request method=POST path=/api/v1/knowledge-bases/bffa49e7-a063-4f8f-b7ad-26c093f34345/documents status=202 latencyMs=33
2026-10-07T13:29:24.646+08:00 INFO  [main] [requestId=b4d09911-7042-43d0-8647-124c2628b61a] c.hify.common.RequestLoggingFilter - http.request method=GET path=/api/v1/documents/97421c5f-5610-4cb1-8a3b-d134dc91cef7 status=200 latencyMs=14
2026-10-07T13:29:24.824+08:00 INFO  [main] [requestId=8e9f2b2c-c2a1-43cb-8643-56e47fde9054] c.hify.common.RequestLoggingFilter - http.request method=GET path=/api/v1/documents/97421c5f-5610-4cb1-8a3b-d134dc91cef7 status=200 latencyMs=6
2026-10-07T13:29:24.842+08:00 INFO  [main] [requestId=55f3489c-e14e-4e6e-aa6b-4d2c5e272b99] c.hify.common.RequestLoggingFilter - http.request method=GET path=/api/v1/documents/97421c5f-5610-4cb1-8a3b-d134dc91cef7/chunks status=200 latencyMs=16
2026-10-07T13:29:24.853+08:00 INFO  [main] [requestId=35584474-3b54-40d5-95af-87787669b17a] c.hify.common.RequestLoggingFilter - http.request method=DELETE path=/api/v1/documents/97421c5f-5610-4cb1-8a3b-d134dc91cef7 status=200 latencyMs=9
2026-10-07T13:29:24.897+08:00 INFO  [main] [requestId=f66f0ac9-cb31-457a-b16b-4babe405b6fa] c.hify.common.RequestLoggingFilter - http.request method=POST path=/api/v1/knowledge-bases status=201 latencyMs=10
2026-10-07T13:29:24.983+08:00 INFO  [main] [requestId=1b37707b-fb05-4289-9d55-0288e7c071c8] c.hify.common.RequestLoggingFilter - http.request method=POST path=/api/v1/knowledge-bases/0fe720a6-0e05-4dab-bb78-f8534faf96b7/documents status=202 latencyMs=83
2026-10-07T13:29:24.992+08:00 INFO  [main] [requestId=ca94831c-77c5-42b8-866f-26a87a0d649c] c.hify.common.RequestLoggingFilter - http.request method=GET path=/api/v1/documents/5ad4e5da-a459-4d10-9e6e-9651fdbcace5 status=200 latencyMs=7
2026-10-07T13:29:25.174+08:00 INFO  [main] [requestId=f8eb606c-3a94-45be-9b01-0161a92949e2] c.hify.common.RequestLoggingFilter - http.request method=GET path=/api/v1/documents/5ad4e5da-a459-4d10-9e6e-9651fdbcace5 status=200 latencyMs=5
2026-10-07T13:29:25.209+08:00 INFO  [main] [requestId=7cf95ed7-09a1-44ec-92f4-19928b729999] c.hify.common.RequestLoggingFilter - http.request method=POST path=/api/v1/workflows status=201 latencyMs=34
2026-10-07T13:29:25.252+08:00 INFO  [main] [requestId=5aba3cdb-dcd6-4f19-b7e8-87148e765735] c.hify.common.RequestLoggingFilter - http.request method=POST path=/api/v1/workflows/f5559fd9-a3c5-426b-ad88-0b4c3c5374f2/versions status=200 latencyMs=41
2026-10-07T13:29:25.303+08:00 INFO  [main] [requestId=05b68c96-3a34-46b7-97f7-a355752d566a] c.hify.common.RequestLoggingFilter - http.request method=POST path=/api/v1/agents status=201 latencyMs=47
2026-10-07T13:29:25.350+08:00 INFO  [main] [requestId=21a01707-0b72-41bd-a83b-da5c61058d50] c.hify.common.RequestLoggingFilter - http.request method=PUT path=/api/v1/agents/d4781d4d-4304-4019-ab47-d4c7cbc2d295/workflow-binding status=200 latencyMs=44
2026-10-07T13:29:25.422+08:00 INFO  [main] [requestId=caf6fc09-d1ce-4c2b-a536-a40be17a5b8c] c.hify.common.RequestLoggingFilter - http.request method=POST path=/api/v1/agents/d4781d4d-4304-4019-ab47-d4c7cbc2d295/publications status=200 latencyMs=69
2026-10-07T13:29:25.467+08:00 INFO  [main] [requestId=9be82c56-aef3-46bf-a60e-f90eb8c34e4c] c.hify.common.RequestLoggingFilter - http.request method=POST path=/api/v1/conversations status=201 latencyMs=43
2026-10-07T13:29:25.635+08:00 INFO  [main] [requestId=b4388018-b146-4ecf-900a-03d703d15631] c.hify.common.RequestLoggingFilter - http.request method=POST path=/api/v1/workflow-versions/a27a63d7-0700-4a9f-8bc5-a53eb38e52d8/runs status=202 latencyMs=167
2026-10-07T13:29:25.654+08:00 INFO  [main] [requestId=f10b2d4a-c5f9-4dd6-a297-987c60ebd0b0] c.hify.common.RequestLoggingFilter - http.request method=DELETE path=/api/v1/documents/5ad4e5da-a459-4d10-9e6e-9651fdbcace5 status=200 latencyMs=15
2026-10-07T13:29:25.664+08:00 INFO  [main] [requestId=fdad6e2b-f532-4236-8fa0-8f05b98e35e9] c.hify.common.RequestLoggingFilter - http.request method=POST path=/api/v1/knowledge-bases/0fe720a6-0e05-4dab-bb78-f8534faf96b7/documents status=202 latencyMs=9
2026-10-07T13:29:25.678+08:00 INFO  [main] [requestId=e485d065-bffc-4fd3-a6b3-fea278665a76] c.hify.common.RequestLoggingFilter - http.request method=GET path=/api/v1/documents/977983d9-3440-4f47-ad9e-93d145ec2c0f status=200 latencyMs=11
2026-10-07T13:29:25.881+08:00 INFO  [main] [requestId=a30a9f8a-acfa-482e-8e0f-0c2cf8d0cbd1] c.hify.common.RequestLoggingFilter - http.request method=GET path=/api/v1/documents/977983d9-3440-4f47-ad9e-93d145ec2c0f status=200 latencyMs=30
2026-10-07T13:29:26.024+08:00 INFO  [main] [requestId=a5f6cde3-10ef-4e62-ab8e-5cd1f582f411] c.hify.common.RequestLoggingFilter - http.request method=POST path=/api/v1/workflow-versions/a27a63d7-0700-4a9f-8bc5-a53eb38e52d8/runs status=202 latencyMs=141
2026-10-07T13:29:26.075+08:00 INFO  [main] [requestId=a3d4e555-7c1d-4d27-aaa2-7330fe9a3f4e] c.hify.common.RequestLoggingFilter - http.request method=POST path=/api/v1/workflows/f5559fd9-a3c5-426b-ad88-0b4c3c5374f2/versions status=200 latencyMs=33
2026-10-07T13:29:26.145+08:00 INFO  [main] [requestId=d6b5e2d2-4027-4fff-9d76-91031e270bf6] c.hify.common.RequestLoggingFilter - http.request method=POST path=/api/v1/workflow-versions/7e166766-fb5a-43d6-a940-70f2d59eba34/runs status=202 latencyMs=61
2026-10-07T13:29:26.184+08:00 INFO  [main] [requestId=a448b747-a792-4ccd-bb20-90844dff87a0] c.hify.common.RequestLoggingFilter - http.request method=POST path=/api/v1/agents/d4781d4d-4304-4019-ab47-d4c7cbc2d295/publications status=200 latencyMs=37
2026-10-07T13:29:26.257+08:00 INFO  [main] [requestId=f36b2e8c-1b9d-4105-b76b-330e98bcb43c] c.hify.common.RequestLoggingFilter - http.request method=POST path=/api/v1/conversations/e7ce363f-31af-4486-b2ed-ae1561c9cef9/runs status=202 latencyMs=71
2026-10-07T13:29:26.261+08:00 INFO  [main] [requestId=7c36ad7f-0322-4cde-b386-91bb563b8f41] c.hify.common.RequestLoggingFilter - http.request method=GET path=/api/v1/runs/caa942b4-a9f3-46eb-9ad9-3b8105f9f345 status=200 latencyMs=2
2026-10-07T13:29:26.440+08:00 INFO  [main] [requestId=150732ae-eca8-4b30-9e05-0ef0f20058e7] c.hify.common.RequestLoggingFilter - http.request method=GET path=/api/v1/runs/caa942b4-a9f3-46eb-9ad9-3b8105f9f345 status=200 latencyMs=7
2026-10-07T13:29:26.459+08:00 INFO  [main] [requestId=1ebdebf8-c36a-4d5e-be29-6e60cdf98429] c.hify.common.RequestLoggingFilter - http.request method=POST path=/api/v1/conversations status=201 latencyMs=17
2026-10-07T13:29:26.511+08:00 INFO  [main] [requestId=30bbdf17-5ea8-4f76-b902-2736a8de672e] c.hify.common.RequestLoggingFilter - http.request method=POST path=/api/v1/conversations/35db164a-591a-4d95-8a9e-15ee0ea79648/runs status=202 latencyMs=50
2026-10-07T13:29:26.518+08:00 INFO  [main] [requestId=0177a7fd-079a-455e-88d8-93076c373655] c.hify.common.RequestLoggingFilter - http.request method=GET path=/api/v1/runs/104ae828-3f77-4ebb-8022-b0d31c34c824 status=200 latencyMs=4
2026-10-07T13:29:26.693+08:00 INFO  [main] [requestId=0dac7dfb-ffa7-463c-9908-6c57033136e5] c.hify.common.RequestLoggingFilter - http.request method=GET path=/api/v1/runs/104ae828-3f77-4ebb-8022-b0d31c34c824 status=200 latencyMs=4
2026-10-07T13:29:26.706+08:00 INFO  [main] [requestId=a56f169c-b26f-4073-b08f-ad7970df1675] c.hify.common.RequestLoggingFilter - http.request method=GET path=/api/v1/workflows/f5559fd9-a3c5-426b-ad88-0b4c3c5374f2 status=200 latencyMs=10
2026-10-07T13:29:26.721+08:00 INFO  [main] [requestId=be057782-8ce1-49c4-89b7-c62f266b9bf8] c.hify.common.RequestLoggingFilter - http.request method=DELETE path=/api/v1/knowledge-bases/0fe720a6-0e05-4dab-bb78-f8534faf96b7 status=200 latencyMs=13
2026-10-07T13:29:26.761+08:00 INFO  [main] [requestId=21d48bbd-06c0-45dd-9722-f1b49d79e020] c.hify.common.RequestLoggingFilter - http.request method=POST path=/api/v1/workflow-versions/a27a63d7-0700-4a9f-8bc5-a53eb38e52d8/runs status=202 latencyMs=38
2026-10-07T13:29:26.780+08:00 INFO  [main] [requestId=6fb02e54-42d8-4b0f-b5b2-015ec6e1ce09] c.hify.common.RequestLoggingFilter - http.request method=POST path=/api/v1/workflows/f5559fd9-a3c5-426b-ad88-0b4c3c5374f2/versions status=404 latencyMs=13
2026-10-07T13:29:26.882+08:00 INFO  [main] [requestId=0a304385-570d-430e-b2db-3ffe0b9062f6] c.hify.common.RequestLoggingFilter - http.request method=POST path=/api/v1/knowledge-bases status=201 latencyMs=8
2026-10-07T13:29:26.899+08:00 INFO  [main] [requestId=ec49d5a2-dbfb-496a-88d1-12bf60b7ccf3] c.hify.common.RequestLoggingFilter - http.request method=POST path=/api/v1/knowledge-bases/d5fadff2-02bb-4acd-9469-be19b9de38c6/documents status=202 latencyMs=15
2026-10-07T13:29:26.905+08:00 INFO  [main] [requestId=006d3a45-6933-43ed-a518-a84372391da8] c.hify.common.RequestLoggingFilter - http.request method=GET path=/api/v1/documents/47617082-3d87-4716-a5ea-c8b7ba004663 status=200 latencyMs=5
2026-10-07T13:29:26.963+08:00 INFO  [main] [requestId=0cd7c0ca-cac1-40d9-9e8d-752bcaaab7dd] c.hify.common.RequestLoggingFilter - http.request method=GET path=/api/v1/documents/47617082-3d87-4716-a5ea-c8b7ba004663 status=200 latencyMs=18
2026-10-07T13:29:27.005+08:00 INFO  [main] [requestId=460317a8-33ba-449b-ac56-37f4bd94e04d] c.hify.common.RequestLoggingFilter - http.request method=POST path=/api/v1/workflows status=201 latencyMs=39
2026-10-07T13:29:27.037+08:00 INFO  [main] [requestId=e073574f-9f4a-48e9-ba5f-426a10aab2ee] c.hify.common.RequestLoggingFilter - http.request method=POST path=/api/v1/workflows/cfc9200b-a984-4cbd-91b8-b754cd767a30/versions status=200 latencyMs=31
2026-10-07T13:29:27.113+08:00 INFO  [main] [requestId=59501d7e-e7e0-4603-a55c-ae05005af967] c.hify.common.RequestLoggingFilter - http.request method=POST path=/api/v1/workflow-versions/31c8cfc1-ca32-4e81-99aa-b60e5b98db46/runs status=202 latencyMs=66
2026-10-07T13:29:27.159+08:00 INFO  [main] [requestId=9f3cde2b-6752-4e86-97b9-da79b41f8f0f] c.hify.common.RequestLoggingFilter - http.request method=POST path=/api/v1/knowledge-bases status=201 latencyMs=15
2026-10-07T13:29:27.182+08:00 INFO  [main] [requestId=95b3329b-07b7-469f-b638-84f8052c36dd] c.hify.common.RequestLoggingFilter - http.request method=POST path=/api/v1/knowledge-bases/a6335cae-58d1-4736-8977-1a4b155ca14d/documents status=202 latencyMs=21
2026-10-07T13:29:27.187+08:00 INFO  [main] [requestId=1ff8755b-4a08-415c-bdfa-b0c5bb73bf9e] c.hify.common.RequestLoggingFilter - http.request method=GET path=/api/v1/documents/02180d8f-c10b-4172-b2bf-1eb5f70223cb status=200 latencyMs=3
2026-10-07T13:29:27.381+08:00 INFO  [main] [requestId=78c4a25e-9a86-48ab-a580-1fa917c7eeca] c.hify.common.RequestLoggingFilter - http.request method=GET path=/api/v1/documents/02180d8f-c10b-4172-b2bf-1eb5f70223cb status=200 latencyMs=20
2026-10-07T13:29:27.408+08:00 INFO  [main] [requestId=c28b0b3d-057a-4709-8a1e-38f056ef26ad] c.hify.common.RequestLoggingFilter - http.request method=POST path=/api/v1/workflows status=201 latencyMs=24
2026-10-07T13:29:27.431+08:00 INFO  [main] [requestId=849890a4-92ec-457e-93f7-2fcfedaade9f] c.hify.common.RequestLoggingFilter - http.request method=POST path=/api/v1/workflows/e9d0f98f-3f2a-4e2c-8aa4-18d6cc711a2d/versions status=200 latencyMs=22
2026-10-07T13:29:27.538+08:00 INFO  [main] [requestId=d4ff68fa-1980-4323-a7cd-eaa2d209085d] c.hify.common.RequestLoggingFilter - http.request method=POST path=/api/v1/workflow-versions/84f767ae-f47b-4bee-898e-d8a7284f6e51/runs status=202 latencyMs=102
2026-10-07T13:29:27.671+08:00 INFO  [main] [requestId=bd14eef4-a89e-435d-a853-ce562a0ab4e5] c.hify.common.RequestLoggingFilter - http.request method=POST path=/api/v1/knowledge-bases status=201 latencyMs=25
2026-10-07T13:29:27.715+08:00 INFO  [main] [requestId=cced1d14-b375-4c13-9deb-baa452d0bfb4] c.hify.common.RequestLoggingFilter - http.request method=POST path=/api/v1/knowledge-bases/88c48b4d-8da3-4e0f-adb1-3c8a758771cb/documents status=202 latencyMs=41
2026-10-07T13:29:27.728+08:00 INFO  [main] [requestId=748e4e40-29c5-42b2-9d89-eed9da21ee76] c.hify.common.RequestLoggingFilter - http.request method=GET path=/api/v1/documents/21f523b2-a3e8-4e88-8674-66ab76c74100 status=200 latencyMs=11
2026-10-07T13:29:27.878+08:00 INFO  [main] [requestId=1e74d5ae-7afa-4877-beed-4ac0aaca7781] c.hify.common.RequestLoggingFilter - http.request method=GET path=/api/v1/documents/21f523b2-a3e8-4e88-8674-66ab76c74100 status=200 latencyMs=9
2026-10-07T13:29:27.894+08:00 INFO  [main] [requestId=cf90ab33-dca4-43f4-b9cd-e4546ce417bb] c.hify.common.RequestLoggingFilter - http.request method=POST path=/api/v1/workflows status=201 latencyMs=14
2026-10-07T13:29:28.014+08:00 INFO  [main] [requestId=e283bb6e-3b10-4605-8e49-283cec5011f9] c.hify.common.RequestLoggingFilter - http.request method=POST path=/api/v1/workflows/87a88916-d8b7-4626-828d-658924f97561/versions status=200 latencyMs=118
2026-10-07T13:29:28.068+08:00 INFO  [main] [requestId=df2fbfd7-8cc6-4c70-91a8-10f0d9b12f75] c.hify.common.RequestLoggingFilter - http.request method=POST path=/api/v1/workflow-versions/8a2f78f5-8524-4912-b07d-3ec56cf67a33/runs status=202 latencyMs=47
2026-10-07T13:29:28.150+08:00 INFO  [main] [requestId=15d9b135-0396-4f02-8485-d76308d354c7] c.hify.common.RequestLoggingFilter - http.request method=POST path=/api/v1/knowledge-bases status=201 latencyMs=25
2026-10-07T13:29:28.189+08:00 INFO  [main] [requestId=ea1d72fc-7658-4e61-8a90-7fb84c9cd5da] c.hify.common.RequestLoggingFilter - http.request method=POST path=/api/v1/knowledge-bases/e12f2dcb-2db5-458f-83f9-1c940a0fe0b6/documents status=202 latencyMs=38
2026-10-07T13:29:28.204+08:00 INFO  [main] [requestId=32f7a68b-beeb-46de-bda1-810507d0b5b7] c.hify.common.RequestLoggingFilter - http.request method=GET path=/api/v1/documents/6257fa30-30e2-4094-a6c7-b99def648a6d status=200 latencyMs=13
2026-10-07T13:29:28.372+08:00 INFO  [main] [requestId=7154a5ff-f3bf-4739-9595-f3fab3d01be7] c.hify.common.RequestLoggingFilter - http.request method=GET path=/api/v1/documents/6257fa30-30e2-4094-a6c7-b99def648a6d status=200 latencyMs=21
2026-10-07T13:29:28.483+08:00 INFO  [main] [requestId=00d7851a-9d90-4c22-8a20-d4b538d15316] c.hify.common.RequestLoggingFilter - http.request method=POST path=/api/v1/workflows status=201 latencyMs=98
2026-10-07T13:29:28.531+08:00 INFO  [main] [requestId=e497f754-74b7-43b3-bbb7-358ef6dbaa97] c.hify.common.RequestLoggingFilter - http.request method=POST path=/api/v1/workflows/c2a41ed1-ac95-4b16-b063-8e6d6495c2a5/versions status=200 latencyMs=45
2026-10-07T13:29:28.560+08:00 INFO  [main] [requestId=a904a64c-bdfb-4845-86c7-a9fc0a356129] c.hify.common.RequestLoggingFilter - http.request method=POST path=/api/v1/knowledge-bases status=201 latencyMs=20
2026-10-07T13:29:28.670+08:00 INFO  [main] [requestId=67a62679-8c27-4f19-ba5f-8d1448081521] c.hify.common.RequestLoggingFilter - http.request method=POST path=/api/v1/workflow-versions/12a87f5f-b103-4a1f-8fdf-896e10081f30/runs status=202 latencyMs=99
2026-10-07T13:29:28.715+08:00 INFO  [main] [requestId=33c4cd19-8154-4663-ace7-527f201d9c21] c.hify.common.RequestLoggingFilter - http.request method=POST path=/api/v1/knowledge-bases status=201 latencyMs=5
2026-10-07T13:29:28.723+08:00 INFO  [main] [requestId=b59b3126-8258-48a2-b736-1a26e4836407] c.hify.common.RequestLoggingFilter - http.request method=POST path=/api/v1/knowledge-bases/eda40eeb-a8df-4b33-8164-434bbdbc6ca6/documents status=202 latencyMs=7
2026-10-07T13:29:28.728+08:00 INFO  [main] [requestId=12625d3a-e864-4061-ad12-cb88ad5b6cca] c.hify.common.RequestLoggingFilter - http.request method=GET path=/api/v1/documents/97a41014-e6c6-4882-8cf1-a8d325392014 status=200 latencyMs=4
2026-10-07T13:29:28.834+08:00 INFO  [main] [requestId=d41221c5-b2a4-4961-b361-483a89c15308] c.hify.common.RequestLoggingFilter - http.request method=GET path=/api/v1/documents/97a41014-e6c6-4882-8cf1-a8d325392014 status=200 latencyMs=4
2026-10-07T13:29:28.847+08:00 INFO  [main] [requestId=0be1bec6-c6fa-40d9-9f80-e133a949e41a] c.hify.common.RequestLoggingFilter - http.request method=POST path=/api/v1/workflows status=201 latencyMs=12
2026-10-07T13:29:28.872+08:00 INFO  [main] [requestId=7d6a10dc-cae4-4227-b42d-b0c6eb8027b3] c.hify.common.RequestLoggingFilter - http.request method=POST path=/api/v1/workflows/cf6f7bf8-fab0-4810-a8bb-8df310af3885/versions status=404 latencyMs=24
2026-10-07T13:29:28.905+08:00 INFO  [main] [requestId=13656685-d8ff-4f23-bcb6-d0840cdf277d] c.hify.common.RequestLoggingFilter - http.request method=POST path=/api/v1/knowledge-bases status=201 latencyMs=6
2026-10-07T13:29:28.917+08:00 INFO  [main] [requestId=9eca8643-6c5d-422d-8381-d2478db4e57f] c.hify.common.RequestLoggingFilter - http.request method=POST path=/api/v1/knowledge-bases/0ab19be5-4ee1-404d-9a67-57518c93cf50/documents status=202 latencyMs=11
2026-10-07T13:29:28.932+08:00 INFO  [main] [requestId=0a6789d7-be86-46c9-803d-597b9fd7931e] c.hify.common.RequestLoggingFilter - http.request method=GET path=/api/v1/documents/b57b5243-f194-4543-b54e-ec19db4878f7 status=200 latencyMs=14
2026-10-07T13:29:29.100+08:00 INFO  [main] [requestId=28e91248-5b8f-4951-91ba-7092388f58ca] c.hify.common.RequestLoggingFilter - http.request method=GET path=/api/v1/documents/b57b5243-f194-4543-b54e-ec19db4878f7 status=200 latencyMs=3
2026-10-07T13:29:29.110+08:00 INFO  [main] [requestId=9d995397-921e-4ae2-83af-1aa161d21734] c.hify.common.RequestLoggingFilter - http.request method=POST path=/api/v1/workflows status=201 latencyMs=9
2026-10-07T13:29:29.130+08:00 INFO  [main] [requestId=24debe9c-a77e-4ac1-8066-aecfc3fcf2da] c.hify.common.RequestLoggingFilter - http.request method=POST path=/api/v1/workflows/1e890b73-36d2-4598-9828-3fb520268cd8/versions status=200 latencyMs=19
2026-10-07T13:29:29.180+08:00 INFO  [main] [requestId=b0350c57-53fb-4305-913f-04e74de9ccb8] c.hify.common.RequestLoggingFilter - http.request method=POST path=/api/v1/workflow-versions/51df0272-3206-40ec-917d-8dd8789e058d/runs status=202 latencyMs=49
2026-10-07T13:29:29.209+08:00 INFO  [main] [requestId=e2d797fb-927c-45ef-9c3b-d46c10b91c5d] c.hify.common.RequestLoggingFilter - http.request method=POST path=/api/v1/workflow-versions/51df0272-3206-40ec-917d-8dd8789e058d/runs status=202 latencyMs=27
2026-10-07T13:29:29.221+08:00 INFO  [main] [requestId=34f4ad4f-5df3-4629-b94b-43a38a6de27b] c.hify.common.RequestLoggingFilter - http.request method=POST path=/api/v1/knowledge-bases status=201 latencyMs=3
2026-10-07T13:29:29.226+08:00 INFO  [main] [requestId=e75283c7-2c5d-4024-9e84-689451c4da58] c.hify.common.RequestLoggingFilter - http.request method=POST path=/api/v1/knowledge-bases/9fc22f58-d9ee-43b9-83e8-6d9f6f891a55/documents status=202 latencyMs=4
2026-10-07T13:29:29.230+08:00 INFO  [main] [requestId=3292f539-9d59-4f86-8357-cbbcca986a28] c.hify.common.RequestLoggingFilter - http.request method=GET path=/api/v1/documents/bb402520-3b6c-4378-90d1-a472fee85488 status=200 latencyMs=3
2026-10-07T13:29:29.391+08:00 INFO  [main] [requestId=5b90e192-3aa4-4be3-a087-ff47062a9cf7] c.hify.common.RequestLoggingFilter - http.request method=GET path=/api/v1/documents/bb402520-3b6c-4378-90d1-a472fee85488 status=200 latencyMs=10
2026-10-07T13:29:29.986+08:00 INFO  [main] [requestId=7df314ba-e1cc-4e3d-a823-3442c84032cf] c.hify.common.RequestLoggingFilter - http.request method=DELETE path=/api/v1/documents/bb402520-3b6c-4378-90d1-a472fee85488 status=200 latencyMs=9
2026-10-07T13:29:29.997+08:00 INFO  [main] [requestId=6662e629-aeba-4815-8f50-618881f96557] c.hify.common.RequestLoggingFilter - http.request method=POST path=/api/v1/knowledge-bases/9fc22f58-d9ee-43b9-83e8-6d9f6f891a55/documents status=202 latencyMs=9
2026-10-07T13:29:30.001+08:00 INFO  [main] [requestId=caa219a7-107c-47c8-9379-4c6a01f5f4f2] c.hify.common.RequestLoggingFilter - http.request method=GET path=/api/v1/documents/474261aa-9c0b-4822-a758-4bc9127a52b0 status=200 latencyMs=2
2026-10-07T13:29:30.158+08:00 INFO  [main] [requestId=f72e050c-10fd-46dd-be85-a85c30f899d4] c.hify.common.RequestLoggingFilter - http.request method=GET path=/api/v1/documents/474261aa-9c0b-4822-a758-4bc9127a52b0 status=200 latencyMs=4
2026-10-07T13:29:30.332+08:00 INFO  [main] [requestId=01b44114-72e4-4d71-b484-72f40891c093] c.hify.common.RequestLoggingFilter - http.request method=POST path=/api/v1/knowledge-bases status=201 latencyMs=15
2026-10-07T13:29:30.375+08:00 INFO  [main] [requestId=e2820266-94c1-4edf-85f2-219471056c8b] c.hify.common.RequestLoggingFilter - http.request method=POST path=/api/v1/workflows status=201 latencyMs=39
2026-10-07T13:29:30.394+08:00 INFO  [main] [requestId=cac47850-4725-4e05-a93a-1e2da7787da7] c.hify.common.RequestLoggingFilter - http.request method=POST path=/api/v1/workflows/a42fead4-4946-4f65-9489-1e113be1b988/versions status=200 latencyMs=18
2026-10-07T13:29:30.425+08:00 INFO  [main] [requestId=713b8d4a-93be-4ae6-879f-f9e217d8cd63] c.hify.common.RequestLoggingFilter - http.request method=POST path=/api/v1/workflow-versions/412cf182-3c1f-446d-ba76-fbf8fb314e4f/runs status=202 latencyMs=28
2026-10-07T13:29:30.445+08:00 INFO  [main] [requestId=41713383-0835-4209-8eb3-f1e08386769e] c.hify.common.RequestLoggingFilter - http.request method=POST path=/api/v1/knowledge-bases status=201 latencyMs=8
2026-10-07T13:29:30.456+08:00 INFO  [main] [requestId=df89c203-0e31-47b1-8850-cc212ddf677c] c.hify.common.RequestLoggingFilter - http.request method=POST path=/api/v1/knowledge-bases/cc1524c9-871c-4ac7-b5c1-76071a243f1c/documents status=202 latencyMs=9
2026-10-07T13:29:30.459+08:00 INFO  [main] [requestId=f9eaf413-a697-4700-831c-22b4c615da65] c.hify.common.RequestLoggingFilter - http.request method=GET path=/api/v1/documents/7c5c021e-5e68-4897-8ca5-967d5a705a1d status=200 latencyMs=2
2026-10-07T13:29:30.565+08:00 INFO  [main] [requestId=9c256b7b-509a-4f1e-9e77-191c78a8c645] c.hify.common.RequestLoggingFilter - http.request method=GET path=/api/v1/documents/7c5c021e-5e68-4897-8ca5-967d5a705a1d status=200 latencyMs=9
2026-10-07T13:29:31.463+08:00 INFO  [main] [requestId=4924fe1d-da4a-49ef-822a-c7fe4c68cfd6] c.hify.common.RequestLoggingFilter - http.request method=POST path=/api/v1/knowledge-bases status=201 latencyMs=11
2026-10-07T13:29:31.709+08:00 INFO  [main] [requestId=3bc2ba3f-1b91-4323-828e-1ad92efd0c07] c.hify.common.RequestLoggingFilter - http.request method=POST path=/api/v1/knowledge-bases status=201 latencyMs=12
2026-10-07T13:29:31.719+08:00 INFO  [main] [requestId=b6d559a9-ce7e-4839-93c7-2b3f771fe303] c.hify.common.RequestLoggingFilter - http.request method=POST path=/api/v1/knowledge-bases/f342d1a3-ccf5-467e-9fc0-37dcf2bca2c6/documents status=202 latencyMs=8
2026-10-07T13:29:31.724+08:00 INFO  [main] [requestId=145a89c2-199d-46bb-be92-ce9ba4e0d9d6] c.hify.common.RequestLoggingFilter - http.request method=GET path=/api/v1/documents/4eaec41d-4f03-4c75-9827-ce3176826519 status=200 latencyMs=3
2026-10-07T13:29:31.921+08:00 INFO  [main] [requestId=68f6f69f-5a1e-42e4-8a09-02c640679415] c.hify.common.RequestLoggingFilter - http.request method=GET path=/api/v1/documents/4eaec41d-4f03-4c75-9827-ce3176826519 status=200 latencyMs=16
2026-10-07T13:29:32.260+08:00 INFO  [main] [requestId=9d7cff48-35a6-490b-b8b5-fc219cd0c8b6] c.hify.common.RequestLoggingFilter - http.request method=POST path=/api/v1/knowledge-bases status=201 latencyMs=16
2026-10-07T13:29:32.269+08:00 INFO  [main] [requestId=0b4eb40e-4833-49f1-a433-cad22e442216] c.hify.common.RequestLoggingFilter - http.request method=POST path=/api/v1/knowledge-bases/6e462be2-afc3-4c75-9452-7b6a733dec19/documents status=202 latencyMs=7
2026-10-07T13:29:32.272+08:00 INFO  [main] [requestId=23c59f95-c245-4244-9583-16a3cb7a50fd] c.hify.common.RequestLoggingFilter - http.request method=GET path=/api/v1/documents/8d63543b-8ba1-4d56-8bbe-49b0838fdafb status=200 latencyMs=2
2026-10-07T13:29:32.425+08:00 INFO  [main] [requestId=b86ac73a-7c12-4983-a852-5b3e80615764] c.hify.common.RequestLoggingFilter - http.request method=GET path=/api/v1/documents/8d63543b-8ba1-4d56-8bbe-49b0838fdafb status=200 latencyMs=3
2026-10-07T13:29:32.545+08:00 INFO  [main] [requestId=9a09b389-e1fa-4549-8aa2-43cba7ba59bc] c.hify.common.RequestLoggingFilter - http.request method=POST path=/api/v1/knowledge-bases status=201 latencyMs=2
2026-10-07T13:29:32.551+08:00 INFO  [main] [requestId=91c1363d-a0de-4442-985e-bfb9c3026d98] c.hify.common.RequestLoggingFilter - http.request method=POST path=/api/v1/knowledge-bases status=201 latencyMs=5
2026-10-07T13:29:32.560+08:00 INFO  [main] [requestId=86c6dd55-a6a6-4bb7-9415-be9b812dccae] c.hify.common.RequestLoggingFilter - http.request method=POST path=/api/v1/knowledge-bases/0bb5054a-a1be-4656-b1ea-cc9839c328d4/documents status=202 latencyMs=7
2026-10-07T13:29:32.564+08:00 INFO  [main] [requestId=2f3b10c8-69e5-4414-bd26-80a99119ba3a] c.hify.common.RequestLoggingFilter - http.request method=GET path=/api/v1/documents/4cf1856e-935d-401c-9d75-b66c9b03ad7a status=200 latencyMs=2
2026-10-07T13:29:32.728+08:00 INFO  [main] [requestId=8c51feea-b48c-4dc9-88bb-a0c7f2c45019] c.hify.common.RequestLoggingFilter - http.request method=GET path=/api/v1/documents/4cf1856e-935d-401c-9d75-b66c9b03ad7a status=200 latencyMs=3
2026-10-07T13:29:33.119+08:00 INFO  [main] [requestId=caaed601-bf2f-45e7-8fd6-890b92edb8e2] c.hify.common.RequestLoggingFilter - http.request method=POST path=/api/v1/knowledge-bases status=201 latencyMs=56
2026-10-07T13:29:33.212+08:00 INFO  [main] [requestId=46b87a8d-d377-4c5e-a626-e2ace05ac609] c.hify.common.RequestLoggingFilter - http.request method=POST path=/api/v1/knowledge-bases/e72ab6bd-efd6-4783-ad53-86f305c5196c/documents status=202 latencyMs=91
2026-10-07T13:29:33.242+08:00 INFO  [main] [requestId=c4692898-8ae4-49e6-bb82-2b8749425c12] c.hify.common.RequestLoggingFilter - http.request method=GET path=/api/v1/documents/db6c64c0-19c8-4f6b-9827-f9469aaa112f status=200 latencyMs=22
2026-10-07T13:29:33.419+08:00 INFO  [main] [requestId=abf8440f-0f7c-48fe-83f3-cd873aeec0b7] c.hify.common.RequestLoggingFilter - http.request method=GET path=/api/v1/documents/db6c64c0-19c8-4f6b-9827-f9469aaa112f status=200 latencyMs=5
2026-10-07T13:29:34.070+08:00 INFO  [main] [requestId=043c6a1c-d480-40f3-92c5-b256ad81e432] c.hify.common.RequestLoggingFilter - http.request method=POST path=/api/v1/knowledge-bases status=201 latencyMs=20
2026-10-07T13:29:34.086+08:00 INFO  [main] [requestId=ba738f3a-7459-4984-8e87-8a7e5c646a5c] c.hify.common.RequestLoggingFilter - http.request method=POST path=/api/v1/knowledge-bases/fad98165-cad0-4274-845d-928d9c95d242/documents status=202 latencyMs=12
2026-10-07T13:29:34.092+08:00 INFO  [main] [requestId=4f3c3a01-b692-49c6-9adc-a3a942101801] c.hify.common.RequestLoggingFilter - http.request method=GET path=/api/v1/documents/825aba9a-20dc-40a7-bfeb-c757367fbaff status=200 latencyMs=4
2026-10-07T13:29:34.201+08:00 INFO  [main] [requestId=5e1f3958-4f72-41ce-8ddd-9483993d34af] c.hify.common.RequestLoggingFilter - http.request method=GET path=/api/v1/documents/825aba9a-20dc-40a7-bfeb-c757367fbaff status=200 latencyMs=2
2026-10-07T13:29:34.719+08:00 INFO  [main] [requestId=8fd6e437-25eb-4276-966b-e51ca0438573] c.hify.common.RequestLoggingFilter - http.request method=POST path=/api/v1/knowledge-bases status=201 latencyMs=19
2026-10-07T13:29:34.897+08:00 INFO  [main] [requestId=466b2d74-f930-486e-9fc1-e3ca438b0a6e] c.hify.common.RequestLoggingFilter - http.request method=POST path=/api/v1/knowledge-bases status=201 latencyMs=4
[INFO] Tests run: 22, Failures: 0, Errors: 0, Skipped: 0, Time elapsed: 38.21 s -- in com.hify.api.KnowledgeShutdownPostgresTest
[INFO] Running com.hify.api.HistoryRecoveryMigrationTest
2026-10-07T13:29:36.251+08:00 INFO  [main] [requestId=] org.flywaydb.core.FlywayExecutor - Database: jdbc:h2:mem:history-upgrade-d9e286bf-8f86-4383-9e84-84c4d030df3e (H2 2.3)
2026-10-07T13:29:36.258+08:00 WARN  [main] [requestId=] o.f.c.i.database.base.Database - Flyway upgrade recommended: H2 2.3.232 is newer than this version of Flyway and support has not been tested. The latest supported version of H2 is 2.2.224.
2026-10-07T13:29:36.293+08:00 INFO  [main] [requestId=] o.f.c.i.s.JdbcTableSchemaHistory - Schema history table "PUBLIC"."flyway_schema_history" does not exist yet
2026-10-07T13:29:36.294+08:00 INFO  [main] [requestId=] o.f.core.internal.command.DbValidate - Successfully validated 24 migrations (execution time 00:00.027s)
2026-10-07T13:29:36.311+08:00 INFO  [main] [requestId=] o.f.c.i.s.JdbcTableSchemaHistory - Creating Schema History table "PUBLIC"."flyway_schema_history" ...
2026-10-07T13:29:36.346+08:00 INFO  [main] [requestId=] o.f.core.internal.command.DbMigrate - Current version of schema "PUBLIC": << Empty Schema >>
2026-10-07T13:29:36.350+08:00 INFO  [main] [requestId=] o.f.core.internal.command.DbMigrate - Migrating schema "PUBLIC" to version "1 - baseline"
2026-10-07T13:29:36.624+08:00 INFO  [main] [requestId=] o.f.core.internal.command.DbMigrate - Migrating schema "PUBLIC" to version "2 - demo item"
2026-10-07T13:29:36.630+08:00 INFO  [main] [requestId=] o.f.core.internal.command.DbMigrate - Migrating schema "PUBLIC" to version "3 - run replan control"
2026-10-07T13:29:36.639+08:00 INFO  [main] [requestId=] o.f.core.internal.command.DbMigrate - Migrating schema "PUBLIC" to version "4 - run context state"
2026-10-07T13:29:36.656+08:00 INFO  [main] [requestId=] o.f.core.internal.command.DbMigrate - Migrating schema "PUBLIC" to version "5 - provider catalog"
2026-10-07T13:29:36.665+08:00 INFO  [main] [requestId=] o.f.core.internal.command.DbMigrate - Migrating schema "PUBLIC" to version "6 - agent publishing"
2026-10-07T13:29:36.687+08:00 INFO  [main] [requestId=] o.f.core.internal.command.DbMigrate - Migrating schema "PUBLIC" to version "7 - agent archive and tool bindings"
2026-10-07T13:29:36.691+08:00 INFO  [main] [requestId=] o.f.core.internal.command.DbMigrate - Migrating schema "PUBLIC" to version "8 - backfill agent tool bindings"
2026-10-07T13:29:36.693+08:00 INFO  [main] [requestId=] o.f.core.internal.command.DbMigrate - Migrating schema "PUBLIC" to version "9 - runtime capability and history"
2026-10-07T13:29:36.702+08:00 INFO  [main] [requestId=] o.f.core.internal.command.DbMigrate - Migrating schema "PUBLIC" to version "10 - child agent task protocol"
2026-10-07T13:29:36.711+08:00 INFO  [main] [requestId=] o.f.core.internal.command.DbMigrate - Migrating schema "PUBLIC" to version "11 - context memory catalog"
2026-10-07T13:29:36.719+08:00 INFO  [main] [requestId=] o.f.core.internal.command.DbMigrate - Migrating schema "PUBLIC" to version "12 - history full text index"
2026-10-07T13:29:36.722+08:00 INFO  [main] [requestId=] o.f.core.internal.command.DbMigrate - Migrating schema "PUBLIC" to version "13 - history vector index"
2026-10-07T13:29:36.725+08:00 INFO  [main] [requestId=] o.f.core.internal.command.DbMigrate - Migrating schema "PUBLIC" to version "14 - knowledge catalog"
2026-10-07T13:29:36.733+08:00 INFO  [main] [requestId=] o.f.core.internal.command.DbMigrate - Migrating schema "PUBLIC" to version "15 - knowledge search indexes"
2026-10-07T13:29:36.735+08:00 INFO  [main] [requestId=] o.f.core.internal.command.DbMigrate - Migrating schema "PUBLIC" to version "16 - workflow runtime"
2026-10-07T13:29:36.742+08:00 INFO  [main] [requestId=] o.f.core.internal.command.DbMigrate - Migrating schema "PUBLIC" to version "17 - mcp server registry"
2026-10-07T13:29:36.747+08:00 INFO  [main] [requestId=] o.f.core.internal.command.DbMigrate - Migrating schema "PUBLIC" to version "18 - agent knowledge capability"
2026-10-07T13:29:36.754+08:00 INFO  [main] [requestId=] o.f.core.internal.command.DbMigrate - Migrating schema "PUBLIC" to version "19 - agent workflow mcp capabilities"
2026-10-07T13:29:36.758+08:00 INFO  [main] [requestId=] o.f.core.internal.command.DbMigrate - Migrating schema "PUBLIC" to version "20 - mcp encrypted credentials"
2026-10-07T13:29:36.761+08:00 INFO  [main] [requestId=] o.f.core.internal.command.DbMigrate - Migrating schema "PUBLIC" to version "21 - workflow control terminal states"
2026-10-07T13:29:36.764+08:00 INFO  [main] [requestId=] o.f.core.internal.command.DbMigrate - Migrating schema "PUBLIC" to version "22 - workflow interrupted state"
2026-10-07T13:29:36.765+08:00 INFO  [main] [requestId=] o.f.core.internal.command.DbMigrate - Successfully applied 22 migrations to schema "PUBLIC", now at version v22 (execution time 00:00.356s)
2026-10-07T13:29:36.781+08:00 INFO  [main] [requestId=] org.flywaydb.core.FlywayExecutor - Database: jdbc:h2:mem:history-upgrade-d9e286bf-8f86-4383-9e84-84c4d030df3e (H2 2.3)
2026-10-07T13:29:36.782+08:00 WARN  [main] [requestId=] o.f.c.i.database.base.Database - Flyway upgrade recommended: H2 2.3.232 is newer than this version of Flyway and support has not been tested. The latest supported version of H2 is 2.2.224.
2026-10-07T13:29:36.791+08:00 INFO  [main] [requestId=] o.f.core.internal.command.DbValidate - Successfully validated 24 migrations (execution time 00:00.008s)
2026-10-07T13:29:36.792+08:00 INFO  [main] [requestId=] o.f.core.internal.command.DbMigrate - Current version of schema "PUBLIC": 22
2026-10-07T13:29:36.793+08:00 INFO  [main] [requestId=] o.f.core.internal.command.DbMigrate - Migrating schema "PUBLIC" to version "23 - history operation recovery"
2026-10-07T13:29:36.806+08:00 INFO  [main] [requestId=] o.f.core.internal.command.DbMigrate - Migrating schema "PUBLIC" to version "24 - semantic embedding profiles"
2026-10-07T13:29:36.826+08:00 INFO  [main] [requestId=] o.f.core.internal.command.DbMigrate - Successfully applied 2 migrations to schema "PUBLIC", now at version v24 (execution time 00:00.021s)
[INFO] Tests run: 1, Failures: 0, Errors: 0, Skipped: 0, Time elapsed: 1.140 s -- in com.hify.api.HistoryRecoveryMigrationTest
[INFO] Running com.hify.api.WorkflowKnowledgeReviewPostgresTest
2026-10-07T13:29:36.841+08:00 INFO  [main] [requestId=] o.s.t.c.s.AnnotationConfigContextLoaderUtils - Could not detect default configuration classes for test class [com.hify.api.WorkflowKnowledgeReviewPostgresTest]: WorkflowKnowledgeReviewPostgresTest does not declare any static, non-private, non-final, nested classes annotated with @Configuration.
2026-10-07T13:29:36.848+08:00 INFO  [main] [requestId=] o.s.b.t.c.SpringBootTestContextBootstrapper - Found @SpringBootConfiguration com.hify.HifyApplication for test class com.hify.api.WorkflowKnowledgeReviewPostgresTest
2026-10-07T13:29:36.851+08:00 INFO  [main] [requestId=] tc.pgvector/pgvector:pg16 - Creating container for image: pgvector/pgvector:pg16
2026-10-07T13:29:36.944+08:00 INFO  [main] [requestId=] tc.pgvector/pgvector:pg16 - Container pgvector/pgvector:pg16 is starting: d2421551435c24e7f87b04b6b69feb39e068b88fe014de5fe0fff12e6222f780
2026-10-07T13:29:38.037+08:00 INFO  [main] [requestId=] tc.pgvector/pgvector:pg16 - Container pgvector/pgvector:pg16 started in PT1.186347S
2026-10-07T13:29:38.045+08:00 INFO  [main] [requestId=] tc.pgvector/pgvector:pg16 - Container is started (JDBC URL: jdbc:postgresql://127.0.0.1:32770/workflow_review?loggerLevel=OFF)

  .   ____          _            __ _ _
 /\\ / ___'_ __ _ _(_)_ __  __ _ \ \ \ \
( ( )\___ | '_ | '_| | '_ \/ _` | \ \ \ \
 \\/  ___)| |_)| | | | | || (_| |  ) ) ) )
  '  |____| .__|_| |_|_| |_\__, | / / / /
 =========|_|==============|___/=/_/_/_/

 :: Spring Boot ::                (v3.4.5)

2026-10-07T13:29:38.401+08:00 INFO  [main] [requestId=] c.h.a.WorkflowKnowledgeReviewPostgresTest - Starting WorkflowKnowledgeReviewPostgresTest using Java 17.0.19 with PID 97516 (started by weberzhao in /private/tmp/hify-course-20261006.hhEhwt/retrieval-worktree/backend/hify-app)
2026-10-07T13:29:38.401+08:00 INFO  [main] [requestId=] c.h.a.WorkflowKnowledgeReviewPostgresTest - No active profile set, falling back to 1 default profile: "default"
2026-10-07T13:29:40.266+08:00 INFO  [main] [requestId=] o.s.d.r.c.RepositoryConfigurationDelegate - Multiple Spring Data modules found, entering strict repository configuration mode
2026-10-07T13:29:40.266+08:00 INFO  [main] [requestId=] o.s.d.r.c.RepositoryConfigurationDelegate - Bootstrapping Spring Data JPA repositories in DEFAULT mode.
2026-10-07T13:29:40.350+08:00 INFO  [main] [requestId=] o.s.d.r.c.RepositoryConfigurationDelegate - Finished Spring Data repository scanning in 80 ms. Found 34 JPA repository interfaces.
2026-10-07T13:29:40.701+08:00 INFO  [main] [requestId=] com.zaxxer.hikari.HikariDataSource - HikariPool-2 - Starting...
2026-10-07T13:29:40.734+08:00 INFO  [main] [requestId=] com.zaxxer.hikari.pool.HikariPool - HikariPool-2 - Added connection org.postgresql.jdbc.PgConnection@a7c3e37
2026-10-07T13:29:40.734+08:00 INFO  [main] [requestId=] com.zaxxer.hikari.HikariDataSource - HikariPool-2 - Start completed.
2026-10-07T13:29:40.741+08:00 INFO  [main] [requestId=] org.flywaydb.core.FlywayExecutor - Database: jdbc:postgresql://127.0.0.1:32770/workflow_review?loggerLevel=OFF (PostgreSQL 16.15)
2026-10-07T13:29:40.755+08:00 INFO  [main] [requestId=] o.f.c.i.s.JdbcTableSchemaHistory - Schema history table "public"."flyway_schema_history" does not exist yet
2026-10-07T13:29:40.756+08:00 INFO  [main] [requestId=] o.f.core.internal.command.DbValidate - Successfully validated 24 migrations (execution time 00:00.005s)
2026-10-07T13:29:40.764+08:00 INFO  [main] [requestId=] o.f.c.i.s.JdbcTableSchemaHistory - Creating Schema History table "public"."flyway_schema_history" ...
2026-10-07T13:29:40.810+08:00 INFO  [main] [requestId=] o.f.core.internal.command.DbMigrate - Current version of schema "public": << Empty Schema >>
2026-10-07T13:29:40.816+08:00 INFO  [main] [requestId=] o.f.core.internal.command.DbMigrate - Migrating schema "public" to version "1 - baseline"
2026-10-07T13:29:40.873+08:00 INFO  [main] [requestId=] o.f.core.internal.command.DbMigrate - Migrating schema "public" to version "2 - demo item"
2026-10-07T13:29:40.887+08:00 INFO  [main] [requestId=] o.f.core.internal.command.DbMigrate - Migrating schema "public" to version "3 - run replan control"
2026-10-07T13:29:40.896+08:00 INFO  [main] [requestId=] o.f.core.internal.command.DbMigrate - Migrating schema "public" to version "4 - run context state"
2026-10-07T13:29:40.911+08:00 INFO  [main] [requestId=] o.f.core.internal.command.DbMigrate - Migrating schema "public" to version "5 - provider catalog"
2026-10-07T13:29:40.964+08:00 INFO  [main] [requestId=] o.f.core.internal.command.DbMigrate - Migrating schema "public" to version "6 - agent publishing"
2026-10-07T13:29:41.006+08:00 INFO  [main] [requestId=] o.f.core.internal.command.DbMigrate - Migrating schema "public" to version "7 - agent archive and tool bindings"
2026-10-07T13:29:41.063+08:00 INFO  [main] [requestId=] o.f.core.internal.command.DbMigrate - Migrating schema "public" to version "8 - backfill agent tool bindings"
2026-10-07T13:29:41.093+08:00 INFO  [main] [requestId=] o.f.core.internal.command.DbMigrate - Migrating schema "public" to version "9 - runtime capability and history"
2026-10-07T13:29:41.110+08:00 INFO  [main] [requestId=] o.f.core.internal.command.DbMigrate - Migrating schema "public" to version "10 - child agent task protocol"
2026-10-07T13:29:41.122+08:00 INFO  [main] [requestId=] o.f.core.internal.command.DbMigrate - Migrating schema "public" to version "11 - context memory catalog"
2026-10-07T13:29:41.161+08:00 INFO  [main] [requestId=] o.f.core.internal.command.DbMigrate - Migrating schema "public" to version "12 - history full text index"
2026-10-07T13:29:41.169+08:00 INFO  [main] [requestId=] o.f.core.internal.command.DbMigrate - Migrating schema "public" to version "13 - history vector index"
2026-10-07T13:29:41.202+08:00 INFO  [main] [requestId=] o.f.core.internal.command.DbMigrate - Migrating schema "public" to version "14 - knowledge catalog"
2026-10-07T13:29:41.216+08:00 INFO  [main] [requestId=] o.f.core.internal.command.DbMigrate - Migrating schema "public" to version "15 - knowledge search indexes"
2026-10-07T13:29:41.226+08:00 INFO  [main] [requestId=] o.f.core.internal.command.DbMigrate - Migrating schema "public" to version "16 - workflow runtime"
2026-10-07T13:29:41.239+08:00 INFO  [main] [requestId=] o.f.core.internal.command.DbMigrate - Migrating schema "public" to version "17 - mcp server registry"
2026-10-07T13:29:41.248+08:00 INFO  [main] [requestId=] o.f.core.internal.command.DbMigrate - Migrating schema "public" to version "18 - agent knowledge capability"
2026-10-07T13:29:41.259+08:00 INFO  [main] [requestId=] o.f.core.internal.command.DbMigrate - Migrating schema "public" to version "19 - agent workflow mcp capabilities"
2026-10-07T13:29:41.272+08:00 INFO  [main] [requestId=] o.f.core.internal.command.DbMigrate - Migrating schema "public" to version "20 - mcp encrypted credentials"
2026-10-07T13:29:41.281+08:00 INFO  [main] [requestId=] o.f.core.internal.command.DbMigrate - Migrating schema "public" to version "21 - workflow control terminal states"
2026-10-07T13:29:41.289+08:00 INFO  [main] [requestId=] o.f.core.internal.command.DbMigrate - Migrating schema "public" to version "22 - workflow interrupted state"
2026-10-07T13:29:41.297+08:00 INFO  [main] [requestId=] o.f.core.internal.command.DbMigrate - Migrating schema "public" to version "23 - history operation recovery"
2026-10-07T13:29:41.304+08:00 INFO  [main] [requestId=] o.f.core.internal.command.DbMigrate - Migrating schema "public" to version "24 - semantic embedding profiles"
2026-10-07T13:29:41.308+08:00 INFO  [main] [requestId=] o.f.core.internal.command.DbMigrate - Successfully applied 24 migrations to schema "public", now at version v24 (execution time 00:00.285s)
2026-10-07T13:29:41.404+08:00 INFO  [main] [requestId=] o.h.jpa.internal.util.LogHelper - HHH000204: Processing PersistenceUnitInfo [name: default]
2026-10-07T13:29:41.427+08:00 INFO  [main] [requestId=] o.h.c.i.RegionFactoryInitiator - HHH000026: Second-level cache disabled
2026-10-07T13:29:41.518+08:00 INFO  [main] [requestId=] o.s.o.j.p.SpringPersistenceUnitInfo - No LoadTimeWeaver setup: ignoring JPA class transformer
2026-10-07T13:29:41.606+08:00 INFO  [main] [requestId=] o.hibernate.orm.connections.pooling - HHH10001005: Database info:
	Database JDBC URL [Connecting through datasource 'HikariDataSource (HikariPool-2)']
	Database driver: undefined/unknown
	Database version: 16.15
	Autocommit mode: undefined/unknown
	Isolation level: undefined/unknown
	Minimum pool size: undefined/unknown
	Maximum pool size: undefined/unknown
2026-10-07T13:29:41.838+08:00 INFO  [main] [requestId=] o.h.e.t.j.p.i.JtaPlatformInitiator - HHH000489: No JTA platform available (set 'hibernate.transaction.jta.platform' to enable JTA platform integration)
2026-10-07T13:29:41.869+08:00 INFO  [main] [requestId=] o.s.o.j.LocalContainerEntityManagerFactoryBean - Initialized JPA EntityManagerFactory for persistence unit 'default'
2026-10-07T13:29:46.236+08:00 INFO  [main] [requestId=] c.b.m.s.MybatisPlusApplicationContextAware - Register ApplicationContext instances org.springframework.web.context.support.GenericWebApplicationContext@40d482c8
2026-10-07T13:29:48.448+08:00 INFO  [main] [requestId=] o.s.b.t.m.w.SpringBootMockServletContext - Initializing Spring TestDispatcherServlet ''
2026-10-07T13:29:48.458+08:00 INFO  [main] [requestId=] o.s.t.w.s.TestDispatcherServlet - Initializing Servlet ''
2026-10-07T13:29:48.471+08:00 INFO  [main] [requestId=] o.s.b.a.e.web.EndpointLinksResolver - Exposing 2 endpoints beneath base path '/actuator'
2026-10-07T13:29:48.504+08:00 INFO  [main] [requestId=] o.s.t.w.s.TestDispatcherServlet - Completed initialization in 45 ms
2026-10-07T13:29:48.723+08:00 INFO  [main] [requestId=] c.h.a.WorkflowKnowledgeReviewPostgresTest - Started WorkflowKnowledgeReviewPostgresTest in 10.629 seconds (process running for 54.988)
2026-10-07T13:29:49.360+08:00 INFO  [main] [requestId=269cc9bf-fb35-4961-9ef3-92292ca30f68] c.hify.common.RequestLoggingFilter - http.request method=POST path=/api/v1/knowledge-bases status=201 latencyMs=98
2026-10-07T13:29:49.741+08:00 INFO  [main] [requestId=9f3923ea-9e30-4369-8a09-af542db0f837] c.hify.common.RequestLoggingFilter - http.request method=POST path=/api/v1/knowledge-bases status=201 latencyMs=13
2026-10-07T13:29:50.069+08:00 INFO  [main] [requestId=4a513dad-72ff-41aa-89d0-71f92869c148] c.hify.common.RequestLoggingFilter - http.request method=POST path=/api/v1/workflows status=201 latencyMs=324
2026-10-07T13:29:50.097+08:00 INFO  [main] [requestId=1eba2ce2-affe-4355-8c61-e91fb33f0450] c.hify.common.RequestLoggingFilter - http.request method=POST path=/api/v1/workflows status=400 latencyMs=25
2026-10-07T13:29:50.101+08:00 INFO  [main] [requestId=b05b6114-82f7-4307-8334-303c155b093d] c.hify.common.RequestLoggingFilter - http.request method=PUT path=/api/v1/workflows/7a8ab20f-ba14-4442-9e32-0dd41c217b96 status=400 latencyMs=2
2026-10-07T13:29:50.119+08:00 INFO  [main] [requestId=f3f2535e-bd00-4e44-a6e6-63a81b26ad40] c.hify.common.RequestLoggingFilter - http.request method=POST path=/api/v1/workflow-versions/2782ee44-d1f7-4824-a091-6204be4ff07c/runs status=409 latencyMs=9
2026-10-07T13:29:50.181+08:00 INFO  [main] [requestId=56baa414-9ca9-4bd7-937d-07d0d33e3476] c.hify.common.RequestLoggingFilter - http.request method=POST path=/api/v1/knowledge-bases status=201 latencyMs=7
2026-10-07T13:29:50.212+08:00 INFO  [main] [requestId=18591107-9886-4cfa-869c-8855d051d215] c.hify.common.RequestLoggingFilter - http.request method=POST path=/api/v1/knowledge-bases/7aeea19e-51bb-466c-840f-7507ebb72875/documents status=202 latencyMs=29
2026-10-07T13:29:50.241+08:00 INFO  [main] [requestId=e9530f00-833b-43e2-9aaf-da6b8f8d6d57] c.hify.common.RequestLoggingFilter - http.request method=GET path=/api/v1/documents/0750de38-fa28-4590-9a6d-44f4042d820b status=200 latencyMs=27
2026-10-07T13:29:50.421+08:00 INFO  [main] [requestId=8f3d7303-c4e6-475a-8570-7cdad624879e] c.hify.common.RequestLoggingFilter - http.request method=GET path=/api/v1/documents/0750de38-fa28-4590-9a6d-44f4042d820b status=200 latencyMs=13
2026-10-07T13:29:50.442+08:00 INFO  [main] [requestId=14be7510-2465-4502-b91b-3261c71587e6] c.hify.common.RequestLoggingFilter - http.request method=GET path=/api/v1/documents/0750de38-fa28-4590-9a6d-44f4042d820b/chunks status=200 latencyMs=19
2026-10-07T13:29:50.466+08:00 INFO  [main] [requestId=04f69666-07d2-45c6-a651-0bdbc4dd88e3] c.hify.common.RequestLoggingFilter - http.request method=DELETE path=/api/v1/documents/0750de38-fa28-4590-9a6d-44f4042d820b status=200 latencyMs=20
2026-10-07T13:29:50.527+08:00 INFO  [main] [requestId=63673c04-0130-46cb-9e14-96058b62fd2b] c.hify.common.RequestLoggingFilter - http.request method=POST path=/api/v1/knowledge-bases status=201 latencyMs=27
2026-10-07T13:29:50.558+08:00 INFO  [main] [requestId=24a3ca73-9bcc-419b-ac63-d0be98332874] c.hify.common.RequestLoggingFilter - http.request method=POST path=/api/v1/knowledge-bases/7049a191-f406-4262-acb4-4e692c6333b5/documents status=202 latencyMs=28
2026-10-07T13:29:50.566+08:00 INFO  [main] [requestId=9461cff6-644f-45e7-9a24-256b3b70df0c] c.hify.common.RequestLoggingFilter - http.request method=GET path=/api/v1/documents/25fca526-9ad7-41ea-a7b8-225c61ba9f99 status=200 latencyMs=6
2026-10-07T13:29:50.752+08:00 INFO  [main] [requestId=06f7f62b-37ee-4f12-b7b5-e97a75738afe] c.hify.common.RequestLoggingFilter - http.request method=GET path=/api/v1/documents/25fca526-9ad7-41ea-a7b8-225c61ba9f99 status=200 latencyMs=28
2026-10-07T13:29:50.849+08:00 INFO  [main] [requestId=24e59056-df6f-4247-88fb-35f2c529a647] c.hify.common.RequestLoggingFilter - http.request method=POST path=/api/v1/workflows status=201 latencyMs=92
2026-10-07T13:29:51.034+08:00 INFO  [main] [requestId=f481e956-8bd4-4e14-ada2-d1b8b61446bd] c.hify.common.RequestLoggingFilter - http.request method=POST path=/api/v1/workflows/b27be022-dd7c-4257-bc82-ba289b8584ee/versions status=200 latencyMs=184
2026-10-07T13:29:51.734+08:00 INFO  [main] [requestId=b5a3c519-e97e-4a1b-aa3a-608a42a1529e] c.hify.common.RequestLoggingFilter - http.request method=POST path=/api/v1/agents status=201 latencyMs=694
2026-10-07T13:29:51.846+08:00 INFO  [main] [requestId=d647d038-e971-41b5-a1ae-66191031031c] c.hify.common.RequestLoggingFilter - http.request method=PUT path=/api/v1/agents/4bc9df60-cd75-42cd-ab78-2c3e5ac9a487/workflow-binding status=200 latencyMs=108
2026-10-07T13:29:51.898+08:00 INFO  [main] [requestId=01a4346b-8c96-4dd8-b1be-1dcf581d519b] c.hify.common.RequestLoggingFilter - http.request method=POST path=/api/v1/agents/4bc9df60-cd75-42cd-ab78-2c3e5ac9a487/publications status=200 latencyMs=51
2026-10-07T13:29:52.001+08:00 INFO  [main] [requestId=5ccf9c35-9435-46d1-a913-b6ea113b3350] c.hify.common.RequestLoggingFilter - http.request method=POST path=/api/v1/conversations status=201 latencyMs=100
2026-10-07T13:29:52.362+08:00 INFO  [main] [requestId=97337b04-a63e-42e2-a459-ae0b349b586b] c.hify.common.RequestLoggingFilter - http.request method=POST path=/api/v1/workflow-versions/fcdc6446-72ad-4e78-a662-04aeab032bfa/runs status=202 latencyMs=360
2026-10-07T13:29:52.468+08:00 INFO  [main] [requestId=35786c57-d3cd-4d2f-9f39-cf5462343513] c.hify.common.RequestLoggingFilter - http.request method=DELETE path=/api/v1/documents/25fca526-9ad7-41ea-a7b8-225c61ba9f99 status=200 latencyMs=101
2026-10-07T13:29:52.484+08:00 INFO  [main] [requestId=edb14755-d2b5-4b98-a74d-ecafbeceadc0] c.hify.common.RequestLoggingFilter - http.request method=POST path=/api/v1/knowledge-bases/7049a191-f406-4262-acb4-4e692c6333b5/documents status=202 latencyMs=15
2026-10-07T13:29:52.537+08:00 INFO  [main] [requestId=257c63f5-ed88-404d-ac6e-6e2b1d5a70a9] c.hify.common.RequestLoggingFilter - http.request method=GET path=/api/v1/documents/a424d23b-5854-4286-9fcc-8c9541b499a4 status=200 latencyMs=51
2026-10-07T13:29:52.720+08:00 INFO  [main] [requestId=1a26d821-734d-4e94-ab1e-5b1fad626a8b] c.hify.common.RequestLoggingFilter - http.request method=GET path=/api/v1/documents/a424d23b-5854-4286-9fcc-8c9541b499a4 status=200 latencyMs=5
2026-10-07T13:29:52.814+08:00 INFO  [main] [requestId=8bf33272-1539-4bc9-b04b-df3cb2824b38] c.hify.common.RequestLoggingFilter - http.request method=POST path=/api/v1/workflow-versions/fcdc6446-72ad-4e78-a662-04aeab032bfa/runs status=202 latencyMs=93
2026-10-07T13:29:52.942+08:00 INFO  [main] [requestId=dc7afb60-badf-4a3b-b3ff-e23864204919] c.hify.common.RequestLoggingFilter - http.request method=POST path=/api/v1/workflows/b27be022-dd7c-4257-bc82-ba289b8584ee/versions status=200 latencyMs=62
2026-10-07T13:29:53.094+08:00 INFO  [main] [requestId=2df7ad74-ea74-4ddc-8e7a-ecc2a99a5861] c.hify.common.RequestLoggingFilter - http.request method=POST path=/api/v1/workflow-versions/22237696-0f17-4a19-89ce-d585ea62c13f/runs status=202 latencyMs=144
2026-10-07T13:29:53.188+08:00 INFO  [main] [requestId=02c409dd-2cda-406b-a748-b95708d72897] c.hify.common.RequestLoggingFilter - http.request method=POST path=/api/v1/agents/4bc9df60-cd75-42cd-ab78-2c3e5ac9a487/publications status=200 latencyMs=88
2026-10-07T13:29:53.312+08:00 INFO  [main] [requestId=fda2bebd-9b28-457f-ac4c-2ae16aa4a61a] c.hify.common.RequestLoggingFilter - http.request method=POST path=/api/v1/conversations/e14a1187-46c3-4cc9-9fae-cf1877df04e7/runs status=202 latencyMs=123
2026-10-07T13:29:53.321+08:00 INFO  [main] [requestId=cd676b81-d752-4f75-9f64-3ce4cb6bd340] c.hify.common.RequestLoggingFilter - http.request method=GET path=/api/v1/runs/f86bfa59-b6ea-4a38-b36b-ceacb1d6f2fe status=200 latencyMs=6
2026-10-07T13:29:53.502+08:00 INFO  [main] [requestId=6c205fc6-c8bb-48a2-8ff2-e6e7d749796e] c.hify.common.RequestLoggingFilter - http.request method=GET path=/api/v1/runs/f86bfa59-b6ea-4a38-b36b-ceacb1d6f2fe status=200 latencyMs=8
2026-10-07T13:29:53.685+08:00 INFO  [main] [requestId=88c85d9c-acf3-431a-a2ca-92f38173fca9] c.hify.common.RequestLoggingFilter - http.request method=GET path=/api/v1/runs/f86bfa59-b6ea-4a38-b36b-ceacb1d6f2fe status=200 latencyMs=7
2026-10-07T13:29:53.699+08:00 INFO  [main] [requestId=e09ed0db-367f-4001-a390-0b3be8233577] c.hify.common.RequestLoggingFilter - http.request method=POST path=/api/v1/conversations status=201 latencyMs=12
2026-10-07T13:29:53.786+08:00 INFO  [main] [requestId=35f7f828-7782-41e1-8cd9-847c777c0416] c.hify.common.RequestLoggingFilter - http.request method=POST path=/api/v1/conversations/2cbc0895-7b9b-4ef1-99b3-c3b433334103/runs status=202 latencyMs=86
2026-10-07T13:29:53.790+08:00 INFO  [main] [requestId=6c35e845-b0b0-42d8-bedf-25024a70ddc6] c.hify.common.RequestLoggingFilter - http.request method=GET path=/api/v1/runs/8e6782af-fca6-4a3e-81be-8b1ee762e943 status=200 latencyMs=3
2026-10-07T13:29:53.960+08:00 INFO  [main] [requestId=2cde01c3-77ba-41c6-a5a9-18e33ed194a7] c.hify.common.RequestLoggingFilter - http.request method=GET path=/api/v1/runs/8e6782af-fca6-4a3e-81be-8b1ee762e943 status=200 latencyMs=37
2026-10-07T13:29:54.003+08:00 INFO  [main] [requestId=f1b79fd2-9b73-463a-8628-61aeb3207e7a] c.hify.common.RequestLoggingFilter - http.request method=GET path=/api/v1/workflows/b27be022-dd7c-4257-bc82-ba289b8584ee status=200 latencyMs=31
2026-10-07T13:29:54.087+08:00 INFO  [main] [requestId=0d68ab6e-fe65-4acf-9d1c-e8efa370b744] c.hify.common.RequestLoggingFilter - http.request method=DELETE path=/api/v1/knowledge-bases/7049a191-f406-4262-acb4-4e692c6333b5 status=200 latencyMs=82
2026-10-07T13:29:54.248+08:00 INFO  [main] [requestId=3e723560-f8f3-4102-a880-6ccc2e0441fa] c.hify.common.RequestLoggingFilter - http.request method=POST path=/api/v1/workflow-versions/fcdc6446-72ad-4e78-a662-04aeab032bfa/runs status=202 latencyMs=158
2026-10-07T13:29:54.267+08:00 INFO  [main] [requestId=25dd6412-b287-4bfd-b644-aed4321c31a5] c.hify.common.RequestLoggingFilter - http.request method=POST path=/api/v1/workflows/b27be022-dd7c-4257-bc82-ba289b8584ee/versions status=404 latencyMs=16
2026-10-07T13:29:54.320+08:00 INFO  [main] [requestId=c06a59b2-1936-4dbc-adbb-c302992e0ace] c.hify.common.RequestLoggingFilter - http.request method=POST path=/api/v1/knowledge-bases status=201 latencyMs=9
2026-10-07T13:29:54.332+08:00 INFO  [main] [requestId=8a430fa1-df70-4291-95f1-e6e643074710] c.hify.common.RequestLoggingFilter - http.request method=POST path=/api/v1/knowledge-bases/12c75826-7928-43f3-a7fe-6814e6870fa6/documents status=202 latencyMs=10
2026-10-07T13:29:54.337+08:00 INFO  [main] [requestId=2ae0e990-555d-4d18-b86f-31ed31fd4841] c.hify.common.RequestLoggingFilter - http.request method=GET path=/api/v1/documents/1b33a13a-0e9b-4e5a-b91f-3c60bc403250 status=200 latencyMs=4
2026-10-07T13:29:54.499+08:00 INFO  [main] [requestId=14c00a55-af18-4abb-9191-e51720507a2d] c.hify.common.RequestLoggingFilter - http.request method=GET path=/api/v1/documents/1b33a13a-0e9b-4e5a-b91f-3c60bc403250 status=200 latencyMs=6
2026-10-07T13:29:54.536+08:00 INFO  [main] [requestId=a146dfc4-c0cc-46d6-b392-b3614e898fbb] c.hify.common.RequestLoggingFilter - http.request method=POST path=/api/v1/workflows status=201 latencyMs=36
2026-10-07T13:29:54.727+08:00 INFO  [main] [requestId=195424db-3df3-494f-8660-d58ed813acde] c.hify.common.RequestLoggingFilter - http.request method=POST path=/api/v1/workflows/f78c4622-15c7-4136-bc8c-cae016b2121c/versions status=200 latencyMs=187
2026-10-07T13:29:54.907+08:00 INFO  [main] [requestId=08f8d740-987f-4db1-9379-ba128211fa6f] c.hify.common.RequestLoggingFilter - http.request method=POST path=/api/v1/workflow-versions/2e8296ef-1ae9-4945-afa0-2b67469f0b3f/runs status=202 latencyMs=163
2026-10-07T13:29:54.960+08:00 INFO  [main] [requestId=c144b48b-bdc6-48ca-94d1-5f250e42c123] c.hify.common.RequestLoggingFilter - http.request method=POST path=/api/v1/knowledge-bases status=201 latencyMs=8
2026-10-07T13:29:54.974+08:00 INFO  [main] [requestId=b11bd9c8-3b52-491c-a7d3-93cf2c4f692e] c.hify.common.RequestLoggingFilter - http.request method=POST path=/api/v1/knowledge-bases/fb4489c3-0005-4af4-86d1-29dfdbacf7ec/documents status=202 latencyMs=13
2026-10-07T13:29:54.980+08:00 INFO  [main] [requestId=6c6faac4-3b99-4632-a408-33f87c4bd1e3] c.hify.common.RequestLoggingFilter - http.request method=GET path=/api/v1/documents/6728ee3d-da76-44e7-8e14-6a210c71a7c2 status=200 latencyMs=3
2026-10-07T13:29:55.161+08:00 INFO  [main] [requestId=6ff899c1-21c2-4f38-ab94-94300bf86091] c.hify.common.RequestLoggingFilter - http.request method=GET path=/api/v1/documents/6728ee3d-da76-44e7-8e14-6a210c71a7c2 status=200 latencyMs=11
2026-10-07T13:29:55.189+08:00 INFO  [main] [requestId=ed48f256-9ecc-4a18-b147-72cf23f87794] c.hify.common.RequestLoggingFilter - http.request method=POST path=/api/v1/workflows status=201 latencyMs=27
2026-10-07T13:29:55.274+08:00 INFO  [main] [requestId=ef44d442-b659-451d-b28a-a59acba7ab7d] c.hify.common.RequestLoggingFilter - http.request method=POST path=/api/v1/workflows/06610b16-85b1-41c1-9d83-f58e1904322e/versions status=200 latencyMs=83
2026-10-07T13:29:55.456+08:00 INFO  [main] [requestId=01ed463c-03d8-430f-b49f-858ccfe00461] c.hify.common.RequestLoggingFilter - http.request method=POST path=/api/v1/workflow-versions/fc892c95-65b3-468e-965a-941915c7cdf1/runs status=202 latencyMs=177
2026-10-07T13:29:55.504+08:00 INFO  [main] [requestId=d02fb1f5-bfa6-4cee-bb15-95ce30ad7792] c.hify.common.RequestLoggingFilter - http.request method=POST path=/api/v1/knowledge-bases status=201 latencyMs=11
2026-10-07T13:29:55.514+08:00 INFO  [main] [requestId=a2453ace-1bd6-4310-beb3-98f4bbe3b800] c.hify.common.RequestLoggingFilter - http.request method=POST path=/api/v1/knowledge-bases/1ded743a-4d10-4212-9965-24b1c7fcc2d0/documents status=202 latencyMs=8
2026-10-07T13:29:55.519+08:00 INFO  [main] [requestId=eee10fda-4bee-41a2-a861-1c4414aade52] c.hify.common.RequestLoggingFilter - http.request method=GET path=/api/v1/documents/e3c714df-ebe6-4db4-aa88-23f693b778f2 status=200 latencyMs=4
2026-10-07T13:29:55.709+08:00 INFO  [main] [requestId=10cb4594-69b3-4197-a52d-50f519999f07] c.hify.common.RequestLoggingFilter - http.request method=GET path=/api/v1/documents/e3c714df-ebe6-4db4-aa88-23f693b778f2 status=200 latencyMs=24
2026-10-07T13:29:55.795+08:00 INFO  [main] [requestId=be207549-736d-45e8-9c02-5bddbc033ea2] c.hify.common.RequestLoggingFilter - http.request method=POST path=/api/v1/workflows status=201 latencyMs=83
2026-10-07T13:29:55.874+08:00 INFO  [main] [requestId=82c0049b-c31b-4040-9667-9a3a00d0a9de] c.hify.common.RequestLoggingFilter - http.request method=POST path=/api/v1/workflows/558f554f-a468-4a00-80f0-c6930c8a109d/versions status=200 latencyMs=78
2026-10-07T13:29:56.135+08:00 INFO  [main] [requestId=321d4c65-4275-4737-bdd4-61d867417535] c.hify.common.RequestLoggingFilter - http.request method=POST path=/api/v1/workflow-versions/54a6037c-51b7-43e9-825e-9d7b97462560/runs status=202 latencyMs=243
2026-10-07T13:29:56.231+08:00 INFO  [main] [requestId=56051f22-a17c-4508-9530-4918ac0a8f65] c.hify.common.RequestLoggingFilter - http.request method=POST path=/api/v1/knowledge-bases status=201 latencyMs=34
2026-10-07T13:29:56.270+08:00 INFO  [main] [requestId=16626007-0288-47dd-bcd4-f282bcad5bf6] c.hify.common.RequestLoggingFilter - http.request method=POST path=/api/v1/knowledge-bases/e0d9276f-5778-42c9-89f6-37bc5f364cf4/documents status=202 latencyMs=36
2026-10-07T13:29:56.283+08:00 INFO  [main] [requestId=4e6eb9ba-b2d9-4226-8f36-535df1aaeba3] c.hify.common.RequestLoggingFilter - http.request method=GET path=/api/v1/documents/5e20c3c2-0e1d-4615-b6d9-967b0ac0d7d5 status=200 latencyMs=11
2026-10-07T13:29:56.478+08:00 INFO  [main] [requestId=a494e791-7810-4282-ba5c-d4f53d7d69a8] c.hify.common.RequestLoggingFilter - http.request method=GET path=/api/v1/documents/5e20c3c2-0e1d-4615-b6d9-967b0ac0d7d5 status=200 latencyMs=10
2026-10-07T13:29:56.508+08:00 INFO  [main] [requestId=7f255175-5dd2-4fb4-81f7-f2cbb4e0c017] c.hify.common.RequestLoggingFilter - http.request method=POST path=/api/v1/workflows status=201 latencyMs=28
2026-10-07T13:29:56.577+08:00 INFO  [main] [requestId=2dd23178-82dc-4a34-b9d7-c5ae4d5f78ac] c.hify.common.RequestLoggingFilter - http.request method=POST path=/api/v1/workflows/329cc8f1-e602-42d6-9c68-686733dda6e1/versions status=200 latencyMs=67
2026-10-07T13:29:56.602+08:00 INFO  [main] [requestId=20c1a8ee-0e3d-46eb-8cc4-f73801cd6a46] c.hify.common.RequestLoggingFilter - http.request method=POST path=/api/v1/knowledge-bases status=201 latencyMs=18
2026-10-07T13:29:56.727+08:00 INFO  [main] [requestId=120674af-00b9-446d-bac9-bb62710e5604] c.hify.common.RequestLoggingFilter - http.request method=POST path=/api/v1/workflow-versions/a3b6bac1-1e71-44b4-9076-2502e2493d20/runs status=202 latencyMs=92
2026-10-07T13:29:56.756+08:00 INFO  [main] [requestId=bf5054a6-a8ef-4168-9e93-f72dc8a853e8] c.hify.common.RequestLoggingFilter - http.request method=POST path=/api/v1/knowledge-bases status=201 latencyMs=4
2026-10-07T13:29:56.769+08:00 INFO  [main] [requestId=5414de4d-53f7-4ae2-93a8-a624b0082093] c.hify.common.RequestLoggingFilter - http.request method=POST path=/api/v1/knowledge-bases/4b5d10e5-50a8-4ae7-aca2-9186fba095c4/documents status=202 latencyMs=11
2026-10-07T13:29:56.773+08:00 INFO  [main] [requestId=26a544f1-8181-4b5e-aff2-3e73e6772040] c.hify.common.RequestLoggingFilter - http.request method=GET path=/api/v1/documents/ba137222-dfe2-4072-9b5e-b7bef746fdb3 status=200 latencyMs=4
2026-10-07T13:29:56.942+08:00 INFO  [main] [requestId=30710a49-f381-4a84-99dd-003350ea1571] c.hify.common.RequestLoggingFilter - http.request method=GET path=/api/v1/documents/ba137222-dfe2-4072-9b5e-b7bef746fdb3 status=200 latencyMs=11
2026-10-07T13:29:57.060+08:00 INFO  [main] [requestId=573aaa08-e910-49ca-af2a-492693425f1a] c.hify.common.RequestLoggingFilter - http.request method=POST path=/api/v1/workflows status=201 latencyMs=115
2026-10-07T13:29:57.205+08:00 INFO  [main] [requestId=6aa0a1f6-5472-45bb-977e-b0203ad641d0] c.hify.common.RequestLoggingFilter - http.request method=POST path=/api/v1/workflows/87e1b312-35ad-49a5-9428-ed99e8c2fb9e/versions status=404 latencyMs=135
2026-10-07T13:29:57.303+08:00 INFO  [main] [requestId=a0c84fe7-3a57-4b7b-8c27-8d12e0ffe5b0] c.hify.common.RequestLoggingFilter - http.request method=POST path=/api/v1/knowledge-bases status=201 latencyMs=10
2026-10-07T13:29:57.333+08:00 INFO  [main] [requestId=505c820e-9d79-4093-af40-abb65ae6181d] c.hify.common.RequestLoggingFilter - http.request method=POST path=/api/v1/knowledge-bases/7ed13bd8-b1ba-4802-a078-ff8346f26453/documents status=202 latencyMs=28
2026-10-07T13:29:57.362+08:00 INFO  [main] [requestId=0dbb0498-2e30-420b-81fa-4d2fe48cf74f] c.hify.common.RequestLoggingFilter - http.request method=GET path=/api/v1/documents/3064fbab-1a0e-4eb3-9940-35c44359f416 status=200 latencyMs=28
2026-10-07T13:29:57.557+08:00 INFO  [main] [requestId=762fac35-9b81-4f0a-a929-4b1266e6f1f0] c.hify.common.RequestLoggingFilter - http.request method=GET path=/api/v1/documents/3064fbab-1a0e-4eb3-9940-35c44359f416 status=200 latencyMs=21
2026-10-07T13:29:57.582+08:00 INFO  [main] [requestId=2f22da8e-23de-4ebe-97e4-2d73b03a8e91] c.hify.common.RequestLoggingFilter - http.request method=POST path=/api/v1/workflows status=201 latencyMs=22
2026-10-07T13:29:57.713+08:00 INFO  [main] [requestId=f80a3395-46ba-4c0a-99c0-e7bd15bb38ff] c.hify.common.RequestLoggingFilter - http.request method=POST path=/api/v1/workflows/e7f8df8b-21ce-4084-87d7-3e9c787dbb4c/versions status=200 latencyMs=128
2026-10-07T13:29:57.795+08:00 INFO  [main] [requestId=41466558-224f-4a48-b562-050f29dd9748] c.hify.common.RequestLoggingFilter - http.request method=POST path=/api/v1/workflow-versions/17ec7a6a-b0e8-4a93-ace6-7fcf0cec0f28/runs status=202 latencyMs=74
2026-10-07T13:29:57.847+08:00 INFO  [main] [requestId=da4e9ffb-34f3-4b95-bd51-29419af39dcc] c.hify.common.RequestLoggingFilter - http.request method=POST path=/api/v1/workflow-versions/17ec7a6a-b0e8-4a93-ace6-7fcf0cec0f28/runs status=202 latencyMs=41
2026-10-07T13:29:57.896+08:00 INFO  [main] [requestId=cd0228e3-2bb5-46b6-badf-e5e6265692b7] c.hify.common.RequestLoggingFilter - http.request method=POST path=/api/v1/knowledge-bases status=201 latencyMs=9
2026-10-07T13:29:57.957+08:00 INFO  [main] [requestId=3755dffc-ec04-4ae1-9bb0-51ebcf04496f] c.hify.common.RequestLoggingFilter - http.request method=POST path=/api/v1/workflows status=201 latencyMs=58
2026-10-07T13:29:58.114+08:00 INFO  [main] [requestId=3f62ffd3-c1a1-4bc8-ae14-22bd081117fe] c.hify.common.RequestLoggingFilter - http.request method=POST path=/api/v1/workflows/1b06c698-2705-4a16-a047-841eaafa9df4/versions status=200 latencyMs=155
2026-10-07T13:29:58.179+08:00 INFO  [main] [requestId=10d2332f-1c42-4a07-a0cb-d990ac8546e4] c.hify.common.RequestLoggingFilter - http.request method=POST path=/api/v1/agents status=201 latencyMs=64
2026-10-07T13:29:58.232+08:00 INFO  [main] [requestId=59e14089-89df-4c82-97e9-e4e1d8d75a9c] c.hify.common.RequestLoggingFilter - http.request method=PUT path=/api/v1/agents/68126040-6ba0-4d78-a357-6876f8defdaf/workflow-binding status=200 latencyMs=50
2026-10-07T13:29:58.494+08:00 INFO  [main] [requestId=099d5b33-9530-45a0-99bd-c0819ad14787] c.hify.common.RequestLoggingFilter - http.request method=POST path=/api/v1/agents/68126040-6ba0-4d78-a357-6876f8defdaf/publications status=409 latencyMs=210
2026-10-07T13:29:58.543+08:00 INFO  [main] [requestId=9db61f0f-66a5-41ca-b981-4bd82e47184b] c.hify.common.RequestLoggingFilter - http.request method=POST path=/api/v1/workflow-versions/42ebd756-41c0-4efb-87fd-10ee7c760640/runs status=409 latencyMs=48
2026-10-07T13:29:58.569+08:00 INFO  [main] [requestId=50b172af-448f-4807-a4f1-ea8e7e811f05] c.hify.common.RequestLoggingFilter - http.request method=POST path=/api/v1/workflows/1b06c698-2705-4a16-a047-841eaafa9df4/versions status=200 latencyMs=19
2026-10-07T13:29:58.619+08:00 INFO  [main] [requestId=bd5131bd-26c4-4483-a38f-11e81200ea56] c.hify.common.RequestLoggingFilter - http.request method=POST path=/api/v1/agents/68126040-6ba0-4d78-a357-6876f8defdaf/publications status=200 latencyMs=47
2026-10-07T13:29:58.704+08:00 INFO  [main] [requestId=204688cd-f549-4637-aa8b-eea18d92616f] c.hify.common.RequestLoggingFilter - http.request method=POST path=/api/v1/knowledge-bases status=201 latencyMs=10
2026-10-07T13:29:58.730+08:00 INFO  [main] [requestId=c1ea0212-1b1c-410d-8853-c728ca64744f] c.hify.common.RequestLoggingFilter - http.request method=POST path=/api/v1/workflows status=201 latencyMs=24
2026-10-07T13:29:58.767+08:00 INFO  [main] [requestId=545b40fa-05a2-469d-994f-ce0999569d78] c.hify.common.RequestLoggingFilter - http.request method=POST path=/api/v1/workflows/95716c99-d41a-4055-9f2a-c032a99770c2/versions status=200 latencyMs=36
2026-10-07T13:29:58.800+08:00 INFO  [main] [requestId=7d465444-7249-46d7-a50f-ed257bacf604] c.hify.common.RequestLoggingFilter - http.request method=POST path=/api/v1/agents status=201 latencyMs=29
2026-10-07T13:29:58.822+08:00 INFO  [main] [requestId=b58baf87-6fa7-40c2-bc70-129d5e37c773] c.hify.common.RequestLoggingFilter - http.request method=PUT path=/api/v1/agents/1f8a1c32-eef9-4175-b083-7b805186e8e1/workflow-binding status=200 latencyMs=21
2026-10-07T13:29:58.896+08:00 INFO  [main] [requestId=df86b9e8-281f-4181-a542-cf01cf7b954c] c.hify.common.RequestLoggingFilter - http.request method=POST path=/api/v1/agents/1f8a1c32-eef9-4175-b083-7b805186e8e1/publications status=409 latencyMs=62
2026-10-07T13:29:58.905+08:00 INFO  [main] [requestId=24bf8317-4caa-4b81-95d4-b5c9bdf49b59] c.hify.common.RequestLoggingFilter - http.request method=POST path=/api/v1/workflow-versions/ed46238a-6ace-4b9e-9417-2867ee7a2583/runs status=409 latencyMs=7
2026-10-07T13:29:59.018+08:00 INFO  [main] [requestId=953c6749-ed63-48e7-a178-a5081a0cc3de] c.hify.common.RequestLoggingFilter - http.request method=POST path=/api/v1/workflows/95716c99-d41a-4055-9f2a-c032a99770c2/versions status=200 latencyMs=59
2026-10-07T13:29:59.175+08:00 INFO  [main] [requestId=ca699aaf-6e4b-44e4-a3b6-2c8b1ed3e0fe] c.hify.common.RequestLoggingFilter - http.request method=POST path=/api/v1/agents/1f8a1c32-eef9-4175-b083-7b805186e8e1/publications status=200 latencyMs=155
2026-10-07T13:29:59.265+08:00 INFO  [main] [requestId=09f195ba-f12a-42d6-a34e-9cbf4cc521d1] c.hify.common.RequestLoggingFilter - http.request method=POST path=/api/v1/knowledge-bases status=201 latencyMs=50
2026-10-07T13:29:59.310+08:00 INFO  [main] [requestId=ccebcef3-d88e-4d00-a152-3a86ccbfa6b7] c.hify.common.RequestLoggingFilter - http.request method=POST path=/api/v1/workflows status=201 latencyMs=43
2026-10-07T13:29:59.370+08:00 INFO  [main] [requestId=51771038-1398-4b1c-98f3-acdc9470fa7d] c.hify.common.RequestLoggingFilter - http.request method=POST path=/api/v1/workflows/0e8d2a6d-ed7c-4fe0-ba63-a9ec7d02aa38/versions status=200 latencyMs=59
2026-10-07T13:29:59.387+08:00 INFO  [main] [requestId=46ba9bad-bfbf-445c-a798-90dce99514a5] c.hify.common.RequestLoggingFilter - http.request method=POST path=/api/v1/agents status=201 latencyMs=15
2026-10-07T13:29:59.406+08:00 INFO  [main] [requestId=53dca721-6bc7-4dba-8aa2-3208aba53699] c.hify.common.RequestLoggingFilter - http.request method=PUT path=/api/v1/agents/69d96735-318c-40fe-993d-1fc4703ec914/workflow-binding status=200 latencyMs=17
2026-10-07T13:29:59.454+08:00 INFO  [main] [requestId=211cf877-c44e-4bad-875f-7ea239f39a91] c.hify.common.RequestLoggingFilter - http.request method=POST path=/api/v1/agents/69d96735-318c-40fe-993d-1fc4703ec914/publications status=409 latencyMs=36
2026-10-07T13:29:59.473+08:00 INFO  [main] [requestId=2892c04e-ceb3-40ad-bf69-538dcc2ede87] c.hify.common.RequestLoggingFilter - http.request method=POST path=/api/v1/workflow-versions/335c72f2-cdf2-4a37-9b5d-0d01d790f4bb/runs status=409 latencyMs=17
2026-10-07T13:29:59.527+08:00 INFO  [main] [requestId=bd3159b1-ee9e-4399-aa6d-5a567fcefcdf] c.hify.common.RequestLoggingFilter - http.request method=POST path=/api/v1/knowledge-bases status=201 latencyMs=13
2026-10-07T13:29:59.539+08:00 INFO  [main] [requestId=d35bab57-0701-40a2-9024-9f4b7d12bb5e] c.hify.common.RequestLoggingFilter - http.request method=POST path=/api/v1/knowledge-bases status=201 latencyMs=10
2026-10-07T13:29:59.572+08:00 INFO  [main] [requestId=9bf7845a-4b7b-45f6-8243-8adeaca0fd4e] c.hify.common.RequestLoggingFilter - http.request method=POST path=/api/v1/workflows status=201 latencyMs=32
2026-10-07T13:29:59.649+08:00 INFO  [main] [requestId=4fd97b5d-aef5-4fc5-9caf-fce057175e2a] c.hify.common.RequestLoggingFilter - http.request method=POST path=/api/v1/workflows/0e0ea790-3b68-4db1-b93e-3a7febfc0bf4/versions status=200 latencyMs=73
2026-10-07T13:29:59.715+08:00 INFO  [main] [requestId=2317faf3-9b5f-419f-8f5f-b0b0f7bd2a20] c.hify.common.RequestLoggingFilter - http.request method=POST path=/api/v1/agents status=201 latencyMs=63
2026-10-07T13:29:59.744+08:00 INFO  [main] [requestId=16129a59-7b97-4b75-90c6-29d430c01feb] c.hify.common.RequestLoggingFilter - http.request method=PUT path=/api/v1/agents/1d4c142d-ca86-454d-bb41-f74049b43929/workflow-binding status=200 latencyMs=26
2026-10-07T13:30:03.070+08:00 INFO  [main] [requestId=444b3b87-f4ba-4e72-b7b0-181ddf147c77] c.hify.common.RequestLoggingFilter - http.request method=POST path=/api/v1/knowledge-bases status=201 latencyMs=34
2026-10-07T13:30:03.103+08:00 INFO  [main] [requestId=9c48e6ea-4afb-49e5-8cc7-15f0247eae63] c.hify.common.RequestLoggingFilter - http.request method=POST path=/api/v1/knowledge-bases/40e8a532-2af0-4c77-8002-0b38c1519d0f/documents status=202 latencyMs=31
2026-10-07T13:30:03.109+08:00 INFO  [main] [requestId=88b7f296-c262-4c5f-946b-2d3432bc5fc7] c.hify.common.RequestLoggingFilter - http.request method=GET path=/api/v1/documents/aefa6dbb-acd7-4ea0-b148-8ff30223850e status=200 latencyMs=4
2026-10-07T13:30:03.286+08:00 INFO  [main] [requestId=06324292-78e9-43df-bdf4-c307822a491e] c.hify.common.RequestLoggingFilter - http.request method=GET path=/api/v1/documents/aefa6dbb-acd7-4ea0-b148-8ff30223850e status=200 latencyMs=4
2026-10-07T13:30:03.295+08:00 INFO  [main] [requestId=404fd5a1-e09e-48c4-a1cb-de9ab893945b] c.hify.common.RequestLoggingFilter - http.request method=POST path=/api/v1/workflows status=201 latencyMs=8
2026-10-07T13:30:03.384+08:00 INFO  [main] [requestId=779e293b-87b0-4264-9866-e6f10dca3d4b] c.hify.common.RequestLoggingFilter - http.request method=POST path=/api/v1/workflows/32f7a0c6-ee4e-4a27-80f1-cf7562ff42a3/versions status=200 latencyMs=88
2026-10-07T13:30:03.409+08:00 INFO  [main] [requestId=a575286a-fbd4-4ecf-b715-cdf46762c8ef] c.hify.common.RequestLoggingFilter - http.request method=POST path=/api/v1/agents status=201 latencyMs=19
2026-10-07T13:30:03.491+08:00 INFO  [main] [requestId=b3489d3c-c6b2-4045-bfb1-61d6eb8fe92d] c.hify.common.RequestLoggingFilter - http.request method=PUT path=/api/v1/agents/2ec6bd61-e900-4e70-acae-ed8544cbec90/workflow-binding status=200 latencyMs=80
2026-10-07T13:30:03.555+08:00 INFO  [main] [requestId=37ff1f85-6818-45c7-9ac3-8f1536be84bf] c.hify.common.RequestLoggingFilter - http.request method=POST path=/api/v1/agents/2ec6bd61-e900-4e70-acae-ed8544cbec90/publications status=200 latencyMs=63
2026-10-07T13:30:03.603+08:00 INFO  [main] [requestId=8a6e26f1-8f87-4bb2-bfaf-2773598c287e] c.hify.common.RequestLoggingFilter - http.request method=POST path=/api/v1/conversations status=201 latencyMs=46
2026-10-07T13:30:03.707+08:00 INFO  [main] [requestId=b0c4eb19-255f-4179-90eb-b0044563bf34] c.hify.common.RequestLoggingFilter - http.request method=POST path=/api/v1/conversations/350c8e25-f5c1-4666-b4c3-0e71890cacfc/runs status=202 latencyMs=91
2026-10-07T13:30:03.713+08:00 INFO  [main] [requestId=f87423b9-4fd0-4353-ad7a-afe557aab00d] c.hify.common.RequestLoggingFilter - http.request method=GET path=/api/v1/runs/4390cafb-7b1e-47f5-af36-bfdaa8c9840c status=200 latencyMs=2
2026-10-07T13:30:03.779+08:00 INFO  [main] [requestId=e6c3efa1-6fdf-49a2-9c19-5b48d410a4fc] c.hify.common.RequestLoggingFilter - http.request method=GET path=/api/v1/runs/4390cafb-7b1e-47f5-af36-bfdaa8c9840c status=200 latencyMs=21
2026-10-07T13:30:03.894+08:00 INFO  [main] [requestId=4d796e28-517d-4315-82c8-97ad64905f37] c.hify.common.RequestLoggingFilter - http.request method=GET path=/api/v1/runs/4390cafb-7b1e-47f5-af36-bfdaa8c9840c status=200 latencyMs=16
2026-10-07T13:30:04.037+08:00 INFO  [main] [requestId=335e1806-a80d-4415-ac72-ceeb036e1f06] c.hify.common.RequestLoggingFilter - http.request method=POST path=/api/v1/workflow-versions/15a7cac3-a557-40d3-92a5-92f139eec97f/runs status=202 latencyMs=136
2026-10-07T13:30:04.244+08:00 INFO  [main] [requestId=3eb1d64d-7cc9-4190-ae71-5a9871df2433] c.hify.common.RequestLoggingFilter - http.request method=POST path=/api/v1/conversations/350c8e25-f5c1-4666-b4c3-0e71890cacfc/runs status=202 latencyMs=176
2026-10-07T13:30:04.286+08:00 INFO  [main] [requestId=0368f7e6-2748-46cd-a006-77d432139a4a] c.hify.common.RequestLoggingFilter - http.request method=GET path=/api/v1/runs/c85abf23-6ae8-4fed-9ef7-6d275a0af0be status=200 latencyMs=40
2026-10-07T13:30:04.398+08:00 INFO  [main] [requestId=ba7bed10-3736-491f-8412-bc6f9689197f] c.hify.common.RequestLoggingFilter - http.request method=GET path=/api/v1/runs/c85abf23-6ae8-4fed-9ef7-6d275a0af0be status=200 latencyMs=67
2026-10-07T13:30:04.525+08:00 INFO  [main] [requestId=931ae32e-c6f8-40e8-82ac-8610cbfa6218] c.hify.common.RequestLoggingFilter - http.request method=GET path=/api/v1/runs/c85abf23-6ae8-4fed-9ef7-6d275a0af0be status=200 latencyMs=18
2026-10-07T13:30:04.735+08:00 INFO  [main] [requestId=e17621c3-e375-43a8-b669-2da448e6ef17] c.hify.common.RequestLoggingFilter - http.request method=POST path=/api/v1/conversations/350c8e25-f5c1-4666-b4c3-0e71890cacfc/runs status=202 latencyMs=138
2026-10-07T13:30:04.763+08:00 INFO  [main] [requestId=cae7d50d-cb9a-437c-8f88-78c50310d439] c.hify.common.RequestLoggingFilter - http.request method=GET path=/api/v1/runs/46edd090-6764-4eb5-b4b5-d65e59e7f621 status=200 latencyMs=25
2026-10-07T13:30:04.980+08:00 INFO  [main] [requestId=23d03b31-e5a7-4f0c-94e4-f69783712993] c.hify.common.RequestLoggingFilter - http.request method=GET path=/api/v1/runs/46edd090-6764-4eb5-b4b5-d65e59e7f621 status=200 latencyMs=162
2026-10-07T13:30:05.071+08:00 INFO  [main] [requestId=b459b289-46f1-4224-9145-a2b91982dbad] c.hify.common.RequestLoggingFilter - http.request method=GET path=/api/v1/runs/46edd090-6764-4eb5-b4b5-d65e59e7f621 status=200 latencyMs=51
2026-10-07T13:30:05.239+08:00 INFO  [main] [requestId=aff7b418-b0f2-486c-9452-037df7adca79] c.hify.common.RequestLoggingFilter - http.request method=GET path=/api/v1/runs/46edd090-6764-4eb5-b4b5-d65e59e7f621 status=200 latencyMs=63
2026-10-07T13:30:05.347+08:00 INFO  [main] [requestId=19f45e84-2b3d-4e06-aa4e-5e540cedbbfa] c.hify.common.RequestLoggingFilter - http.request method=GET path=/api/v1/runs/46edd090-6764-4eb5-b4b5-d65e59e7f621 status=200 latencyMs=12
2026-10-07T13:30:05.441+08:00 INFO  [main] [requestId=ca7f294e-76c7-4535-8358-72c7dbffe66e] c.hify.common.RequestLoggingFilter - http.request method=GET path=/api/v1/runs/46edd090-6764-4eb5-b4b5-d65e59e7f621 status=200 latencyMs=14
2026-10-07T13:30:06.048+08:00 INFO  [main] [requestId=a1e2d887-2ede-4b12-8ca1-8ce65f569437] c.hify.common.RequestLoggingFilter - http.request method=POST path=/api/v1/knowledge-bases status=201 latencyMs=72
2026-10-07T13:30:06.074+08:00 INFO  [main] [requestId=8a60b189-2ae0-478d-8324-22185f9fc32f] c.hify.common.RequestLoggingFilter - http.request method=POST path=/api/v1/knowledge-bases/0b7523c5-5503-475e-998e-78635d1b9398/documents status=202 latencyMs=24
2026-10-07T13:30:06.084+08:00 INFO  [main] [requestId=0686f39c-f6fc-47f1-9ac7-52cc003546c4] c.hify.common.RequestLoggingFilter - http.request method=GET path=/api/v1/documents/853a8860-48bd-42be-ae33-15c2258de652 status=200 latencyMs=9
2026-10-07T13:30:06.266+08:00 INFO  [main] [requestId=8a9944db-f77d-4b7a-b547-ec436b756541] c.hify.common.RequestLoggingFilter - http.request method=GET path=/api/v1/documents/853a8860-48bd-42be-ae33-15c2258de652 status=200 latencyMs=7
2026-10-07T13:30:07.722+08:00 INFO  [main] [requestId=51bd6dd2-6a0a-48f1-a967-4ce0cd2bd86e] c.hify.common.RequestLoggingFilter - http.request method=POST path=/api/v1/knowledge-bases status=201 latencyMs=4
2026-10-07T13:30:07.731+08:00 INFO  [main] [requestId=48c1f020-a852-47a4-b72c-c23d719292cc] c.hify.common.RequestLoggingFilter - http.request method=POST path=/api/v1/knowledge-bases/eee5b3b8-3208-42e3-b1f7-dbb919040a9c/documents status=202 latencyMs=7
2026-10-07T13:30:07.733+08:00 INFO  [main] [requestId=9033baa3-d5ed-46c3-99f4-dbc6d1ae809d] c.hify.common.RequestLoggingFilter - http.request method=GET path=/api/v1/documents/1702c189-e44b-40ac-b02f-96fa6cb34454 status=200 latencyMs=1
2026-10-07T13:30:07.865+08:00 INFO  [main] [requestId=4cbaad8c-fcd0-479e-87ed-7571f4ef1dea] c.hify.common.RequestLoggingFilter - http.request method=GET path=/api/v1/documents/1702c189-e44b-40ac-b02f-96fa6cb34454 status=200 latencyMs=2
2026-10-07T13:30:07.882+08:00 INFO  [main] [requestId=2bd8bf65-f43b-4ba8-bc38-6ccce67979b3] c.hify.common.RequestLoggingFilter - http.request method=POST path=/api/v1/knowledge-bases status=201 latencyMs=4
2026-10-07T13:30:07.952+08:00 INFO  [main] [requestId=04805a1d-0e6f-4711-9107-7837b1e48f87] c.hify.common.RequestLoggingFilter - http.request method=POST path=/api/v1/knowledge-bases status=201 latencyMs=8
2026-10-07T13:30:07.967+08:00 INFO  [main] [requestId=e3116103-d42c-4ab9-bc88-3153f0667a36] c.hify.common.RequestLoggingFilter - http.request method=POST path=/api/v1/knowledge-bases/04fe2c65-35db-4086-aaee-61434e914c4b/documents status=202 latencyMs=13
2026-10-07T13:30:07.973+08:00 INFO  [main] [requestId=3f04d5b2-2869-48ef-8e7e-39d5f54c5e7f] c.hify.common.RequestLoggingFilter - http.request method=GET path=/api/v1/documents/598782af-a64c-4565-a02f-e657a2b793e2 status=200 latencyMs=5
2026-10-07T13:30:08.149+08:00 INFO  [main] [requestId=2ce2b682-929f-4089-8041-40c49d67ecea] c.hify.common.RequestLoggingFilter - http.request method=GET path=/api/v1/documents/598782af-a64c-4565-a02f-e657a2b793e2 status=200 latencyMs=8
[INFO] Tests run: 19, Failures: 0, Errors: 0, Skipped: 0, Time elapsed: 32.13 s -- in com.hify.api.WorkflowKnowledgeReviewPostgresTest
[INFO] Running com.hify.api.WorkflowTerminalPostgresTest
2026-10-07T13:30:09.022+08:00 INFO  [main] [requestId=] tc.pgvector/pgvector:pg16 - Creating container for image: pgvector/pgvector:pg16
2026-10-07T13:30:09.160+08:00 INFO  [main] [requestId=] tc.pgvector/pgvector:pg16 - Container pgvector/pgvector:pg16 is starting: 9e404fa99331e2a3db32a11f8c3dac969156baac87d5c9b5278483b036e05569
2026-10-07T13:30:10.201+08:00 INFO  [main] [requestId=] tc.pgvector/pgvector:pg16 - Container pgvector/pgvector:pg16 started in PT1.181899S
2026-10-07T13:30:10.202+08:00 INFO  [main] [requestId=] tc.pgvector/pgvector:pg16 - Container is started (JDBC URL: jdbc:postgresql://127.0.0.1:32771/workflow_upgrade?loggerLevel=OFF)
2026-10-07T13:30:10.358+08:00 INFO  [main] [requestId=] org.flywaydb.core.FlywayExecutor - Database: jdbc:postgresql://127.0.0.1:32771/workflow_upgrade?loggerLevel=OFF (PostgreSQL 16.15)
2026-10-07T13:30:10.428+08:00 INFO  [main] [requestId=] o.f.c.i.s.JdbcTableSchemaHistory - Schema history table "public"."flyway_schema_history" does not exist yet
2026-10-07T13:30:10.430+08:00 INFO  [main] [requestId=] o.f.core.internal.command.DbValidate - Successfully validated 24 migrations (execution time 00:00.033s)
2026-10-07T13:30:10.448+08:00 INFO  [main] [requestId=] o.f.c.i.s.JdbcTableSchemaHistory - Creating Schema History table "public"."flyway_schema_history" ...
2026-10-07T13:30:10.534+08:00 INFO  [main] [requestId=] o.f.core.internal.command.DbMigrate - Current version of schema "public": << Empty Schema >>
2026-10-07T13:30:10.540+08:00 INFO  [main] [requestId=] o.f.core.internal.command.DbMigrate - Migrating schema "public" to version "1 - baseline"
2026-10-07T13:30:10.565+08:00 INFO  [main] [requestId=] o.f.core.internal.command.DbMigrate - Migrating schema "public" to version "2 - demo item"
2026-10-07T13:30:10.579+08:00 INFO  [main] [requestId=] o.f.core.internal.command.DbMigrate - Migrating schema "public" to version "3 - run replan control"
2026-10-07T13:30:10.590+08:00 INFO  [main] [requestId=] o.f.core.internal.command.DbMigrate - Migrating schema "public" to version "4 - run context state"
2026-10-07T13:30:10.607+08:00 INFO  [main] [requestId=] o.f.core.internal.command.DbMigrate - Migrating schema "public" to version "5 - provider catalog"
2026-10-07T13:30:10.635+08:00 INFO  [main] [requestId=] o.f.core.internal.command.DbMigrate - Migrating schema "public" to version "6 - agent publishing"
2026-10-07T13:30:10.660+08:00 INFO  [main] [requestId=] o.f.core.internal.command.DbMigrate - Migrating schema "public" to version "7 - agent archive and tool bindings"
2026-10-07T13:30:10.669+08:00 INFO  [main] [requestId=] o.f.core.internal.command.DbMigrate - Migrating schema "public" to version "8 - backfill agent tool bindings"
2026-10-07T13:30:10.689+08:00 INFO  [main] [requestId=] o.f.core.internal.command.DbMigrate - Migrating schema "public" to version "9 - runtime capability and history"
2026-10-07T13:30:10.700+08:00 INFO  [main] [requestId=] o.f.core.internal.command.DbMigrate - Migrating schema "public" to version "10 - child agent task protocol"
2026-10-07T13:30:10.711+08:00 INFO  [main] [requestId=] o.f.core.internal.command.DbMigrate - Migrating schema "public" to version "11 - context memory catalog"
2026-10-07T13:30:10.727+08:00 INFO  [main] [requestId=] o.f.core.internal.command.DbMigrate - Migrating schema "public" to version "12 - history full text index"
2026-10-07T13:30:10.742+08:00 INFO  [main] [requestId=] o.f.core.internal.command.DbMigrate - Migrating schema "public" to version "13 - history vector index"
2026-10-07T13:30:10.770+08:00 INFO  [main] [requestId=] o.f.core.internal.command.DbMigrate - Migrating schema "public" to version "14 - knowledge catalog"
2026-10-07T13:30:10.782+08:00 INFO  [main] [requestId=] o.f.core.internal.command.DbMigrate - Migrating schema "public" to version "15 - knowledge search indexes"
2026-10-07T13:30:10.794+08:00 INFO  [main] [requestId=] o.f.core.internal.command.DbMigrate - Migrating schema "public" to version "16 - workflow runtime"
2026-10-07T13:30:10.812+08:00 INFO  [main] [requestId=] o.f.core.internal.command.DbMigrate - Migrating schema "public" to version "17 - mcp server registry"
2026-10-07T13:30:10.825+08:00 INFO  [main] [requestId=] o.f.core.internal.command.DbMigrate - Migrating schema "public" to version "18 - agent knowledge capability"
2026-10-07T13:30:10.842+08:00 INFO  [main] [requestId=] o.f.core.internal.command.DbMigrate - Migrating schema "public" to version "19 - agent workflow mcp capabilities"
2026-10-07T13:30:10.854+08:00 INFO  [main] [requestId=] o.f.core.internal.command.DbMigrate - Migrating schema "public" to version "20 - mcp encrypted credentials"
2026-10-07T13:30:10.863+08:00 INFO  [main] [requestId=] o.f.core.internal.command.DbMigrate - Successfully applied 20 migrations to schema "public", now at version v20 (execution time 00:00.148s)
2026-10-07T13:30:10.953+08:00 INFO  [main] [requestId=] org.flywaydb.core.FlywayExecutor - Database: jdbc:postgresql://127.0.0.1:32771/workflow_upgrade?loggerLevel=OFF (PostgreSQL 16.15)
2026-10-07T13:30:10.972+08:00 INFO  [main] [requestId=] o.f.core.internal.command.DbValidate - Successfully validated 24 migrations (execution time 00:00.013s)
2026-10-07T13:30:10.987+08:00 INFO  [main] [requestId=] o.f.core.internal.command.DbMigrate - Current version of schema "public": 20
2026-10-07T13:30:10.992+08:00 INFO  [main] [requestId=] o.f.core.internal.command.DbMigrate - Migrating schema "public" to version "21 - workflow control terminal states"
2026-10-07T13:30:11.003+08:00 INFO  [main] [requestId=] o.f.core.internal.command.DbMigrate - Migrating schema "public" to version "22 - workflow interrupted state"
2026-10-07T13:30:11.012+08:00 INFO  [main] [requestId=] o.f.core.internal.command.DbMigrate - Migrating schema "public" to version "23 - history operation recovery"
2026-10-07T13:30:11.036+08:00 INFO  [main] [requestId=] o.f.core.internal.command.DbMigrate - Migrating schema "public" to version "24 - semantic embedding profiles"
2026-10-07T13:30:11.040+08:00 INFO  [main] [requestId=] o.f.core.internal.command.DbMigrate - Successfully applied 4 migrations to schema "public", now at version v24 (execution time 00:00.021s)
[INFO] Tests run: 1, Failures: 0, Errors: 0, Skipped: 0, Time elapsed: 2.225 s -- in com.hify.api.WorkflowTerminalPostgresTest
[INFO] Running com.hify.api.RunShutdownPostgresTest
2026-10-07T13:30:11.233+08:00 INFO  [main] [requestId=] tc.pgvector/pgvector:pg16 - Creating container for image: pgvector/pgvector:pg16
2026-10-07T13:30:11.276+08:00 INFO  [main] [requestId=] tc.pgvector/pgvector:pg16 - Container pgvector/pgvector:pg16 is starting: e033f8a72e04cc5311f27787ed0b3b606b06cc29e8a20cc30a9684fae7282c04
2026-10-07T13:30:12.126+08:00 INFO  [main] [requestId=] tc.pgvector/pgvector:pg16 - Container pgvector/pgvector:pg16 started in PT0.892523S
2026-10-07T13:30:12.128+08:00 INFO  [main] [requestId=] tc.pgvector/pgvector:pg16 - Container is started (JDBC URL: jdbc:postgresql://127.0.0.1:32772/shutdown_test?loggerLevel=OFF)
[shutdown-diagnostic] seconds=0.000 phase=model-begin interrupted=false
[shutdown-diagnostic] seconds=0.004 phase=model-first-context-starting interrupted=false
[shutdown-diagnostic] seconds=6.546 phase=model-first-context-started interrupted=false
[shutdown-diagnostic] seconds=6.707 phase=model-entered-before-close interrupted=false
[shutdown-diagnostic] seconds=6.754 phase=model-first-context-close-returned interrupted=false
[shutdown-diagnostic] seconds=6.855 phase=model-persistence-assertions-passed interrupted=false
[shutdown-diagnostic] seconds=6.855 phase=model-second-context-starting interrupted=false
[shutdown-diagnostic] seconds=10.296 phase=model-second-context-started interrupted=false
[shutdown-diagnostic] seconds=10.659 phase=model-recovery-assertions-passed interrupted=false
[shutdown-diagnostic] seconds=10.811 phase=model-second-context-close-returned interrupted=false
[shutdown-diagnostic] seconds=0.000 phase=model-begin interrupted=false
[shutdown-diagnostic] seconds=0.001 phase=model-first-context-starting interrupted=false
[shutdown-diagnostic] seconds=81.365 phase=model-first-context-started interrupted=false
[shutdown-diagnostic] seconds=81.784 phase=model-entered-before-close interrupted=false
[shutdown-diagnostic] seconds=81.821 phase=model-first-context-close-returned interrupted=false
[shutdown-diagnostic] seconds=81.986 phase=model-persistence-assertions-passed interrupted=false
[shutdown-diagnostic] seconds=81.987 phase=model-second-context-starting interrupted=false
[shutdown-diagnostic] seconds=88.319 phase=model-second-context-started interrupted=false
[shutdown-diagnostic] seconds=88.561 phase=model-recovery-assertions-passed interrupted=false
[shutdown-diagnostic] seconds=88.590 phase=model-second-context-close-returned interrupted=false
[shutdown-diagnostic] seconds=0.000 phase=begin interrupted=false
[shutdown-diagnostic] seconds=5.418 phase=first-context-started interrupted=false
[shutdown-diagnostic] seconds=5.911 phase=computed-result-ready interrupted=false
[shutdown-diagnostic] seconds=5.913 phase=first-context-closing interrupted=false
[shutdown-diagnostic] seconds=5.993 phase=first-context-close-returned interrupted=false
[shutdown-diagnostic] seconds=6.053 phase=persistence-assertions-passed interrupted=false
[shutdown-diagnostic] seconds=13.381 phase=second-context-started interrupted=false
[shutdown-diagnostic] seconds=13.497 phase=recovery-assertions-passed interrupted=false
[shutdown-diagnostic] seconds=13.526 phase=second-context-close-returned interrupted=false
[ERROR] Tests run: 3, Failures: 0, Errors: 1, Skipped: 0, Time elapsed: 117.0 s <<< FAILURE! -- in com.hify.api.RunShutdownPostgresTest
[ERROR] com.hify.api.RunShutdownPostgresTest.expiredInterruptedRunCannotRestartItsBudgetOnPostgres -- Time elapsed: 88.97 s <<< ERROR!
java.util.concurrent.TimeoutException: expiredInterruptedRunCannotRestartItsBudgetOnPostgres() timed out after 60 seconds
	at java.base/java.util.ArrayList.forEach(ArrayList.java:1511)
	at java.base/java.util.ArrayList.forEach(ArrayList.java:1511)

[INFO] Running com.hify.api.KnowledgeFinishPostgresTest

  .   ____          _            __ _ _
 /\\ / ___'_ __ _ _(_)_ __  __ _ \ \ \ \
( ( )\___ | '_ | '_| | '_ \/ _` | \ \ \ \
 \\/  ___)| |_)| | | | | || (_| |  ) ) ) )
  '  |____| .__|_| |_|_| |_\__, | / / / /
 =========|_|==============|___/=/_/_/_/

 :: Spring Boot ::                (v3.4.5)

2026-10-07T13:32:14.010+08:00 INFO  [main] [requestId=] c.h.api.KnowledgeFinishPostgresTest - Starting KnowledgeFinishPostgresTest using Java 17.0.19 with PID 97516 (started by weberzhao in /private/tmp/hify-course-20261006.hhEhwt/retrieval-worktree/backend/hify-app)
2026-10-07T13:32:14.156+08:00 INFO  [main] [requestId=] c.h.api.KnowledgeFinishPostgresTest - No active profile set, falling back to 1 default profile: "default"
2026-10-07T13:32:42.821+08:00 INFO  [main] [requestId=] o.s.d.r.c.RepositoryConfigurationDelegate - Multiple Spring Data modules found, entering strict repository configuration mode
2026-10-07T13:32:42.844+08:00 INFO  [main] [requestId=] o.s.d.r.c.RepositoryConfigurationDelegate - Bootstrapping Spring Data JPA repositories in DEFAULT mode.
2026-10-07T13:32:43.239+08:00 INFO  [main] [requestId=] o.s.d.r.c.RepositoryConfigurationDelegate - Finished Spring Data repository scanning in 361 ms. Found 34 JPA repository interfaces.
2026-10-07T13:32:45.868+08:00 INFO  [main] [requestId=] com.zaxxer.hikari.HikariDataSource - HikariPool-9 - Starting...
2026-10-07T13:32:47.325+08:00 INFO  [main] [requestId=] com.zaxxer.hikari.pool.HikariPool - HikariPool-9 - Added connection org.postgresql.jdbc.PgConnection@1d5c3d6d
2026-10-07T13:32:47.332+08:00 INFO  [main] [requestId=] com.zaxxer.hikari.HikariDataSource - HikariPool-9 - Start completed.
2026-10-07T13:32:47.360+08:00 INFO  [main] [requestId=] org.flywaydb.core.FlywayExecutor - Database: jdbc:postgresql://127.0.0.1:32773/knowledge_finish?loggerLevel=OFF (PostgreSQL 16.15)
2026-10-07T13:32:47.627+08:00 INFO  [main] [requestId=] o.f.c.i.s.JdbcTableSchemaHistory - Schema history table "public"."flyway_schema_history" does not exist yet
2026-10-07T13:32:47.633+08:00 INFO  [main] [requestId=] o.f.core.internal.command.DbValidate - Successfully validated 24 migrations (execution time 00:00.188s)
2026-10-07T13:32:47.656+08:00 INFO  [main] [requestId=] o.f.c.i.s.JdbcTableSchemaHistory - Creating Schema History table "public"."flyway_schema_history" ...
2026-10-07T13:32:47.716+08:00 INFO  [main] [requestId=] o.f.core.internal.command.DbMigrate - Current version of schema "public": << Empty Schema >>
2026-10-07T13:32:47.734+08:00 INFO  [main] [requestId=] o.f.core.internal.command.DbMigrate - Migrating schema "public" to version "1 - baseline"
2026-10-07T13:32:48.356+08:00 INFO  [main] [requestId=] o.f.core.internal.command.DbMigrate - Migrating schema "public" to version "2 - demo item"
2026-10-07T13:32:48.592+08:00 INFO  [main] [requestId=] o.f.core.internal.command.DbMigrate - Migrating schema "public" to version "3 - run replan control"
2026-10-07T13:32:48.648+08:00 INFO  [main] [requestId=] o.f.core.internal.command.DbMigrate - Migrating schema "public" to version "4 - run context state"
2026-10-07T13:32:48.776+08:00 INFO  [main] [requestId=] o.f.core.internal.command.DbMigrate - Migrating schema "public" to version "5 - provider catalog"
2026-10-07T13:32:48.909+08:00 INFO  [main] [requestId=] o.f.core.internal.command.DbMigrate - Migrating schema "public" to version "6 - agent publishing"
2026-10-07T13:32:48.978+08:00 INFO  [main] [requestId=] o.f.core.internal.command.DbMigrate - Migrating schema "public" to version "7 - agent archive and tool bindings"
2026-10-07T13:32:49.080+08:00 INFO  [main] [requestId=] o.f.core.internal.command.DbMigrate - Migrating schema "public" to version "8 - backfill agent tool bindings"
2026-10-07T13:32:49.133+08:00 INFO  [main] [requestId=] o.f.core.internal.command.DbMigrate - Migrating schema "public" to version "9 - runtime capability and history"
2026-10-07T13:32:49.269+08:00 INFO  [main] [requestId=] o.f.core.internal.command.DbMigrate - Migrating schema "public" to version "10 - child agent task protocol"
2026-10-07T13:32:49.369+08:00 INFO  [main] [requestId=] o.f.core.internal.command.DbMigrate - Migrating schema "public" to version "11 - context memory catalog"
2026-10-07T13:32:49.489+08:00 INFO  [main] [requestId=] o.f.core.internal.command.DbMigrate - Migrating schema "public" to version "12 - history full text index"
2026-10-07T13:32:49.529+08:00 INFO  [main] [requestId=] o.f.core.internal.command.DbMigrate - Migrating schema "public" to version "13 - history vector index"
2026-10-07T13:32:49.586+08:00 INFO  [main] [requestId=] o.f.core.internal.command.DbMigrate - Migrating schema "public" to version "14 - knowledge catalog"
2026-10-07T13:32:49.621+08:00 INFO  [main] [requestId=] o.f.core.internal.command.DbMigrate - Migrating schema "public" to version "15 - knowledge search indexes"
2026-10-07T13:32:49.656+08:00 INFO  [main] [requestId=] o.f.core.internal.command.DbMigrate - Migrating schema "public" to version "16 - workflow runtime"
2026-10-07T13:32:49.711+08:00 INFO  [main] [requestId=] o.f.core.internal.command.DbMigrate - Migrating schema "public" to version "17 - mcp server registry"
2026-10-07T13:32:49.748+08:00 INFO  [main] [requestId=] o.f.core.internal.command.DbMigrate - Migrating schema "public" to version "18 - agent knowledge capability"
2026-10-07T13:32:49.993+08:00 INFO  [main] [requestId=] o.f.core.internal.command.DbMigrate - Migrating schema "public" to version "19 - agent workflow mcp capabilities"
2026-10-07T13:32:50.006+08:00 INFO  [main] [requestId=] o.f.core.internal.command.DbMigrate - Migrating schema "public" to version "20 - mcp encrypted credentials"
2026-10-07T13:32:50.018+08:00 INFO  [main] [requestId=] o.f.core.internal.command.DbMigrate - Migrating schema "public" to version "21 - workflow control terminal states"
2026-10-07T13:32:50.061+08:00 INFO  [main] [requestId=] o.f.core.internal.command.DbMigrate - Migrating schema "public" to version "22 - workflow interrupted state"
2026-10-07T13:32:50.093+08:00 INFO  [main] [requestId=] o.f.core.internal.command.DbMigrate - Migrating schema "public" to version "23 - history operation recovery"
2026-10-07T13:32:50.109+08:00 INFO  [main] [requestId=] o.f.core.internal.command.DbMigrate - Migrating schema "public" to version "24 - semantic embedding profiles"
2026-10-07T13:32:50.145+08:00 INFO  [main] [requestId=] o.f.core.internal.command.DbMigrate - Successfully applied 24 migrations to schema "public", now at version v24 (execution time 00:00.898s)
2026-10-07T13:32:50.729+08:00 INFO  [main] [requestId=] o.h.jpa.internal.util.LogHelper - HHH000204: Processing PersistenceUnitInfo [name: default]
2026-10-07T13:32:50.741+08:00 INFO  [main] [requestId=] o.h.c.i.RegionFactoryInitiator - HHH000026: Second-level cache disabled
2026-10-07T13:32:50.809+08:00 INFO  [main] [requestId=] o.s.o.j.p.SpringPersistenceUnitInfo - No LoadTimeWeaver setup: ignoring JPA class transformer
2026-10-07T13:32:50.863+08:00 INFO  [main] [requestId=] o.hibernate.orm.connections.pooling - HHH10001005: Database info:
	Database JDBC URL [Connecting through datasource 'HikariDataSource (HikariPool-9)']
	Database driver: undefined/unknown
	Database version: 16.15
	Autocommit mode: undefined/unknown
	Isolation level: undefined/unknown
	Minimum pool size: undefined/unknown
	Maximum pool size: undefined/unknown
2026-10-07T13:32:51.345+08:00 INFO  [main] [requestId=] o.h.e.t.j.p.i.JtaPlatformInitiator - HHH000489: No JTA platform available (set 'hibernate.transaction.jta.platform' to enable JTA platform integration)
2026-10-07T13:32:51.373+08:00 INFO  [main] [requestId=] o.s.o.j.LocalContainerEntityManagerFactoryBean - Initialized JPA EntityManagerFactory for persistence unit 'default'
2026-10-07T13:32:59.503+08:00 INFO  [main] [requestId=] c.b.m.s.MybatisPlusApplicationContextAware - Register ApplicationContext instances org.springframework.web.context.support.GenericWebApplicationContext@16e7b4d6
2026-10-07T13:33:00.704+08:00 INFO  [main] [requestId=] o.s.b.t.m.w.SpringBootMockServletContext - Initializing Spring TestDispatcherServlet ''
2026-10-07T13:33:00.705+08:00 INFO  [main] [requestId=] o.s.t.w.s.TestDispatcherServlet - Initializing Servlet ''
2026-10-07T13:33:00.716+08:00 INFO  [main] [requestId=] o.s.b.a.e.web.EndpointLinksResolver - Exposing 2 endpoints beneath base path '/actuator'
2026-10-07T13:33:00.729+08:00 INFO  [main] [requestId=] o.s.t.w.s.TestDispatcherServlet - Completed initialization in 24 ms
2026-10-07T13:33:00.809+08:00 INFO  [main] [requestId=] c.h.api.KnowledgeFinishPostgresTest - Started KnowledgeFinishPostgresTest in 47.708 seconds (process running for 247.068)
2026-10-07T13:33:01.195+08:00 INFO  [main] [requestId=] o.s.o.j.LocalContainerEntityManagerFactoryBean - Closing JPA EntityManagerFactory for persistence unit 'default'
2026-10-07T13:33:01.200+08:00 INFO  [main] [requestId=] com.zaxxer.hikari.HikariDataSource - HikariPool-1 - Shutdown initiated...
2026-10-07T13:33:01.211+08:00 INFO  [main] [requestId=] com.zaxxer.hikari.HikariDataSource - HikariPool-1 - Shutdown completed.
2026-10-07T13:33:01.326+08:00 INFO  [main] [requestId=94ba1072-3c2e-4ecd-bd13-0826abcc0359] c.hify.common.RequestLoggingFilter - http.request method=POST path=/api/v1/knowledge-bases status=201 latencyMs=52
2026-10-07T13:33:01.398+08:00 INFO  [main] [requestId=6233252b-4fe5-42ac-a0df-0719251bc454] c.hify.common.RequestLoggingFilter - http.request method=POST path=/api/v1/knowledge-bases status=201 latencyMs=4
2026-10-07T13:33:01.485+08:00 INFO  [main] [requestId=5624bbae-f70d-4c84-a4a4-4207d4cf8ea7] c.hify.common.RequestLoggingFilter - http.request method=POST path=/api/v1/workflows status=201 latencyMs=81
2026-10-07T13:33:01.494+08:00 INFO  [main] [requestId=d49de2ce-1e08-4555-8858-dc9df6afbc3d] c.hify.common.RequestLoggingFilter - http.request method=POST path=/api/v1/workflows status=400 latencyMs=7
2026-10-07T13:33:01.501+08:00 INFO  [main] [requestId=f9df9cdd-558f-4f56-b69a-1907c61eca14] c.hify.common.RequestLoggingFilter - http.request method=PUT path=/api/v1/workflows/ffb98ed2-4edd-417d-84c4-7ed1171249b1 status=400 latencyMs=6
2026-10-07T13:33:01.519+08:00 INFO  [main] [requestId=a15e4886-dc3d-452a-96d7-d63f222e1ac7] c.hify.common.RequestLoggingFilter - http.request method=POST path=/api/v1/workflow-versions/5bbc9ec0-39f0-490b-9b30-2f1125cbe2ce/runs status=409 latencyMs=9
2026-10-07T13:33:01.549+08:00 INFO  [main] [requestId=7fac3355-443e-49d1-8180-6fb395bc0071] c.hify.common.RequestLoggingFilter - http.request method=POST path=/api/v1/knowledge-bases status=201 latencyMs=8
2026-10-07T13:33:01.564+08:00 INFO  [main] [requestId=1cfafed1-8dee-45b2-a0be-38bb25c0d319] c.hify.common.RequestLoggingFilter - http.request method=POST path=/api/v1/knowledge-bases/2c13f306-5011-4d31-95b1-f5e0ae474dd2/documents status=202 latencyMs=14
2026-10-07T13:33:01.570+08:00 INFO  [main] [requestId=0c639e47-5534-488b-b6a6-cc20d8482666] c.hify.common.RequestLoggingFilter - http.request method=GET path=/api/v1/documents/ed5e1ab2-add7-4b58-87c9-e500d21560c6 status=200 latencyMs=5
2026-10-07T13:33:01.728+08:00 INFO  [main] [requestId=b4100223-42d2-4266-ba60-462f3b8f67c9] c.hify.common.RequestLoggingFilter - http.request method=GET path=/api/v1/documents/ed5e1ab2-add7-4b58-87c9-e500d21560c6 status=200 latencyMs=3
2026-10-07T13:33:01.739+08:00 INFO  [main] [requestId=a5d38215-5358-44b6-9418-e29130147178] c.hify.common.RequestLoggingFilter - http.request method=GET path=/api/v1/documents/ed5e1ab2-add7-4b58-87c9-e500d21560c6/chunks status=200 latencyMs=10
2026-10-07T13:33:01.750+08:00 INFO  [main] [requestId=df38f06a-394a-4f23-9ddf-f95cc3d4d77f] c.hify.common.RequestLoggingFilter - http.request method=DELETE path=/api/v1/documents/ed5e1ab2-add7-4b58-87c9-e500d21560c6 status=200 latencyMs=9
2026-10-07T13:33:01.775+08:00 INFO  [main] [requestId=ea5bbba0-eb4a-4673-9ac6-8ffe946207bf] c.hify.common.RequestLoggingFilter - http.request method=POST path=/api/v1/knowledge-bases status=201 latencyMs=4
2026-10-07T13:33:01.797+08:00 INFO  [main] [requestId=5b5cd780-3b81-4b97-9cc3-15d03d09290a] c.hify.common.RequestLoggingFilter - http.request method=POST path=/api/v1/knowledge-bases/b9168061-3bdf-4503-bf01-be3df1b97c8c/documents status=202 latencyMs=20
2026-10-07T13:33:01.802+08:00 INFO  [main] [requestId=7b36925a-7f44-4e75-adb7-9f49dcc4ebd2] c.hify.common.RequestLoggingFilter - http.request method=GET path=/api/v1/documents/c4762181-7c32-43ae-aee9-9c12eddbef28 status=200 latencyMs=4
2026-10-07T13:33:01.960+08:00 INFO  [main] [requestId=fe664a0f-d52b-4480-a187-565d91499fa5] c.hify.common.RequestLoggingFilter - http.request method=GET path=/api/v1/documents/c4762181-7c32-43ae-aee9-9c12eddbef28 status=200 latencyMs=6
2026-10-07T13:33:01.971+08:00 INFO  [main] [requestId=23c8b2d8-7183-48d4-b047-5edd67e8adf2] c.hify.common.RequestLoggingFilter - http.request method=POST path=/api/v1/workflows status=201 latencyMs=9
2026-10-07T13:33:02.007+08:00 INFO  [main] [requestId=84bf4be1-f704-48d2-8f6b-121fc88dfd20] c.hify.common.RequestLoggingFilter - http.request method=POST path=/api/v1/workflows/b6db0254-4797-4629-a9c0-bb2728e928cf/versions status=200 latencyMs=35
2026-10-07T13:33:02.058+08:00 INFO  [main] [requestId=cf3528ea-66d9-4886-8b7d-b050f849bf46] c.hify.common.RequestLoggingFilter - http.request method=POST path=/api/v1/agents status=201 latencyMs=48
2026-10-07T13:33:02.126+08:00 INFO  [main] [requestId=4476205a-2df2-4998-9a9c-0f468aede948] c.hify.common.RequestLoggingFilter - http.request method=PUT path=/api/v1/agents/1cbb7e1d-84bf-46d5-87a0-51443a08e318/workflow-binding status=200 latencyMs=66
2026-10-07T13:33:02.171+08:00 INFO  [main] [requestId=abf9edcf-60c4-4a04-b42e-bff32ad3a7d9] c.hify.common.RequestLoggingFilter - http.request method=POST path=/api/v1/agents/1cbb7e1d-84bf-46d5-87a0-51443a08e318/publications status=200 latencyMs=44
2026-10-07T13:33:02.201+08:00 INFO  [main] [requestId=057f55d9-b5c0-4467-a506-9d1650f8e953] c.hify.common.RequestLoggingFilter - http.request method=POST path=/api/v1/conversations status=201 latencyMs=28
2026-10-07T13:33:02.274+08:00 INFO  [main] [requestId=0eed22d0-a9ca-4fdc-bbba-a6613ff2e315] c.hify.common.RequestLoggingFilter - http.request method=POST path=/api/v1/workflow-versions/469f9781-de92-44bf-a8ad-ac3d38d2296f/runs status=202 latencyMs=72
2026-10-07T13:33:02.282+08:00 INFO  [main] [requestId=ba24ec89-144c-4dea-937b-d9ff73154923] c.hify.common.RequestLoggingFilter - http.request method=DELETE path=/api/v1/documents/c4762181-7c32-43ae-aee9-9c12eddbef28 status=200 latencyMs=6
2026-10-07T13:33:02.298+08:00 INFO  [main] [requestId=8edcb35c-44e9-41f1-af4d-e17f319946d0] c.hify.common.RequestLoggingFilter - http.request method=POST path=/api/v1/knowledge-bases/b9168061-3bdf-4503-bf01-be3df1b97c8c/documents status=202 latencyMs=15
2026-10-07T13:33:02.301+08:00 INFO  [main] [requestId=5966e219-0069-454c-9bbe-3d3ae5bf3af3] c.hify.common.RequestLoggingFilter - http.request method=GET path=/api/v1/documents/560e55a0-bbba-435f-9965-bcc1a07b1b30 status=200 latencyMs=2
2026-10-07T13:33:02.477+08:00 INFO  [main] [requestId=e7540457-6be3-4195-b737-a0314a140f39] c.hify.common.RequestLoggingFilter - http.request method=GET path=/api/v1/documents/560e55a0-bbba-435f-9965-bcc1a07b1b30 status=200 latencyMs=2
2026-10-07T13:33:02.497+08:00 INFO  [main] [requestId=d338c29e-7d54-4635-aa2a-1fdeef90b14a] c.hify.common.RequestLoggingFilter - http.request method=POST path=/api/v1/workflow-versions/469f9781-de92-44bf-a8ad-ac3d38d2296f/runs status=202 latencyMs=19
2026-10-07T13:33:02.537+08:00 INFO  [main] [requestId=9e9d2f35-aeeb-4495-bf5e-ae44ddf80300] c.hify.common.RequestLoggingFilter - http.request method=POST path=/api/v1/workflows/b6db0254-4797-4629-a9c0-bb2728e928cf/versions status=200 latencyMs=36
2026-10-07T13:33:02.677+08:00 INFO  [main] [requestId=89ecd26d-a2bc-4e91-937b-9a94408c69f8] c.hify.common.RequestLoggingFilter - http.request method=POST path=/api/v1/workflow-versions/efa30aa1-8d0c-4e9d-b29b-64f87bd90e21/runs status=202 latencyMs=94
2026-10-07T13:33:02.729+08:00 INFO  [main] [requestId=4a3f9aac-31a9-4879-a94c-ec066a34e536] c.hify.common.RequestLoggingFilter - http.request method=POST path=/api/v1/agents/1cbb7e1d-84bf-46d5-87a0-51443a08e318/publications status=200 latencyMs=49
2026-10-07T13:33:02.778+08:00 INFO  [main] [requestId=93de46b6-9268-4e78-9ca0-d8b2c7920c8f] c.hify.common.RequestLoggingFilter - http.request method=POST path=/api/v1/conversations/c5a70d44-7fd4-4dad-b107-aa83997d8d72/runs status=202 latencyMs=48
2026-10-07T13:33:02.783+08:00 INFO  [main] [requestId=775b8047-4076-4af3-acc2-0c512b189062] c.hify.common.RequestLoggingFilter - http.request method=GET path=/api/v1/runs/3e889db0-3b6f-43f9-affc-35e17a7dd3d8 status=200 latencyMs=3
2026-10-07T13:33:02.945+08:00 INFO  [main] [requestId=5278e061-4f43-4fe2-b84d-e10fc232ccdd] c.hify.common.RequestLoggingFilter - http.request method=GET path=/api/v1/runs/3e889db0-3b6f-43f9-affc-35e17a7dd3d8 status=200 latencyMs=4
2026-10-07T13:33:02.956+08:00 INFO  [main] [requestId=972270a2-f97c-4a84-92fb-15ea848dc24a] c.hify.common.RequestLoggingFilter - http.request method=POST path=/api/v1/conversations status=201 latencyMs=10
2026-10-07T13:33:02.978+08:00 INFO  [main] [requestId=437bc1d0-2354-4b40-89d9-e068b381437e] c.hify.common.RequestLoggingFilter - http.request method=POST path=/api/v1/conversations/ca06e5df-b640-4897-8316-6924a3272e19/runs status=202 latencyMs=21
2026-10-07T13:33:02.980+08:00 INFO  [main] [requestId=92e04433-5a38-4171-a723-eec799b7754d] c.hify.common.RequestLoggingFilter - http.request method=GET path=/api/v1/runs/67d419d1-bac9-4f62-bbe2-974d3edc883e status=200 latencyMs=1
2026-10-07T13:33:03.157+08:00 INFO  [main] [requestId=72c8116d-386e-4caa-b396-f9bac88b1591] c.hify.common.RequestLoggingFilter - http.request method=GET path=/api/v1/runs/67d419d1-bac9-4f62-bbe2-974d3edc883e status=200 latencyMs=2
2026-10-07T13:33:03.170+08:00 INFO  [main] [requestId=d0a80710-9583-462b-9a98-2e6de9d4d6a5] c.hify.common.RequestLoggingFilter - http.request method=GET path=/api/v1/workflows/b6db0254-4797-4629-a9c0-bb2728e928cf status=200 latencyMs=10
2026-10-07T13:33:03.183+08:00 INFO  [main] [requestId=9e81a9f0-4e3c-4109-9453-675df6083940] c.hify.common.RequestLoggingFilter - http.request method=DELETE path=/api/v1/knowledge-bases/b9168061-3bdf-4503-bf01-be3df1b97c8c status=200 latencyMs=6
2026-10-07T13:33:03.220+08:00 INFO  [main] [requestId=408ccbe9-2c82-496e-9a9b-9d1a4e0af879] c.hify.common.RequestLoggingFilter - http.request method=POST path=/api/v1/workflow-versions/469f9781-de92-44bf-a8ad-ac3d38d2296f/runs status=202 latencyMs=36
2026-10-07T13:33:03.249+08:00 INFO  [main] [requestId=2b44dd62-78b8-4cb7-b052-f80cad620622] c.hify.common.RequestLoggingFilter - http.request method=POST path=/api/v1/workflows/b6db0254-4797-4629-a9c0-bb2728e928cf/versions status=404 latencyMs=22
2026-10-07T13:33:03.365+08:00 INFO  [main] [requestId=290e152a-c101-4373-ad74-945742a6a956] c.hify.common.RequestLoggingFilter - http.request method=POST path=/api/v1/knowledge-bases status=201 latencyMs=5
2026-10-07T13:33:03.377+08:00 INFO  [main] [requestId=04d87bbb-f19b-4fba-ad1e-4ef1c5859b27] c.hify.common.RequestLoggingFilter - http.request method=POST path=/api/v1/knowledge-bases/0704d4e0-d669-47d8-9f86-9438368162a6/documents status=202 latencyMs=11
2026-10-07T13:33:03.383+08:00 INFO  [main] [requestId=8c525f09-c7a8-4a73-8efb-3da89a4cb438] c.hify.common.RequestLoggingFilter - http.request method=GET path=/api/v1/documents/3c9db004-7f16-43df-9da5-001e225cb2bf status=200 latencyMs=4
2026-10-07T13:33:03.607+08:00 INFO  [main] [requestId=18a0f636-2e8b-4cf6-b7cd-157c1bdb829a] c.hify.common.RequestLoggingFilter - http.request method=GET path=/api/v1/documents/3c9db004-7f16-43df-9da5-001e225cb2bf status=200 latencyMs=55
2026-10-07T13:33:03.633+08:00 INFO  [main] [requestId=4a6bb57d-14b7-48a6-ae4a-8915b2ad378b] c.hify.common.RequestLoggingFilter - http.request method=POST path=/api/v1/workflows status=201 latencyMs=24
2026-10-07T13:33:03.701+08:00 INFO  [main] [requestId=185b6447-27be-4591-864f-78007ee92a7d] c.hify.common.RequestLoggingFilter - http.request method=POST path=/api/v1/workflows/aad954e8-3812-4413-8bf3-337034d66d7b/versions status=200 latencyMs=67
2026-10-07T13:33:03.807+08:00 INFO  [main] [requestId=f0b45af1-3c60-415e-8dc3-6eef1b92d1df] c.hify.common.RequestLoggingFilter - http.request method=POST path=/api/v1/workflow-versions/67550996-b657-485a-8c5e-424722591c7e/runs status=202 latencyMs=98
2026-10-07T13:33:03.930+08:00 INFO  [main] [requestId=5b2ee2ef-3185-4757-aeba-755b539b82eb] c.hify.common.RequestLoggingFilter - http.request method=POST path=/api/v1/knowledge-bases status=201 latencyMs=14
2026-10-07T13:33:03.960+08:00 INFO  [main] [requestId=abfa544d-da36-4e74-96ec-56c8ebbc96f8] c.hify.common.RequestLoggingFilter - http.request method=POST path=/api/v1/knowledge-bases/afcf6c46-14cc-4564-bf94-4b12c6ea0357/documents status=202 latencyMs=28
2026-10-07T13:33:03.967+08:00 INFO  [main] [requestId=bfe95dec-e338-49e8-b7f5-9efea2a9ca64] c.hify.common.RequestLoggingFilter - http.request method=GET path=/api/v1/documents/5c2c30ee-b8e8-498b-93fd-b99e2ba2a1f2 status=200 latencyMs=6
2026-10-07T13:33:04.142+08:00 INFO  [main] [requestId=9bbe5d10-711e-4468-b403-c0eef73b920a] c.hify.common.RequestLoggingFilter - http.request method=GET path=/api/v1/documents/5c2c30ee-b8e8-498b-93fd-b99e2ba2a1f2 status=200 latencyMs=3
2026-10-07T13:33:04.198+08:00 INFO  [main] [requestId=88436d23-473d-4cfc-9ae0-1c320d3a834f] c.hify.common.RequestLoggingFilter - http.request method=POST path=/api/v1/workflows status=201 latencyMs=54
2026-10-07T13:33:04.335+08:00 INFO  [main] [requestId=2eb627bf-a170-4d70-a03b-a9ed34df0606] c.hify.common.RequestLoggingFilter - http.request method=POST path=/api/v1/workflows/dccaaf86-8c9e-4903-b442-d705574e2343/versions status=200 latencyMs=134
2026-10-07T13:33:04.441+08:00 INFO  [main] [requestId=c09bd14c-f8d8-4be0-ab3e-7af60485e40e] c.hify.common.RequestLoggingFilter - http.request method=POST path=/api/v1/workflow-versions/886a1365-f06c-4701-9b51-cb7eed799a1d/runs status=202 latencyMs=99
2026-10-07T13:33:04.584+08:00 INFO  [main] [requestId=4700b18b-e878-4271-83b0-62740b0b5495] c.hify.common.RequestLoggingFilter - http.request method=POST path=/api/v1/knowledge-bases status=201 latencyMs=60
2026-10-07T13:33:04.601+08:00 INFO  [main] [requestId=1a852b66-b3c0-437d-b759-ab6c8800ae38] c.hify.common.RequestLoggingFilter - http.request method=POST path=/api/v1/knowledge-bases/a07a91ac-42dd-4c09-b9db-3ffb2decda0b/documents status=202 latencyMs=15
2026-10-07T13:33:04.606+08:00 INFO  [main] [requestId=b2af71e3-c0da-4d4e-b096-c620f654429d] c.hify.common.RequestLoggingFilter - http.request method=GET path=/api/v1/documents/ec0ae298-6210-4c28-9cb9-3d1313128425 status=200 latencyMs=4
2026-10-07T13:33:04.800+08:00 INFO  [main] [requestId=94379a1f-ac34-45ab-9391-37e82b22bc2b] c.hify.common.RequestLoggingFilter - http.request method=GET path=/api/v1/documents/ec0ae298-6210-4c28-9cb9-3d1313128425 status=200 latencyMs=16
2026-10-07T13:33:04.832+08:00 INFO  [main] [requestId=7525fec2-7c4a-4024-8e89-f7a7d4118409] c.hify.common.RequestLoggingFilter - http.request method=POST path=/api/v1/workflows status=201 latencyMs=29
2026-10-07T13:33:04.921+08:00 INFO  [main] [requestId=8b61b0f4-faf9-40cb-8399-ec51348cb48d] c.hify.common.RequestLoggingFilter - http.request method=POST path=/api/v1/workflows/ae2b5c9a-b1c4-4faf-b967-3bc2e274fc4e/versions status=200 latencyMs=88
2026-10-07T13:33:05.041+08:00 INFO  [main] [requestId=f6493ef3-bf6c-4e77-93b2-71300eae51f3] c.hify.common.RequestLoggingFilter - http.request method=POST path=/api/v1/workflow-versions/5b104faf-ed49-469c-8ea4-b2c14edbb31b/runs status=202 latencyMs=113
2026-10-07T13:33:05.152+08:00 INFO  [main] [requestId=cdb77eda-cb65-49b3-8f0a-41fc0b529ef3] c.hify.common.RequestLoggingFilter - http.request method=POST path=/api/v1/knowledge-bases status=201 latencyMs=63
2026-10-07T13:33:05.210+08:00 INFO  [main] [requestId=883e4b04-75d2-422f-8766-0ee5466045a9] c.hify.common.RequestLoggingFilter - http.request method=POST path=/api/v1/knowledge-bases/f0221efe-d0c3-48c1-a484-97b8d583f86f/documents status=202 latencyMs=57
2026-10-07T13:33:05.217+08:00 INFO  [main] [requestId=2ce17b34-833e-4496-963b-fd92c9b4617a] c.hify.common.RequestLoggingFilter - http.request method=GET path=/api/v1/documents/fa0d3c19-b9a1-4e47-9ed3-1b56ac543a49 status=200 latencyMs=5
2026-10-07T13:33:05.434+08:00 INFO  [main] [requestId=acb102ef-3c62-4964-962d-5a66a6c3d3a1] c.hify.common.RequestLoggingFilter - http.request method=GET path=/api/v1/documents/fa0d3c19-b9a1-4e47-9ed3-1b56ac543a49 status=200 latencyMs=47
2026-10-07T13:33:05.618+08:00 INFO  [main] [requestId=e994f935-f884-4d91-a836-db2fd69b778d] c.hify.common.RequestLoggingFilter - http.request method=GET path=/api/v1/documents/fa0d3c19-b9a1-4e47-9ed3-1b56ac543a49 status=200 latencyMs=12
2026-10-07T13:33:05.708+08:00 INFO  [main] [requestId=22bbb066-e23a-4487-a949-d0e8fa89282c] c.hify.common.RequestLoggingFilter - http.request method=POST path=/api/v1/workflows status=201 latencyMs=88
2026-10-07T13:33:05.800+08:00 INFO  [main] [requestId=145c4bf9-6c07-46ce-853c-cb5631ca70cc] c.hify.common.RequestLoggingFilter - http.request method=POST path=/api/v1/workflows/77de7b83-a43e-4001-b3ac-e9150c486546/versions status=200 latencyMs=42
2026-10-07T13:33:05.813+08:00 INFO  [main] [requestId=bf486791-2ad0-4c12-be92-efccfcc218a7] c.hify.common.RequestLoggingFilter - http.request method=POST path=/api/v1/knowledge-bases status=201 latencyMs=8
2026-10-07T13:33:05.853+08:00 INFO  [main] [requestId=780fbb9f-e842-4825-87ea-80f4fb913d85] c.hify.common.RequestLoggingFilter - http.request method=POST path=/api/v1/workflow-versions/cdb27df1-9985-4401-831e-eed0be65b9c1/runs status=202 latencyMs=38
2026-10-07T13:33:05.900+08:00 INFO  [main] [requestId=319784d2-2854-4e48-8ecf-9ec26d5e9fc3] c.hify.common.RequestLoggingFilter - http.request method=POST path=/api/v1/knowledge-bases status=201 latencyMs=11
2026-10-07T13:33:05.913+08:00 INFO  [main] [requestId=79681dfe-4964-431f-8010-f3233a5e6409] c.hify.common.RequestLoggingFilter - http.request method=POST path=/api/v1/knowledge-bases/4aba4eee-ee1c-4a27-900a-3a72c2ecdcc0/documents status=202 latencyMs=11
2026-10-07T13:33:05.918+08:00 INFO  [main] [requestId=a1f1d7d3-0c96-46c7-80be-16046baa80b7] c.hify.common.RequestLoggingFilter - http.request method=GET path=/api/v1/documents/c4bb1754-58b4-4fe6-ae88-bce959c20d42 status=200 latencyMs=4
2026-10-07T13:33:06.092+08:00 INFO  [main] [requestId=b1673e0c-84c1-432d-a1ff-63bccd7c1fea] c.hify.common.RequestLoggingFilter - http.request method=GET path=/api/v1/documents/c4bb1754-58b4-4fe6-ae88-bce959c20d42 status=200 latencyMs=3
2026-10-07T13:33:06.106+08:00 INFO  [main] [requestId=bd423fd6-b0ef-4795-b555-634f3fba23c8] c.hify.common.RequestLoggingFilter - http.request method=POST path=/api/v1/workflows status=201 latencyMs=12
2026-10-07T13:33:06.137+08:00 INFO  [main] [requestId=a91ecc80-17d7-4336-a81b-f6eb8c4170a1] c.hify.common.RequestLoggingFilter - http.request method=POST path=/api/v1/workflows/6910520b-af7e-4a97-97a5-44963c7890e3/versions status=404 latencyMs=30
2026-10-07T13:33:06.157+08:00 INFO  [main] [requestId=e9ad5438-7232-45ce-a90e-04b58fa4d32e] c.hify.common.RequestLoggingFilter - http.request method=POST path=/api/v1/knowledge-bases status=201 latencyMs=9
2026-10-07T13:33:06.162+08:00 INFO  [main] [requestId=878e8848-1ee7-4a9f-9961-cd0db5f3b0ba] c.hify.common.RequestLoggingFilter - http.request method=POST path=/api/v1/knowledge-bases/cdea20c2-1379-49ca-bfd6-3d9d567c8c0d/documents status=202 latencyMs=4
2026-10-07T13:33:06.165+08:00 INFO  [main] [requestId=0011fdb0-7fa4-4c6c-b240-aa53c360a838] c.hify.common.RequestLoggingFilter - http.request method=GET path=/api/v1/documents/ad865512-989a-4ab1-8757-d3acbb17539f status=200 latencyMs=3
2026-10-07T13:33:06.337+08:00 INFO  [main] [requestId=0e07484a-1d85-4ed4-bcdb-43fe06b40f5f] c.hify.common.RequestLoggingFilter - http.request method=GET path=/api/v1/documents/ad865512-989a-4ab1-8757-d3acbb17539f status=200 latencyMs=3
2026-10-07T13:33:06.353+08:00 INFO  [main] [requestId=7c28fa19-241d-43b0-aec9-78e45e349ee0] c.hify.common.RequestLoggingFilter - http.request method=POST path=/api/v1/workflows status=201 latencyMs=15
2026-10-07T13:33:06.392+08:00 INFO  [main] [requestId=148165d8-cb7d-4e1f-96ec-5af597cd3fba] c.hify.common.RequestLoggingFilter - http.request method=POST path=/api/v1/workflows/923eddeb-1ed8-4a7b-84ca-10d2d134808f/versions status=200 latencyMs=39
2026-10-07T13:33:06.492+08:00 INFO  [main] [requestId=8c3b0427-2cb4-42db-86ba-371c738276f5] c.hify.common.RequestLoggingFilter - http.request method=POST path=/api/v1/workflow-versions/31cc4926-8c10-49fd-8c3e-29db958b9296/runs status=202 latencyMs=98
2026-10-07T13:33:06.518+08:00 INFO  [main] [requestId=6bedf4b6-a7c6-46a3-ac80-30b1a24ffb2b] c.hify.common.RequestLoggingFilter - http.request method=POST path=/api/v1/workflow-versions/31cc4926-8c10-49fd-8c3e-29db958b9296/runs status=202 latencyMs=22
2026-10-07T13:33:06.534+08:00 INFO  [main] [requestId=fa5ff68d-6fff-4f5d-b052-aa3f7799b7ec] c.hify.common.RequestLoggingFilter - http.request method=POST path=/api/v1/knowledge-bases status=201 latencyMs=4
2026-10-07T13:33:06.539+08:00 INFO  [main] [requestId=811ca32d-f3e0-469a-b2a4-c09081074c54] c.hify.common.RequestLoggingFilter - http.request method=POST path=/api/v1/knowledge-bases/eea4c051-cc80-4ca7-a6b6-8998ee0dd44c/documents status=202 latencyMs=4
2026-10-07T13:33:06.542+08:00 INFO  [main] [requestId=0f4b4373-e335-4376-adf9-ee3d23e63860] c.hify.common.RequestLoggingFilter - http.request method=GET path=/api/v1/documents/6b54832e-c90c-4def-8fea-5d2854cb60e8 status=200 latencyMs=2
2026-10-07T13:33:06.719+08:00 INFO  [main] [requestId=c080ab43-73c0-4ce3-81d8-dd5a61e884a5] c.hify.common.RequestLoggingFilter - http.request method=GET path=/api/v1/documents/6b54832e-c90c-4def-8fea-5d2854cb60e8 status=200 latencyMs=4
2026-10-07T13:33:07.567+08:00 INFO  [main] [requestId=edc83270-fcb5-41d8-82ba-91a7009c3685] c.hify.common.RequestLoggingFilter - http.request method=DELETE path=/api/v1/documents/6b54832e-c90c-4def-8fea-5d2854cb60e8 status=200 latencyMs=112
2026-10-07T13:33:07.590+08:00 INFO  [main] [requestId=c20672ac-e12b-4379-916f-d813a8491158] c.hify.common.RequestLoggingFilter - http.request method=POST path=/api/v1/knowledge-bases/eea4c051-cc80-4ca7-a6b6-8998ee0dd44c/documents status=202 latencyMs=17
2026-10-07T13:33:07.600+08:00 INFO  [main] [requestId=a5b2f655-cf24-4e4b-9160-311225bb16d0] c.hify.common.RequestLoggingFilter - http.request method=GET path=/api/v1/documents/5982e053-9fef-4d5c-832c-0d0abfe63dc5 status=200 latencyMs=8
2026-10-07T13:33:07.765+08:00 INFO  [main] [requestId=cfc2ab0d-8fda-4d55-bfc1-610dfcb93e24] c.hify.common.RequestLoggingFilter - http.request method=GET path=/api/v1/documents/5982e053-9fef-4d5c-832c-0d0abfe63dc5 status=200 latencyMs=2
2026-10-07T13:33:08.169+08:00 INFO  [main] [requestId=7249f56d-43fe-4e6c-a64d-c3efaf349c26] c.hify.common.RequestLoggingFilter - http.request method=POST path=/api/v1/knowledge-bases status=201 latencyMs=11
2026-10-07T13:33:08.181+08:00 INFO  [main] [requestId=f646f514-4c8a-4a3e-9038-beee58524184] c.hify.common.RequestLoggingFilter - http.request method=POST path=/api/v1/workflows status=201 latencyMs=11
2026-10-07T13:33:08.201+08:00 INFO  [main] [requestId=a2a84979-e519-4915-9288-274a0714499c] c.hify.common.RequestLoggingFilter - http.request method=POST path=/api/v1/workflows/1d0fdb63-cca2-4064-8e2f-076f743e49db/versions status=200 latencyMs=18
2026-10-07T13:33:08.236+08:00 INFO  [main] [requestId=4085e317-fd93-474a-bfed-1a3082ebf828] c.hify.common.RequestLoggingFilter - http.request method=POST path=/api/v1/workflow-versions/90601eb7-7ad9-4c53-b7f4-600fce30c4fa/runs status=202 latencyMs=34
2026-10-07T13:33:08.249+08:00 INFO  [main] [requestId=dc6a4bfa-4704-4126-9bbd-3e4db9d0409a] c.hify.common.RequestLoggingFilter - http.request method=POST path=/api/v1/knowledge-bases status=201 latencyMs=2
2026-10-07T13:33:08.255+08:00 INFO  [main] [requestId=ae006334-6955-4571-989a-61e7338308d6] c.hify.common.RequestLoggingFilter - http.request method=POST path=/api/v1/knowledge-bases/b1e07c87-2528-40b2-9faa-b2000d3c7e4b/documents status=202 latencyMs=5
2026-10-07T13:33:08.258+08:00 INFO  [main] [requestId=d6ddb1ef-263b-4869-86bb-57986d777ea6] c.hify.common.RequestLoggingFilter - http.request method=GET path=/api/v1/documents/607f6be3-bc20-46b1-8ae0-0e948461d04d status=200 latencyMs=1
2026-10-07T13:33:08.424+08:00 INFO  [main] [requestId=3e53b164-0611-4e3f-8b22-7fc0c082f90f] c.hify.common.RequestLoggingFilter - http.request method=GET path=/api/v1/documents/607f6be3-bc20-46b1-8ae0-0e948461d04d status=200 latencyMs=6
2026-10-07T13:33:09.741+08:00 INFO  [main] [requestId=f3ee8483-6a4c-458d-9aae-c28104f0a5dd] c.hify.common.RequestLoggingFilter - http.request method=POST path=/api/v1/knowledge-bases status=201 latencyMs=36
2026-10-07T13:33:10.329+08:00 INFO  [main] [requestId=8bfe2af8-6db5-49de-8ae4-740dd397fe0a] c.hify.common.RequestLoggingFilter - http.request method=POST path=/api/v1/knowledge-bases status=201 latencyMs=16
2026-10-07T13:33:10.364+08:00 INFO  [main] [requestId=6b1f1471-d199-45a9-a818-3130f40a011d] c.hify.common.RequestLoggingFilter - http.request method=POST path=/api/v1/knowledge-bases/7cc1e17c-99bd-40bb-8e60-8cbca362c38d/documents status=202 latencyMs=33
2026-10-07T13:33:10.369+08:00 INFO  [main] [requestId=e18ca2f6-ffc0-4608-b0e1-dd9e5b21cc90] c.hify.common.RequestLoggingFilter - http.request method=GET path=/api/v1/documents/4db37098-94ad-40d5-92d1-8b29093dbb0d status=200 latencyMs=4
2026-10-07T13:33:10.530+08:00 INFO  [main] [requestId=5b7a65ce-0b6c-4574-9161-c99c1b69cff2] c.hify.common.RequestLoggingFilter - http.request method=GET path=/api/v1/documents/4db37098-94ad-40d5-92d1-8b29093dbb0d status=200 latencyMs=5
2026-10-07T13:33:10.768+08:00 INFO  [main] [requestId=7b1d1c6b-7621-450e-845c-a70e43db6f16] c.hify.common.RequestLoggingFilter - http.request method=POST path=/api/v1/knowledge-bases status=201 latencyMs=3
2026-10-07T13:33:10.777+08:00 INFO  [main] [requestId=7a876125-e06d-4fdb-9dfb-6f5389cd98d6] c.hify.common.RequestLoggingFilter - http.request method=POST path=/api/v1/knowledge-bases/69f9b1d6-90be-461d-bde5-61979dcb9102/documents status=202 latencyMs=8
2026-10-07T13:33:10.780+08:00 INFO  [main] [requestId=c654815b-c1ae-4258-8f83-1f6d43e85003] c.hify.common.RequestLoggingFilter - http.request method=GET path=/api/v1/documents/54311534-8868-43c2-9c60-62d7d5488c3a status=200 latencyMs=1
2026-10-07T13:33:10.949+08:00 INFO  [main] [requestId=d7402037-1ddb-4635-9d1e-f62f41df4692] c.hify.common.RequestLoggingFilter - http.request method=GET path=/api/v1/documents/54311534-8868-43c2-9c60-62d7d5488c3a status=200 latencyMs=2
2026-10-07T13:33:11.224+08:00 INFO  [main] [requestId=414eac1c-4c84-4891-9847-ab89370f393f] c.hify.common.RequestLoggingFilter - http.request method=POST path=/api/v1/knowledge-bases status=201 latencyMs=12
2026-10-07T13:33:11.236+08:00 INFO  [main] [requestId=dbf0c849-f576-434a-998c-c75e9a29917d] c.hify.common.RequestLoggingFilter - http.request method=POST path=/api/v1/knowledge-bases status=201 latencyMs=9
2026-10-07T13:33:11.251+08:00 INFO  [main] [requestId=96923e25-f82b-42c5-bf18-d5e1caa12a6b] c.hify.common.RequestLoggingFilter - http.request method=POST path=/api/v1/knowledge-bases/830197a7-8197-4b6f-89c9-5858317d350a/documents status=202 latencyMs=14
2026-10-07T13:33:11.259+08:00 INFO  [main] [requestId=94a5029d-c8e0-4a54-b46e-192ec951b9f8] c.hify.common.RequestLoggingFilter - http.request method=GET path=/api/v1/documents/9b06d721-8765-4721-b010-c572fc1fbea2 status=200 latencyMs=7
2026-10-07T13:33:11.398+08:00 INFO  [main] [requestId=37a53bed-b577-4891-b8e8-c9fca2ba924a] c.hify.common.RequestLoggingFilter - http.request method=GET path=/api/v1/documents/9b06d721-8765-4721-b010-c572fc1fbea2 status=200 latencyMs=2
[INFO] Tests run: 18, Failures: 0, Errors: 0, Skipped: 0, Time elapsed: 64.14 s -- in com.hify.api.KnowledgeFinishPostgresTest
[INFO] Running com.hify.api.PostgresConcurrencyIntegrationTest
2026-10-07T13:33:12.571+08:00 INFO  [main] [requestId=] o.s.t.c.s.AnnotationConfigContextLoaderUtils - Could not detect default configuration classes for test class [com.hify.api.PostgresConcurrencyIntegrationTest]: PostgresConcurrencyIntegrationTest does not declare any static, non-private, non-final, nested classes annotated with @Configuration.
2026-10-07T13:33:12.612+08:00 INFO  [main] [requestId=] o.s.b.t.c.SpringBootTestContextBootstrapper - Found @SpringBootConfiguration com.hify.HifyApplication for test class com.hify.api.PostgresConcurrencyIntegrationTest
2026-10-07T13:33:12.636+08:00 INFO  [main] [requestId=] tc.pgvector/pgvector:pg16 - Creating container for image: pgvector/pgvector:pg16
2026-10-07T13:33:12.756+08:00 INFO  [main] [requestId=] tc.pgvector/pgvector:pg16 - Container pgvector/pgvector:pg16 is starting: 5fca1498d1f0b5a2b26438220999a80440c087885bf7b9e0dc289c50c770e2ec
2026-10-07T13:33:14.022+08:00 INFO  [main] [requestId=] tc.pgvector/pgvector:pg16 - Container pgvector/pgvector:pg16 started in PT1.384944S
2026-10-07T13:33:14.026+08:00 INFO  [main] [requestId=] tc.pgvector/pgvector:pg16 - Container is started (JDBC URL: jdbc:postgresql://127.0.0.1:32774/hify_test?loggerLevel=OFF)

  .   ____          _            __ _ _
 /\\ / ___'_ __ _ _(_)_ __  __ _ \ \ \ \
( ( )\___ | '_ | '_| | '_ \/ _` | \ \ \ \
 \\/  ___)| |_)| | | | | || (_| |  ) ) ) )
  '  |____| .__|_| |_|_| |_\__, | / / / /
 =========|_|==============|___/=/_/_/_/

 :: Spring Boot ::                (v3.4.5)

2026-10-07T13:33:14.233+08:00 INFO  [main] [requestId=] c.h.a.PostgresConcurrencyIntegrationTest - Starting PostgresConcurrencyIntegrationTest using Java 17.0.19 with PID 97516 (started by weberzhao in /private/tmp/hify-course-20261006.hhEhwt/retrieval-worktree/backend/hify-app)
2026-10-07T13:33:14.233+08:00 INFO  [main] [requestId=] c.h.a.PostgresConcurrencyIntegrationTest - No active profile set, falling back to 1 default profile: "default"
2026-10-07T13:33:15.162+08:00 INFO  [main] [requestId=] o.s.d.r.c.RepositoryConfigurationDelegate - Multiple Spring Data modules found, entering strict repository configuration mode
2026-10-07T13:33:15.163+08:00 INFO  [main] [requestId=] o.s.d.r.c.RepositoryConfigurationDelegate - Bootstrapping Spring Data JPA repositories in DEFAULT mode.
2026-10-07T13:33:15.230+08:00 INFO  [main] [requestId=] o.s.d.r.c.RepositoryConfigurationDelegate - Finished Spring Data repository scanning in 62 ms. Found 34 JPA repository interfaces.
2026-10-07T13:33:15.583+08:00 INFO  [main] [requestId=] com.zaxxer.hikari.HikariDataSource - HikariPool-10 - Starting...
2026-10-07T13:33:15.636+08:00 INFO  [main] [requestId=] com.zaxxer.hikari.pool.HikariPool - HikariPool-10 - Added connection org.postgresql.jdbc.PgConnection@4b9e5068
2026-10-07T13:33:15.637+08:00 INFO  [main] [requestId=] com.zaxxer.hikari.HikariDataSource - HikariPool-10 - Start completed.
2026-10-07T13:33:15.658+08:00 INFO  [main] [requestId=] org.flywaydb.core.FlywayExecutor - Database: jdbc:postgresql://127.0.0.1:32774/hify_test?loggerLevel=OFF (PostgreSQL 16.15)
2026-10-07T13:33:15.722+08:00 INFO  [main] [requestId=] o.f.c.i.s.JdbcTableSchemaHistory - Schema history table "public"."flyway_schema_history" does not exist yet
2026-10-07T13:33:15.724+08:00 INFO  [main] [requestId=] o.f.core.internal.command.DbValidate - Successfully validated 24 migrations (execution time 00:00.045s)
2026-10-07T13:33:15.737+08:00 INFO  [main] [requestId=] o.f.c.i.s.JdbcTableSchemaHistory - Creating Schema History table "public"."flyway_schema_history" ...
2026-10-07T13:33:15.774+08:00 INFO  [main] [requestId=] o.f.core.internal.command.DbMigrate - Current version of schema "public": << Empty Schema >>
2026-10-07T13:33:15.780+08:00 INFO  [main] [requestId=] o.f.core.internal.command.DbMigrate - Migrating schema "public" to version "1 - baseline"
2026-10-07T13:33:15.814+08:00 INFO  [main] [requestId=] o.f.core.internal.command.DbMigrate - Migrating schema "public" to version "2 - demo item"
2026-10-07T13:33:15.832+08:00 INFO  [main] [requestId=] o.f.core.internal.command.DbMigrate - Migrating schema "public" to version "3 - run replan control"
2026-10-07T13:33:15.851+08:00 INFO  [main] [requestId=] o.f.core.internal.command.DbMigrate - Migrating schema "public" to version "4 - run context state"
2026-10-07T13:33:15.894+08:00 INFO  [main] [requestId=] o.f.core.internal.command.DbMigrate - Migrating schema "public" to version "5 - provider catalog"
2026-10-07T13:33:15.932+08:00 INFO  [main] [requestId=] o.f.core.internal.command.DbMigrate - Migrating schema "public" to version "6 - agent publishing"
2026-10-07T13:33:15.967+08:00 INFO  [main] [requestId=] o.f.core.internal.command.DbMigrate - Migrating schema "public" to version "7 - agent archive and tool bindings"
2026-10-07T13:33:15.982+08:00 INFO  [main] [requestId=] o.f.core.internal.command.DbMigrate - Migrating schema "public" to version "8 - backfill agent tool bindings"
2026-10-07T13:33:15.990+08:00 INFO  [main] [requestId=] o.f.core.internal.command.DbMigrate - Migrating schema "public" to version "9 - runtime capability and history"
2026-10-07T13:33:16.002+08:00 INFO  [main] [requestId=] o.f.core.internal.command.DbMigrate - Migrating schema "public" to version "10 - child agent task protocol"
2026-10-07T13:33:16.014+08:00 INFO  [main] [requestId=] o.f.core.internal.command.DbMigrate - Migrating schema "public" to version "11 - context memory catalog"
2026-10-07T13:33:16.025+08:00 INFO  [main] [requestId=] o.f.core.internal.command.DbMigrate - Migrating schema "public" to version "12 - history full text index"
2026-10-07T13:33:16.030+08:00 INFO  [main] [requestId=] o.f.core.internal.command.DbMigrate - Migrating schema "public" to version "13 - history vector index"
2026-10-07T13:33:16.051+08:00 INFO  [main] [requestId=] o.f.core.internal.command.DbMigrate - Migrating schema "public" to version "14 - knowledge catalog"
2026-10-07T13:33:16.066+08:00 INFO  [main] [requestId=] o.f.core.internal.command.DbMigrate - Migrating schema "public" to version "15 - knowledge search indexes"
2026-10-07T13:33:16.076+08:00 INFO  [main] [requestId=] o.f.core.internal.command.DbMigrate - Migrating schema "public" to version "16 - workflow runtime"
2026-10-07T13:33:16.092+08:00 INFO  [main] [requestId=] o.f.core.internal.command.DbMigrate - Migrating schema "public" to version "17 - mcp server registry"
2026-10-07T13:33:16.104+08:00 INFO  [main] [requestId=] o.f.core.internal.command.DbMigrate - Migrating schema "public" to version "18 - agent knowledge capability"
2026-10-07T13:33:16.116+08:00 INFO  [main] [requestId=] o.f.core.internal.command.DbMigrate - Migrating schema "public" to version "19 - agent workflow mcp capabilities"
2026-10-07T13:33:16.134+08:00 INFO  [main] [requestId=] o.f.core.internal.command.DbMigrate - Migrating schema "public" to version "20 - mcp encrypted credentials"
2026-10-07T13:33:16.146+08:00 INFO  [main] [requestId=] o.f.core.internal.command.DbMigrate - Migrating schema "public" to version "21 - workflow control terminal states"
2026-10-07T13:33:16.158+08:00 INFO  [main] [requestId=] o.f.core.internal.command.DbMigrate - Migrating schema "public" to version "22 - workflow interrupted state"
2026-10-07T13:33:16.167+08:00 INFO  [main] [requestId=] o.f.core.internal.command.DbMigrate - Migrating schema "public" to version "23 - history operation recovery"
2026-10-07T13:33:16.178+08:00 INFO  [main] [requestId=] o.f.core.internal.command.DbMigrate - Migrating schema "public" to version "24 - semantic embedding profiles"
2026-10-07T13:33:16.184+08:00 INFO  [main] [requestId=] o.f.core.internal.command.DbMigrate - Successfully applied 24 migrations to schema "public", now at version v24 (execution time 00:00.189s)
2026-10-07T13:33:16.279+08:00 INFO  [main] [requestId=] o.h.jpa.internal.util.LogHelper - HHH000204: Processing PersistenceUnitInfo [name: default]
2026-10-07T13:33:16.283+08:00 INFO  [main] [requestId=] o.h.c.i.RegionFactoryInitiator - HHH000026: Second-level cache disabled
2026-10-07T13:33:16.292+08:00 INFO  [main] [requestId=] o.s.o.j.p.SpringPersistenceUnitInfo - No LoadTimeWeaver setup: ignoring JPA class transformer
2026-10-07T13:33:16.302+08:00 INFO  [main] [requestId=] o.hibernate.orm.connections.pooling - HHH10001005: Database info:
	Database JDBC URL [Connecting through datasource 'HikariDataSource (HikariPool-10)']
	Database driver: undefined/unknown
	Database version: 16.15
	Autocommit mode: undefined/unknown
	Isolation level: undefined/unknown
	Minimum pool size: undefined/unknown
	Maximum pool size: undefined/unknown
2026-10-07T13:33:16.568+08:00 INFO  [main] [requestId=] o.h.e.t.j.p.i.JtaPlatformInitiator - HHH000489: No JTA platform available (set 'hibernate.transaction.jta.platform' to enable JTA platform integration)
2026-10-07T13:33:16.601+08:00 INFO  [main] [requestId=] o.s.o.j.LocalContainerEntityManagerFactoryBean - Initialized JPA EntityManagerFactory for persistence unit 'default'
2026-10-07T13:33:18.894+08:00 INFO  [main] [requestId=] c.b.m.s.MybatisPlusApplicationContextAware - Register ApplicationContext instances org.springframework.web.context.support.GenericWebApplicationContext@63447e3a
2026-10-07T13:33:19.801+08:00 INFO  [main] [requestId=] o.s.b.t.m.w.SpringBootMockServletContext - Initializing Spring TestDispatcherServlet ''
2026-10-07T13:33:19.804+08:00 INFO  [main] [requestId=] o.s.t.w.s.TestDispatcherServlet - Initializing Servlet ''
2026-10-07T13:33:19.818+08:00 INFO  [main] [requestId=] o.s.b.a.e.web.EndpointLinksResolver - Exposing 2 endpoints beneath base path '/actuator'
2026-10-07T13:33:19.842+08:00 INFO  [main] [requestId=] o.s.t.w.s.TestDispatcherServlet - Completed initialization in 38 ms
2026-10-07T13:33:19.946+08:00 INFO  [main] [requestId=] c.h.a.PostgresConcurrencyIntegrationTest - Started PostgresConcurrencyIntegrationTest in 5.884 seconds (process running for 266.204)
2026-10-07T13:33:20.205+08:00 INFO  [main] [requestId=] o.s.o.j.LocalContainerEntityManagerFactoryBean - Closing JPA EntityManagerFactory for persistence unit 'default'
2026-10-07T13:33:20.253+08:00 INFO  [main] [requestId=] com.zaxxer.hikari.HikariDataSource - HikariPool-2 - Shutdown initiated...
2026-10-07T13:33:20.258+08:00 INFO  [main] [requestId=] com.zaxxer.hikari.HikariDataSource - HikariPool-2 - Shutdown completed.
2026-10-07T13:33:20.368+08:00 INFO  [main] [requestId=7b23f1cc-d24e-4323-8646-97325eba9ecc] c.hify.common.RequestLoggingFilter - http.request method=GET path=/api/v1/runs/event-run-c24ffd08-043b-425f-a19e-cebbfec9e249/events/stream status=200 latencyMs=55
2026-10-07T13:33:20.688+08:00 INFO  [main] [requestId=8dd2c8e5-70c7-4209-9387-f3d5819d094f] c.hify.common.RequestLoggingFilter - http.request method=POST path=/api/v1/conversations status=201 latencyMs=45
2026-10-07T13:33:20.739+08:00 INFO  [main] [requestId=931be0af-083d-4980-9312-fe348fb75e70] c.hify.common.RequestLoggingFilter - http.request method=POST path=/api/v1/conversations/9442e56d-b00b-4766-8553-a31aeacdc68b/runs status=202 latencyMs=49
2026-10-07T13:33:23.174+08:00 INFO  [main] [requestId=ac872ce5-227c-4a1e-b77f-fe15a12470a5] c.hify.common.RequestLoggingFilter - http.request method=GET path=/api/v1/runs/29b8d775-48fb-464c-94aa-881414ecb4ad/events/stream status=200 latencyMs=126
2026-10-07T13:33:25.955+08:00 INFO  [main] [requestId=b107bf98-9607-4553-9897-6da175608d15] c.hify.common.RequestLoggingFilter - http.request method=POST path=/api/v1/conversations/9442e56d-b00b-4766-8553-a31aeacdc68b/runs status=202 latencyMs=157
2026-10-07T13:33:26.296+08:00 INFO  [main] [requestId=7067f71d-c11a-4e2c-b906-dfb2358314df] c.hify.common.RequestLoggingFilter - http.request method=POST path=/api/v1/conversations status=201 latencyMs=5
2026-10-07T13:33:26.320+08:00 INFO  [main] [requestId=79fdb1c8-1816-41d2-b262-9103ad722e08] c.hify.common.RequestLoggingFilter - http.request method=GET path=/api/v1/runs/event-run-2f9f8907-b681-443f-9878-d46df970c485/events/stream status=200 latencyMs=1
2026-10-07T13:33:26.502+08:00 WARN  [pool-27-thread-1] [requestId=] o.h.e.jdbc.spi.SqlExceptionHelper - SQL Error: 0, SQLState: 23505
2026-10-07T13:33:26.502+08:00 ERROR [pool-27-thread-1] [requestId=] o.h.e.jdbc.spi.SqlExceptionHelper - ERROR: duplicate key value violates unique constraint "uq_run_idempotency"
  Detail: Key (conversation_id, idempotency_key)=(conv-20376edb-2761-4a78-adfa-9b8bfca2f7a5, same-key) already exists.
2026-10-07T13:33:26.510+08:00 WARN  [pool-27-thread-5] [requestId=] o.h.e.jdbc.spi.SqlExceptionHelper - SQL Error: 0, SQLState: 23505
2026-10-07T13:33:26.510+08:00 ERROR [pool-27-thread-5] [requestId=] o.h.e.jdbc.spi.SqlExceptionHelper - ERROR: duplicate key value violates unique constraint "uq_run_idempotency"
  Detail: Key (conversation_id, idempotency_key)=(conv-20376edb-2761-4a78-adfa-9b8bfca2f7a5, same-key) already exists.
2026-10-07T13:33:26.512+08:00 WARN  [pool-27-thread-3] [requestId=] o.h.e.jdbc.spi.SqlExceptionHelper - SQL Error: 0, SQLState: 23505
2026-10-07T13:33:26.512+08:00 ERROR [pool-27-thread-3] [requestId=] o.h.e.jdbc.spi.SqlExceptionHelper - ERROR: duplicate key value violates unique constraint "uq_run_idempotency"
  Detail: Key (conversation_id, idempotency_key)=(conv-20376edb-2761-4a78-adfa-9b8bfca2f7a5, same-key) already exists.
2026-10-07T13:33:26.515+08:00 WARN  [pool-27-thread-8] [requestId=] o.h.e.jdbc.spi.SqlExceptionHelper - SQL Error: 0, SQLState: 23505
2026-10-07T13:33:26.515+08:00 ERROR [pool-27-thread-8] [requestId=] o.h.e.jdbc.spi.SqlExceptionHelper - ERROR: duplicate key value violates unique constraint "uq_run_idempotency"
  Detail: Key (conversation_id, idempotency_key)=(conv-20376edb-2761-4a78-adfa-9b8bfca2f7a5, same-key) already exists.
2026-10-07T13:33:26.516+08:00 WARN  [pool-27-thread-6] [requestId=] o.h.e.jdbc.spi.SqlExceptionHelper - SQL Error: 0, SQLState: 23505
2026-10-07T13:33:26.516+08:00 ERROR [pool-27-thread-6] [requestId=] o.h.e.jdbc.spi.SqlExceptionHelper - ERROR: duplicate key value violates unique constraint "uq_run_idempotency"
  Detail: Key (conversation_id, idempotency_key)=(conv-20376edb-2761-4a78-adfa-9b8bfca2f7a5, same-key) already exists.
2026-10-07T13:33:26.522+08:00 WARN  [pool-27-thread-7] [requestId=] o.h.e.jdbc.spi.SqlExceptionHelper - SQL Error: 0, SQLState: 23505
2026-10-07T13:33:26.523+08:00 ERROR [pool-27-thread-7] [requestId=] o.h.e.jdbc.spi.SqlExceptionHelper - ERROR: duplicate key value violates unique constraint "uq_run_idempotency"
  Detail: Key (conversation_id, idempotency_key)=(conv-20376edb-2761-4a78-adfa-9b8bfca2f7a5, same-key) already exists.
2026-10-07T13:33:26.525+08:00 WARN  [pool-27-thread-4] [requestId=] o.h.e.jdbc.spi.SqlExceptionHelper - SQL Error: 0, SQLState: 23505
2026-10-07T13:33:26.526+08:00 ERROR [pool-27-thread-4] [requestId=] o.h.e.jdbc.spi.SqlExceptionHelper - ERROR: duplicate key value violates unique constraint "uq_run_idempotency"
  Detail: Key (conversation_id, idempotency_key)=(conv-20376edb-2761-4a78-adfa-9b8bfca2f7a5, same-key) already exists.
2026-10-07T13:33:27.392+08:00 WARN  [pool-29-thread-3] [requestId=] o.h.e.jdbc.spi.SqlExceptionHelper - SQL Error: 0, SQLState: 23505
2026-10-07T13:33:27.392+08:00 WARN  [pool-29-thread-5] [requestId=] o.h.e.jdbc.spi.SqlExceptionHelper - SQL Error: 0, SQLState: 23505
2026-10-07T13:33:27.392+08:00 WARN  [pool-29-thread-4] [requestId=] o.h.e.jdbc.spi.SqlExceptionHelper - SQL Error: 0, SQLState: 23505
2026-10-07T13:33:27.392+08:00 ERROR [pool-29-thread-3] [requestId=] o.h.e.jdbc.spi.SqlExceptionHelper - ERROR: duplicate key value violates unique constraint "uq_agent_definition_name"
  Detail: Key (name)=(Concurrent Agent d7cb6e00-27ee-4cd0-99c6-ce59bc4b3e89) already exists.
2026-10-07T13:33:27.392+08:00 ERROR [pool-29-thread-5] [requestId=] o.h.e.jdbc.spi.SqlExceptionHelper - ERROR: duplicate key value violates unique constraint "uq_agent_definition_name"
  Detail: Key (name)=(Concurrent Agent d7cb6e00-27ee-4cd0-99c6-ce59bc4b3e89) already exists.
2026-10-07T13:33:27.392+08:00 ERROR [pool-29-thread-4] [requestId=] o.h.e.jdbc.spi.SqlExceptionHelper - ERROR: duplicate key value violates unique constraint "uq_agent_definition_name"
  Detail: Key (name)=(Concurrent Agent d7cb6e00-27ee-4cd0-99c6-ce59bc4b3e89) already exists.
2026-10-07T13:33:27.393+08:00 WARN  [pool-29-thread-6] [requestId=] o.h.e.jdbc.spi.SqlExceptionHelper - SQL Error: 0, SQLState: 23505
2026-10-07T13:33:27.393+08:00 ERROR [pool-29-thread-6] [requestId=] o.h.e.jdbc.spi.SqlExceptionHelper - ERROR: duplicate key value violates unique constraint "uq_agent_definition_name"
  Detail: Key (name)=(Concurrent Agent d7cb6e00-27ee-4cd0-99c6-ce59bc4b3e89) already exists.
2026-10-07T13:33:27.393+08:00 WARN  [pool-29-thread-7] [requestId=] o.h.e.jdbc.spi.SqlExceptionHelper - SQL Error: 0, SQLState: 23505
2026-10-07T13:33:27.393+08:00 ERROR [pool-29-thread-7] [requestId=] o.h.e.jdbc.spi.SqlExceptionHelper - ERROR: duplicate key value violates unique constraint "uq_agent_definition_name"
  Detail: Key (name)=(Concurrent Agent d7cb6e00-27ee-4cd0-99c6-ce59bc4b3e89) already exists.
2026-10-07T13:33:27.394+08:00 WARN  [pool-29-thread-8] [requestId=] o.h.e.jdbc.spi.SqlExceptionHelper - SQL Error: 0, SQLState: 23505
2026-10-07T13:33:27.394+08:00 ERROR [pool-29-thread-8] [requestId=] o.h.e.jdbc.spi.SqlExceptionHelper - ERROR: duplicate key value violates unique constraint "uq_agent_definition_name"
  Detail: Key (name)=(Concurrent Agent d7cb6e00-27ee-4cd0-99c6-ce59bc4b3e89) already exists.
2026-10-07T13:33:27.451+08:00 INFO  [main] [requestId=bbccb79c-3da7-4f16-8817-657d95129842] c.hify.common.RequestLoggingFilter - http.request method=POST path=/api/v1/conversations status=201 latencyMs=16
2026-10-07T13:33:27.460+08:00 INFO  [main] [requestId=fd67ca9f-93cb-49ca-9cd2-823d7f4dca94] c.hify.common.RequestLoggingFilter - http.request method=POST path=/api/v1/conversations/4279601c-6484-412d-8e25-f5cf2920911c/runs status=400 latencyMs=7
2026-10-07T13:33:27.548+08:00 INFO  [main] [requestId=88ea9a8a-277b-486d-8b9f-12eee39e2d1d] c.hify.common.RequestLoggingFilter - http.request method=POST path=/api/v1/conversations/4279601c-6484-412d-8e25-f5cf2920911c/runs status=400 latencyMs=7
2026-10-07T13:33:27.549+08:00 INFO  [main] [requestId=91da43b8-ee8c-46bb-9305-e3db2e9a6a57] c.hify.common.RequestLoggingFilter - http.request method=POST path=/api/v1/conversations/4279601c-6484-412d-8e25-f5cf2920911c/runs status=400 latencyMs=0
2026-10-07T13:33:27.576+08:00 INFO  [main] [requestId=9e0d6c96-0a10-4c53-a55d-b260d86fcc7b] c.hify.common.RequestLoggingFilter - http.request method=POST path=/api/v1/conversations/4279601c-6484-412d-8e25-f5cf2920911c/runs status=202 latencyMs=23
[INFO] Tests run: 7, Failures: 0, Errors: 0, Skipped: 0, Time elapsed: 15.79 s -- in com.hify.api.PostgresConcurrencyIntegrationTest
[INFO] Running com.hify.api.AgentToolBindingMigrationTest
2026-10-07T13:33:28.402+08:00 INFO  [main] [requestId=] org.flywaydb.core.FlywayExecutor - Database: jdbc:h2:mem:agent-tool-upgrade-4bb95885-0a43-4deb-b94c-96849ebe964c (H2 2.3)
2026-10-07T13:33:28.409+08:00 WARN  [main] [requestId=] o.f.c.i.database.base.Database - Flyway upgrade recommended: H2 2.3.232 is newer than this version of Flyway and support has not been tested. The latest supported version of H2 is 2.2.224.
2026-10-07T13:33:28.418+08:00 INFO  [main] [requestId=] o.f.c.i.s.JdbcTableSchemaHistory - Schema history table "PUBLIC"."flyway_schema_history" does not exist yet
2026-10-07T13:33:28.418+08:00 INFO  [main] [requestId=] o.f.core.internal.command.DbValidate - Successfully validated 24 migrations (execution time 00:00.008s)
2026-10-07T13:33:28.419+08:00 INFO  [main] [requestId=] o.f.c.i.s.JdbcTableSchemaHistory - Creating Schema History table "PUBLIC"."flyway_schema_history" ...
2026-10-07T13:33:28.425+08:00 INFO  [main] [requestId=] o.f.core.internal.command.DbMigrate - Current version of schema "PUBLIC": << Empty Schema >>
2026-10-07T13:33:28.430+08:00 INFO  [main] [requestId=] o.f.core.internal.command.DbMigrate - Migrating schema "PUBLIC" to version "1 - baseline"
2026-10-07T13:33:28.473+08:00 INFO  [main] [requestId=] o.f.core.internal.command.DbMigrate - Migrating schema "PUBLIC" to version "2 - demo item"
2026-10-07T13:33:28.498+08:00 INFO  [main] [requestId=] o.f.core.internal.command.DbMigrate - Migrating schema "PUBLIC" to version "3 - run replan control"
2026-10-07T13:33:28.508+08:00 INFO  [main] [requestId=] o.f.core.internal.command.DbMigrate - Migrating schema "PUBLIC" to version "4 - run context state"
2026-10-07T13:33:28.543+08:00 INFO  [main] [requestId=] o.f.core.internal.command.DbMigrate - Migrating schema "PUBLIC" to version "5 - provider catalog"
2026-10-07T13:33:28.599+08:00 INFO  [main] [requestId=] o.f.core.internal.command.DbMigrate - Migrating schema "PUBLIC" to version "6 - agent publishing"
2026-10-07T13:33:28.627+08:00 INFO  [main] [requestId=] o.f.core.internal.command.DbMigrate - Successfully applied 6 migrations to schema "PUBLIC", now at version v6 (execution time 00:00.157s)
2026-10-07T13:33:28.646+08:00 INFO  [main] [requestId=] org.flywaydb.core.FlywayExecutor - Database: jdbc:h2:mem:agent-tool-upgrade-4bb95885-0a43-4deb-b94c-96849ebe964c (H2 2.3)
2026-10-07T13:33:28.646+08:00 WARN  [main] [requestId=] o.f.c.i.database.base.Database - Flyway upgrade recommended: H2 2.3.232 is newer than this version of Flyway and support has not been tested. The latest supported version of H2 is 2.2.224.
2026-10-07T13:33:28.653+08:00 INFO  [main] [requestId=] o.f.core.internal.command.DbValidate - Successfully validated 24 migrations (execution time 00:00.006s)
2026-10-07T13:33:28.654+08:00 INFO  [main] [requestId=] o.f.core.internal.command.DbMigrate - Current version of schema "PUBLIC": 6
2026-10-07T13:33:28.655+08:00 INFO  [main] [requestId=] o.f.core.internal.command.DbMigrate - Migrating schema "PUBLIC" to version "7 - agent archive and tool bindings"
2026-10-07T13:33:28.659+08:00 INFO  [main] [requestId=] o.f.core.internal.command.DbMigrate - Migrating schema "PUBLIC" to version "8 - backfill agent tool bindings"
2026-10-07T13:33:28.677+08:00 INFO  [main] [requestId=] o.f.core.internal.command.DbMigrate - Migrating schema "PUBLIC" to version "9 - runtime capability and history"
2026-10-07T13:33:28.693+08:00 INFO  [main] [requestId=] o.f.core.internal.command.DbMigrate - Migrating schema "PUBLIC" to version "10 - child agent task protocol"
2026-10-07T13:33:28.700+08:00 INFO  [main] [requestId=] o.f.core.internal.command.DbMigrate - Migrating schema "PUBLIC" to version "11 - context memory catalog"
2026-10-07T13:33:28.706+08:00 INFO  [main] [requestId=] o.f.core.internal.command.DbMigrate - Migrating schema "PUBLIC" to version "12 - history full text index"
2026-10-07T13:33:28.707+08:00 INFO  [main] [requestId=] o.f.core.internal.command.DbMigrate - Migrating schema "PUBLIC" to version "13 - history vector index"
2026-10-07T13:33:28.712+08:00 INFO  [main] [requestId=] o.f.core.internal.command.DbMigrate - Migrating schema "PUBLIC" to version "14 - knowledge catalog"
2026-10-07T13:33:28.716+08:00 INFO  [main] [requestId=] o.f.core.internal.command.DbMigrate - Migrating schema "PUBLIC" to version "15 - knowledge search indexes"
2026-10-07T13:33:28.723+08:00 INFO  [main] [requestId=] o.f.core.internal.command.DbMigrate - Migrating schema "PUBLIC" to version "16 - workflow runtime"
2026-10-07T13:33:28.729+08:00 INFO  [main] [requestId=] o.f.core.internal.command.DbMigrate - Migrating schema "PUBLIC" to version "17 - mcp server registry"
2026-10-07T13:33:28.733+08:00 INFO  [main] [requestId=] o.f.core.internal.command.DbMigrate - Migrating schema "PUBLIC" to version "18 - agent knowledge capability"
2026-10-07T13:33:28.742+08:00 INFO  [main] [requestId=] o.f.core.internal.command.DbMigrate - Migrating schema "PUBLIC" to version "19 - agent workflow mcp capabilities"
2026-10-07T13:33:28.750+08:00 INFO  [main] [requestId=] o.f.core.internal.command.DbMigrate - Migrating schema "PUBLIC" to version "20 - mcp encrypted credentials"
2026-10-07T13:33:28.752+08:00 INFO  [main] [requestId=] o.f.core.internal.command.DbMigrate - Migrating schema "PUBLIC" to version "21 - workflow control terminal states"
2026-10-07T13:33:28.754+08:00 INFO  [main] [requestId=] o.f.core.internal.command.DbMigrate - Migrating schema "PUBLIC" to version "22 - workflow interrupted state"
2026-10-07T13:33:28.756+08:00 INFO  [main] [requestId=] o.f.core.internal.command.DbMigrate - Migrating schema "PUBLIC" to version "23 - history operation recovery"
2026-10-07T13:33:28.761+08:00 INFO  [main] [requestId=] o.f.core.internal.command.DbMigrate - Migrating schema "PUBLIC" to version "24 - semantic embedding profiles"
2026-10-07T13:33:28.769+08:00 INFO  [main] [requestId=] o.f.core.internal.command.DbMigrate - Successfully applied 18 migrations to schema "PUBLIC", now at version v24 (execution time 00:00.064s)
[INFO] Tests run: 1, Failures: 0, Errors: 0, Skipped: 0, Time elapsed: 0.431 s -- in com.hify.api.AgentToolBindingMigrationTest
[INFO] Running com.hify.api.McpCredentialPostgresTest
2026-10-07T13:33:28.783+08:00 INFO  [main] [requestId=] o.s.t.c.s.AnnotationConfigContextLoaderUtils - Could not detect default configuration classes for test class [com.hify.api.McpCredentialPostgresTest]: McpCredentialPostgresTest does not declare any static, non-private, non-final, nested classes annotated with @Configuration.
2026-10-07T13:33:28.792+08:00 INFO  [main] [requestId=] o.s.b.t.c.SpringBootTestContextBootstrapper - Found @SpringBootConfiguration com.hify.HifyApplication for test class com.hify.api.McpCredentialPostgresTest
2026-10-07T13:33:28.796+08:00 INFO  [main] [requestId=] tc.pgvector/pgvector:pg16 - Creating container for image: pgvector/pgvector:pg16
2026-10-07T13:33:28.899+08:00 INFO  [main] [requestId=] tc.pgvector/pgvector:pg16 - Container pgvector/pgvector:pg16 is starting: 7bcd0363d007731282047078c9f9e19e94fd209b84677061e04883cdad1848c0
2026-10-07T13:33:30.001+08:00 INFO  [main] [requestId=] tc.pgvector/pgvector:pg16 - Container pgvector/pgvector:pg16 started in PT1.2042S
2026-10-07T13:33:30.008+08:00 INFO  [main] [requestId=] tc.pgvector/pgvector:pg16 - Container is started (JDBC URL: jdbc:postgresql://127.0.0.1:32775/hify_test?loggerLevel=OFF)

  .   ____          _            __ _ _
 /\\ / ___'_ __ _ _(_)_ __  __ _ \ \ \ \
( ( )\___ | '_ | '_| | '_ \/ _` | \ \ \ \
 \\/  ___)| |_)| | | | | || (_| |  ) ) ) )
  '  |____| .__|_| |_|_| |_\__, | / / / /
 =========|_|==============|___/=/_/_/_/

 :: Spring Boot ::                (v3.4.5)

2026-10-07T13:33:30.613+08:00 INFO  [main] [requestId=] c.hify.api.McpCredentialPostgresTest - Starting McpCredentialPostgresTest using Java 17.0.19 with PID 97516 (started by weberzhao in /private/tmp/hify-course-20261006.hhEhwt/retrieval-worktree/backend/hify-app)
2026-10-07T13:33:30.614+08:00 INFO  [main] [requestId=] c.hify.api.McpCredentialPostgresTest - No active profile set, falling back to 1 default profile: "default"
2026-10-07T13:33:32.235+08:00 INFO  [main] [requestId=] o.s.d.r.c.RepositoryConfigurationDelegate - Multiple Spring Data modules found, entering strict repository configuration mode
2026-10-07T13:33:32.238+08:00 INFO  [main] [requestId=] o.s.d.r.c.RepositoryConfigurationDelegate - Bootstrapping Spring Data JPA repositories in DEFAULT mode.
2026-10-07T13:33:32.321+08:00 INFO  [main] [requestId=] o.s.d.r.c.RepositoryConfigurationDelegate - Finished Spring Data repository scanning in 80 ms. Found 34 JPA repository interfaces.
2026-10-07T13:33:32.748+08:00 INFO  [main] [requestId=] com.zaxxer.hikari.HikariDataSource - HikariPool-11 - Starting...
2026-10-07T13:33:32.820+08:00 INFO  [main] [requestId=] com.zaxxer.hikari.pool.HikariPool - HikariPool-11 - Added connection org.postgresql.jdbc.PgConnection@20fc94f
2026-10-07T13:33:32.821+08:00 INFO  [main] [requestId=] com.zaxxer.hikari.HikariDataSource - HikariPool-11 - Start completed.
2026-10-07T13:33:32.828+08:00 INFO  [main] [requestId=] org.flywaydb.core.FlywayExecutor - Database: jdbc:postgresql://127.0.0.1:32775/hify_test?loggerLevel=OFF (PostgreSQL 16.15)
2026-10-07T13:33:32.849+08:00 INFO  [main] [requestId=] o.f.c.i.s.JdbcTableSchemaHistory - Schema history table "public"."flyway_schema_history" does not exist yet
2026-10-07T13:33:32.850+08:00 INFO  [main] [requestId=] o.f.core.internal.command.DbValidate - Successfully validated 24 migrations (execution time 00:00.007s)
2026-10-07T13:33:32.857+08:00 INFO  [main] [requestId=] o.f.c.i.s.JdbcTableSchemaHistory - Creating Schema History table "public"."flyway_schema_history" ...
2026-10-07T13:33:32.890+08:00 INFO  [main] [requestId=] o.f.core.internal.command.DbMigrate - Current version of schema "public": << Empty Schema >>
2026-10-07T13:33:32.894+08:00 INFO  [main] [requestId=] o.f.core.internal.command.DbMigrate - Migrating schema "public" to version "1 - baseline"
2026-10-07T13:33:32.924+08:00 INFO  [main] [requestId=] o.f.core.internal.command.DbMigrate - Migrating schema "public" to version "2 - demo item"
2026-10-07T13:33:32.945+08:00 INFO  [main] [requestId=] o.f.core.internal.command.DbMigrate - Migrating schema "public" to version "3 - run replan control"
2026-10-07T13:33:32.971+08:00 INFO  [main] [requestId=] o.f.core.internal.command.DbMigrate - Migrating schema "public" to version "4 - run context state"
2026-10-07T13:33:32.980+08:00 INFO  [main] [requestId=] o.f.core.internal.command.DbMigrate - Migrating schema "public" to version "5 - provider catalog"
2026-10-07T13:33:32.994+08:00 INFO  [main] [requestId=] o.f.core.internal.command.DbMigrate - Migrating schema "public" to version "6 - agent publishing"
2026-10-07T13:33:33.011+08:00 INFO  [main] [requestId=] o.f.core.internal.command.DbMigrate - Migrating schema "public" to version "7 - agent archive and tool bindings"
2026-10-07T13:33:33.025+08:00 INFO  [main] [requestId=] o.f.core.internal.command.DbMigrate - Migrating schema "public" to version "8 - backfill agent tool bindings"
2026-10-07T13:33:33.032+08:00 INFO  [main] [requestId=] o.f.core.internal.command.DbMigrate - Migrating schema "public" to version "9 - runtime capability and history"
2026-10-07T13:33:33.044+08:00 INFO  [main] [requestId=] o.f.core.internal.command.DbMigrate - Migrating schema "public" to version "10 - child agent task protocol"
2026-10-07T13:33:33.336+08:00 INFO  [main] [requestId=] o.f.core.internal.command.DbMigrate - Migrating schema "public" to version "11 - context memory catalog"
2026-10-07T13:33:33.349+08:00 INFO  [main] [requestId=] o.f.core.internal.command.DbMigrate - Migrating schema "public" to version "12 - history full text index"
2026-10-07T13:33:33.358+08:00 INFO  [main] [requestId=] o.f.core.internal.command.DbMigrate - Migrating schema "public" to version "13 - history vector index"
2026-10-07T13:33:33.384+08:00 INFO  [main] [requestId=] o.f.core.internal.command.DbMigrate - Migrating schema "public" to version "14 - knowledge catalog"
2026-10-07T13:33:33.443+08:00 INFO  [main] [requestId=] o.f.core.internal.command.DbMigrate - Migrating schema "public" to version "15 - knowledge search indexes"
2026-10-07T13:33:33.464+08:00 INFO  [main] [requestId=] o.f.core.internal.command.DbMigrate - Migrating schema "public" to version "16 - workflow runtime"
2026-10-07T13:33:33.480+08:00 INFO  [main] [requestId=] o.f.core.internal.command.DbMigrate - Migrating schema "public" to version "17 - mcp server registry"
2026-10-07T13:33:33.495+08:00 INFO  [main] [requestId=] o.f.core.internal.command.DbMigrate - Migrating schema "public" to version "18 - agent knowledge capability"
2026-10-07T13:33:33.507+08:00 INFO  [main] [requestId=] o.f.core.internal.command.DbMigrate - Migrating schema "public" to version "19 - agent workflow mcp capabilities"
2026-10-07T13:33:33.531+08:00 INFO  [main] [requestId=] o.f.core.internal.command.DbMigrate - Migrating schema "public" to version "20 - mcp encrypted credentials"
2026-10-07T13:33:33.551+08:00 INFO  [main] [requestId=] o.f.core.internal.command.DbMigrate - Migrating schema "public" to version "21 - workflow control terminal states"
2026-10-07T13:33:33.564+08:00 INFO  [main] [requestId=] o.f.core.internal.command.DbMigrate - Migrating schema "public" to version "22 - workflow interrupted state"
2026-10-07T13:33:33.585+08:00 INFO  [main] [requestId=] o.f.core.internal.command.DbMigrate - Migrating schema "public" to version "23 - history operation recovery"
2026-10-07T13:33:33.605+08:00 INFO  [main] [requestId=] o.f.core.internal.command.DbMigrate - Migrating schema "public" to version "24 - semantic embedding profiles"
2026-10-07T13:33:33.632+08:00 INFO  [main] [requestId=] o.f.core.internal.command.DbMigrate - Successfully applied 24 migrations to schema "public", now at version v24 (execution time 00:00.439s)
2026-10-07T13:33:33.877+08:00 INFO  [main] [requestId=] o.h.jpa.internal.util.LogHelper - HHH000204: Processing PersistenceUnitInfo [name: default]
2026-10-07T13:33:33.961+08:00 INFO  [main] [requestId=] o.h.c.i.RegionFactoryInitiator - HHH000026: Second-level cache disabled
2026-10-07T13:33:34.248+08:00 INFO  [main] [requestId=] o.s.o.j.p.SpringPersistenceUnitInfo - No LoadTimeWeaver setup: ignoring JPA class transformer
2026-10-07T13:33:34.368+08:00 INFO  [main] [requestId=] o.hibernate.orm.connections.pooling - HHH10001005: Database info:
	Database JDBC URL [Connecting through datasource 'HikariDataSource (HikariPool-11)']
	Database driver: undefined/unknown
	Database version: 16.15
	Autocommit mode: undefined/unknown
	Isolation level: undefined/unknown
	Minimum pool size: undefined/unknown
	Maximum pool size: undefined/unknown
2026-10-07T13:33:34.876+08:00 INFO  [main] [requestId=] o.h.e.t.j.p.i.JtaPlatformInitiator - HHH000489: No JTA platform available (set 'hibernate.transaction.jta.platform' to enable JTA platform integration)
2026-10-07T13:33:34.939+08:00 INFO  [main] [requestId=] o.s.o.j.LocalContainerEntityManagerFactoryBean - Initialized JPA EntityManagerFactory for persistence unit 'default'
2026-10-07T13:33:36.888+08:00 INFO  [main] [requestId=] c.b.m.s.MybatisPlusApplicationContextAware - Register ApplicationContext instances org.springframework.web.context.support.GenericWebApplicationContext@184020d5
2026-10-07T13:33:37.555+08:00 INFO  [main] [requestId=] o.s.b.t.m.w.SpringBootMockServletContext - Initializing Spring TestDispatcherServlet ''
2026-10-07T13:33:37.555+08:00 INFO  [main] [requestId=] o.s.t.w.s.TestDispatcherServlet - Initializing Servlet ''
2026-10-07T13:33:37.558+08:00 INFO  [main] [requestId=] o.s.b.a.e.web.EndpointLinksResolver - Exposing 2 endpoints beneath base path '/actuator'
2026-10-07T13:33:37.570+08:00 INFO  [main] [requestId=] o.s.t.w.s.TestDispatcherServlet - Completed initialization in 15 ms
2026-10-07T13:33:37.604+08:00 INFO  [main] [requestId=] c.hify.api.McpCredentialPostgresTest - Started McpCredentialPostgresTest in 7.386 seconds (process running for 283.862)
2026-10-07T13:33:37.795+08:00 INFO  [main] [requestId=] o.s.o.j.LocalContainerEntityManagerFactoryBean - Closing JPA EntityManagerFactory for persistence unit 'default'
2026-10-07T13:33:37.800+08:00 INFO  [main] [requestId=] com.zaxxer.hikari.HikariDataSource - HikariPool-9 - Shutdown initiated...
2026-10-07T13:33:37.803+08:00 INFO  [main] [requestId=] com.zaxxer.hikari.HikariDataSource - HikariPool-9 - Shutdown completed.
2026-10-07T13:33:37.909+08:00 INFO  [main] [requestId=1fe5c7ce-6e15-41b8-be04-61e93e15a0e9] c.hify.common.RequestLoggingFilter - http.request method=POST path=/api/v1/mcp-servers status=201 latencyMs=53
2026-10-07T13:33:37.921+08:00 INFO  [main] [requestId=7b845b18-3c43-4030-89c3-26b8726f37a1] c.hify.common.RequestLoggingFilter - http.request method=GET path=/api/v1/mcp-servers/bdd41020-0acb-43d8-a07e-303c975d4028 status=200 latencyMs=6
2026-10-07T13:33:37.930+08:00 INFO  [main] [requestId=fcb98e04-ec0d-435b-a448-83b17e84b53d] c.hify.common.RequestLoggingFilter - http.request method=GET path=/api/v1/mcp-servers status=200 latencyMs=7
2026-10-07T13:33:37.941+08:00 INFO  [main] [requestId=7cfbc3a8-16dc-4170-bebf-3091f40b2004] c.hify.common.RequestLoggingFilter - http.request method=PUT path=/api/v1/mcp-servers/bdd41020-0acb-43d8-a07e-303c975d4028 status=200 latencyMs=9
2026-10-07T13:33:37.953+08:00 INFO  [main] [requestId=0c5fc4bb-632d-4eb4-a067-833acd84345a] c.hify.common.RequestLoggingFilter - http.request method=PUT path=/api/v1/mcp-servers/bdd41020-0acb-43d8-a07e-303c975d4028 status=200 latencyMs=10
2026-10-07T13:33:37.967+08:00 INFO  [main] [requestId=0df274ad-e9a5-485c-b465-9fb6cb69fe49] c.hify.common.RequestLoggingFilter - http.request method=PUT path=/api/v1/mcp-servers/bdd41020-0acb-43d8-a07e-303c975d4028 status=200 latencyMs=10
2026-10-07T13:33:37.980+08:00 INFO  [main] [requestId=6c4109bf-3d8d-4aa3-bcbb-0726b6b38deb] c.hify.common.RequestLoggingFilter - http.request method=PUT path=/api/v1/mcp-servers/bdd41020-0acb-43d8-a07e-303c975d4028 status=200 latencyMs=4
2026-10-07T13:33:37.985+08:00 INFO  [main] [requestId=f030f33f-75b5-4b59-974d-408b776096c2] c.hify.common.RequestLoggingFilter - http.request method=GET path=/api/v1/mcp-servers/bdd41020-0acb-43d8-a07e-303c975d4028 status=200 latencyMs=3
2026-10-07T13:33:38.010+08:00 INFO  [main] [requestId=5b0b9f26-30c0-4e62-a376-d537760c29a9] c.hify.common.RequestLoggingFilter - http.request method=POST path=/api/v1/mcp-servers status=201 latencyMs=13
2026-10-07T13:33:38.014+08:00 INFO  [main] [requestId=964784f0-2735-476e-a81b-9de47190f7b1] c.hify.common.RequestLoggingFilter - http.request method=PUT path=/api/v1/mcp-servers/ba0e4ec6-9e4d-45b2-93e6-069c99426764 status=400 latencyMs=2
2026-10-07T13:33:38.016+08:00 INFO  [main] [requestId=979e3d28-8d76-4178-af08-81b80e1f81aa] c.hify.common.RequestLoggingFilter - http.request method=GET path=/api/v1/mcp-servers/ba0e4ec6-9e4d-45b2-93e6-069c99426764 status=200 latencyMs=1
2026-10-07T13:33:38.018+08:00 INFO  [main] [requestId=659700c1-d3f6-4524-ada8-78677ba4d5f0] c.hify.common.RequestLoggingFilter - http.request method=PUT path=/api/v1/mcp-servers/ba0e4ec6-9e4d-45b2-93e6-069c99426764 status=400 latencyMs=1
2026-10-07T13:33:38.021+08:00 INFO  [main] [requestId=cb7dcf9f-fdba-479a-bc69-48c995f0134b] c.hify.common.RequestLoggingFilter - http.request method=PUT path=/api/v1/mcp-servers/ba0e4ec6-9e4d-45b2-93e6-069c99426764 status=200 latencyMs=2
2026-10-07T13:33:38.032+08:00 INFO  [main] [requestId=90e0e000-fdaf-44f9-82c8-5aa57cbd7f9f] c.hify.common.RequestLoggingFilter - http.request method=POST path=/api/v1/mcp-servers status=201 latencyMs=5
2026-10-07T13:33:38.037+08:00 INFO  [main] [requestId=3d6090e4-a276-4909-8932-e9777285540e] c.hify.common.RequestLoggingFilter - http.request method=POST path=/api/v1/mcp-servers/48859d77-42fa-4637-8b17-4e68e3342f2a/tools:refresh status=400 latencyMs=3
2026-10-07T13:33:38.051+08:00 INFO  [main] [requestId=96f51d66-392b-4bf1-88da-cea2576bbfd8] c.hify.common.RequestLoggingFilter - http.request method=POST path=/api/v1/mcp-servers status=400 latencyMs=5
2026-10-07T13:33:38.058+08:00 INFO  [main] [requestId=be152731-0e7f-4dd0-b06f-9236bc6346dd] c.hify.common.RequestLoggingFilter - http.request method=POST path=/api/v1/mcp-servers status=400 latencyMs=5
2026-10-07T13:33:38.064+08:00 INFO  [main] [requestId=19abe638-e06c-4146-a9c2-89213f71b76f] c.hify.common.RequestLoggingFilter - http.request method=POST path=/api/v1/mcp-servers status=400 latencyMs=5
2026-10-07T13:33:38.071+08:00 INFO  [main] [requestId=059e1ccf-63e9-4048-8765-621b8b950487] c.hify.common.RequestLoggingFilter - http.request method=POST path=/api/v1/mcp-servers status=400 latencyMs=6
2026-10-07T13:33:38.079+08:00 INFO  [main] [requestId=05f67d83-fa8b-4537-852e-2beddfb77831] c.hify.common.RequestLoggingFilter - http.request method=POST path=/api/v1/mcp-servers status=400 latencyMs=7
2026-10-07T13:33:38.083+08:00 INFO  [main] [requestId=33032466-d020-41f0-9b77-3560af37ae32] c.hify.common.RequestLoggingFilter - http.request method=POST path=/api/v1/mcp-servers status=400 latencyMs=3
2026-10-07T13:33:38.089+08:00 INFO  [main] [requestId=68cb6956-4869-460b-8ca5-efc575279ba1] c.hify.common.RequestLoggingFilter - http.request method=POST path=/api/v1/mcp-servers status=400 latencyMs=5
2026-10-07T13:33:38.093+08:00 INFO  [main] [requestId=73a4bf34-d499-4b2b-9d02-8f4278ec03b9] c.hify.common.RequestLoggingFilter - http.request method=POST path=/api/v1/mcp-servers status=400 latencyMs=3
2026-10-07T13:33:38.098+08:00 INFO  [main] [requestId=865b6709-c81a-45df-a77e-a8ca25bc195a] c.hify.common.RequestLoggingFilter - http.request method=POST path=/api/v1/mcp-servers status=400 latencyMs=4
2026-10-07T13:33:38.112+08:00 INFO  [main] [requestId=30afbba7-4763-496c-ba4e-1512e038c1b7] c.hify.common.RequestLoggingFilter - http.request method=POST path=/api/v1/mcp-servers status=201 latencyMs=6
2026-10-07T13:33:38.254+08:00 INFO  [main] [requestId=1545ac5c-6fa6-4764-9bd5-b28e78f024d1] c.hify.common.RequestLoggingFilter - http.request method=POST path=/api/v1/mcp-servers/93788724-5259-4c36-9a57-71e18ce5aa6a/tools:refresh status=200 latencyMs=140
2026-10-07T13:33:38.295+08:00 INFO  [main] [requestId=b0054ada-089f-434d-8489-fe23fc334eac] c.hify.common.RequestLoggingFilter - http.request method=POST path=/api/v1/agents status=201 latencyMs=40
2026-10-07T13:33:38.358+08:00 INFO  [main] [requestId=3a358a76-5e00-48ae-9520-aa4cb23d0968] c.hify.common.RequestLoggingFilter - http.request method=PUT path=/api/v1/agents/4d879166-16f9-4e11-888e-0506d9551201/mcp-bindings status=200 latencyMs=55
2026-10-07T13:33:38.398+08:00 INFO  [main] [requestId=7ac73bb9-ada6-424f-87bf-a68877182897] c.hify.common.RequestLoggingFilter - http.request method=POST path=/api/v1/agents/4d879166-16f9-4e11-888e-0506d9551201/publications status=200 latencyMs=39
2026-10-07T13:33:38.416+08:00 INFO  [main] [requestId=42abd79e-2762-4149-8936-6564a326c216] c.hify.common.RequestLoggingFilter - http.request method=POST path=/api/v1/mcp-servers status=201 latencyMs=3
2026-10-07T13:33:38.420+08:00 INFO  [main] [requestId=19a7e08c-acc6-4cdc-8847-f8fa38b29651] c.hify.common.RequestLoggingFilter - http.request method=GET path=/api/v1/mcp-servers/3adace65-f991-49ba-9a15-d3bb6e0b013b status=200 latencyMs=2
2026-10-07T13:33:38.428+08:00 INFO  [main] [requestId=8c9ff5df-2b5f-4f48-93e4-2f90415e556e] c.hify.common.RequestLoggingFilter - http.request method=POST path=/api/v1/mcp-servers status=201 latencyMs=4
2026-10-07T13:33:38.441+08:00 INFO  [main] [requestId=f3ac7d32-446e-4d5b-98cd-487b3cc37931] c.hify.common.RequestLoggingFilter - http.request method=POST path=/api/v1/mcp-servers status=400 latencyMs=11
2026-10-07T13:33:38.445+08:00 INFO  [main] [requestId=48f7f3db-6c0d-461b-9c7e-ec751e2c8a93] c.hify.common.RequestLoggingFilter - http.request method=POST path=/api/v1/mcp-servers status=400 latencyMs=3
2026-10-07T13:33:38.451+08:00 INFO  [main] [requestId=dc7f74fc-8694-4431-b783-5b7a8d13be42] c.hify.common.RequestLoggingFilter - http.request method=POST path=/api/v1/mcp-servers status=400 latencyMs=5
2026-10-07T13:33:38.458+08:00 INFO  [main] [requestId=4f3f4729-7eba-4750-80e4-51e7d7b15668] c.hify.common.RequestLoggingFilter - http.request method=POST path=/api/v1/mcp-servers status=400 latencyMs=5
2026-10-07T13:33:38.465+08:00 INFO  [main] [requestId=517a39f6-a21d-4baf-9fd5-f5671614e5e2] c.hify.common.RequestLoggingFilter - http.request method=POST path=/api/v1/mcp-servers status=400 latencyMs=6
2026-10-07T13:33:38.471+08:00 INFO  [main] [requestId=a58a9d66-e2ca-49a1-9bb6-70315a198a56] c.hify.common.RequestLoggingFilter - http.request method=POST path=/api/v1/mcp-servers status=400 latencyMs=5
2026-10-07T13:33:38.478+08:00 INFO  [main] [requestId=297d31b2-011f-4621-83c2-99456be396c7] c.hify.common.RequestLoggingFilter - http.request method=POST path=/api/v1/mcp-servers status=400 latencyMs=5
2026-10-07T13:33:38.483+08:00 INFO  [main] [requestId=4a7df9b7-f488-4da4-9d1b-ada4c207d93e] c.hify.common.RequestLoggingFilter - http.request method=POST path=/api/v1/mcp-servers status=400 latencyMs=4
2026-10-07T13:33:38.487+08:00 INFO  [main] [requestId=861cead4-e0e7-4a56-866a-19860c9ad180] c.hify.common.RequestLoggingFilter - http.request method=POST path=/api/v1/mcp-servers status=400 latencyMs=3
2026-10-07T13:33:38.501+08:00 INFO  [main] [requestId=e366ec9c-acf6-42dd-9ef7-4ed3913a62c9] c.hify.common.RequestLoggingFilter - http.request method=POST path=/api/v1/mcp-servers status=400 latencyMs=12
2026-10-07T13:33:38.519+08:00 INFO  [main] [requestId=260d16da-d342-4fda-81be-6932a5bc62da] c.hify.common.RequestLoggingFilter - http.request method=POST path=/api/v1/mcp-servers status=201 latencyMs=8
2026-10-07T13:33:38.545+08:00 INFO  [main] [requestId=5048f385-31fb-43bb-afa7-ff4072528147] c.hify.common.RequestLoggingFilter - http.request method=POST path=/api/v1/mcp-servers/cfc803ac-9c0d-4bab-9ee8-79835cc44f8a/tools:refresh status=200 latencyMs=24
2026-10-07T13:33:38.551+08:00 INFO  [main] [requestId=a76ad40e-7bdc-436b-a891-be50f3ccee43] c.hify.common.RequestLoggingFilter - http.request method=POST path=/api/v1/agents status=201 latencyMs=4
2026-10-07T13:33:38.560+08:00 INFO  [main] [requestId=f4fec563-316d-4b74-aff6-244d9fe0be29] c.hify.common.RequestLoggingFilter - http.request method=PUT path=/api/v1/agents/91b8d8bb-daa9-44fd-bc55-82dc710473e4/mcp-bindings status=200 latencyMs=8
2026-10-07T13:33:38.570+08:00 INFO  [main] [requestId=962456b0-0955-4006-b73b-4a6c46082f67] c.hify.common.RequestLoggingFilter - http.request method=POST path=/api/v1/agents/91b8d8bb-daa9-44fd-bc55-82dc710473e4/publications status=200 latencyMs=10
2026-10-07T13:33:38.575+08:00 INFO  [main] [requestId=4527fcf7-720e-47f6-9565-b1f36f7cf8cc] c.hify.common.RequestLoggingFilter - http.request method=PUT path=/api/v1/mcp-servers/cfc803ac-9c0d-4bab-9ee8-79835cc44f8a status=200 latencyMs=3
2026-10-07T13:33:38.576+08:00 INFO  [main] [requestId=7036ad90-2ebd-4abd-9516-9139ef453699] c.hify.common.RequestLoggingFilter - http.request method=GET path=/api/v1/mcp-servers/cfc803ac-9c0d-4bab-9ee8-79835cc44f8a status=200 latencyMs=1
2026-10-07T13:33:38.600+08:00 INFO  [main] [requestId=a5f999af-fad9-4433-9145-be9381245e97] c.hify.common.RequestLoggingFilter - http.request method=POST path=/api/v1/mcp-servers/cfc803ac-9c0d-4bab-9ee8-79835cc44f8a/tools:refresh status=200 latencyMs=23
2026-10-07T13:33:38.622+08:00 INFO  [main] [requestId=0346a31e-a5bb-49fa-be63-be09892b620b] c.hify.common.RequestLoggingFilter - http.request method=PUT path=/api/v1/mcp-servers/cfc803ac-9c0d-4bab-9ee8-79835cc44f8a status=200 latencyMs=4
2026-10-07T13:33:38.638+08:00 INFO  [main] [requestId=c6d6b75d-aca4-46c9-ad49-2bfa6cc9bba6] c.hify.common.RequestLoggingFilter - http.request method=POST path=/api/v1/mcp-servers/cfc803ac-9c0d-4bab-9ee8-79835cc44f8a/tools:refresh status=200 latencyMs=14
[INFO] Tests run: 8, Failures: 0, Errors: 0, Skipped: 0, Time elapsed: 10.31 s -- in com.hify.api.McpCredentialPostgresTest
[INFO] Running com.hify.api.WorkflowKnowledgePostgresTest
2026-10-07T13:33:39.088+08:00 INFO  [main] [requestId=] o.s.t.c.s.AnnotationConfigContextLoaderUtils - Could not detect default configuration classes for test class [com.hify.api.WorkflowKnowledgePostgresTest]: WorkflowKnowledgePostgresTest does not declare any static, non-private, non-final, nested classes annotated with @Configuration.
2026-10-07T13:33:39.122+08:00 INFO  [main] [requestId=] o.s.b.t.c.SpringBootTestContextBootstrapper - Found @SpringBootConfiguration com.hify.HifyApplication for test class com.hify.api.WorkflowKnowledgePostgresTest
2026-10-07T13:33:39.124+08:00 INFO  [main] [requestId=] tc.pgvector/pgvector:pg16 - Creating container for image: pgvector/pgvector:pg16
2026-10-07T13:33:39.192+08:00 INFO  [main] [requestId=] tc.pgvector/pgvector:pg16 - Container pgvector/pgvector:pg16 is starting: f64f191207d5665c24289978f8f4e251b87f5aba6f8d4e836fcd96c983a5902e
2026-10-07T13:33:41.017+08:00 INFO  [main] [requestId=] tc.pgvector/pgvector:pg16 - Container pgvector/pgvector:pg16 started in PT1.892564S
2026-10-07T13:33:41.021+08:00 INFO  [main] [requestId=] tc.pgvector/pgvector:pg16 - Container is started (JDBC URL: jdbc:postgresql://127.0.0.1:32776/workflow_knowledge?loggerLevel=OFF)

  .   ____          _            __ _ _
 /\\ / ___'_ __ _ _(_)_ __  __ _ \ \ \ \
( ( )\___ | '_ | '_| | '_ \/ _` | \ \ \ \
 \\/  ___)| |_)| | | | | || (_| |  ) ) ) )
  '  |____| .__|_| |_|_| |_\__, | / / / /
 =========|_|==============|___/=/_/_/_/

 :: Spring Boot ::                (v3.4.5)

2026-10-07T13:33:41.120+08:00 INFO  [main] [requestId=] c.h.a.WorkflowKnowledgePostgresTest - Starting WorkflowKnowledgePostgresTest using Java 17.0.19 with PID 97516 (started by weberzhao in /private/tmp/hify-course-20261006.hhEhwt/retrieval-worktree/backend/hify-app)
2026-10-07T13:33:41.120+08:00 INFO  [main] [requestId=] c.h.a.WorkflowKnowledgePostgresTest - No active profile set, falling back to 1 default profile: "default"
2026-10-07T13:33:42.216+08:00 INFO  [main] [requestId=] o.s.d.r.c.RepositoryConfigurationDelegate - Multiple Spring Data modules found, entering strict repository configuration mode
2026-10-07T13:33:42.218+08:00 INFO  [main] [requestId=] o.s.d.r.c.RepositoryConfigurationDelegate - Bootstrapping Spring Data JPA repositories in DEFAULT mode.
2026-10-07T13:33:42.300+08:00 INFO  [main] [requestId=] o.s.d.r.c.RepositoryConfigurationDelegate - Finished Spring Data repository scanning in 79 ms. Found 34 JPA repository interfaces.
2026-10-07T13:33:42.556+08:00 INFO  [main] [requestId=] com.zaxxer.hikari.HikariDataSource - HikariPool-12 - Starting...
2026-10-07T13:33:42.690+08:00 INFO  [main] [requestId=] com.zaxxer.hikari.pool.HikariPool - HikariPool-12 - Added connection org.postgresql.jdbc.PgConnection@43b73f46
2026-10-07T13:33:42.691+08:00 INFO  [main] [requestId=] com.zaxxer.hikari.HikariDataSource - HikariPool-12 - Start completed.
2026-10-07T13:33:42.740+08:00 INFO  [main] [requestId=] org.flywaydb.core.FlywayExecutor - Database: jdbc:postgresql://127.0.0.1:32776/workflow_knowledge?loggerLevel=OFF (PostgreSQL 16.15)
2026-10-07T13:33:42.815+08:00 INFO  [main] [requestId=] o.f.c.i.s.JdbcTableSchemaHistory - Schema history table "public"."flyway_schema_history" does not exist yet
2026-10-07T13:33:42.820+08:00 INFO  [main] [requestId=] o.f.core.internal.command.DbValidate - Successfully validated 24 migrations (execution time 00:00.034s)
2026-10-07T13:33:42.840+08:00 INFO  [main] [requestId=] o.f.c.i.s.JdbcTableSchemaHistory - Creating Schema History table "public"."flyway_schema_history" ...
2026-10-07T13:33:42.888+08:00 INFO  [main] [requestId=] o.f.core.internal.command.DbMigrate - Current version of schema "public": << Empty Schema >>
2026-10-07T13:33:42.893+08:00 INFO  [main] [requestId=] o.f.core.internal.command.DbMigrate - Migrating schema "public" to version "1 - baseline"
2026-10-07T13:33:42.926+08:00 INFO  [main] [requestId=] o.f.core.internal.command.DbMigrate - Migrating schema "public" to version "2 - demo item"
2026-10-07T13:33:42.939+08:00 INFO  [main] [requestId=] o.f.core.internal.command.DbMigrate - Migrating schema "public" to version "3 - run replan control"
2026-10-07T13:33:42.977+08:00 INFO  [main] [requestId=] o.f.core.internal.command.DbMigrate - Migrating schema "public" to version "4 - run context state"
2026-10-07T13:33:42.993+08:00 INFO  [main] [requestId=] o.f.core.internal.command.DbMigrate - Migrating schema "public" to version "5 - provider catalog"
2026-10-07T13:33:43.036+08:00 INFO  [main] [requestId=] o.f.core.internal.command.DbMigrate - Migrating schema "public" to version "6 - agent publishing"
2026-10-07T13:33:43.084+08:00 INFO  [main] [requestId=] o.f.core.internal.command.DbMigrate - Migrating schema "public" to version "7 - agent archive and tool bindings"
2026-10-07T13:33:43.099+08:00 INFO  [main] [requestId=] o.f.core.internal.command.DbMigrate - Migrating schema "public" to version "8 - backfill agent tool bindings"
2026-10-07T13:33:43.111+08:00 INFO  [main] [requestId=] o.f.core.internal.command.DbMigrate - Migrating schema "public" to version "9 - runtime capability and history"
2026-10-07T13:33:43.126+08:00 INFO  [main] [requestId=] o.f.core.internal.command.DbMigrate - Migrating schema "public" to version "10 - child agent task protocol"
2026-10-07T13:33:43.198+08:00 INFO  [main] [requestId=] o.f.core.internal.command.DbMigrate - Migrating schema "public" to version "11 - context memory catalog"
2026-10-07T13:33:43.250+08:00 INFO  [main] [requestId=] o.f.core.internal.command.DbMigrate - Migrating schema "public" to version "12 - history full text index"
2026-10-07T13:33:43.289+08:00 INFO  [main] [requestId=] o.f.core.internal.command.DbMigrate - Migrating schema "public" to version "13 - history vector index"
2026-10-07T13:33:43.350+08:00 INFO  [main] [requestId=] o.f.core.internal.command.DbMigrate - Migrating schema "public" to version "14 - knowledge catalog"
2026-10-07T13:33:43.400+08:00 INFO  [main] [requestId=] o.f.core.internal.command.DbMigrate - Migrating schema "public" to version "15 - knowledge search indexes"
2026-10-07T13:33:43.418+08:00 INFO  [main] [requestId=] o.f.core.internal.command.DbMigrate - Migrating schema "public" to version "16 - workflow runtime"
2026-10-07T13:33:43.515+08:00 INFO  [main] [requestId=] o.f.core.internal.command.DbMigrate - Migrating schema "public" to version "17 - mcp server registry"
2026-10-07T13:33:43.550+08:00 INFO  [main] [requestId=] o.f.core.internal.command.DbMigrate - Migrating schema "public" to version "18 - agent knowledge capability"
2026-10-07T13:33:43.565+08:00 INFO  [main] [requestId=] o.f.core.internal.command.DbMigrate - Migrating schema "public" to version "19 - agent workflow mcp capabilities"
2026-10-07T13:33:43.660+08:00 INFO  [main] [requestId=] o.f.core.internal.command.DbMigrate - Migrating schema "public" to version "20 - mcp encrypted credentials"
2026-10-07T13:33:43.673+08:00 INFO  [main] [requestId=] o.f.core.internal.command.DbMigrate - Migrating schema "public" to version "21 - workflow control terminal states"
2026-10-07T13:33:43.678+08:00 INFO  [main] [requestId=] o.f.core.internal.command.DbMigrate - Migrating schema "public" to version "22 - workflow interrupted state"
2026-10-07T13:33:43.739+08:00 INFO  [main] [requestId=] o.f.core.internal.command.DbMigrate - Migrating schema "public" to version "23 - history operation recovery"
2026-10-07T13:33:43.779+08:00 INFO  [main] [requestId=] o.f.core.internal.command.DbMigrate - Migrating schema "public" to version "24 - semantic embedding profiles"
2026-10-07T13:33:43.823+08:00 INFO  [main] [requestId=] o.f.core.internal.command.DbMigrate - Successfully applied 24 migrations to schema "public", now at version v24 (execution time 00:00.370s)
2026-10-07T13:33:44.083+08:00 INFO  [main] [requestId=] o.h.jpa.internal.util.LogHelper - HHH000204: Processing PersistenceUnitInfo [name: default]
2026-10-07T13:33:44.099+08:00 INFO  [main] [requestId=] o.h.c.i.RegionFactoryInitiator - HHH000026: Second-level cache disabled
2026-10-07T13:33:44.124+08:00 INFO  [main] [requestId=] o.s.o.j.p.SpringPersistenceUnitInfo - No LoadTimeWeaver setup: ignoring JPA class transformer
2026-10-07T13:33:44.134+08:00 INFO  [main] [requestId=] o.hibernate.orm.connections.pooling - HHH10001005: Database info:
	Database JDBC URL [Connecting through datasource 'HikariDataSource (HikariPool-12)']
	Database driver: undefined/unknown
	Database version: 16.15
	Autocommit mode: undefined/unknown
	Isolation level: undefined/unknown
	Minimum pool size: undefined/unknown
	Maximum pool size: undefined/unknown
2026-10-07T13:33:44.575+08:00 INFO  [main] [requestId=] o.h.e.t.j.p.i.JtaPlatformInitiator - HHH000489: No JTA platform available (set 'hibernate.transaction.jta.platform' to enable JTA platform integration)
2026-10-07T13:33:44.634+08:00 INFO  [main] [requestId=] o.s.o.j.LocalContainerEntityManagerFactoryBean - Initialized JPA EntityManagerFactory for persistence unit 'default'
2026-10-07T13:33:50.700+08:00 INFO  [main] [requestId=] c.b.m.s.MybatisPlusApplicationContextAware - Register ApplicationContext instances org.springframework.web.context.support.GenericWebApplicationContext@6a895e73
2026-10-07T13:33:53.242+08:00 INFO  [main] [requestId=] o.s.b.t.m.w.SpringBootMockServletContext - Initializing Spring TestDispatcherServlet ''
2026-10-07T13:33:53.245+08:00 INFO  [main] [requestId=] o.s.t.w.s.TestDispatcherServlet - Initializing Servlet ''
2026-10-07T13:33:53.270+08:00 INFO  [main] [requestId=] o.s.b.a.e.web.EndpointLinksResolver - Exposing 2 endpoints beneath base path '/actuator'
2026-10-07T13:33:53.287+08:00 INFO  [main] [requestId=] o.s.t.w.s.TestDispatcherServlet - Completed initialization in 42 ms
2026-10-07T13:33:53.378+08:00 INFO  [main] [requestId=] c.h.a.WorkflowKnowledgePostgresTest - Started WorkflowKnowledgePostgresTest in 12.336 seconds (process running for 299.636)
2026-10-07T13:33:54.128+08:00 INFO  [main] [requestId=] o.s.o.j.LocalContainerEntityManagerFactoryBean - Closing JPA EntityManagerFactory for persistence unit 'default'
2026-10-07T13:33:54.144+08:00 INFO  [main] [requestId=] com.zaxxer.hikari.HikariDataSource - HikariPool-10 - Shutdown initiated...
2026-10-07T13:33:54.206+08:00 INFO  [main] [requestId=] com.zaxxer.hikari.HikariDataSource - HikariPool-10 - Shutdown completed.
2026-10-07T13:33:54.741+08:00 INFO  [main] [requestId=d21b9d3c-622f-4305-ac9b-a8064bb68694] c.hify.common.RequestLoggingFilter - http.request method=POST path=/api/v1/knowledge-bases status=201 latencyMs=358
2026-10-07T13:33:54.830+08:00 INFO  [main] [requestId=c8c495b4-e4ec-4ca9-844c-76b660ddd4c8] c.hify.common.RequestLoggingFilter - http.request method=POST path=/api/v1/knowledge-bases status=201 latencyMs=11
2026-10-07T13:33:54.875+08:00 INFO  [main] [requestId=51a43643-3c82-48d8-8a51-0b513073e3db] c.hify.common.RequestLoggingFilter - http.request method=POST path=/api/v1/workflows status=201 latencyMs=44
2026-10-07T13:33:54.881+08:00 INFO  [main] [requestId=bf70b4ce-6a3a-4b4e-8cbf-010b995f9cab] c.hify.common.RequestLoggingFilter - http.request method=POST path=/api/v1/workflows status=400 latencyMs=5
2026-10-07T13:33:54.884+08:00 INFO  [main] [requestId=280341c2-4ce8-4cb6-adc6-986b89729614] c.hify.common.RequestLoggingFilter - http.request method=PUT path=/api/v1/workflows/fc938ce3-703f-420e-a529-9cf213b21e06 status=400 latencyMs=2
2026-10-07T13:33:54.896+08:00 INFO  [main] [requestId=b94d0965-4d0f-4968-bd48-c418435f7017] c.hify.common.RequestLoggingFilter - http.request method=POST path=/api/v1/workflow-versions/e597b261-3018-4106-9565-c8c40f2eec64/runs status=409 latencyMs=4
2026-10-07T13:33:54.923+08:00 INFO  [main] [requestId=fa89b1dd-4e1f-4d65-a6a6-42bf3f6417b1] c.hify.common.RequestLoggingFilter - http.request method=POST path=/api/v1/knowledge-bases status=201 latencyMs=6
2026-10-07T13:33:54.956+08:00 INFO  [main] [requestId=436f2df6-77ac-4f2a-bdd0-5d799571f808] c.hify.common.RequestLoggingFilter - http.request method=POST path=/api/v1/knowledge-bases/61376136-146d-4668-bb3e-493a7a07ac01/documents status=202 latencyMs=31
2026-10-07T13:33:54.971+08:00 INFO  [main] [requestId=b8565e52-1637-4de7-843d-9e705a861883] c.hify.common.RequestLoggingFilter - http.request method=GET path=/api/v1/documents/82a1052d-a746-43e7-986a-d1d6c809e6b4 status=200 latencyMs=13
2026-10-07T13:33:55.111+08:00 INFO  [main] [requestId=fa628c6b-1fe9-455c-9e6d-43c307155cf4] c.hify.common.RequestLoggingFilter - http.request method=GET path=/api/v1/documents/82a1052d-a746-43e7-986a-d1d6c809e6b4 status=200 latencyMs=5
2026-10-07T13:33:55.116+08:00 INFO  [main] [requestId=9aa3e58f-7042-444a-8053-afb88e74833e] c.hify.common.RequestLoggingFilter - http.request method=GET path=/api/v1/documents/82a1052d-a746-43e7-986a-d1d6c809e6b4/chunks status=200 latencyMs=3
2026-10-07T13:33:55.120+08:00 INFO  [main] [requestId=e3a81c81-c9c7-4728-af9e-13f35bc6421b] c.hify.common.RequestLoggingFilter - http.request method=DELETE path=/api/v1/documents/82a1052d-a746-43e7-986a-d1d6c809e6b4 status=200 latencyMs=3
2026-10-07T13:33:55.141+08:00 INFO  [main] [requestId=013912c0-3c4b-465f-b053-82837521fc5f] c.hify.common.RequestLoggingFilter - http.request method=POST path=/api/v1/knowledge-bases status=201 latencyMs=12
2026-10-07T13:33:55.147+08:00 INFO  [main] [requestId=e4b82588-b7e9-4e97-8f44-953b5b7bffdd] c.hify.common.RequestLoggingFilter - http.request method=POST path=/api/v1/knowledge-bases/36cbc70a-756f-4c85-8d38-aaf5c3c22d1e/documents status=202 latencyMs=5
2026-10-07T13:33:55.150+08:00 INFO  [main] [requestId=28184a1b-aab4-4313-b999-4617d0849c80] c.hify.common.RequestLoggingFilter - http.request method=GET path=/api/v1/documents/6e9288a9-df18-4899-aecf-9badd1b39d09 status=200 latencyMs=2
2026-10-07T13:33:55.332+08:00 INFO  [main] [requestId=034445d5-3cc0-42e5-9266-7fddb8a6e443] c.hify.common.RequestLoggingFilter - http.request method=GET path=/api/v1/documents/6e9288a9-df18-4899-aecf-9badd1b39d09 status=200 latencyMs=11
2026-10-07T13:33:55.387+08:00 INFO  [main] [requestId=1fdc3f1d-c5d3-483d-9e30-3b475a551ccc] c.hify.common.RequestLoggingFilter - http.request method=POST path=/api/v1/workflows status=201 latencyMs=53
2026-10-07T13:33:55.484+08:00 INFO  [main] [requestId=78d0e1a8-350a-42ac-89f4-75fbca1ff77f] c.hify.common.RequestLoggingFilter - http.request method=POST path=/api/v1/workflows/33039da7-c721-493c-af86-681e9baa1f8c/versions status=200 latencyMs=95
2026-10-07T13:33:55.570+08:00 INFO  [main] [requestId=53eb0ba1-b937-4955-83aa-9cdf2ece7d5f] c.hify.common.RequestLoggingFilter - http.request method=POST path=/api/v1/agents status=201 latencyMs=83
2026-10-07T13:33:55.591+08:00 INFO  [main] [requestId=36d0038e-9406-4cb9-855b-7e880ba7c0d9] c.hify.common.RequestLoggingFilter - http.request method=PUT path=/api/v1/agents/eb6202b5-42bb-472a-9582-b5f0478375ac/workflow-binding status=200 latencyMs=17
2026-10-07T13:33:55.606+08:00 INFO  [main] [requestId=4b92d7e1-7fb9-4c7e-ae90-6ab09f2608bf] c.hify.common.RequestLoggingFilter - http.request method=POST path=/api/v1/agents/eb6202b5-42bb-472a-9582-b5f0478375ac/publications status=200 latencyMs=14
2026-10-07T13:33:55.626+08:00 INFO  [main] [requestId=c4b1861b-23d6-4943-b992-9d95b707b9ba] c.hify.common.RequestLoggingFilter - http.request method=POST path=/api/v1/conversations status=201 latencyMs=19
2026-10-07T13:33:55.663+08:00 INFO  [main] [requestId=349a54e0-fe68-4ff7-a632-866aa7f745dc] c.hify.common.RequestLoggingFilter - http.request method=POST path=/api/v1/workflow-versions/130394fe-2dcb-4e51-bfd3-26fb9e57c908/runs status=202 latencyMs=36
2026-10-07T13:33:55.669+08:00 INFO  [main] [requestId=e252f9f8-b9ce-49c0-b941-ae6834eb6bb1] c.hify.common.RequestLoggingFilter - http.request method=DELETE path=/api/v1/documents/6e9288a9-df18-4899-aecf-9badd1b39d09 status=200 latencyMs=4
2026-10-07T13:33:55.677+08:00 INFO  [main] [requestId=cae2b239-229e-4c76-950e-b75c3a013f1c] c.hify.common.RequestLoggingFilter - http.request method=POST path=/api/v1/knowledge-bases/36cbc70a-756f-4c85-8d38-aaf5c3c22d1e/documents status=202 latencyMs=7
2026-10-07T13:33:55.680+08:00 INFO  [main] [requestId=bcd21caf-fcbb-4052-97dc-5b2d81aef612] c.hify.common.RequestLoggingFilter - http.request method=GET path=/api/v1/documents/bc19f727-8591-491b-97e6-09e60672def0 status=200 latencyMs=2
2026-10-07T13:33:55.835+08:00 INFO  [main] [requestId=4c078b65-42b7-4738-a334-cfbe0e89b4f7] c.hify.common.RequestLoggingFilter - http.request method=GET path=/api/v1/documents/bc19f727-8591-491b-97e6-09e60672def0 status=200 latencyMs=2
2026-10-07T13:33:55.859+08:00 INFO  [main] [requestId=8e68e2b5-7641-47a0-99ac-1ae596c68b4d] c.hify.common.RequestLoggingFilter - http.request method=POST path=/api/v1/workflow-versions/130394fe-2dcb-4e51-bfd3-26fb9e57c908/runs status=202 latencyMs=23
2026-10-07T13:33:55.869+08:00 INFO  [main] [requestId=83ba1486-86c0-48fd-aaeb-7b5829e312b9] c.hify.common.RequestLoggingFilter - http.request method=POST path=/api/v1/workflows/33039da7-c721-493c-af86-681e9baa1f8c/versions status=200 latencyMs=7
2026-10-07T13:33:55.892+08:00 INFO  [main] [requestId=a52fed2c-79b9-406d-9aca-60616956256c] c.hify.common.RequestLoggingFilter - http.request method=POST path=/api/v1/workflow-versions/42d1acc5-186a-4130-81a6-27f9ecb70b9a/runs status=202 latencyMs=18
2026-10-07T13:33:55.906+08:00 INFO  [main] [requestId=4003b3d3-bb12-402d-ae81-fe9518fd6197] c.hify.common.RequestLoggingFilter - http.request method=POST path=/api/v1/agents/eb6202b5-42bb-472a-9582-b5f0478375ac/publications status=200 latencyMs=13
2026-10-07T13:33:55.948+08:00 INFO  [main] [requestId=fc67fd2b-2521-4df5-be97-4c5439dbdab8] c.hify.common.RequestLoggingFilter - http.request method=POST path=/api/v1/conversations/f658106f-528d-4b41-8ada-a13cd52e3117/runs status=202 latencyMs=40
2026-10-07T13:33:55.950+08:00 INFO  [main] [requestId=f561add7-6d64-481d-b1f9-b80aa0369244] c.hify.common.RequestLoggingFilter - http.request method=GET path=/api/v1/runs/7b83e1fd-bc80-45db-aa67-0de0304bfa89 status=200 latencyMs=1
2026-10-07T13:33:56.120+08:00 INFO  [main] [requestId=2e0b42fa-cf28-4367-ae1b-db7dbd3b0b30] c.hify.common.RequestLoggingFilter - http.request method=GET path=/api/v1/runs/7b83e1fd-bc80-45db-aa67-0de0304bfa89 status=200 latencyMs=2
2026-10-07T13:33:56.129+08:00 INFO  [main] [requestId=0e470fc4-ae21-4419-850b-90a50e97a05f] c.hify.common.RequestLoggingFilter - http.request method=POST path=/api/v1/conversations status=201 latencyMs=7
2026-10-07T13:33:56.143+08:00 INFO  [main] [requestId=d3c1f592-f295-46a8-a5dc-98ee051295e4] c.hify.common.RequestLoggingFilter - http.request method=POST path=/api/v1/conversations/927ecdd0-9669-42fa-9cb0-3c70b3e223db/runs status=202 latencyMs=14
2026-10-07T13:33:56.146+08:00 INFO  [main] [requestId=61ffdd46-e5aa-4901-af1c-12fe589e83c8] c.hify.common.RequestLoggingFilter - http.request method=GET path=/api/v1/runs/03cd4bc7-6ce2-4fec-a18b-941978cc13ed status=200 latencyMs=2
2026-10-07T13:33:56.246+08:00 INFO  [main] [requestId=8c0127c1-ce8d-44ba-acbd-d06a132da9c1] c.hify.common.RequestLoggingFilter - http.request method=GET path=/api/v1/runs/03cd4bc7-6ce2-4fec-a18b-941978cc13ed status=200 latencyMs=4
2026-10-07T13:33:56.263+08:00 INFO  [main] [requestId=d9f767a8-cc6c-49ef-83e5-fcd3973a1586] c.hify.common.RequestLoggingFilter - http.request method=GET path=/api/v1/workflows/33039da7-c721-493c-af86-681e9baa1f8c status=200 latencyMs=12
2026-10-07T13:33:56.284+08:00 INFO  [main] [requestId=7a521fca-4441-4739-87a9-93d7d3e33b41] c.hify.common.RequestLoggingFilter - http.request method=DELETE path=/api/v1/knowledge-bases/36cbc70a-756f-4c85-8d38-aaf5c3c22d1e status=200 latencyMs=17
2026-10-07T13:33:56.386+08:00 INFO  [main] [requestId=ab48ee7a-a5ae-4190-aae1-e1dc274e1683] c.hify.common.RequestLoggingFilter - http.request method=POST path=/api/v1/workflow-versions/130394fe-2dcb-4e51-bfd3-26fb9e57c908/runs status=202 latencyMs=102
2026-10-07T13:33:56.438+08:00 INFO  [main] [requestId=f875618f-299e-4451-949c-38fcf22fa181] c.hify.common.RequestLoggingFilter - http.request method=POST path=/api/v1/workflows/33039da7-c721-493c-af86-681e9baa1f8c/versions status=404 latencyMs=44
2026-10-07T13:33:56.536+08:00 INFO  [main] [requestId=ae7eedc6-6c39-4fdf-b6c0-63ecf25395b0] c.hify.common.RequestLoggingFilter - http.request method=POST path=/api/v1/knowledge-bases status=201 latencyMs=10
2026-10-07T13:33:56.601+08:00 INFO  [main] [requestId=012b716e-ae22-4fb3-8a69-46772afa2257] c.hify.common.RequestLoggingFilter - http.request method=POST path=/api/v1/knowledge-bases/773b2e00-0dee-4f10-b698-9426a91ac6cf/documents status=202 latencyMs=64
2026-10-07T13:33:56.608+08:00 INFO  [main] [requestId=f6a97ebf-bda2-4566-b034-91000898a7d4] c.hify.common.RequestLoggingFilter - http.request method=GET path=/api/v1/documents/35217e1b-c399-4d39-9b8d-220b700faeaf status=200 latencyMs=5
2026-10-07T13:33:56.646+08:00 INFO  [main] [requestId=39681b27-7da3-484c-9ddf-dc1f0a8eafc7] c.hify.common.RequestLoggingFilter - http.request method=GET path=/api/v1/documents/35217e1b-c399-4d39-9b8d-220b700faeaf status=200 latencyMs=3
2026-10-07T13:33:56.659+08:00 INFO  [main] [requestId=5316672e-d87a-43bc-9166-503efb1672e6] c.hify.common.RequestLoggingFilter - http.request method=POST path=/api/v1/workflows status=201 latencyMs=12
2026-10-07T13:33:56.670+08:00 INFO  [main] [requestId=fe147ec6-de02-468a-85fb-23880f72e027] c.hify.common.RequestLoggingFilter - http.request method=POST path=/api/v1/workflows/d22ad145-7d12-4004-948e-60d2c955b076/versions status=200 latencyMs=9
2026-10-07T13:33:56.759+08:00 INFO  [main] [requestId=c27c301f-c28a-4e75-a390-b9e4f56434e1] c.hify.common.RequestLoggingFilter - http.request method=POST path=/api/v1/workflow-versions/a79c1951-3b3c-4bab-8e02-9ef704f0b225/runs status=202 latencyMs=80
2026-10-07T13:33:56.790+08:00 INFO  [main] [requestId=5f2f5fa5-b3e4-4bef-9f35-03fd5c1b6957] c.hify.common.RequestLoggingFilter - http.request method=POST path=/api/v1/knowledge-bases status=201 latencyMs=21
2026-10-07T13:33:56.905+08:00 INFO  [main] [requestId=66682db2-191b-4bc0-9124-6ea3f18cf77d] c.hify.common.RequestLoggingFilter - http.request method=POST path=/api/v1/knowledge-bases/7afd1245-7ac0-4838-8fd4-cfea5cf65f43/documents status=202 latencyMs=113
2026-10-07T13:33:56.910+08:00 INFO  [main] [requestId=83bc7334-1c25-4a67-8a57-c6b1dd5cd5bd] c.hify.common.RequestLoggingFilter - http.request method=GET path=/api/v1/documents/b873b88b-da64-4537-bc51-f1e183ac96b0 status=200 latencyMs=3
2026-10-07T13:33:57.107+08:00 INFO  [main] [requestId=969826b8-3e0b-42f8-a792-a905add2568c] c.hify.common.RequestLoggingFilter - http.request method=GET path=/api/v1/documents/b873b88b-da64-4537-bc51-f1e183ac96b0 status=200 latencyMs=18
2026-10-07T13:33:57.123+08:00 INFO  [main] [requestId=bc2f8a7d-03cf-4f9e-9e66-c00a3db16118] c.hify.common.RequestLoggingFilter - http.request method=POST path=/api/v1/workflows status=201 latencyMs=13
2026-10-07T13:33:57.261+08:00 INFO  [main] [requestId=6638b752-510f-419b-8ce6-56a083762bc8] c.hify.common.RequestLoggingFilter - http.request method=POST path=/api/v1/workflows/d7eda6a0-90ca-42c6-8004-9cd94340e7a6/versions status=200 latencyMs=106
2026-10-07T13:33:57.529+08:00 INFO  [main] [requestId=88db92f0-c7ab-497b-88af-17f6fe3a0f95] c.hify.common.RequestLoggingFilter - http.request method=POST path=/api/v1/workflow-versions/b927dc3c-303b-4a10-b00a-b5852436a690/runs status=202 latencyMs=264
2026-10-07T13:33:57.601+08:00 INFO  [main] [requestId=57011332-de00-4e31-ae39-20a839da3b3a] c.hify.common.RequestLoggingFilter - http.request method=POST path=/api/v1/knowledge-bases status=201 latencyMs=10
2026-10-07T13:33:57.611+08:00 INFO  [main] [requestId=45368da9-ad68-41c3-be2a-98f02fcae88d] c.hify.common.RequestLoggingFilter - http.request method=POST path=/api/v1/knowledge-bases/a1d7440d-be78-40fa-8149-3108561eae24/documents status=202 latencyMs=9
2026-10-07T13:33:57.615+08:00 INFO  [main] [requestId=6f7dd497-4644-49f3-97c7-85d00ad15dc1] c.hify.common.RequestLoggingFilter - http.request method=GET path=/api/v1/documents/fb3ca429-572e-48cd-ae8e-f13d70b60637 status=200 latencyMs=3
2026-10-07T13:33:57.779+08:00 INFO  [main] [requestId=b5f3b1b9-eee9-4012-a67a-6b3a36c04096] c.hify.common.RequestLoggingFilter - http.request method=GET path=/api/v1/documents/fb3ca429-572e-48cd-ae8e-f13d70b60637 status=200 latencyMs=9
2026-10-07T13:33:57.812+08:00 INFO  [main] [requestId=567da389-930a-4f95-85ee-218626decbc6] c.hify.common.RequestLoggingFilter - http.request method=POST path=/api/v1/workflows status=201 latencyMs=27
2026-10-07T13:33:57.884+08:00 INFO  [main] [requestId=382b37fa-61f4-46cc-94cb-8db982b5a6c2] c.hify.common.RequestLoggingFilter - http.request method=POST path=/api/v1/workflows/2116651b-f580-457a-9fa9-1496166ecc68/versions status=200 latencyMs=72
2026-10-07T13:33:57.985+08:00 INFO  [main] [requestId=d09be91b-ec5b-441d-8524-b513b3a77ee5] c.hify.common.RequestLoggingFilter - http.request method=POST path=/api/v1/workflow-versions/2699fc35-c8e5-411d-a445-93b4fafda78c/runs status=202 latencyMs=97
2026-10-07T13:33:57.997+08:00 INFO  [main] [requestId=d3510ba7-b556-443d-b275-65d0a84b75e5] c.hify.common.RequestLoggingFilter - http.request method=POST path=/api/v1/knowledge-bases status=201 latencyMs=4
2026-10-07T13:33:58.003+08:00 INFO  [main] [requestId=e60b79a6-d42b-4d21-ad36-1d797ff39b18] c.hify.common.RequestLoggingFilter - http.request method=POST path=/api/v1/knowledge-bases/d8db43df-2f10-4628-8d5c-5ab9c99f0d3b/documents status=202 latencyMs=5
2026-10-07T13:33:58.007+08:00 INFO  [main] [requestId=d44c28ca-f2be-47b7-a920-a7843ba37f76] c.hify.common.RequestLoggingFilter - http.request method=GET path=/api/v1/documents/642b2720-c78a-4ca5-ae29-094edd90e497 status=200 latencyMs=2
2026-10-07T13:33:58.144+08:00 INFO  [main] [requestId=d4db85fd-246a-4dfe-a1f9-7a8f80a72bce] c.hify.common.RequestLoggingFilter - http.request method=GET path=/api/v1/documents/642b2720-c78a-4ca5-ae29-094edd90e497 status=200 latencyMs=4
2026-10-07T13:33:58.178+08:00 INFO  [main] [requestId=5e65abec-feb7-47c7-a73e-2f2d22c8df7c] c.hify.common.RequestLoggingFilter - http.request method=POST path=/api/v1/workflows status=201 latencyMs=9
2026-10-07T13:33:58.191+08:00 INFO  [main] [requestId=f7dd5a33-ce69-4b99-aecd-23d1373449fc] c.hify.common.RequestLoggingFilter - http.request method=POST path=/api/v1/workflows/647c4152-3176-493c-87de-6129cb4c0848/versions status=200 latencyMs=12
2026-10-07T13:33:58.195+08:00 INFO  [main] [requestId=9495e510-6e59-4fb5-8d36-562fe3d3f362] c.hify.common.RequestLoggingFilter - http.request method=POST path=/api/v1/knowledge-bases status=201 latencyMs=2
2026-10-07T13:33:58.208+08:00 INFO  [main] [requestId=ca361865-9394-43e0-a946-2af65c69d853] c.hify.common.RequestLoggingFilter - http.request method=POST path=/api/v1/workflow-versions/916c3e28-5b8b-4224-847b-e383849af925/runs status=202 latencyMs=12
2026-10-07T13:33:58.213+08:00 INFO  [main] [requestId=79feac0b-f61c-49eb-8342-bbd928399b99] c.hify.common.RequestLoggingFilter - http.request method=POST path=/api/v1/knowledge-bases status=201 latencyMs=2
2026-10-07T13:33:58.216+08:00 INFO  [main] [requestId=9c0df820-90bb-491f-a424-0327251ec747] c.hify.common.RequestLoggingFilter - http.request method=POST path=/api/v1/knowledge-bases/cc46f7d5-5e9a-4225-a1bd-0bba1e948da0/documents status=202 latencyMs=2
2026-10-07T13:33:58.217+08:00 INFO  [main] [requestId=f83181b5-590c-4c78-aa36-376dcec634d4] c.hify.common.RequestLoggingFilter - http.request method=GET path=/api/v1/documents/8f716ef1-da85-4ec8-a459-88ed394f2b3f status=200 latencyMs=0
2026-10-07T13:33:58.354+08:00 INFO  [main] [requestId=4f1fe41c-27aa-4f0f-981f-8c98b86f30aa] c.hify.common.RequestLoggingFilter - http.request method=GET path=/api/v1/documents/8f716ef1-da85-4ec8-a459-88ed394f2b3f status=200 latencyMs=4
2026-10-07T13:33:58.385+08:00 INFO  [main] [requestId=572f159b-9f19-4875-a343-9240340399ae] c.hify.common.RequestLoggingFilter - http.request method=POST path=/api/v1/workflows status=201 latencyMs=30
2026-10-07T13:33:58.415+08:00 INFO  [main] [requestId=c42cfa3d-2d44-449b-a1ca-f7d26544a298] c.hify.common.RequestLoggingFilter - http.request method=POST path=/api/v1/workflows/7e6f736f-23f3-4208-b79d-e01ea8cd6938/versions status=404 latencyMs=29
2026-10-07T13:33:58.422+08:00 INFO  [main] [requestId=7004cdab-2781-4e82-acdd-795b5e3d619c] c.hify.common.RequestLoggingFilter - http.request method=POST path=/api/v1/knowledge-bases status=201 latencyMs=2
2026-10-07T13:33:58.425+08:00 INFO  [main] [requestId=48f70ab2-ece3-4d56-8e80-5a516b59d545] c.hify.common.RequestLoggingFilter - http.request method=POST path=/api/v1/knowledge-bases/974f020c-6ddf-4764-9017-3bc12456c59b/documents status=202 latencyMs=2
2026-10-07T13:33:58.432+08:00 INFO  [main] [requestId=7c945777-c0d5-418d-bec2-b6270d10d349] c.hify.common.RequestLoggingFilter - http.request method=GET path=/api/v1/documents/29b68dff-045a-41fc-9748-136a8da222fd status=200 latencyMs=6
2026-10-07T13:33:58.593+08:00 INFO  [main] [requestId=bf1f88f7-740a-40f1-b9ff-005fd8c08661] c.hify.common.RequestLoggingFilter - http.request method=GET path=/api/v1/documents/29b68dff-045a-41fc-9748-136a8da222fd status=200 latencyMs=2
2026-10-07T13:33:58.630+08:00 INFO  [main] [requestId=c9a12878-b662-4bc6-86b4-79c7bcbc5c85] c.hify.common.RequestLoggingFilter - http.request method=POST path=/api/v1/workflows status=201 latencyMs=35
2026-10-07T13:33:58.657+08:00 INFO  [main] [requestId=71da02f2-a003-43e2-8aa6-d1804b191ec3] c.hify.common.RequestLoggingFilter - http.request method=POST path=/api/v1/workflows/a6f8588a-61bc-4194-835b-a736129f692d/versions status=200 latencyMs=27
2026-10-07T13:33:58.733+08:00 INFO  [main] [requestId=b9e404cd-ab84-4604-b595-752e8f5bb627] c.hify.common.RequestLoggingFilter - http.request method=POST path=/api/v1/workflow-versions/8de67a0b-35ae-450e-8685-90ebe14e343c/runs status=202 latencyMs=75
2026-10-07T13:33:58.796+08:00 INFO  [main] [requestId=24c2bdaf-5753-49c3-9d16-29acc0268c66] c.hify.common.RequestLoggingFilter - http.request method=POST path=/api/v1/workflow-versions/8de67a0b-35ae-450e-8685-90ebe14e343c/runs status=202 latencyMs=39
[INFO] Tests run: 10, Failures: 0, Errors: 0, Skipped: 0, Time elapsed: 21.42 s -- in com.hify.api.WorkflowKnowledgePostgresTest
[INFO] Running com.hify.api.HistoryRecoveryPostgresTest
2026-10-07T13:34:00.541+08:00 INFO  [main] [requestId=] tc.pgvector/pgvector:pg16 - Creating container for image: pgvector/pgvector:pg16
2026-10-07T13:34:00.636+08:00 INFO  [main] [requestId=] tc.pgvector/pgvector:pg16 - Container pgvector/pgvector:pg16 is starting: 7589dabe0134ededa3cd0ae14abcef7f56b2da2230d938be8dc5b91149db273b
2026-10-07T13:34:01.691+08:00 INFO  [main] [requestId=] tc.pgvector/pgvector:pg16 - Container pgvector/pgvector:pg16 started in PT1.149652S
2026-10-07T13:34:01.694+08:00 INFO  [main] [requestId=] tc.pgvector/pgvector:pg16 - Container is started (JDBC URL: jdbc:postgresql://127.0.0.1:32777/history_recovery?loggerLevel=OFF)
[INFO] Tests run: 3, Failures: 0, Errors: 0, Skipped: 0, Time elapsed: 67.43 s -- in com.hify.api.HistoryRecoveryPostgresTest
[INFO] Running com.hify.api.WorkflowSettlementPostgresTest

  .   ____          _            __ _ _
 /\\ / ___'_ __ _ _(_)_ __  __ _ \ \ \ \
( ( )\___ | '_ | '_| | '_ \/ _` | \ \ \ \
 \\/  ___)| |_)| | | | | || (_| |  ) ) ) )
  '  |____| .__|_| |_|_| |_\__, | / / / /
 =========|_|==============|___/=/_/_/_/

 :: Spring Boot ::                (v3.4.5)

2026-10-07T13:35:39.857+08:00 INFO  [main] [requestId=] c.h.a.WorkflowSettlementPostgresTest - Starting WorkflowSettlementPostgresTest using Java 17.0.19 with PID 97516 (started by weberzhao in /private/tmp/hify-course-20261006.hhEhwt/retrieval-worktree/backend/hify-app)
2026-10-07T13:35:39.881+08:00 INFO  [main] [requestId=] c.h.a.WorkflowSettlementPostgresTest - No active profile set, falling back to 1 default profile: "default"
2026-10-07T13:35:47.731+08:00 INFO  [main] [requestId=] o.s.d.r.c.RepositoryConfigurationDelegate - Multiple Spring Data modules found, entering strict repository configuration mode
2026-10-07T13:35:47.732+08:00 INFO  [main] [requestId=] o.s.d.r.c.RepositoryConfigurationDelegate - Bootstrapping Spring Data JPA repositories in DEFAULT mode.
2026-10-07T13:35:48.144+08:00 INFO  [main] [requestId=] o.s.d.r.c.RepositoryConfigurationDelegate - Finished Spring Data repository scanning in 372 ms. Found 34 JPA repository interfaces.
2026-10-07T13:35:50.418+08:00 INFO  [main] [requestId=] com.zaxxer.hikari.HikariDataSource - HikariPool-17 - Starting...
2026-10-07T13:35:51.249+08:00 INFO  [main] [requestId=] com.zaxxer.hikari.pool.HikariPool - HikariPool-17 - Added connection org.postgresql.jdbc.PgConnection@44fa3f17
2026-10-07T13:35:51.254+08:00 INFO  [main] [requestId=] com.zaxxer.hikari.HikariDataSource - HikariPool-17 - Start completed.
2026-10-07T13:35:51.957+08:00 INFO  [main] [requestId=] org.flywaydb.core.FlywayExecutor - Database: jdbc:postgresql://127.0.0.1:32778/settlement_test?loggerLevel=OFF (PostgreSQL 16.15)
2026-10-07T13:35:53.360+08:00 INFO  [main] [requestId=] o.f.c.i.s.JdbcTableSchemaHistory - Schema history table "public"."flyway_schema_history" does not exist yet
2026-10-07T13:35:53.575+08:00 INFO  [main] [requestId=] o.f.core.internal.command.DbValidate - Successfully validated 24 migrations (execution time 00:01.066s)
2026-10-07T13:35:53.724+08:00 INFO  [main] [requestId=] o.f.c.i.s.JdbcTableSchemaHistory - Creating Schema History table "public"."flyway_schema_history" ...
2026-10-07T13:35:54.796+08:00 INFO  [main] [requestId=] o.f.core.internal.command.DbMigrate - Current version of schema "public": << Empty Schema >>
2026-10-07T13:35:54.947+08:00 INFO  [main] [requestId=] o.f.core.internal.command.DbMigrate - Migrating schema "public" to version "1 - baseline"
2026-10-07T13:35:55.161+08:00 INFO  [main] [requestId=] o.f.core.internal.command.DbMigrate - Migrating schema "public" to version "2 - demo item"
2026-10-07T13:35:55.226+08:00 INFO  [main] [requestId=] o.f.core.internal.command.DbMigrate - Migrating schema "public" to version "3 - run replan control"
2026-10-07T13:35:55.277+08:00 INFO  [main] [requestId=] o.f.core.internal.command.DbMigrate - Migrating schema "public" to version "4 - run context state"
2026-10-07T13:35:55.314+08:00 INFO  [main] [requestId=] o.f.core.internal.command.DbMigrate - Migrating schema "public" to version "5 - provider catalog"
2026-10-07T13:35:55.383+08:00 INFO  [main] [requestId=] o.f.core.internal.command.DbMigrate - Migrating schema "public" to version "6 - agent publishing"
2026-10-07T13:35:55.455+08:00 INFO  [main] [requestId=] o.f.core.internal.command.DbMigrate - Migrating schema "public" to version "7 - agent archive and tool bindings"
2026-10-07T13:35:55.473+08:00 INFO  [main] [requestId=] o.f.core.internal.command.DbMigrate - Migrating schema "public" to version "8 - backfill agent tool bindings"
2026-10-07T13:35:55.511+08:00 INFO  [main] [requestId=] o.f.core.internal.command.DbMigrate - Migrating schema "public" to version "9 - runtime capability and history"
2026-10-07T13:35:55.542+08:00 INFO  [main] [requestId=] o.f.core.internal.command.DbMigrate - Migrating schema "public" to version "10 - child agent task protocol"
2026-10-07T13:35:55.583+08:00 INFO  [main] [requestId=] o.f.core.internal.command.DbMigrate - Migrating schema "public" to version "11 - context memory catalog"
2026-10-07T13:35:55.608+08:00 INFO  [main] [requestId=] o.f.core.internal.command.DbMigrate - Migrating schema "public" to version "12 - history full text index"
2026-10-07T13:35:55.674+08:00 INFO  [main] [requestId=] o.f.core.internal.command.DbMigrate - Migrating schema "public" to version "13 - history vector index"
2026-10-07T13:35:55.727+08:00 INFO  [main] [requestId=] o.f.core.internal.command.DbMigrate - Migrating schema "public" to version "14 - knowledge catalog"
2026-10-07T13:35:55.743+08:00 INFO  [main] [requestId=] o.f.core.internal.command.DbMigrate - Migrating schema "public" to version "15 - knowledge search indexes"
2026-10-07T13:35:55.772+08:00 INFO  [main] [requestId=] o.f.core.internal.command.DbMigrate - Migrating schema "public" to version "16 - workflow runtime"
2026-10-07T13:35:55.789+08:00 INFO  [main] [requestId=] o.f.core.internal.command.DbMigrate - Migrating schema "public" to version "17 - mcp server registry"
2026-10-07T13:35:55.808+08:00 INFO  [main] [requestId=] o.f.core.internal.command.DbMigrate - Migrating schema "public" to version "18 - agent knowledge capability"
2026-10-07T13:35:55.883+08:00 INFO  [main] [requestId=] o.f.core.internal.command.DbMigrate - Migrating schema "public" to version "19 - agent workflow mcp capabilities"
2026-10-07T13:35:55.950+08:00 INFO  [main] [requestId=] o.f.core.internal.command.DbMigrate - Migrating schema "public" to version "20 - mcp encrypted credentials"
2026-10-07T13:35:55.963+08:00 INFO  [main] [requestId=] o.f.core.internal.command.DbMigrate - Migrating schema "public" to version "21 - workflow control terminal states"
2026-10-07T13:35:55.975+08:00 INFO  [main] [requestId=] o.f.core.internal.command.DbMigrate - Migrating schema "public" to version "22 - workflow interrupted state"
2026-10-07T13:35:55.998+08:00 INFO  [main] [requestId=] o.f.core.internal.command.DbMigrate - Migrating schema "public" to version "23 - history operation recovery"
2026-10-07T13:35:56.017+08:00 INFO  [main] [requestId=] o.f.core.internal.command.DbMigrate - Migrating schema "public" to version "24 - semantic embedding profiles"
2026-10-07T13:35:56.026+08:00 INFO  [main] [requestId=] o.f.core.internal.command.DbMigrate - Successfully applied 24 migrations to schema "public", now at version v24 (execution time 00:00.572s)
2026-10-07T13:35:56.418+08:00 INFO  [main] [requestId=] o.h.jpa.internal.util.LogHelper - HHH000204: Processing PersistenceUnitInfo [name: default]
2026-10-07T13:35:56.450+08:00 INFO  [main] [requestId=] o.h.c.i.RegionFactoryInitiator - HHH000026: Second-level cache disabled
2026-10-07T13:35:56.579+08:00 INFO  [main] [requestId=] o.s.o.j.p.SpringPersistenceUnitInfo - No LoadTimeWeaver setup: ignoring JPA class transformer
2026-10-07T13:35:56.629+08:00 INFO  [main] [requestId=] o.hibernate.orm.connections.pooling - HHH10001005: Database info:
	Database JDBC URL [Connecting through datasource 'HikariDataSource (HikariPool-17)']
	Database driver: undefined/unknown
	Database version: 16.15
	Autocommit mode: undefined/unknown
	Isolation level: undefined/unknown
	Minimum pool size: undefined/unknown
	Maximum pool size: undefined/unknown
2026-10-07T13:35:57.125+08:00 INFO  [main] [requestId=] o.h.e.t.j.p.i.JtaPlatformInitiator - HHH000489: No JTA platform available (set 'hibernate.transaction.jta.platform' to enable JTA platform integration)
2026-10-07T13:35:57.172+08:00 INFO  [main] [requestId=] o.s.o.j.LocalContainerEntityManagerFactoryBean - Initialized JPA EntityManagerFactory for persistence unit 'default'
2026-10-07T13:36:44.416+08:00 INFO  [main] [requestId=] c.b.m.s.MybatisPlusApplicationContextAware - Register ApplicationContext instances org.springframework.web.context.support.GenericWebApplicationContext@75aa326b
2026-10-07T13:36:45.536+08:00 INFO  [main] [requestId=] o.s.b.t.m.w.SpringBootMockServletContext - Initializing Spring TestDispatcherServlet ''
2026-10-07T13:36:45.537+08:00 INFO  [main] [requestId=] o.s.t.w.s.TestDispatcherServlet - Initializing Servlet ''
2026-10-07T13:36:45.541+08:00 INFO  [main] [requestId=] o.s.b.a.e.web.EndpointLinksResolver - Exposing 2 endpoints beneath base path '/actuator'
2026-10-07T13:36:45.583+08:00 INFO  [main] [requestId=] o.s.t.w.s.TestDispatcherServlet - Completed initialization in 46 ms
2026-10-07T13:36:45.670+08:00 INFO  [main] [requestId=] c.h.a.WorkflowSettlementPostgresTest - Started WorkflowSettlementPostgresTest in 70.079 seconds (process running for 471.922)
2026-10-07T13:36:46.923+08:00 INFO  [main] [requestId=] o.s.o.j.LocalContainerEntityManagerFactoryBean - Closing JPA EntityManagerFactory for persistence unit 'default'
2026-10-07T13:36:47.795+08:00 INFO  [main] [requestId=] com.zaxxer.hikari.HikariDataSource - HikariPool-11 - Shutdown initiated...
2026-10-07T13:36:47.859+08:00 INFO  [main] [requestId=] com.zaxxer.hikari.HikariDataSource - HikariPool-11 - Shutdown completed.
2026-10-07T13:36:49.337+08:00 INFO  [main] [requestId=83bce61c-b315-4315-a8eb-a710bc5b1c46] c.hify.common.RequestLoggingFilter - http.request method=POST path=/api/v1/runs/7d101668-b13e-4868-b6a6-9221320e8d4f/cancellations status=202 latencyMs=76
2026-10-07T13:36:49.469+08:00 INFO  [main] [requestId=54693b05-5377-4e49-a377-8a100460b1eb] c.hify.common.RequestLoggingFilter - http.request method=GET path=/api/v1/runs/7d101668-b13e-4868-b6a6-9221320e8d4f/events/stream status=200 latencyMs=11
2026-10-07T13:36:49.676+08:00 INFO  [main] [requestId=d98c76d5-6c24-4082-86a2-76cd54ad9eb8] c.hify.common.RequestLoggingFilter - http.request method=POST path=/api/v1/knowledge-bases status=201 latencyMs=36
2026-10-07T13:36:50.006+08:00 INFO  [main] [requestId=f555e3a1-b24e-4cb3-b5b0-45771a31bf4c] c.hify.common.RequestLoggingFilter - http.request method=POST path=/api/v1/runs/3aad5bca-1339-4d99-b88c-148572c39575/cancellations status=202 latencyMs=26
2026-10-07T13:36:50.089+08:00 INFO  [main] [requestId=47937336-0121-4d15-8b99-5e6c40fa4d66] c.hify.common.RequestLoggingFilter - http.request method=GET path=/api/v1/runs/3aad5bca-1339-4d99-b88c-148572c39575/events/stream status=200 latencyMs=6
2026-10-07T13:36:50.589+08:00 INFO  [main] [requestId=c8cf5955-9c1f-4296-97dc-708fbf125592] c.hify.common.RequestLoggingFilter - http.request method=GET path=/api/v1/runs/92653477-74cf-46d1-b448-dcd723b23423/events/stream status=200 latencyMs=5
2026-10-07T13:36:50.742+08:00 INFO  [main] [requestId=6cfe8654-e262-4c3e-bffd-b9e867769ea0] c.hify.common.RequestLoggingFilter - http.request method=POST path=/api/v1/knowledge-bases status=201 latencyMs=7
2026-10-07T13:36:50.942+08:00 INFO  [main] [requestId=8f52ab38-1762-477d-a6e2-55d086b23dc8] c.hify.common.RequestLoggingFilter - http.request method=GET path=/api/v1/runs/c8a67693-0e81-4a02-865a-bcfd28319b35/events/stream status=200 latencyMs=5
[INFO] Tests run: 4, Failures: 0, Errors: 0, Skipped: 0, Time elapsed: 105.8 s -- in com.hify.api.WorkflowSettlementPostgresTest
[INFO] Running com.hify.api.SemanticKnowledgePostgresTest
2026-10-07T13:36:54.466+08:00 INFO  [main] [requestId=] o.s.t.c.s.AnnotationConfigContextLoaderUtils - Could not detect default configuration classes for test class [com.hify.api.SemanticKnowledgePostgresTest]: SemanticKnowledgePostgresTest does not declare any static, non-private, non-final, nested classes annotated with @Configuration.
2026-10-07T13:36:54.584+08:00 INFO  [main] [requestId=] o.s.b.t.c.SpringBootTestContextBootstrapper - Found @SpringBootConfiguration com.hify.HifyApplication for test class com.hify.api.SemanticKnowledgePostgresTest
2026-10-07T13:36:54.652+08:00 INFO  [main] [requestId=] tc.pgvector/pgvector:pg16 - Creating container for image: pgvector/pgvector:pg16
2026-10-07T13:36:54.825+08:00 INFO  [main] [requestId=] tc.pgvector/pgvector:pg16 - Container pgvector/pgvector:pg16 is starting: eeaa14752b644a1a96005f469ff828e3827b38bd04cc58498c22d6333a4fabdd
2026-10-07T13:36:56.742+08:00 INFO  [main] [requestId=] tc.pgvector/pgvector:pg16 - Container pgvector/pgvector:pg16 started in PT2.087188S
2026-10-07T13:36:56.762+08:00 INFO  [main] [requestId=] tc.pgvector/pgvector:pg16 - Container is started (JDBC URL: jdbc:postgresql://127.0.0.1:32779/test?loggerLevel=OFF)

  .   ____          _            __ _ _
 /\\ / ___'_ __ _ _(_)_ __  __ _ \ \ \ \
( ( )\___ | '_ | '_| | '_ \/ _` | \ \ \ \
 \\/  ___)| |_)| | | | | || (_| |  ) ) ) )
  '  |____| .__|_| |_|_| |_\__, | / / / /
 =========|_|==============|___/=/_/_/_/

 :: Spring Boot ::                (v3.4.5)

2026-10-07T13:37:00.755+08:00 INFO  [main] [requestId=] c.h.a.SemanticKnowledgePostgresTest - Starting SemanticKnowledgePostgresTest using Java 17.0.19 with PID 97516 (started by weberzhao in /private/tmp/hify-course-20261006.hhEhwt/retrieval-worktree/backend/hify-app)
2026-10-07T13:37:00.760+08:00 INFO  [main] [requestId=] c.h.a.SemanticKnowledgePostgresTest - No active profile set, falling back to 1 default profile: "default"
2026-10-07T13:37:06.037+08:00 INFO  [main] [requestId=] o.s.d.r.c.RepositoryConfigurationDelegate - Multiple Spring Data modules found, entering strict repository configuration mode
2026-10-07T13:37:06.044+08:00 INFO  [main] [requestId=] o.s.d.r.c.RepositoryConfigurationDelegate - Bootstrapping Spring Data JPA repositories in DEFAULT mode.
2026-10-07T13:37:06.184+08:00 INFO  [main] [requestId=] o.s.d.r.c.RepositoryConfigurationDelegate - Finished Spring Data repository scanning in 134 ms. Found 34 JPA repository interfaces.
2026-10-07T13:37:06.522+08:00 INFO  [main] [requestId=] com.zaxxer.hikari.HikariDataSource - HikariPool-18 - Starting...
2026-10-07T13:37:06.637+08:00 INFO  [main] [requestId=] com.zaxxer.hikari.pool.HikariPool - HikariPool-18 - Added connection org.postgresql.jdbc.PgConnection@3fbe5900
2026-10-07T13:37:06.637+08:00 INFO  [main] [requestId=] com.zaxxer.hikari.HikariDataSource - HikariPool-18 - Start completed.
2026-10-07T13:37:06.642+08:00 INFO  [main] [requestId=] org.flywaydb.core.FlywayExecutor - Database: jdbc:postgresql://127.0.0.1:32779/test?loggerLevel=OFF (PostgreSQL 16.15)
2026-10-07T13:37:06.659+08:00 INFO  [main] [requestId=] o.f.c.i.s.JdbcTableSchemaHistory - Schema history table "public"."flyway_schema_history" does not exist yet
2026-10-07T13:37:06.660+08:00 INFO  [main] [requestId=] o.f.core.internal.command.DbValidate - Successfully validated 24 migrations (execution time 00:00.008s)
2026-10-07T13:37:06.666+08:00 INFO  [main] [requestId=] o.f.c.i.s.JdbcTableSchemaHistory - Creating Schema History table "public"."flyway_schema_history" ...
2026-10-07T13:37:06.719+08:00 INFO  [main] [requestId=] o.f.core.internal.command.DbMigrate - Current version of schema "public": << Empty Schema >>
2026-10-07T13:37:06.728+08:00 INFO  [main] [requestId=] o.f.core.internal.command.DbMigrate - Migrating schema "public" to version "1 - baseline"
2026-10-07T13:37:06.760+08:00 INFO  [main] [requestId=] o.f.core.internal.command.DbMigrate - Migrating schema "public" to version "2 - demo item"
2026-10-07T13:37:06.820+08:00 INFO  [main] [requestId=] o.f.core.internal.command.DbMigrate - Migrating schema "public" to version "3 - run replan control"
2026-10-07T13:37:06.834+08:00 INFO  [main] [requestId=] o.f.core.internal.command.DbMigrate - Migrating schema "public" to version "4 - run context state"
2026-10-07T13:37:06.849+08:00 INFO  [main] [requestId=] o.f.core.internal.command.DbMigrate - Migrating schema "public" to version "5 - provider catalog"
2026-10-07T13:37:06.895+08:00 INFO  [main] [requestId=] o.f.core.internal.command.DbMigrate - Migrating schema "public" to version "6 - agent publishing"
2026-10-07T13:37:06.943+08:00 INFO  [main] [requestId=] o.f.core.internal.command.DbMigrate - Migrating schema "public" to version "7 - agent archive and tool bindings"
2026-10-07T13:37:06.968+08:00 INFO  [main] [requestId=] o.f.core.internal.command.DbMigrate - Migrating schema "public" to version "8 - backfill agent tool bindings"
2026-10-07T13:37:06.998+08:00 INFO  [main] [requestId=] o.f.core.internal.command.DbMigrate - Migrating schema "public" to version "9 - runtime capability and history"
2026-10-07T13:37:07.046+08:00 INFO  [main] [requestId=] o.f.core.internal.command.DbMigrate - Migrating schema "public" to version "10 - child agent task protocol"
2026-10-07T13:37:07.056+08:00 INFO  [main] [requestId=] o.f.core.internal.command.DbMigrate - Migrating schema "public" to version "11 - context memory catalog"
2026-10-07T13:37:07.072+08:00 INFO  [main] [requestId=] o.f.core.internal.command.DbMigrate - Migrating schema "public" to version "12 - history full text index"
2026-10-07T13:37:07.083+08:00 INFO  [main] [requestId=] o.f.core.internal.command.DbMigrate - Migrating schema "public" to version "13 - history vector index"
2026-10-07T13:37:07.117+08:00 INFO  [main] [requestId=] o.f.core.internal.command.DbMigrate - Migrating schema "public" to version "14 - knowledge catalog"
2026-10-07T13:37:07.131+08:00 INFO  [main] [requestId=] o.f.core.internal.command.DbMigrate - Migrating schema "public" to version "15 - knowledge search indexes"
2026-10-07T13:37:07.143+08:00 INFO  [main] [requestId=] o.f.core.internal.command.DbMigrate - Migrating schema "public" to version "16 - workflow runtime"
2026-10-07T13:37:07.162+08:00 INFO  [main] [requestId=] o.f.core.internal.command.DbMigrate - Migrating schema "public" to version "17 - mcp server registry"
2026-10-07T13:37:07.174+08:00 INFO  [main] [requestId=] o.f.core.internal.command.DbMigrate - Migrating schema "public" to version "18 - agent knowledge capability"
2026-10-07T13:37:07.184+08:00 INFO  [main] [requestId=] o.f.core.internal.command.DbMigrate - Migrating schema "public" to version "19 - agent workflow mcp capabilities"
2026-10-07T13:37:07.193+08:00 INFO  [main] [requestId=] o.f.core.internal.command.DbMigrate - Migrating schema "public" to version "20 - mcp encrypted credentials"
2026-10-07T13:37:07.201+08:00 INFO  [main] [requestId=] o.f.core.internal.command.DbMigrate - Migrating schema "public" to version "21 - workflow control terminal states"
2026-10-07T13:37:07.208+08:00 INFO  [main] [requestId=] o.f.core.internal.command.DbMigrate - Migrating schema "public" to version "22 - workflow interrupted state"
2026-10-07T13:37:07.217+08:00 INFO  [main] [requestId=] o.f.core.internal.command.DbMigrate - Migrating schema "public" to version "23 - history operation recovery"
2026-10-07T13:37:07.222+08:00 INFO  [main] [requestId=] o.f.core.internal.command.DbMigrate - Migrating schema "public" to version "24 - semantic embedding profiles"
2026-10-07T13:37:07.261+08:00 INFO  [main] [requestId=] o.f.core.internal.command.DbMigrate - Successfully applied 24 migrations to schema "public", now at version v24 (execution time 00:00.238s)
2026-10-07T13:37:07.457+08:00 INFO  [main] [requestId=] o.h.jpa.internal.util.LogHelper - HHH000204: Processing PersistenceUnitInfo [name: default]
2026-10-07T13:37:07.481+08:00 INFO  [main] [requestId=] o.h.c.i.RegionFactoryInitiator - HHH000026: Second-level cache disabled
2026-10-07T13:37:07.549+08:00 INFO  [main] [requestId=] o.s.o.j.p.SpringPersistenceUnitInfo - No LoadTimeWeaver setup: ignoring JPA class transformer
2026-10-07T13:37:07.705+08:00 INFO  [main] [requestId=] o.hibernate.orm.connections.pooling - HHH10001005: Database info:
	Database JDBC URL [Connecting through datasource 'HikariDataSource (HikariPool-18)']
	Database driver: undefined/unknown
	Database version: 16.15
	Autocommit mode: undefined/unknown
	Isolation level: undefined/unknown
	Minimum pool size: undefined/unknown
	Maximum pool size: undefined/unknown
2026-10-07T13:37:10.449+08:00 INFO  [main] [requestId=] o.h.e.t.j.p.i.JtaPlatformInitiator - HHH000489: No JTA platform available (set 'hibernate.transaction.jta.platform' to enable JTA platform integration)
2026-10-07T13:37:10.590+08:00 INFO  [main] [requestId=] o.s.o.j.LocalContainerEntityManagerFactoryBean - Initialized JPA EntityManagerFactory for persistence unit 'default'
2026-10-07T13:37:16.375+08:00 INFO  [main] [requestId=] c.b.m.s.MybatisPlusApplicationContextAware - Register ApplicationContext instances org.springframework.web.context.support.GenericWebApplicationContext@31858052
2026-10-07T13:37:16.794+08:00 INFO  [main] [requestId=] o.s.b.t.m.w.SpringBootMockServletContext - Initializing Spring TestDispatcherServlet ''
2026-10-07T13:37:16.794+08:00 INFO  [main] [requestId=] o.s.t.w.s.TestDispatcherServlet - Initializing Servlet ''
2026-10-07T13:37:16.797+08:00 INFO  [main] [requestId=] o.s.b.a.e.web.EndpointLinksResolver - Exposing 2 endpoints beneath base path '/actuator'
2026-10-07T13:37:16.806+08:00 INFO  [main] [requestId=] o.s.t.w.s.TestDispatcherServlet - Completed initialization in 11 ms
2026-10-07T13:37:16.829+08:00 INFO  [main] [requestId=] c.h.a.SemanticKnowledgePostgresTest - Started SemanticKnowledgePostgresTest in 19.982 seconds (process running for 503.081)
2026-10-07T13:37:17.204+08:00 INFO  [main] [requestId=] o.s.o.j.LocalContainerEntityManagerFactoryBean - Closing JPA EntityManagerFactory for persistence unit 'default'
2026-10-07T13:37:17.217+08:00 INFO  [main] [requestId=] com.zaxxer.hikari.HikariDataSource - HikariPool-12 - Shutdown initiated...
2026-10-07T13:37:17.224+08:00 INFO  [main] [requestId=] com.zaxxer.hikari.HikariDataSource - HikariPool-12 - Shutdown completed.
2026-10-07T13:37:17.350+08:00 INFO  [main] [requestId=f376e9c7-b9b7-4b5b-a8ab-ec49818210ad] c.hify.common.RequestLoggingFilter - http.request method=POST path=/api/v1/providers status=201 latencyMs=83
2026-10-07T13:37:17.400+08:00 INFO  [main] [requestId=afb8feb9-b737-41a6-83ca-cdef3c2d79c1] c.hify.common.RequestLoggingFilter - http.request method=POST path=/api/v1/knowledge-bases status=201 latencyMs=47
2026-10-07T13:37:17.411+08:00 INFO  [main] [requestId=c20b43c0-70fa-49b4-bcc7-1635552a2a97] c.hify.common.RequestLoggingFilter - http.request method=POST path=/api/v1/knowledge-bases/c2129ad1-cdcb-4195-a35d-1cb28cba5a8b/documents status=202 latencyMs=10
2026-10-07T13:37:17.574+08:00 INFO  [llm-1] [requestId=c20b43c0-70fa-49b4-bcc7-1635552a2a97] com.hify.common.LlmHttpClient - llm.http target=http://127.0.0.1:51101/v1/embeddings status=200 latencyMs=108
2026-10-07T13:37:17.642+08:00 INFO  [main] [requestId=d37afa94-ebeb-4d31-a251-530e814e9d64] c.hify.common.RequestLoggingFilter - http.request method=POST path=/api/v1/providers status=201 latencyMs=12
2026-10-07T13:37:17.647+08:00 INFO  [main] [requestId=c4bbfd00-a65c-4095-94fc-4edce9339348] c.hify.common.RequestLoggingFilter - http.request method=POST path=/api/v1/knowledge-bases status=201 latencyMs=4
2026-10-07T13:37:17.652+08:00 INFO  [main] [requestId=abef0661-32ae-4b71-8256-775e6d117532] c.hify.common.RequestLoggingFilter - http.request method=GET path=/api/v1/knowledge-bases/1219e131-07fe-49be-9b09-d9e50f9c73ac status=200 latencyMs=4
2026-10-07T13:37:17.656+08:00 INFO  [main] [requestId=e650c471-7fbf-4b25-b4e5-95500cf31511] c.hify.common.RequestLoggingFilter - http.request method=PUT path=/api/v1/knowledge-bases/1219e131-07fe-49be-9b09-d9e50f9c73ac status=409 latencyMs=4
2026-10-07T13:37:17.667+08:00 INFO  [main] [requestId=c0cfe195-a05e-4b8b-b036-ed2a6ab933f4] c.hify.common.RequestLoggingFilter - http.request method=POST path=/api/v1/providers status=201 latencyMs=6
2026-10-07T13:37:17.672+08:00 INFO  [llm-2] [requestId=] com.hify.common.LlmHttpClient - llm.http target=http://127.0.0.1:51101/v1/embeddings status=200 latencyMs=2
2026-10-07T13:37:17.688+08:00 INFO  [main] [requestId=d67673d7-9d4a-499d-9575-7931aa9d2eae] c.hify.common.RequestLoggingFilter - http.request method=POST path=/api/v1/providers status=201 latencyMs=7
2026-10-07T13:37:17.703+08:00 INFO  [main] [requestId=2af1454f-6267-4f8b-9258-cd6294ebf094] c.hify.common.RequestLoggingFilter - http.request method=POST path=/api/v1/knowledge-bases status=201 latencyMs=14
2026-10-07T13:37:17.712+08:00 INFO  [main] [requestId=470f1e97-3950-4d33-a2a7-2b11bc8becc0] c.hify.common.RequestLoggingFilter - http.request method=POST path=/api/v1/knowledge-bases/8722b3e3-9ec2-4ace-bdd5-01bf900f6da4/documents status=202 latencyMs=8
2026-10-07T13:37:17.722+08:00 INFO  [llm-3] [requestId=470f1e97-3950-4d33-a2a7-2b11bc8becc0] com.hify.common.LlmHttpClient - llm.http target=http://127.0.0.1:51101/v1/embeddings status=200 latencyMs=2
2026-10-07T13:37:17.910+08:00 INFO  [main] [requestId=81d64bf5-449a-449b-a927-1171567b3ddf] c.hify.common.RequestLoggingFilter - http.request method=POST path=/api/v1/knowledge-bases/8722b3e3-9ec2-4ace-bdd5-01bf900f6da4/documents status=202 latencyMs=4
2026-10-07T13:37:17.917+08:00 INFO  [llm-4] [requestId=81d64bf5-449a-449b-a927-1171567b3ddf] com.hify.common.LlmHttpClient - llm.http target=http://127.0.0.1:51101/v1/embeddings status=200 latencyMs=2
2026-10-07T13:37:18.119+08:00 INFO  [llm-5] [requestId=] com.hify.common.LlmHttpClient - llm.http target=http://127.0.0.1:51101/v1/embeddings status=200 latencyMs=1
2026-10-07T13:37:18.144+08:00 INFO  [main] [requestId=76db4f33-e1f5-4f14-9964-79d89014fed7] c.hify.common.RequestLoggingFilter - http.request method=DELETE path=/api/v1/documents/a1b3e7ae-f6d0-439e-a5b6-ab3a68410bc0 status=200 latencyMs=5
2026-10-07T13:37:18.178+08:00 INFO  [llm-6] [requestId=] com.hify.common.LlmHttpClient - llm.http target=http://127.0.0.1:51101/v1/embeddings status=200 latencyMs=30
2026-10-07T13:37:18.221+08:00 INFO  [llm-7] [requestId=] com.hify.common.LlmHttpClient - llm.http target=http://127.0.0.1:51101/v1/embeddings status=200 latencyMs=1
2026-10-07T13:37:18.253+08:00 INFO  [main] [requestId=1e54a602-4a54-4ae9-aebd-5ea4f2476d86] c.hify.common.RequestLoggingFilter - http.request method=POST path=/api/v1/knowledge-bases status=201 latencyMs=9
2026-10-07T13:37:18.257+08:00 INFO  [main] [requestId=c3d9ea77-411e-405e-b2ae-b6ad2cd4274e] c.hify.common.RequestLoggingFilter - http.request method=POST path=/api/v1/knowledge-bases/064680a7-ba8d-485e-826e-8a123ed09da1/documents status=202 latencyMs=3
2026-10-07T13:37:18.474+08:00 INFO  [main] [requestId=2fe405be-9029-41ec-8a1f-16bff0ebf1c8] c.hify.common.RequestLoggingFilter - http.request method=POST path=/api/v1/providers status=201 latencyMs=4
2026-10-07T13:37:18.486+08:00 INFO  [main] [requestId=c88d8aac-dbe7-484c-b8da-31c63f65ed8e] c.hify.common.RequestLoggingFilter - http.request method=POST path=/api/v1/knowledge-bases status=201 latencyMs=10
2026-10-07T13:37:18.494+08:00 INFO  [main] [requestId=bf56860d-7ae8-4699-8b2f-f8b94a7647d4] c.hify.common.RequestLoggingFilter - http.request method=POST path=/api/v1/knowledge-bases/68985862-a481-4da5-93de-95006e59bb08/documents status=202 latencyMs=7
2026-10-07T13:37:18.512+08:00 INFO  [llm-8] [requestId=bf56860d-7ae8-4699-8b2f-f8b94a7647d4] com.hify.common.LlmHttpClient - llm.http target=http://127.0.0.1:51101/v1/embeddings status=200 latencyMs=5
2026-10-07T13:37:18.715+08:00 INFO  [main] [requestId=c28bebc8-5229-4ac6-9c4b-05240a816359] c.hify.common.RequestLoggingFilter - http.request method=POST path=/api/v1/knowledge-bases/68985862-a481-4da5-93de-95006e59bb08/documents status=202 latencyMs=23
2026-10-07T13:37:18.750+08:00 INFO  [llm-9] [requestId=c28bebc8-5229-4ac6-9c4b-05240a816359] com.hify.common.LlmHttpClient - llm.http target=http://127.0.0.1:51101/v1/embeddings status=200 latencyMs=6
2026-10-07T13:37:18.921+08:00 INFO  [llm-10] [requestId=] com.hify.common.LlmHttpClient - llm.http target=http://127.0.0.1:51101/v1/embeddings status=200 latencyMs=1
2026-10-07T13:37:18.992+08:00 INFO  [main] [requestId=91e0b59c-554a-434e-a50c-e9bf0152bcab] c.hify.common.RequestLoggingFilter - http.request method=POST path=/api/v1/providers status=201 latencyMs=14
2026-10-07T13:37:19.001+08:00 INFO  [main] [requestId=1e653801-bfd3-4970-bfca-63849f31ed9e] c.hify.common.RequestLoggingFilter - http.request method=POST path=/api/v1/knowledge-bases status=201 latencyMs=8
2026-10-07T13:37:19.016+08:00 INFO  [main] [requestId=2633f9d0-625a-4652-b914-28c9a22cbb10] c.hify.common.RequestLoggingFilter - http.request method=POST path=/api/v1/knowledge-bases/0af8e9ff-a452-4177-939a-64fea96618fe/documents status=202 latencyMs=13
2026-10-07T13:37:19.032+08:00 INFO  [llm-1] [requestId=2633f9d0-625a-4652-b914-28c9a22cbb10] com.hify.common.LlmHttpClient - llm.http target=http://127.0.0.1:51101/v1/embeddings status=200 latencyMs=4
[INFO] Tests run: 7, Failures: 0, Errors: 0, Skipped: 0, Time elapsed: 26.21 s -- in com.hify.api.SemanticKnowledgePostgresTest
[INFO] Running com.hify.api.WorkflowTerminalMigrationTest
2026-10-07T13:37:20.743+08:00 INFO  [main] [requestId=] org.flywaydb.core.FlywayExecutor - Database: jdbc:h2:mem:workflow-upgrade-7db73203-d359-45c5-9e74-5b88f078bf94 (H2 2.3)
2026-10-07T13:37:20.749+08:00 WARN  [main] [requestId=] o.f.c.i.database.base.Database - Flyway upgrade recommended: H2 2.3.232 is newer than this version of Flyway and support has not been tested. The latest supported version of H2 is 2.2.224.
2026-10-07T13:37:20.774+08:00 INFO  [main] [requestId=] o.f.c.i.s.JdbcTableSchemaHistory - Schema history table "PUBLIC"."flyway_schema_history" does not exist yet
2026-10-07T13:37:20.775+08:00 INFO  [main] [requestId=] o.f.core.internal.command.DbValidate - Successfully validated 24 migrations (execution time 00:00.024s)
2026-10-07T13:37:20.776+08:00 INFO  [main] [requestId=] o.f.c.i.s.JdbcTableSchemaHistory - Creating Schema History table "PUBLIC"."flyway_schema_history" ...
2026-10-07T13:37:20.794+08:00 INFO  [main] [requestId=] o.f.core.internal.command.DbMigrate - Current version of schema "PUBLIC": << Empty Schema >>
2026-10-07T13:37:20.796+08:00 INFO  [main] [requestId=] o.f.core.internal.command.DbMigrate - Migrating schema "PUBLIC" to version "1 - baseline"
2026-10-07T13:37:20.820+08:00 INFO  [main] [requestId=] o.f.core.internal.command.DbMigrate - Migrating schema "PUBLIC" to version "2 - demo item"
2026-10-07T13:37:20.860+08:00 INFO  [main] [requestId=] o.f.core.internal.command.DbMigrate - Migrating schema "PUBLIC" to version "3 - run replan control"
2026-10-07T13:37:20.878+08:00 INFO  [main] [requestId=] o.f.core.internal.command.DbMigrate - Migrating schema "PUBLIC" to version "4 - run context state"
2026-10-07T13:37:20.906+08:00 INFO  [main] [requestId=] o.f.core.internal.command.DbMigrate - Migrating schema "PUBLIC" to version "5 - provider catalog"
2026-10-07T13:37:20.918+08:00 INFO  [main] [requestId=] o.f.core.internal.command.DbMigrate - Migrating schema "PUBLIC" to version "6 - agent publishing"
2026-10-07T13:37:20.961+08:00 INFO  [main] [requestId=] o.f.core.internal.command.DbMigrate - Migrating schema "PUBLIC" to version "7 - agent archive and tool bindings"
2026-10-07T13:37:20.981+08:00 INFO  [main] [requestId=] o.f.core.internal.command.DbMigrate - Migrating schema "PUBLIC" to version "8 - backfill agent tool bindings"
2026-10-07T13:37:20.983+08:00 INFO  [main] [requestId=] o.f.core.internal.command.DbMigrate - Migrating schema "PUBLIC" to version "9 - runtime capability and history"
2026-10-07T13:37:20.989+08:00 INFO  [main] [requestId=] o.f.core.internal.command.DbMigrate - Migrating schema "PUBLIC" to version "10 - child agent task protocol"
2026-10-07T13:37:20.994+08:00 INFO  [main] [requestId=] o.f.core.internal.command.DbMigrate - Migrating schema "PUBLIC" to version "11 - context memory catalog"
2026-10-07T13:37:21.007+08:00 INFO  [main] [requestId=] o.f.core.internal.command.DbMigrate - Migrating schema "PUBLIC" to version "12 - history full text index"
2026-10-07T13:37:21.008+08:00 INFO  [main] [requestId=] o.f.core.internal.command.DbMigrate - Migrating schema "PUBLIC" to version "13 - history vector index"
2026-10-07T13:37:21.014+08:00 INFO  [main] [requestId=] o.f.core.internal.command.DbMigrate - Migrating schema "PUBLIC" to version "14 - knowledge catalog"
2026-10-07T13:37:21.021+08:00 INFO  [main] [requestId=] o.f.core.internal.command.DbMigrate - Migrating schema "PUBLIC" to version "15 - knowledge search indexes"
2026-10-07T13:37:21.024+08:00 INFO  [main] [requestId=] o.f.core.internal.command.DbMigrate - Migrating schema "PUBLIC" to version "16 - workflow runtime"
2026-10-07T13:37:21.077+08:00 INFO  [main] [requestId=] o.f.core.internal.command.DbMigrate - Migrating schema "PUBLIC" to version "17 - mcp server registry"
2026-10-07T13:37:21.084+08:00 INFO  [main] [requestId=] o.f.core.internal.command.DbMigrate - Migrating schema "PUBLIC" to version "18 - agent knowledge capability"
2026-10-07T13:37:21.095+08:00 INFO  [main] [requestId=] o.f.core.internal.command.DbMigrate - Migrating schema "PUBLIC" to version "19 - agent workflow mcp capabilities"
2026-10-07T13:37:21.105+08:00 INFO  [main] [requestId=] o.f.core.internal.command.DbMigrate - Migrating schema "PUBLIC" to version "20 - mcp encrypted credentials"
2026-10-07T13:37:21.108+08:00 INFO  [main] [requestId=] o.f.core.internal.command.DbMigrate - Successfully applied 20 migrations to schema "PUBLIC", now at version v20 (execution time 00:00.154s)
2026-10-07T13:37:21.119+08:00 INFO  [main] [requestId=] org.flywaydb.core.FlywayExecutor - Database: jdbc:h2:mem:workflow-upgrade-7db73203-d359-45c5-9e74-5b88f078bf94 (H2 2.3)
2026-10-07T13:37:21.119+08:00 WARN  [main] [requestId=] o.f.c.i.database.base.Database - Flyway upgrade recommended: H2 2.3.232 is newer than this version of Flyway and support has not been tested. The latest supported version of H2 is 2.2.224.
2026-10-07T13:37:21.128+08:00 INFO  [main] [requestId=] o.f.core.internal.command.DbValidate - Successfully validated 24 migrations (execution time 00:00.007s)
2026-10-07T13:37:21.129+08:00 INFO  [main] [requestId=] o.f.core.internal.command.DbMigrate - Current version of schema "PUBLIC": 20
2026-10-07T13:37:21.132+08:00 INFO  [main] [requestId=] o.f.core.internal.command.DbMigrate - Migrating schema "PUBLIC" to version "21 - workflow control terminal states"
2026-10-07T13:37:21.135+08:00 INFO  [main] [requestId=] o.f.core.internal.command.DbMigrate - Migrating schema "PUBLIC" to version "22 - workflow interrupted state"
2026-10-07T13:37:21.137+08:00 INFO  [main] [requestId=] o.f.core.internal.command.DbMigrate - Migrating schema "PUBLIC" to version "23 - history operation recovery"
2026-10-07T13:37:21.142+08:00 INFO  [main] [requestId=] o.f.core.internal.command.DbMigrate - Migrating schema "PUBLIC" to version "24 - semantic embedding profiles"
2026-10-07T13:37:21.173+08:00 INFO  [main] [requestId=] o.f.core.internal.command.DbMigrate - Successfully applied 4 migrations to schema "PUBLIC", now at version v24 (execution time 00:00.019s)
[INFO] Tests run: 1, Failures: 0, Errors: 0, Skipped: 0, Time elapsed: 0.557 s -- in com.hify.api.WorkflowTerminalMigrationTest
[INFO] Running com.hify.api.KnowledgeMemoryPostgresTest
2026-10-07T13:37:21.280+08:00 INFO  [main] [requestId=] o.s.t.c.s.AnnotationConfigContextLoaderUtils - Could not detect default configuration classes for test class [com.hify.api.KnowledgeMemoryPostgresTest]: KnowledgeMemoryPostgresTest does not declare any static, non-private, non-final, nested classes annotated with @Configuration.
2026-10-07T13:37:21.305+08:00 INFO  [main] [requestId=] o.s.b.t.c.SpringBootTestContextBootstrapper - Found @SpringBootConfiguration com.hify.HifyApplication for test class com.hify.api.KnowledgeMemoryPostgresTest
2026-10-07T13:37:21.324+08:00 INFO  [main] [requestId=] tc.pgvector/pgvector:pg16 - Creating container for image: pgvector/pgvector:pg16
2026-10-07T13:37:21.457+08:00 INFO  [main] [requestId=] tc.pgvector/pgvector:pg16 - Container pgvector/pgvector:pg16 is starting: 4f1e9a11721ea4bb9e5a99140a76281f48262bea7c0bf291ee7fbdaf6b1faabb
2026-10-07T13:37:22.796+08:00 INFO  [main] [requestId=] tc.pgvector/pgvector:pg16 - Container pgvector/pgvector:pg16 started in PT1.471443S
2026-10-07T13:37:22.801+08:00 INFO  [main] [requestId=] tc.pgvector/pgvector:pg16 - Container is started (JDBC URL: jdbc:postgresql://127.0.0.1:32780/knowledge_memory?loggerLevel=OFF)

  .   ____          _            __ _ _
 /\\ / ___'_ __ _ _(_)_ __  __ _ \ \ \ \
( ( )\___ | '_ | '_| | '_ \/ _` | \ \ \ \
 \\/  ___)| |_)| | | | | || (_| |  ) ) ) )
  '  |____| .__|_| |_|_| |_\__, | / / / /
 =========|_|==============|___/=/_/_/_/

 :: Spring Boot ::                (v3.4.5)

2026-10-07T13:37:23.114+08:00 INFO  [main] [requestId=] c.h.api.KnowledgeMemoryPostgresTest - Starting KnowledgeMemoryPostgresTest using Java 17.0.19 with PID 97516 (started by weberzhao in /private/tmp/hify-course-20261006.hhEhwt/retrieval-worktree/backend/hify-app)
2026-10-07T13:37:23.115+08:00 INFO  [main] [requestId=] c.h.api.KnowledgeMemoryPostgresTest - No active profile set, falling back to 1 default profile: "default"
2026-10-07T13:37:28.629+08:00 INFO  [main] [requestId=] o.s.d.r.c.RepositoryConfigurationDelegate - Multiple Spring Data modules found, entering strict repository configuration mode
2026-10-07T13:37:28.631+08:00 INFO  [main] [requestId=] o.s.d.r.c.RepositoryConfigurationDelegate - Bootstrapping Spring Data JPA repositories in DEFAULT mode.
2026-10-07T13:37:28.846+08:00 INFO  [main] [requestId=] o.s.d.r.c.RepositoryConfigurationDelegate - Finished Spring Data repository scanning in 206 ms. Found 34 JPA repository interfaces.
2026-10-07T13:37:29.911+08:00 INFO  [main] [requestId=] com.zaxxer.hikari.HikariDataSource - HikariPool-19 - Starting...
2026-10-07T13:37:30.289+08:00 INFO  [main] [requestId=] com.zaxxer.hikari.pool.HikariPool - HikariPool-19 - Added connection org.postgresql.jdbc.PgConnection@3e4eaf4c
2026-10-07T13:37:30.296+08:00 INFO  [main] [requestId=] com.zaxxer.hikari.HikariDataSource - HikariPool-19 - Start completed.
2026-10-07T13:37:30.309+08:00 INFO  [main] [requestId=] org.flywaydb.core.FlywayExecutor - Database: jdbc:postgresql://127.0.0.1:32780/knowledge_memory?loggerLevel=OFF (PostgreSQL 16.15)
2026-10-07T13:37:30.381+08:00 INFO  [main] [requestId=] o.f.c.i.s.JdbcTableSchemaHistory - Schema history table "public"."flyway_schema_history" does not exist yet
2026-10-07T13:37:30.383+08:00 INFO  [main] [requestId=] o.f.core.internal.command.DbValidate - Successfully validated 24 migrations (execution time 00:00.017s)
2026-10-07T13:37:30.424+08:00 INFO  [main] [requestId=] o.f.c.i.s.JdbcTableSchemaHistory - Creating Schema History table "public"."flyway_schema_history" ...
2026-10-07T13:37:30.519+08:00 INFO  [main] [requestId=] o.f.core.internal.command.DbMigrate - Current version of schema "public": << Empty Schema >>
2026-10-07T13:37:30.526+08:00 INFO  [main] [requestId=] o.f.core.internal.command.DbMigrate - Migrating schema "public" to version "1 - baseline"
2026-10-07T13:37:30.649+08:00 INFO  [main] [requestId=] o.f.core.internal.command.DbMigrate - Migrating schema "public" to version "2 - demo item"
2026-10-07T13:37:30.663+08:00 INFO  [main] [requestId=] o.f.core.internal.command.DbMigrate - Migrating schema "public" to version "3 - run replan control"
2026-10-07T13:37:30.694+08:00 INFO  [main] [requestId=] o.f.core.internal.command.DbMigrate - Migrating schema "public" to version "4 - run context state"
2026-10-07T13:37:30.703+08:00 INFO  [main] [requestId=] o.f.core.internal.command.DbMigrate - Migrating schema "public" to version "5 - provider catalog"
2026-10-07T13:37:30.748+08:00 INFO  [main] [requestId=] o.f.core.internal.command.DbMigrate - Migrating schema "public" to version "6 - agent publishing"
2026-10-07T13:37:30.798+08:00 INFO  [main] [requestId=] o.f.core.internal.command.DbMigrate - Migrating schema "public" to version "7 - agent archive and tool bindings"
2026-10-07T13:37:30.808+08:00 INFO  [main] [requestId=] o.f.core.internal.command.DbMigrate - Migrating schema "public" to version "8 - backfill agent tool bindings"
2026-10-07T13:37:30.830+08:00 INFO  [main] [requestId=] o.f.core.internal.command.DbMigrate - Migrating schema "public" to version "9 - runtime capability and history"
2026-10-07T13:37:30.849+08:00 INFO  [main] [requestId=] o.f.core.internal.command.DbMigrate - Migrating schema "public" to version "10 - child agent task protocol"
2026-10-07T13:37:30.958+08:00 INFO  [main] [requestId=] o.f.core.internal.command.DbMigrate - Migrating schema "public" to version "11 - context memory catalog"
2026-10-07T13:37:30.997+08:00 INFO  [main] [requestId=] o.f.core.internal.command.DbMigrate - Migrating schema "public" to version "12 - history full text index"
2026-10-07T13:37:31.014+08:00 INFO  [main] [requestId=] o.f.core.internal.command.DbMigrate - Migrating schema "public" to version "13 - history vector index"
2026-10-07T13:37:31.069+08:00 INFO  [main] [requestId=] o.f.core.internal.command.DbMigrate - Migrating schema "public" to version "14 - knowledge catalog"
2026-10-07T13:37:31.133+08:00 INFO  [main] [requestId=] o.f.core.internal.command.DbMigrate - Migrating schema "public" to version "15 - knowledge search indexes"
2026-10-07T13:37:31.336+08:00 INFO  [main] [requestId=] o.f.core.internal.command.DbMigrate - Migrating schema "public" to version "16 - workflow runtime"
2026-10-07T13:37:31.394+08:00 INFO  [main] [requestId=] o.f.core.internal.command.DbMigrate - Migrating schema "public" to version "17 - mcp server registry"
2026-10-07T13:37:31.437+08:00 INFO  [main] [requestId=] o.f.core.internal.command.DbMigrate - Migrating schema "public" to version "18 - agent knowledge capability"
2026-10-07T13:37:31.488+08:00 INFO  [main] [requestId=] o.f.core.internal.command.DbMigrate - Migrating schema "public" to version "19 - agent workflow mcp capabilities"
2026-10-07T13:37:31.527+08:00 INFO  [main] [requestId=] o.f.core.internal.command.DbMigrate - Migrating schema "public" to version "20 - mcp encrypted credentials"
2026-10-07T13:37:31.536+08:00 INFO  [main] [requestId=] o.f.core.internal.command.DbMigrate - Migrating schema "public" to version "21 - workflow control terminal states"
2026-10-07T13:37:31.596+08:00 INFO  [main] [requestId=] o.f.core.internal.command.DbMigrate - Migrating schema "public" to version "22 - workflow interrupted state"
2026-10-07T13:37:31.608+08:00 INFO  [main] [requestId=] o.f.core.internal.command.DbMigrate - Migrating schema "public" to version "23 - history operation recovery"
2026-10-07T13:37:31.619+08:00 INFO  [main] [requestId=] o.f.core.internal.command.DbMigrate - Migrating schema "public" to version "24 - semantic embedding profiles"
2026-10-07T13:37:31.625+08:00 INFO  [main] [requestId=] o.f.core.internal.command.DbMigrate - Successfully applied 24 migrations to schema "public", now at version v24 (execution time 00:00.416s)
2026-10-07T13:37:31.802+08:00 INFO  [main] [requestId=] o.h.jpa.internal.util.LogHelper - HHH000204: Processing PersistenceUnitInfo [name: default]
2026-10-07T13:37:31.853+08:00 INFO  [main] [requestId=] o.h.c.i.RegionFactoryInitiator - HHH000026: Second-level cache disabled
2026-10-07T13:37:32.151+08:00 INFO  [main] [requestId=] o.s.o.j.p.SpringPersistenceUnitInfo - No LoadTimeWeaver setup: ignoring JPA class transformer
2026-10-07T13:37:32.172+08:00 INFO  [main] [requestId=] o.hibernate.orm.connections.pooling - HHH10001005: Database info:
	Database JDBC URL [Connecting through datasource 'HikariDataSource (HikariPool-19)']
	Database driver: undefined/unknown
	Database version: 16.15
	Autocommit mode: undefined/unknown
	Isolation level: undefined/unknown
	Minimum pool size: undefined/unknown
	Maximum pool size: undefined/unknown
2026-10-07T13:37:32.648+08:00 INFO  [main] [requestId=] o.h.e.t.j.p.i.JtaPlatformInitiator - HHH000489: No JTA platform available (set 'hibernate.transaction.jta.platform' to enable JTA platform integration)
2026-10-07T13:37:32.728+08:00 INFO  [main] [requestId=] o.s.o.j.LocalContainerEntityManagerFactoryBean - Initialized JPA EntityManagerFactory for persistence unit 'default'
2026-10-07T13:37:35.176+08:00 INFO  [main] [requestId=] c.b.m.s.MybatisPlusApplicationContextAware - Register ApplicationContext instances org.springframework.web.context.support.GenericWebApplicationContext@35ee1768
2026-10-07T13:37:35.863+08:00 INFO  [main] [requestId=] o.s.b.t.m.w.SpringBootMockServletContext - Initializing Spring TestDispatcherServlet ''
2026-10-07T13:37:35.867+08:00 INFO  [main] [requestId=] o.s.t.w.s.TestDispatcherServlet - Initializing Servlet ''
2026-10-07T13:37:35.876+08:00 INFO  [main] [requestId=] o.s.b.a.e.web.EndpointLinksResolver - Exposing 2 endpoints beneath base path '/actuator'
2026-10-07T13:37:35.909+08:00 INFO  [main] [requestId=] o.s.t.w.s.TestDispatcherServlet - Completed initialization in 42 ms
2026-10-07T13:37:35.991+08:00 INFO  [main] [requestId=] c.h.api.KnowledgeMemoryPostgresTest - Started KnowledgeMemoryPostgresTest in 13.033 seconds (process running for 522.243)
2026-10-07T13:37:36.242+08:00 INFO  [main] [requestId=] o.s.o.j.LocalContainerEntityManagerFactoryBean - Closing JPA EntityManagerFactory for persistence unit 'default'
2026-10-07T13:37:36.249+08:00 INFO  [main] [requestId=] com.zaxxer.hikari.HikariDataSource - HikariPool-17 - Shutdown initiated...
2026-10-07T13:37:36.251+08:00 INFO  [main] [requestId=] com.zaxxer.hikari.HikariDataSource - HikariPool-17 - Shutdown completed.
2026-10-07T13:37:36.319+08:00 INFO  [main] [requestId=d47c667b-4993-4822-8c90-5a3ab2ad87a9] c.hify.common.RequestLoggingFilter - http.request method=POST path=/api/v1/knowledge-bases status=201 latencyMs=27
2026-10-07T13:37:36.359+08:00 INFO  [main] [requestId=5b194906-2442-46f6-9046-ddc2dc889ee9] c.hify.common.RequestLoggingFilter - http.request method=POST path=/api/v1/knowledge-bases status=201 latencyMs=3
2026-10-07T13:37:36.406+08:00 INFO  [main] [requestId=7a665710-3ee1-4c32-9562-7383ed23dc34] c.hify.common.RequestLoggingFilter - http.request method=POST path=/api/v1/workflows status=201 latencyMs=45
2026-10-07T13:37:36.410+08:00 INFO  [main] [requestId=eae11d97-2d9a-46df-8965-a006b26d20a4] c.hify.common.RequestLoggingFilter - http.request method=POST path=/api/v1/workflows status=400 latencyMs=3
2026-10-07T13:37:36.412+08:00 INFO  [main] [requestId=5d391ca1-121a-41bd-bd77-064d4efee6ed] c.hify.common.RequestLoggingFilter - http.request method=PUT path=/api/v1/workflows/5a2702e2-3ee0-4efe-9c22-9276a4bf6826 status=400 latencyMs=1
2026-10-07T13:37:36.471+08:00 INFO  [main] [requestId=0caad870-5d42-465b-bbbd-d5003f37039e] c.hify.common.RequestLoggingFilter - http.request method=POST path=/api/v1/workflow-versions/e264d934-f63a-486e-bdb0-a55781abaf28/runs status=409 latencyMs=6
2026-10-07T13:37:36.497+08:00 INFO  [main] [requestId=cf53f538-a88b-4059-a87f-ee167bcea38c] c.hify.common.RequestLoggingFilter - http.request method=POST path=/api/v1/knowledge-bases status=201 latencyMs=14
2026-10-07T13:37:36.525+08:00 INFO  [main] [requestId=c2767a20-7364-4a4f-b7ce-2be3974e95b5] c.hify.common.RequestLoggingFilter - http.request method=POST path=/api/v1/knowledge-bases/5aab1c24-8e20-4d91-b1e5-dba27328b281/documents status=202 latencyMs=27
2026-10-07T13:37:36.661+08:00 INFO  [main] [requestId=f567c162-3a52-4e25-8e08-72865d138f1a] c.hify.common.RequestLoggingFilter - http.request method=GET path=/api/v1/documents/0dcd305b-0dd2-450c-8447-58bef5b8f930 status=200 latencyMs=135
2026-10-07T13:37:36.820+08:00 INFO  [main] [requestId=c507ec51-b09d-425b-af5e-75ee9790b5c9] c.hify.common.RequestLoggingFilter - http.request method=GET path=/api/v1/documents/0dcd305b-0dd2-450c-8447-58bef5b8f930 status=200 latencyMs=43
2026-10-07T13:37:36.825+08:00 INFO  [main] [requestId=5f674338-09be-4bec-a734-e728709e81f6] c.hify.common.RequestLoggingFilter - http.request method=GET path=/api/v1/documents/0dcd305b-0dd2-450c-8447-58bef5b8f930/chunks status=200 latencyMs=4
2026-10-07T13:37:36.838+08:00 INFO  [main] [requestId=c7147b24-4479-4d02-9e47-013e32c6d543] c.hify.common.RequestLoggingFilter - http.request method=DELETE path=/api/v1/documents/0dcd305b-0dd2-450c-8447-58bef5b8f930 status=200 latencyMs=12
2026-10-07T13:37:36.935+08:00 INFO  [main] [requestId=8eaa044c-ad3c-4450-bdc2-a1e7a325b661] c.hify.common.RequestLoggingFilter - http.request method=POST path=/api/v1/knowledge-bases status=201 latencyMs=20
2026-10-07T13:37:36.949+08:00 INFO  [main] [requestId=418c8db6-2604-44b7-af7e-01aa6502ef1d] c.hify.common.RequestLoggingFilter - http.request method=POST path=/api/v1/knowledge-bases/b6786479-04df-446e-accb-8d8fb3017d34/documents status=202 latencyMs=12
2026-10-07T13:37:36.973+08:00 INFO  [main] [requestId=9def7d01-042f-42b5-941a-2386ae46a657] c.hify.common.RequestLoggingFilter - http.request method=GET path=/api/v1/documents/1cce09ed-3dfe-4143-a78d-8eef55795845 status=200 latencyMs=22
2026-10-07T13:37:37.183+08:00 INFO  [main] [requestId=2908f3e1-83ae-4393-8856-ba884f2686ac] c.hify.common.RequestLoggingFilter - http.request method=GET path=/api/v1/documents/1cce09ed-3dfe-4143-a78d-8eef55795845 status=200 latencyMs=34
2026-10-07T13:37:37.214+08:00 INFO  [main] [requestId=9b2b1b3d-b4a1-49b5-a2bd-1782afe99233] c.hify.common.RequestLoggingFilter - http.request method=POST path=/api/v1/workflows status=201 latencyMs=28
2026-10-07T13:37:37.336+08:00 INFO  [main] [requestId=b152c194-674f-4d9e-991f-23144c0f9b5b] c.hify.common.RequestLoggingFilter - http.request method=POST path=/api/v1/workflows/86ac395b-316a-4639-a55a-c7c6ce2a8f3d/versions status=200 latencyMs=121
2026-10-07T13:37:37.672+08:00 INFO  [main] [requestId=a7d767e7-cd18-4603-883e-3be1bfead76c] c.hify.common.RequestLoggingFilter - http.request method=POST path=/api/v1/agents status=201 latencyMs=312
2026-10-07T13:37:37.728+08:00 INFO  [main] [requestId=3b9e2158-75eb-4e22-bdb1-49beb35915fa] c.hify.common.RequestLoggingFilter - http.request method=PUT path=/api/v1/agents/e2d8d33e-0dfc-4cb6-9579-7326a9bd017d/workflow-binding status=200 latencyMs=53
2026-10-07T13:37:37.790+08:00 INFO  [main] [requestId=882901de-904e-486f-8bfe-c6f4d18cd92c] c.hify.common.RequestLoggingFilter - http.request method=POST path=/api/v1/agents/e2d8d33e-0dfc-4cb6-9579-7326a9bd017d/publications status=200 latencyMs=61
2026-10-07T13:37:37.864+08:00 INFO  [main] [requestId=e4cb36ac-630e-4bad-bf8c-9fa81d538d3e] c.hify.common.RequestLoggingFilter - http.request method=POST path=/api/v1/conversations status=201 latencyMs=72
2026-10-07T13:37:37.938+08:00 INFO  [main] [requestId=20fdc589-a138-44f3-b716-f797fbb2ed3f] c.hify.common.RequestLoggingFilter - http.request method=POST path=/api/v1/workflow-versions/2c5d23f6-2916-4e59-83a7-0a2a0977f397/runs status=202 latencyMs=73
2026-10-07T13:37:37.950+08:00 INFO  [main] [requestId=a0ba7a30-bee9-45b4-bdf3-50039b9e676a] c.hify.common.RequestLoggingFilter - http.request method=DELETE path=/api/v1/documents/1cce09ed-3dfe-4143-a78d-8eef55795845 status=200 latencyMs=9
2026-10-07T13:37:37.968+08:00 INFO  [main] [requestId=42329023-0dd6-477c-8034-3993e4219df0] c.hify.common.RequestLoggingFilter - http.request method=POST path=/api/v1/knowledge-bases/b6786479-04df-446e-accb-8d8fb3017d34/documents status=202 latencyMs=17
2026-10-07T13:37:37.974+08:00 INFO  [main] [requestId=5259ce88-46c3-49f1-b307-cc358ad81acb] c.hify.common.RequestLoggingFilter - http.request method=GET path=/api/v1/documents/122d6b30-89bb-4884-aaa9-cf75b428381c status=200 latencyMs=5
2026-10-07T13:37:38.165+08:00 INFO  [main] [requestId=0d4dcaea-8f2d-4510-8506-e5aa9eecad36] c.hify.common.RequestLoggingFilter - http.request method=GET path=/api/v1/documents/122d6b30-89bb-4884-aaa9-cf75b428381c status=200 latencyMs=34
2026-10-07T13:37:38.377+08:00 INFO  [main] [requestId=274e996c-778f-4caf-90b8-1d5327d881a0] c.hify.common.RequestLoggingFilter - http.request method=POST path=/api/v1/workflow-versions/2c5d23f6-2916-4e59-83a7-0a2a0977f397/runs status=202 latencyMs=204
2026-10-07T13:37:38.408+08:00 INFO  [main] [requestId=a7801129-1491-4830-b644-cfec7ba5872d] c.hify.common.RequestLoggingFilter - http.request method=POST path=/api/v1/workflows/86ac395b-316a-4639-a55a-c7c6ce2a8f3d/versions status=200 latencyMs=20
2026-10-07T13:37:38.511+08:00 INFO  [main] [requestId=bdb2765b-f3a1-4e60-a1d1-b47625444e4a] c.hify.common.RequestLoggingFilter - http.request method=POST path=/api/v1/workflow-versions/4c0ab1f9-f7a7-4a34-81d0-8d4641db3d70/runs status=202 latencyMs=93
2026-10-07T13:37:38.539+08:00 INFO  [main] [requestId=a7f6e5fe-15e2-4923-957d-d143906e5afd] c.hify.common.RequestLoggingFilter - http.request method=POST path=/api/v1/agents/e2d8d33e-0dfc-4cb6-9579-7326a9bd017d/publications status=200 latencyMs=25
2026-10-07T13:37:38.641+08:00 INFO  [main] [requestId=be749b90-5d62-4155-b180-347e32e09f48] c.hify.common.RequestLoggingFilter - http.request method=POST path=/api/v1/conversations/211aa8ef-410d-4817-887d-3339717569a1/runs status=202 latencyMs=101
2026-10-07T13:37:38.654+08:00 INFO  [main] [requestId=1bd52bcf-7f07-4c08-a061-1eaa0b03071e] c.hify.common.RequestLoggingFilter - http.request method=GET path=/api/v1/runs/0ae8f925-91b1-4ffc-8cc3-054628644811 status=200 latencyMs=11
2026-10-07T13:37:38.835+08:00 INFO  [main] [requestId=4a8e2214-f940-4ed9-a50a-5b18d5ed385d] c.hify.common.RequestLoggingFilter - http.request method=GET path=/api/v1/runs/0ae8f925-91b1-4ffc-8cc3-054628644811 status=200 latencyMs=4
2026-10-07T13:37:38.842+08:00 INFO  [main] [requestId=7fac23e7-00c8-4227-a398-abf34238b59a] c.hify.common.RequestLoggingFilter - http.request method=POST path=/api/v1/conversations status=201 latencyMs=6
2026-10-07T13:37:38.858+08:00 INFO  [main] [requestId=085237eb-1b79-464b-b694-42dbee0413c2] c.hify.common.RequestLoggingFilter - http.request method=POST path=/api/v1/conversations/fccba332-8cd2-4d1d-a299-a12e242ae2e5/runs status=202 latencyMs=15
2026-10-07T13:37:38.861+08:00 INFO  [main] [requestId=5f2cd148-faf1-4935-9e05-ddc17a96b82b] c.hify.common.RequestLoggingFilter - http.request method=GET path=/api/v1/runs/7dc10a65-a70b-4258-9456-5708883ef550 status=200 latencyMs=1
2026-10-07T13:37:39.053+08:00 INFO  [main] [requestId=00326beb-ca29-4ae5-8ba8-e4f62e41ff82] c.hify.common.RequestLoggingFilter - http.request method=GET path=/api/v1/runs/7dc10a65-a70b-4258-9456-5708883ef550 status=200 latencyMs=14
2026-10-07T13:37:39.092+08:00 INFO  [main] [requestId=aba31b59-57eb-4842-acea-8c409aaa6b54] c.hify.common.RequestLoggingFilter - http.request method=GET path=/api/v1/workflows/86ac395b-316a-4639-a55a-c7c6ce2a8f3d status=200 latencyMs=31
2026-10-07T13:37:39.120+08:00 INFO  [main] [requestId=b560208f-7584-45ac-b9eb-c576f783e835] c.hify.common.RequestLoggingFilter - http.request method=DELETE path=/api/v1/knowledge-bases/b6786479-04df-446e-accb-8d8fb3017d34 status=200 latencyMs=25
2026-10-07T13:37:39.190+08:00 INFO  [main] [requestId=98268e15-579e-4a12-8337-eeebcef5b143] c.hify.common.RequestLoggingFilter - http.request method=POST path=/api/v1/workflow-versions/2c5d23f6-2916-4e59-83a7-0a2a0977f397/runs status=202 latencyMs=68
2026-10-07T13:37:39.247+08:00 INFO  [main] [requestId=763b8fb2-f778-4b72-ac8b-34b439fb8cd2] c.hify.common.RequestLoggingFilter - http.request method=POST path=/api/v1/workflows/86ac395b-316a-4639-a55a-c7c6ce2a8f3d/versions status=404 latencyMs=53
2026-10-07T13:37:39.271+08:00 INFO  [main] [requestId=7465fc4e-2568-4a08-ad3f-0a4445e3d53f] c.hify.common.RequestLoggingFilter - http.request method=POST path=/api/v1/knowledge-bases status=201 latencyMs=6
2026-10-07T13:37:39.291+08:00 INFO  [main] [requestId=e7b96039-871d-4f2b-b90c-a4005b1c68d5] c.hify.common.RequestLoggingFilter - http.request method=POST path=/api/v1/knowledge-bases/c7dc8686-751c-47e6-b7da-1000b79fbd0e/documents status=202 latencyMs=19
2026-10-07T13:37:39.294+08:00 INFO  [main] [requestId=5c0442fb-6f4b-4f4e-82d2-bb19307b985f] c.hify.common.RequestLoggingFilter - http.request method=GET path=/api/v1/documents/66c47e12-e673-4ce1-917b-804d5e280444 status=200 latencyMs=2
2026-10-07T13:37:39.466+08:00 INFO  [main] [requestId=b8dcb31b-9731-4792-9017-eebedf725274] c.hify.common.RequestLoggingFilter - http.request method=GET path=/api/v1/documents/66c47e12-e673-4ce1-917b-804d5e280444 status=200 latencyMs=4
2026-10-07T13:37:39.478+08:00 INFO  [main] [requestId=9ff4136f-df6d-4e48-988f-456302f6eb01] c.hify.common.RequestLoggingFilter - http.request method=POST path=/api/v1/workflows status=201 latencyMs=11
2026-10-07T13:37:39.489+08:00 INFO  [main] [requestId=1f45693a-dc5f-4b47-a744-9576c9c7fee1] c.hify.common.RequestLoggingFilter - http.request method=POST path=/api/v1/workflows/87fc0bc0-4e19-4ecb-bb01-bd917f63340d/versions status=200 latencyMs=11
2026-10-07T13:37:39.550+08:00 INFO  [main] [requestId=dc777efe-c83d-41e8-9072-c60f02f80839] c.hify.common.RequestLoggingFilter - http.request method=POST path=/api/v1/workflow-versions/9c2792c9-7de8-4488-9a3e-2a0b1878b5a9/runs status=202 latencyMs=59
2026-10-07T13:37:39.623+08:00 INFO  [main] [requestId=cea4e8cc-d7b5-443f-8228-3495de0b4e74] c.hify.common.RequestLoggingFilter - http.request method=POST path=/api/v1/knowledge-bases status=201 latencyMs=7
2026-10-07T13:37:39.662+08:00 INFO  [main] [requestId=b56fea50-f822-4a83-951a-07bed150562e] c.hify.common.RequestLoggingFilter - http.request method=POST path=/api/v1/knowledge-bases/bf2cb08c-e824-40c4-9fa5-179fd3702958/documents status=202 latencyMs=37
2026-10-07T13:37:39.671+08:00 INFO  [main] [requestId=c128d8bd-c7cf-41b3-8531-030e7c8560d1] c.hify.common.RequestLoggingFilter - http.request method=GET path=/api/v1/documents/8ac59229-fa12-4429-8872-b8e01acea8fb status=200 latencyMs=7
2026-10-07T13:37:39.867+08:00 INFO  [main] [requestId=9e0d6348-8961-4852-9637-f531420874b5] c.hify.common.RequestLoggingFilter - http.request method=GET path=/api/v1/documents/8ac59229-fa12-4429-8872-b8e01acea8fb status=200 latencyMs=19
2026-10-07T13:37:39.919+08:00 INFO  [main] [requestId=575f79e3-eb16-4d61-a78b-f2a3f83e4dd8] c.hify.common.RequestLoggingFilter - http.request method=POST path=/api/v1/workflows status=201 latencyMs=49
2026-10-07T13:37:40.025+08:00 INFO  [main] [requestId=8e744586-a767-4ac7-b907-78f1e91531b1] c.hify.common.RequestLoggingFilter - http.request method=POST path=/api/v1/workflows/57c23aee-625f-42eb-ab90-404e351dfd01/versions status=200 latencyMs=105
2026-10-07T13:37:40.106+08:00 INFO  [main] [requestId=87d5e1bc-139f-470d-af9e-b522b7bd8fde] c.hify.common.RequestLoggingFilter - http.request method=POST path=/api/v1/workflow-versions/d25a9fc9-9ef7-4d60-9cc2-bba4343941a2/runs status=202 latencyMs=64
2026-10-07T13:37:40.187+08:00 INFO  [main] [requestId=65ba4d1a-262b-4c36-8b15-9026ffefd2b9] c.hify.common.RequestLoggingFilter - http.request method=POST path=/api/v1/knowledge-bases status=201 latencyMs=14
2026-10-07T13:37:40.227+08:00 INFO  [main] [requestId=74971146-b791-40af-90d5-38c4f7ca7737] c.hify.common.RequestLoggingFilter - http.request method=POST path=/api/v1/knowledge-bases/9c92ffef-9521-486a-996e-13b2e262ac8e/documents status=202 latencyMs=38
2026-10-07T13:37:40.240+08:00 INFO  [main] [requestId=466568bc-da1e-4458-86e4-4aca7c1eedc0] c.hify.common.RequestLoggingFilter - http.request method=GET path=/api/v1/documents/1cfd385c-5a75-4073-8fdd-d293214325a0 status=200 latencyMs=7
2026-10-07T13:37:40.339+08:00 INFO  [main] [requestId=546b9361-196d-45e0-a69c-479f8ad6554b] c.hify.common.RequestLoggingFilter - http.request method=GET path=/api/v1/documents/1cfd385c-5a75-4073-8fdd-d293214325a0 status=200 latencyMs=5
2026-10-07T13:37:40.369+08:00 INFO  [main] [requestId=2895ad7c-8595-4838-819b-51dfd4ffc050] c.hify.common.RequestLoggingFilter - http.request method=POST path=/api/v1/workflows status=201 latencyMs=28
2026-10-07T13:37:40.442+08:00 INFO  [main] [requestId=0c19d9f6-30b8-4b72-aca2-ded4abd33fd9] c.hify.common.RequestLoggingFilter - http.request method=POST path=/api/v1/workflows/b9d0075f-393e-4446-90de-f622ca29e3c3/versions status=200 latencyMs=69
2026-10-07T13:37:40.506+08:00 INFO  [main] [requestId=c044489d-6c42-4e88-a46d-b2d2d00d8610] c.hify.common.RequestLoggingFilter - http.request method=POST path=/api/v1/workflow-versions/11b08bc5-744d-4e94-9c80-d43d6fa56159/runs status=202 latencyMs=52
2026-10-07T13:37:40.533+08:00 INFO  [main] [requestId=e1da8264-6fdf-4542-9c4b-37358ad4320c] c.hify.common.RequestLoggingFilter - http.request method=POST path=/api/v1/knowledge-bases status=201 latencyMs=10
2026-10-07T13:37:40.547+08:00 INFO  [main] [requestId=ba19a70b-ff22-43fe-aed8-48efaa863442] c.hify.common.RequestLoggingFilter - http.request method=POST path=/api/v1/knowledge-bases/53639286-b887-4e75-9946-7c0a79bf7842/documents status=202 latencyMs=12
2026-10-07T13:37:40.552+08:00 INFO  [main] [requestId=669f7bc5-ac12-4cad-9fdb-fa2c8b7ad7f7] c.hify.common.RequestLoggingFilter - http.request method=GET path=/api/v1/documents/f4fecd7b-7f41-459c-909c-828acfcb23d9 status=200 latencyMs=4
2026-10-07T13:37:40.714+08:00 INFO  [main] [requestId=2a7b8907-3b1a-4ceb-b7d2-8c62c43f69ac] c.hify.common.RequestLoggingFilter - http.request method=GET path=/api/v1/documents/f4fecd7b-7f41-459c-909c-828acfcb23d9 status=200 latencyMs=3
2026-10-07T13:37:40.721+08:00 INFO  [main] [requestId=6f916199-017e-4809-9bb3-88298ed794ba] c.hify.common.RequestLoggingFilter - http.request method=POST path=/api/v1/workflows status=201 latencyMs=6
2026-10-07T13:37:40.730+08:00 INFO  [main] [requestId=4c602c11-c295-4160-80c3-3372bd6391e7] c.hify.common.RequestLoggingFilter - http.request method=POST path=/api/v1/workflows/930fff77-6764-4f2a-9c39-0d22585dec5d/versions status=200 latencyMs=8
2026-10-07T13:37:40.734+08:00 INFO  [main] [requestId=985dbfe9-2702-489f-8e02-8a02182f294e] c.hify.common.RequestLoggingFilter - http.request method=POST path=/api/v1/knowledge-bases status=201 latencyMs=2
2026-10-07T13:37:40.835+08:00 INFO  [main] [requestId=e0efa98e-0deb-4d1c-a7ed-4527548b0cda] c.hify.common.RequestLoggingFilter - http.request method=POST path=/api/v1/workflow-versions/fc6babfa-e88e-4236-bd17-f54656f8125a/runs status=202 latencyMs=99
2026-10-07T13:37:40.923+08:00 INFO  [main] [requestId=a17be79d-d488-416b-bfbc-ecacce1c1b97] c.hify.common.RequestLoggingFilter - http.request method=POST path=/api/v1/knowledge-bases status=201 latencyMs=33
2026-10-07T13:37:40.974+08:00 INFO  [main] [requestId=ba1fca6b-b1f4-4f02-bf82-ed5ebbade58b] c.hify.common.RequestLoggingFilter - http.request method=POST path=/api/v1/knowledge-bases/40aca2f0-3a16-4f34-946c-30552cdd0c93/documents status=202 latencyMs=50
2026-10-07T13:37:40.978+08:00 INFO  [main] [requestId=71feb158-cc97-48fd-b287-f9f6fdabdbd3] c.hify.common.RequestLoggingFilter - http.request method=GET path=/api/v1/documents/eac8190e-1f9c-4d81-8ef7-c712d26f9875 status=200 latencyMs=3
2026-10-07T13:37:41.123+08:00 INFO  [main] [requestId=b9575f56-1171-4b7c-afe2-aba28254d6af] c.hify.common.RequestLoggingFilter - http.request method=GET path=/api/v1/documents/eac8190e-1f9c-4d81-8ef7-c712d26f9875 status=200 latencyMs=18
2026-10-07T13:37:41.172+08:00 INFO  [main] [requestId=ee92876a-b380-4e4b-9ffb-df64bb576901] c.hify.common.RequestLoggingFilter - http.request method=POST path=/api/v1/workflows status=201 latencyMs=44
2026-10-07T13:37:41.205+08:00 INFO  [main] [requestId=fd03ad21-ce5e-4599-8588-b13acf90e3c0] c.hify.common.RequestLoggingFilter - http.request method=POST path=/api/v1/workflows/080bc7b8-3722-43d1-8786-fec151ff3235/versions status=404 latencyMs=32
2026-10-07T13:37:41.233+08:00 INFO  [main] [requestId=9576c533-0391-45aa-b9ea-b1fa16375357] c.hify.common.RequestLoggingFilter - http.request method=POST path=/api/v1/knowledge-bases status=201 latencyMs=4
2026-10-07T13:37:41.238+08:00 INFO  [main] [requestId=cb2b0769-4315-4273-a01e-259f46d91700] c.hify.common.RequestLoggingFilter - http.request method=POST path=/api/v1/knowledge-bases/3a5a75fa-09ed-4fef-9488-041fac82b2d3/documents status=202 latencyMs=4
2026-10-07T13:37:41.240+08:00 INFO  [main] [requestId=5be47fdf-51b7-4566-aa2c-96fb7e6fa217] c.hify.common.RequestLoggingFilter - http.request method=GET path=/api/v1/documents/62325b41-a100-4610-b2ae-4e8e89ead91e status=200 latencyMs=1
2026-10-07T13:37:41.411+08:00 INFO  [main] [requestId=38349e8b-bdcb-4a4b-974a-c7046b5c4a96] c.hify.common.RequestLoggingFilter - http.request method=GET path=/api/v1/documents/62325b41-a100-4610-b2ae-4e8e89ead91e status=200 latencyMs=4
2026-10-07T13:37:41.444+08:00 INFO  [main] [requestId=d5e7ea2d-a107-4818-9092-fb50debc5e0d] c.hify.common.RequestLoggingFilter - http.request method=POST path=/api/v1/workflows status=201 latencyMs=32
2026-10-07T13:37:41.495+08:00 INFO  [main] [requestId=2d928511-9354-4b99-9451-84789a10ca26] c.hify.common.RequestLoggingFilter - http.request method=POST path=/api/v1/workflows/45d32eb7-79b6-47f8-ba73-d28bf50ef020/versions status=200 latencyMs=49
2026-10-07T13:37:41.555+08:00 INFO  [main] [requestId=6deb9b96-92a7-4cd0-8949-1fb0cf0891ac] c.hify.common.RequestLoggingFilter - http.request method=POST path=/api/v1/workflow-versions/595487ff-4da4-49e6-b82f-e275bab043f5/runs status=202 latencyMs=59
2026-10-07T13:37:41.586+08:00 INFO  [main] [requestId=a65da203-3e5b-417e-817c-f347103e8427] c.hify.common.RequestLoggingFilter - http.request method=POST path=/api/v1/workflow-versions/595487ff-4da4-49e6-b82f-e275bab043f5/runs status=202 latencyMs=24
2026-10-07T13:37:41.608+08:00 INFO  [main] [requestId=be904d24-f57c-474b-9a7a-18f69320a16b] c.hify.common.RequestLoggingFilter - http.request method=POST path=/api/v1/knowledge-bases status=201 latencyMs=5
2026-10-07T13:37:41.614+08:00 INFO  [main] [requestId=ddcb1f4d-723c-4369-94df-d9a1b4ea02f8] c.hify.common.RequestLoggingFilter - http.request method=POST path=/api/v1/knowledge-bases/0b8979b7-c703-4517-accb-a4035f066fa6/documents status=202 latencyMs=5
2026-10-07T13:37:41.617+08:00 INFO  [main] [requestId=3e504fd9-f2f9-474c-a50e-9494e8d0be86] c.hify.common.RequestLoggingFilter - http.request method=GET path=/api/v1/documents/500cc00e-7688-467f-b032-3c6597f75279 status=200 latencyMs=1
2026-10-07T13:37:41.754+08:00 INFO  [main] [requestId=ec95ef75-aa01-4416-9988-cb8d2a389d6c] c.hify.common.RequestLoggingFilter - http.request method=GET path=/api/v1/documents/500cc00e-7688-467f-b032-3c6597f75279 status=200 latencyMs=3
2026-10-07T13:37:42.132+08:00 INFO  [main] [requestId=9b536d78-bebd-4476-a17b-2b3129cf7912] c.hify.common.RequestLoggingFilter - http.request method=DELETE path=/api/v1/documents/500cc00e-7688-467f-b032-3c6597f75279 status=200 latencyMs=6
2026-10-07T13:37:42.138+08:00 INFO  [main] [requestId=e42b0afa-cd61-4fa0-bbf3-8652afe156b6] c.hify.common.RequestLoggingFilter - http.request method=POST path=/api/v1/knowledge-bases/0b8979b7-c703-4517-accb-a4035f066fa6/documents status=202 latencyMs=4
2026-10-07T13:37:42.139+08:00 INFO  [main] [requestId=ee40746b-a8ae-4c65-8280-d85513bf8eb4] c.hify.common.RequestLoggingFilter - http.request method=GET path=/api/v1/documents/de337b90-a7ca-4b33-b069-a55c8164a515 status=200 latencyMs=1
2026-10-07T13:37:42.266+08:00 INFO  [main] [requestId=87db05bc-c862-4c75-812f-ae528869dc68] c.hify.common.RequestLoggingFilter - http.request method=GET path=/api/v1/documents/de337b90-a7ca-4b33-b069-a55c8164a515 status=200 latencyMs=6
2026-10-07T13:37:42.419+08:00 INFO  [main] [requestId=81042dce-b6c4-4c16-98e5-e6fc8840f35d] c.hify.common.RequestLoggingFilter - http.request method=POST path=/api/v1/knowledge-bases status=201 latencyMs=5
2026-10-07T13:37:42.433+08:00 INFO  [main] [requestId=efc8b726-5781-41ae-a92b-5a86b36674cb] c.hify.common.RequestLoggingFilter - http.request method=POST path=/api/v1/workflows status=201 latencyMs=13
2026-10-07T13:37:42.453+08:00 INFO  [main] [requestId=64eb326c-49fd-493d-a288-4afd64691234] c.hify.common.RequestLoggingFilter - http.request method=POST path=/api/v1/workflows/8515471b-39ae-4b26-b3f3-721b068778a5/versions status=200 latencyMs=19
2026-10-07T13:37:42.478+08:00 INFO  [main] [requestId=410a9fa7-00e3-400a-a45f-a4b24b511e49] c.hify.common.RequestLoggingFilter - http.request method=POST path=/api/v1/workflow-versions/139200b2-828b-4b71-8e24-d2cea1455b33/runs status=202 latencyMs=25
2026-10-07T13:37:42.484+08:00 INFO  [main] [requestId=20d89439-9faa-47d4-9652-cc265c25221f] c.hify.common.RequestLoggingFilter - http.request method=POST path=/api/v1/knowledge-bases status=201 latencyMs=2
2026-10-07T13:37:42.487+08:00 INFO  [main] [requestId=ce5f0f59-b929-4be8-a7af-b591d983e380] c.hify.common.RequestLoggingFilter - http.request method=POST path=/api/v1/knowledge-bases/360faccb-cba6-48f1-9b25-66076f7959a4/documents status=202 latencyMs=2
2026-10-07T13:37:42.488+08:00 INFO  [main] [requestId=6e947028-e56c-4133-9f73-ca864ad50f01] c.hify.common.RequestLoggingFilter - http.request method=GET path=/api/v1/documents/c62a7ba6-a07a-47f7-a663-b57576440d81 status=200 latencyMs=1
2026-10-07T13:37:42.638+08:00 INFO  [main] [requestId=83cc03cf-5b38-4ed9-b1b3-b1c54b49c246] c.hify.common.RequestLoggingFilter - http.request method=GET path=/api/v1/documents/c62a7ba6-a07a-47f7-a663-b57576440d81 status=200 latencyMs=7
2026-10-07T13:37:43.204+08:00 INFO  [main] [requestId=cfd1f4de-a550-4e82-a310-cff90bf63966] c.hify.common.RequestLoggingFilter - http.request method=POST path=/api/v1/knowledge-bases status=201 latencyMs=7
2026-10-07T13:37:43.336+08:00 INFO  [main] [requestId=99fbf862-c4ba-4368-9719-036865b4b14c] c.hify.common.RequestLoggingFilter - http.request method=POST path=/api/v1/knowledge-bases status=201 latencyMs=6
2026-10-07T13:37:43.362+08:00 INFO  [main] [requestId=f5bb79d6-9ecf-47d7-97f1-30afeec9689f] c.hify.common.RequestLoggingFilter - http.request method=POST path=/api/v1/knowledge-bases/7ecc2fa6-9385-4880-a05e-26a20a70bc79/documents status=202 latencyMs=24
2026-10-07T13:37:43.390+08:00 INFO  [main] [requestId=2db2ebba-1c16-40df-bf27-0f686907f3dc] c.hify.common.RequestLoggingFilter - http.request method=GET path=/api/v1/documents/7240556d-f4c4-40f1-8452-ba07249a0c06 status=200 latencyMs=27
2026-10-07T13:37:43.467+08:00 INFO  [main] [requestId=bf295b03-7ca6-4e38-9ffa-98b5531fcc73] c.hify.common.RequestLoggingFilter - http.request method=GET path=/api/v1/documents/7240556d-f4c4-40f1-8452-ba07249a0c06 status=200 latencyMs=4
2026-10-07T13:37:43.702+08:00 INFO  [main] [requestId=0030cf6f-bc8d-4d70-b39e-2e15547bd53d] c.hify.common.RequestLoggingFilter - http.request method=POST path=/api/v1/knowledge-bases status=201 latencyMs=4
2026-10-07T13:37:43.778+08:00 INFO  [main] [requestId=454c2555-557b-4571-9c0a-a24b3f8d741b] c.hify.common.RequestLoggingFilter - http.request method=POST path=/api/v1/knowledge-bases/58d7f873-081b-42fb-80fc-e31783e3e781/documents status=202 latencyMs=75
2026-10-07T13:37:43.782+08:00 INFO  [main] [requestId=03fbf709-9140-41bf-9e30-91de35cbbb05] c.hify.common.RequestLoggingFilter - http.request method=GET path=/api/v1/documents/3fb3f636-eb09-41cf-80b7-c81cd9bfac9b status=200 latencyMs=3
2026-10-07T13:37:43.993+08:00 INFO  [main] [requestId=9f6200e9-9eb0-414d-b980-d88342a246b0] c.hify.common.RequestLoggingFilter - http.request method=GET path=/api/v1/documents/3fb3f636-eb09-41cf-80b7-c81cd9bfac9b status=200 latencyMs=23
2026-10-07T13:37:44.521+08:00 INFO  [main] [requestId=1eda93c5-4271-465f-925f-609659836898] c.hify.common.RequestLoggingFilter - http.request method=POST path=/api/v1/knowledge-bases status=201 latencyMs=4
2026-10-07T13:37:44.524+08:00 INFO  [main] [requestId=d2ed245d-249c-4f7b-bb12-d3e3dc0045e5] c.hify.common.RequestLoggingFilter - http.request method=POST path=/api/v1/knowledge-bases status=201 latencyMs=2
2026-10-07T13:37:44.527+08:00 INFO  [main] [requestId=851f8cc4-175e-4f22-9e7d-c497c122a10a] c.hify.common.RequestLoggingFilter - http.request method=POST path=/api/v1/knowledge-bases/c8b69e66-73b1-4214-bc76-995a88c1fbb9/documents status=202 latencyMs=2
2026-10-07T13:37:44.528+08:00 INFO  [main] [requestId=31123049-84e7-4587-933e-af7c1f2926d0] c.hify.common.RequestLoggingFilter - http.request method=GET path=/api/v1/documents/0110a107-9bb7-4c3e-8888-087b2bae8179 status=200 latencyMs=1
2026-10-07T13:37:44.686+08:00 INFO  [main] [requestId=276683ec-1ee6-4246-abd6-077a281be069] c.hify.common.RequestLoggingFilter - http.request method=GET path=/api/v1/documents/0110a107-9bb7-4c3e-8888-087b2bae8179 status=200 latencyMs=6
2026-10-07T13:37:44.846+08:00 INFO  [main] [requestId=dac44fa7-6f8f-4626-8f6e-e85ff99dd933] c.hify.common.RequestLoggingFilter - http.request method=POST path=/api/v1/knowledge-bases status=201 latencyMs=5
2026-10-07T13:37:44.851+08:00 INFO  [main] [requestId=179e2b3b-ba69-4e77-b19d-20c232f01543] c.hify.common.RequestLoggingFilter - http.request method=POST path=/api/v1/knowledge-bases/c74ee6b9-a354-4f3f-bbc0-62f1a0a94f9f/documents status=202 latencyMs=3
2026-10-07T13:37:44.853+08:00 INFO  [main] [requestId=4218b773-ba50-4c23-af0b-a210b42ab9cc] c.hify.common.RequestLoggingFilter - http.request method=GET path=/api/v1/documents/6678f834-dead-4a87-91c3-ac962d5653c0 status=200 latencyMs=2
2026-10-07T13:37:45.031+08:00 INFO  [main] [requestId=3eb1fd68-9e3a-4b36-a4c8-9ab34233c694] c.hify.common.RequestLoggingFilter - http.request method=GET path=/api/v1/documents/6678f834-dead-4a87-91c3-ac962d5653c0 status=200 latencyMs=2
2026-10-07T13:37:45.603+08:00 INFO  [main] [requestId=83e50f2e-dc09-4359-9f7f-6d5dc523b8d9] c.hify.common.RequestLoggingFilter - http.request method=GET path=/api/v1/runs/2b9a110f-06a8-4e9b-b920-9d5ca947b593/memory status=200 latencyMs=77
2026-10-07T13:37:45.628+08:00 INFO  [main] [requestId=de3e778a-fd09-41b2-8f39-eb5ee96c7f40] c.hify.common.RequestLoggingFilter - http.request method=POST path=/api/v1/runs/2b9a110f-06a8-4e9b-b920-9d5ca947b593/memory/search status=200 latencyMs=24
2026-10-07T13:37:45.638+08:00 INFO  [main] [requestId=d0ab05ab-55ef-494c-a353-4f26b940a390] c.hify.common.RequestLoggingFilter - http.request method=GET path=/api/v1/runs/2b9a110f-06a8-4e9b-b920-9d5ca947b593/memory/details/legacy_70c8f94d-2e2e-42d7-a795-52c7c76a52c5 status=409 latencyMs=9
2026-10-07T13:37:45.766+08:00 INFO  [main] [requestId=9302f6f0-393b-43a8-8b98-b38a740c13c7] c.hify.common.RequestLoggingFilter - http.request method=GET path=/api/v1/runs/2b9a110f-06a8-4e9b-b920-9d5ca947b593/memory status=200 latencyMs=7
2026-10-07T13:37:45.795+08:00 INFO  [main] [requestId=d6ecb6cc-402a-4509-9961-601a37bc128f] c.hify.common.RequestLoggingFilter - http.request method=POST path=/api/v1/runs/2b9a110f-06a8-4e9b-b920-9d5ca947b593/memory/search status=200 latencyMs=27
2026-10-07T13:37:45.822+08:00 INFO  [main] [requestId=5ca09d78-38b0-4b7d-a7d3-2eb5c4f66e12] c.hify.common.RequestLoggingFilter - http.request method=GET path=/api/v1/runs/2b9a110f-06a8-4e9b-b920-9d5ca947b593/memory/details/legacy_70c8f94d-2e2e-42d7-a795-52c7c76a52c5 status=409 latencyMs=26
2026-10-07T13:37:45.847+08:00 INFO  [main] [requestId=c5af5728-8749-4cc8-b0fa-8dcee5289062] c.hify.common.RequestLoggingFilter - http.request method=POST path=/api/v1/knowledge-bases status=201 latencyMs=5
2026-10-07T13:37:45.853+08:00 INFO  [main] [requestId=7c6dd13b-bb23-4d01-ae73-65d3578712c3] c.hify.common.RequestLoggingFilter - http.request method=POST path=/api/v1/knowledge-bases/3a84a6dc-0cf9-42f7-9097-cb26bc9ffc5b/documents status=202 latencyMs=5
2026-10-07T13:37:45.855+08:00 INFO  [main] [requestId=709cc562-3014-43ed-bb0d-fdf3895f9892] c.hify.common.RequestLoggingFilter - http.request method=GET path=/api/v1/documents/d0bbf93a-6d9d-41ff-9774-1d821ba1ffd9 status=200 latencyMs=1
2026-10-07T13:37:46.014+08:00 INFO  [main] [requestId=717f996d-5ba2-4559-a5ee-9f8a2512f84b] c.hify.common.RequestLoggingFilter - http.request method=GET path=/api/v1/documents/d0bbf93a-6d9d-41ff-9774-1d821ba1ffd9 status=200 latencyMs=5
2026-10-07T13:37:46.547+08:00 INFO  [main] [requestId=99ee8305-6c35-4a0c-b2b3-7af3f2d95b8f] c.hify.common.RequestLoggingFilter - http.request method=POST path=/api/v1/knowledge-bases status=201 latencyMs=9
2026-10-07T13:37:46.565+08:00 INFO  [main] [requestId=2e26cb35-1560-498e-9f7b-764b5795a6ac] c.hify.common.RequestLoggingFilter - http.request method=POST path=/api/v1/knowledge-bases/72808a79-196e-49c3-8e28-e61aa6a41517/documents status=202 latencyMs=15
2026-10-07T13:37:46.571+08:00 INFO  [main] [requestId=ba9289c0-3ff9-4698-911c-64cdf50b6d15] c.hify.common.RequestLoggingFilter - http.request method=GET path=/api/v1/documents/8da6e467-853a-4d2a-b2e6-c90777527962 status=200 latencyMs=4
2026-10-07T13:37:46.730+08:00 INFO  [main] [requestId=12651108-d3f7-43b6-a4d4-2167414e7fa1] c.hify.common.RequestLoggingFilter - http.request method=GET path=/api/v1/documents/8da6e467-853a-4d2a-b2e6-c90777527962 status=200 latencyMs=5
2026-10-07T13:37:47.149+08:00 INFO  [main] [requestId=e1c1c211-7554-4f5f-8b5b-08c97694680b] c.hify.common.RequestLoggingFilter - http.request method=GET path=/api/v1/runs/17c70b69-2348-425d-af3d-24dee7166454/memory status=200 latencyMs=32
2026-10-07T13:37:47.313+08:00 INFO  [main] [requestId=cfd2096f-0d5a-4ad4-ae69-dfc63bfd4f04] c.hify.common.RequestLoggingFilter - http.request method=POST path=/api/v1/runs/17c70b69-2348-425d-af3d-24dee7166454/memory/search status=200 latencyMs=155
2026-10-07T13:37:47.326+08:00 INFO  [main] [requestId=9038b8a2-74ac-45c7-af16-7a7b23a2f8c9] c.hify.common.RequestLoggingFilter - http.request method=GET path=/api/v1/runs/17c70b69-2348-425d-af3d-24dee7166454/memory/details/legacy_a502f665-f721-4283-afe2-ca7381c67584 status=409 latencyMs=12
2026-10-07T13:37:47.353+08:00 INFO  [main] [requestId=e9ef031c-ad5e-4dbf-ae9c-4035e689d484] c.hify.common.RequestLoggingFilter - http.request method=GET path=/api/v1/runs/17c70b69-2348-425d-af3d-24dee7166454/memory status=200 latencyMs=24
2026-10-07T13:37:47.371+08:00 INFO  [main] [requestId=4c5d94dc-d843-46d3-a832-d8941fa09275] c.hify.common.RequestLoggingFilter - http.request method=POST path=/api/v1/runs/17c70b69-2348-425d-af3d-24dee7166454/memory/search status=200 latencyMs=17
2026-10-07T13:37:47.377+08:00 INFO  [main] [requestId=bbb42579-1540-4aaa-ae29-1a76ec81a229] c.hify.common.RequestLoggingFilter - http.request method=GET path=/api/v1/runs/17c70b69-2348-425d-af3d-24dee7166454/memory/details/legacy_a502f665-f721-4283-afe2-ca7381c67584 status=409 latencyMs=4
2026-10-07T13:37:47.392+08:00 INFO  [main] [requestId=2d446b2e-1515-496a-a209-fc0371412bd6] c.hify.common.RequestLoggingFilter - http.request method=POST path=/api/v1/runs/c59797cb-de2f-429a-8db1-fb30da9ec052/memory/search status=200 latencyMs=10
2026-10-07T13:37:47.396+08:00 INFO  [main] [requestId=aab2c20f-a6bc-4f1f-8ac5-23298e6b3911] c.hify.common.RequestLoggingFilter - http.request method=GET path=/api/v1/runs/c59797cb-de2f-429a-8db1-fb30da9ec052/memory/details/legacy_a502f665-f721-4283-afe2-ca7381c67584 status=409 latencyMs=3
[INFO] Tests run: 21, Failures: 0, Errors: 0, Skipped: 0, Time elapsed: 27.01 s -- in com.hify.api.KnowledgeMemoryPostgresTest
[INFO] 
[INFO] Results:
[INFO] 
[ERROR] Errors: 
[ERROR]   RunShutdownPostgresTest.expiredInterruptedRunCannotRestartItsBudgetOnPostgres » Timeout expiredInterruptedRunCannotRestartItsBudgetOnPostgres() timed out after 60 seconds
[INFO] 
[ERROR] Tests run: 126, Failures: 0, Errors: 1, Skipped: 0
[INFO] 
[INFO] ------------------------------------------------------------------------
[INFO] Reactor Summary for hify-parent 0.1.0-SNAPSHOT:
[INFO] 
[INFO] hify-parent ........................................ SUCCESS [  0.007 s]
[INFO] hify-common ........................................ SUCCESS [  1.547 s]
[INFO] hify-provider ...................................... SUCCESS [  0.050 s]
[INFO] hify-tool .......................................... SUCCESS [  0.064 s]
[INFO] hify-mcp ........................................... SUCCESS [  0.140 s]
[INFO] hify-knowledge ..................................... SUCCESS [  0.047 s]
[INFO] hify-workflow ...................................... SUCCESS [  0.117 s]
[INFO] hify-agent ......................................... SUCCESS [  0.043 s]
[INFO] hify-chat .......................................... SUCCESS [  0.050 s]
[INFO] hify-demo .......................................... SUCCESS [  0.029 s]
[INFO] hify-app ........................................... FAILURE [08:58 min]
[INFO] ------------------------------------------------------------------------
[INFO] BUILD FAILURE
[INFO] ------------------------------------------------------------------------
[INFO] Total time:  09:01 min
[INFO] Finished at: 2026-10-07T13:37:51+08:00
[INFO] ------------------------------------------------------------------------
[ERROR] Failed to execute goal org.apache.maven.plugins:maven-surefire-plugin:3.5.3:test (default-test) on project hify-app: 
[ERROR] 
[ERROR] See /private/tmp/hify-course-20261006.hhEhwt/retrieval-worktree/harness/evidence/CHAT-RETRIEVAL-CONTROL-001/CHAT-RETRIEVAL-CONTROL-001-20261007T052619Z-88abd54f/migration-postgres-67hwcsnd/reports for the individual test results.
[ERROR] See dump files (if any exist) [date].dump, [date]-jvmRun[N].dump and [date].dumpstream.
[ERROR] -> [Help 1]
[ERROR] 
[ERROR] To see the full stack trace of the errors, re-run Maven with the -e switch.
[ERROR] Re-run Maven using the -X switch to enable full debug logging.
[ERROR] 
[ERROR] For more information about the errors and possible solutions, please read the following articles:
[ERROR] [Help 1] http://cwiki.apache.org/confluence/display/MAVEN/MojoFailureException
[ERROR] 
[ERROR] After correcting the problems, you can resume the build with the command
[ERROR]   mvn <args> -rf :hify-app
Maven evidence: failed
